station,year,month,observed_days,monthly_mean_cfs,expected_days,coverage_pct,complete_month,year_status,year_used,forced_include,month_status,month_usable_for_rolling
Comal Springs,1927,1927-12-01,13,298.46153846153845,31,41.935483870967744,FALSE,"PARTIAL, EXCLUDED",FALSE,FALSE,"PARTIAL, LOW COVERAGE",FALSE
Comal Springs,1928,1928-01-01,31,296.96774193548384,31,100,TRUE,"PARTIAL, EXCLUDED",FALSE,FALSE,COMPLETE,FALSE
Comal Springs,1928,1928-02-01,25,295.16,29,86.20689655172414,FALSE,"PARTIAL, EXCLUDED",FALSE,FALSE,"PARTIAL, LOW COVERAGE",FALSE
Comal Springs,1928,1928-03-01,27,297.44444444444446,31,87.09677419354838,FALSE,"PARTIAL, EXCLUDED",FALSE,FALSE,"PARTIAL, LOW COVERAGE",FALSE
Comal Springs,1928,1928-04-01,30,296.8333333333333,30,100,TRUE,"PARTIAL, EXCLUDED",FALSE,FALSE,COMPLETE,FALSE
Comal Springs,1928,1928-05-01,29,292.2413793103448,31,93.54838709677419,FALSE,"PARTIAL, EXCLUDED",FALSE,FALSE,"PARTIAL, USABLE",FALSE
Comal Springs,1928,1928-06-01,26,297.8076923076923,30,86.66666666666667,FALSE,"PARTIAL, EXCLUDED",FALSE,FALSE,"PARTIAL, LOW COVERAGE",FALSE
Comal Springs,1928,1928-07-01,31,288.258064516129,31,100,TRUE,"PARTIAL, EXCLUDED",FALSE,FALSE,COMPLETE,FALSE
Comal Springs,1928,1928-08-01,31,274.9032258064516,31,100,TRUE,"PARTIAL, EXCLUDED",FALSE,FALSE,COMPLETE,FALSE
Comal Springs,1928,1928-09-01,30,274.23333333333335,30,100,TRUE,"PARTIAL, EXCLUDED",FALSE,FALSE,COMPLETE,FALSE
Comal Springs,1928,1928-10-01,31,281.83870967741933,31,100,TRUE,"PARTIAL, EXCLUDED",FALSE,FALSE,COMPLETE,FALSE
Comal Springs,1928,1928-11-01,30,276,30,100,TRUE,"PARTIAL, EXCLUDED",FALSE,FALSE,COMPLETE,FALSE
Comal Springs,1928,1928-12-01,31,278.80645161290323,31,100,TRUE,"PARTIAL, EXCLUDED",FALSE,FALSE,COMPLETE,FALSE
Comal Springs,1929,1929-01-01,31,279.38709677419354,31,100,TRUE,"PARTIAL, EXCLUDED",FALSE,FALSE,COMPLETE,FALSE
Comal Springs,1929,1929-02-01,28,273.60714285714283,28,100,TRUE,"PARTIAL, EXCLUDED",FALSE,FALSE,COMPLETE,FALSE
Comal Springs,1929,1929-03-01,31,268.8709677419355,31,100,TRUE,"PARTIAL, EXCLUDED",FALSE,FALSE,COMPLETE,FALSE
Comal Springs,1929,1929-04-01,30,274.03333333333336,30,100,TRUE,"PARTIAL, EXCLUDED",FALSE,FALSE,COMPLETE,FALSE
Comal Springs,1929,1929-05-01,24,274.7083333333333,31,77.41935483870968,FALSE,"PARTIAL, EXCLUDED",FALSE,FALSE,"PARTIAL, LOW COVERAGE",FALSE
Comal Springs,1929,1929-06-01,29,300.8965517241379,30,96.66666666666667,FALSE,"PARTIAL, EXCLUDED",FALSE,FALSE,"PARTIAL, USABLE",FALSE
Comal Springs,1929,1929-07-01,27,317.81481481481484,31,87.09677419354838,FALSE,"PARTIAL, EXCLUDED",FALSE,FALSE,"PARTIAL, LOW COVERAGE",FALSE
Comal Springs,1929,1929-08-01,31,310.0967741935484,31,100,TRUE,"PARTIAL, EXCLUDED",FALSE,FALSE,COMPLETE,FALSE
Comal Springs,1929,1929-09-01,30,299.6333333333333,30,100,TRUE,"PARTIAL, EXCLUDED",FALSE,FALSE,COMPLETE,FALSE
Comal Springs,1929,1929-10-01,31,289.16129032258067,31,100,TRUE,"PARTIAL, EXCLUDED",FALSE,FALSE,COMPLETE,FALSE
Comal Springs,1929,1929-11-01,30,292.6,30,100,TRUE,"PARTIAL, EXCLUDED",FALSE,FALSE,COMPLETE,FALSE
Comal Springs,1929,1929-12-01,31,284.48387096774195,31,100,TRUE,"PARTIAL, EXCLUDED",FALSE,FALSE,COMPLETE,FALSE
Comal Springs,1930,1930-01-01,31,276.96774193548384,31,100,TRUE,"PARTIAL, EXCLUDED",FALSE,FALSE,COMPLETE,FALSE
Comal Springs,1930,1930-02-01,28,268.75,28,100,TRUE,"PARTIAL, EXCLUDED",FALSE,FALSE,COMPLETE,FALSE
Comal Springs,1930,1930-03-01,31,256.5806451612903,31,100,TRUE,"PARTIAL, EXCLUDED",FALSE,FALSE,COMPLETE,FALSE
Comal Springs,1930,1930-04-01,30,261.96666666666664,30,100,TRUE,"PARTIAL, EXCLUDED",FALSE,FALSE,COMPLETE,FALSE
Comal Springs,1930,1930-05-01,29,294,31,93.54838709677419,FALSE,"PARTIAL, EXCLUDED",FALSE,FALSE,"PARTIAL, USABLE",FALSE
Comal Springs,1930,1930-06-01,26,298,30,86.66666666666667,FALSE,"PARTIAL, EXCLUDED",FALSE,FALSE,"PARTIAL, LOW COVERAGE",FALSE
Comal Springs,1930,1930-07-01,31,298.1290322580645,31,100,TRUE,"PARTIAL, EXCLUDED",FALSE,FALSE,COMPLETE,FALSE
Comal Springs,1930,1930-08-01,31,268.741935483871,31,100,TRUE,"PARTIAL, EXCLUDED",FALSE,FALSE,COMPLETE,FALSE
Comal Springs,1930,1930-09-01,30,264.4,30,100,TRUE,"PARTIAL, EXCLUDED",FALSE,FALSE,COMPLETE,FALSE
Comal Springs,1930,1930-10-01,28,258.82142857142856,31,90.3225806451613,FALSE,"PARTIAL, EXCLUDED",FALSE,FALSE,"PARTIAL, USABLE",FALSE
Comal Springs,1930,1930-11-01,30,259.53333333333336,30,100,TRUE,"PARTIAL, EXCLUDED",FALSE,FALSE,COMPLETE,FALSE
Comal Springs,1930,1930-12-01,31,268.48387096774195,31,100,TRUE,"PARTIAL, EXCLUDED",FALSE,FALSE,COMPLETE,FALSE
Comal Springs,1931,1931-01-01,31,280.38709677419354,31,100,TRUE,"PARTIAL, EXCLUDED",FALSE,FALSE,COMPLETE,FALSE
Comal Springs,1931,1931-02-01,28,316.57142857142856,28,100,TRUE,"PARTIAL, EXCLUDED",FALSE,FALSE,COMPLETE,FALSE
Comal Springs,1931,1931-03-01,31,337.2258064516129,31,100,TRUE,"PARTIAL, EXCLUDED",FALSE,FALSE,COMPLETE,FALSE
Comal Springs,1931,1931-04-01,28,330.07142857142856,30,93.33333333333333,FALSE,"PARTIAL, EXCLUDED",FALSE,FALSE,"PARTIAL, USABLE",FALSE
Comal Springs,1931,1931-05-01,26,342.34615384615387,31,83.87096774193549,FALSE,"PARTIAL, EXCLUDED",FALSE,FALSE,"PARTIAL, LOW COVERAGE",FALSE
Comal Springs,1931,1931-06-01,30,345,30,100,TRUE,"PARTIAL, EXCLUDED",FALSE,FALSE,COMPLETE,FALSE
Comal Springs,1931,1931-07-01,29,336.1034482758621,31,93.54838709677419,FALSE,"PARTIAL, EXCLUDED",FALSE,FALSE,"PARTIAL, USABLE",FALSE
Comal Springs,1931,1931-08-01,31,321.03225806451616,31,100,TRUE,"PARTIAL, EXCLUDED",FALSE,FALSE,COMPLETE,FALSE
Comal Springs,1931,1931-09-01,30,328.53333333333336,30,100,TRUE,"PARTIAL, EXCLUDED",FALSE,FALSE,COMPLETE,FALSE
Comal Springs,1931,1931-10-01,31,314.19354838709677,31,100,TRUE,"PARTIAL, EXCLUDED",FALSE,FALSE,COMPLETE,FALSE
Comal Springs,1931,1931-11-01,30,295.93333333333334,30,100,TRUE,"PARTIAL, EXCLUDED",FALSE,FALSE,COMPLETE,FALSE
Comal Springs,1931,1931-12-01,31,295.741935483871,31,100,TRUE,"PARTIAL, EXCLUDED",FALSE,FALSE,COMPLETE,FALSE
Comal Springs,1932,1932-01-01,31,319.96774193548384,31,100,TRUE,"PARTIAL, RETAINED",TRUE,FALSE,COMPLETE,TRUE
Comal Springs,1932,1932-02-01,29,309,29,100,TRUE,"PARTIAL, RETAINED",TRUE,FALSE,COMPLETE,TRUE
Comal Springs,1932,1932-03-01,31,325.6774193548387,31,100,TRUE,"PARTIAL, RETAINED",TRUE,FALSE,COMPLETE,TRUE
Comal Springs,1932,1932-04-01,27,304.44444444444446,30,90,FALSE,"PARTIAL, RETAINED",TRUE,FALSE,"PARTIAL, USABLE",TRUE
Comal Springs,1932,1932-05-01,31,302.35483870967744,31,100,TRUE,"PARTIAL, RETAINED",TRUE,FALSE,COMPLETE,TRUE
Comal Springs,1932,1932-06-01,30,310.3666666666667,30,100,TRUE,"PARTIAL, RETAINED",TRUE,FALSE,COMPLETE,TRUE
Comal Springs,1932,1932-07-01,31,333,31,100,TRUE,"PARTIAL, RETAINED",TRUE,FALSE,COMPLETE,TRUE
Comal Springs,1932,1932-08-01,31,345.35483870967744,31,100,TRUE,"PARTIAL, RETAINED",TRUE,FALSE,COMPLETE,TRUE
Comal Springs,1932,1932-09-01,29,337.41379310344826,30,96.66666666666667,FALSE,"PARTIAL, RETAINED",TRUE,FALSE,"PARTIAL, USABLE",TRUE
Comal Springs,1932,1932-10-01,31,323.38709677419354,31,100,TRUE,"PARTIAL, RETAINED",TRUE,FALSE,COMPLETE,TRUE
Comal Springs,1932,1932-11-01,30,316.1666666666667,30,100,TRUE,"PARTIAL, RETAINED",TRUE,FALSE,COMPLETE,TRUE
Comal Springs,1932,1932-12-01,31,320.16129032258067,31,100,TRUE,"PARTIAL, RETAINED",TRUE,FALSE,COMPLETE,TRUE
Comal Springs,1933,1933-01-01,31,310.9032258064516,31,100,TRUE,COMPLETE,TRUE,FALSE,COMPLETE,TRUE
Comal Springs,1933,1933-02-01,28,298.89285714285717,28,100,TRUE,COMPLETE,TRUE,FALSE,COMPLETE,TRUE
Comal Springs,1933,1933-03-01,31,309.48387096774195,31,100,TRUE,COMPLETE,TRUE,FALSE,COMPLETE,TRUE
Comal Springs,1933,1933-04-01,30,339.9,30,100,TRUE,COMPLETE,TRUE,FALSE,COMPLETE,TRUE
Comal Springs,1933,1933-05-01,31,323.61290322580646,31,100,TRUE,COMPLETE,TRUE,FALSE,COMPLETE,TRUE
Comal Springs,1933,1933-06-01,30,303.8333333333333,30,100,TRUE,COMPLETE,TRUE,FALSE,COMPLETE,TRUE
Comal Springs,1933,1933-07-01,31,316.4193548387097,31,100,TRUE,COMPLETE,TRUE,FALSE,COMPLETE,TRUE
Comal Springs,1933,1933-08-01,31,305.19354838709677,31,100,TRUE,COMPLETE,TRUE,FALSE,COMPLETE,TRUE
Comal Springs,1933,1933-09-01,30,311.46666666666664,30,100,TRUE,COMPLETE,TRUE,FALSE,COMPLETE,TRUE
Comal Springs,1933,1933-10-01,31,291.7741935483871,31,100,TRUE,COMPLETE,TRUE,FALSE,COMPLETE,TRUE
Comal Springs,1933,1933-11-01,30,299.06666666666666,30,100,TRUE,COMPLETE,TRUE,FALSE,COMPLETE,TRUE
Comal Springs,1933,1933-12-01,31,307.5806451612903,31,100,TRUE,COMPLETE,TRUE,FALSE,COMPLETE,TRUE
Comal Springs,1934,1934-01-01,31,318.2903225806452,31,100,TRUE,COMPLETE,TRUE,FALSE,COMPLETE,TRUE
Comal Springs,1934,1934-02-01,28,305.14285714285717,28,100,TRUE,COMPLETE,TRUE,FALSE,COMPLETE,TRUE
Comal Springs,1934,1934-03-01,31,328.7096774193548,31,100,TRUE,COMPLETE,TRUE,FALSE,COMPLETE,TRUE
Comal Springs,1934,1934-04-01,30,330.23333333333335,30,100,TRUE,COMPLETE,TRUE,FALSE,COMPLETE,TRUE
Comal Springs,1934,1934-05-01,31,327.4516129032258,31,100,TRUE,COMPLETE,TRUE,FALSE,COMPLETE,TRUE
Comal Springs,1934,1934-06-01,30,324.2,30,100,TRUE,COMPLETE,TRUE,FALSE,COMPLETE,TRUE
Comal Springs,1934,1934-07-01,31,333.7096774193548,31,100,TRUE,COMPLETE,TRUE,FALSE,COMPLETE,TRUE
Comal Springs,1934,1934-08-01,31,325.06451612903226,31,100,TRUE,COMPLETE,TRUE,FALSE,COMPLETE,TRUE
Comal Springs,1934,1934-09-01,30,298.1333333333333,30,100,TRUE,COMPLETE,TRUE,FALSE,COMPLETE,TRUE
Comal Springs,1934,1934-10-01,31,304.06451612903226,31,100,TRUE,COMPLETE,TRUE,FALSE,COMPLETE,TRUE
Comal Springs,1934,1934-11-01,30,286.3,30,100,TRUE,COMPLETE,TRUE,FALSE,COMPLETE,TRUE
Comal Springs,1934,1934-12-01,31,285.7096774193548,31,100,TRUE,COMPLETE,TRUE,FALSE,COMPLETE,TRUE
Comal Springs,1935,1935-01-01,31,296.258064516129,31,100,TRUE,COMPLETE,TRUE,FALSE,COMPLETE,TRUE
Comal Springs,1935,1935-02-01,28,295.14285714285717,28,100,TRUE,COMPLETE,TRUE,FALSE,COMPLETE,TRUE
Comal Springs,1935,1935-03-01,31,293.48387096774195,31,100,TRUE,COMPLETE,TRUE,FALSE,COMPLETE,TRUE
Comal Springs,1935,1935-04-01,30,299.6333333333333,30,100,TRUE,COMPLETE,TRUE,FALSE,COMPLETE,TRUE
Comal Springs,1935,1935-05-01,31,308.83870967741933,31,100,TRUE,COMPLETE,TRUE,FALSE,COMPLETE,TRUE
Comal Springs,1935,1935-06-01,30,332.96666666666664,30,100,TRUE,COMPLETE,TRUE,FALSE,COMPLETE,TRUE
Comal Springs,1935,1935-07-01,31,340.741935483871,31,100,TRUE,COMPLETE,TRUE,FALSE,COMPLETE,TRUE
Comal Springs,1935,1935-08-01,31,341.258064516129,31,100,TRUE,COMPLETE,TRUE,FALSE,COMPLETE,TRUE
Comal Springs,1935,1935-09-01,30,337.6,30,100,TRUE,COMPLETE,TRUE,FALSE,COMPLETE,TRUE
Comal Springs,1935,1935-10-01,31,341.35483870967744,31,100,TRUE,COMPLETE,TRUE,FALSE,COMPLETE,TRUE
Comal Springs,1935,1935-11-01,30,354.96666666666664,30,100,TRUE,COMPLETE,TRUE,FALSE,COMPLETE,TRUE
Comal Springs,1935,1935-12-01,31,369.9032258064516,31,100,TRUE,COMPLETE,TRUE,FALSE,COMPLETE,TRUE
Comal Springs,1936,1936-01-01,31,374.8709677419355,31,100,TRUE,COMPLETE,TRUE,FALSE,COMPLETE,TRUE
Comal Springs,1936,1936-02-01,29,368.9310344827586,29,100,TRUE,COMPLETE,TRUE,FALSE,COMPLETE,TRUE
Comal Springs,1936,1936-03-01,31,356.38709677419354,31,100,TRUE,COMPLETE,TRUE,FALSE,COMPLETE,TRUE
Comal Springs,1936,1936-04-01,30,333.5,30,100,TRUE,COMPLETE,TRUE,FALSE,COMPLETE,TRUE
Comal Springs,1936,1936-05-01,31,339.9032258064516,31,100,TRUE,COMPLETE,TRUE,FALSE,COMPLETE,TRUE
Comal Springs,1936,1936-06-01,30,387.3333333333333,30,100,TRUE,COMPLETE,TRUE,FALSE,COMPLETE,TRUE
Comal Springs,1936,1936-07-01,31,366.06451612903226,31,100,TRUE,COMPLETE,TRUE,FALSE,COMPLETE,TRUE
Comal Springs,1936,1936-08-01,31,358.06451612903226,31,100,TRUE,COMPLETE,TRUE,FALSE,COMPLETE,TRUE
Comal Springs,1936,1936-09-01,30,364.3666666666667,30,100,TRUE,COMPLETE,TRUE,FALSE,COMPLETE,TRUE
Comal Springs,1936,1936-10-01,31,365.2258064516129,31,100,TRUE,COMPLETE,TRUE,FALSE,COMPLETE,TRUE
Comal Springs,1936,1936-11-01,30,360.73333333333335,30,100,TRUE,COMPLETE,TRUE,FALSE,COMPLETE,TRUE
Comal Springs,1936,1936-12-01,31,353.8709677419355,31,100,TRUE,COMPLETE,TRUE,FALSE,COMPLETE,TRUE
Comal Springs,1937,1937-01-01,31,348.1290322580645,31,100,TRUE,COMPLETE,TRUE,FALSE,COMPLETE,TRUE
Comal Springs,1937,1937-02-01,28,350.7142857142857,28,100,TRUE,COMPLETE,TRUE,FALSE,COMPLETE,TRUE
Comal Springs,1937,1937-03-01,31,363.2903225806452,31,100,TRUE,COMPLETE,TRUE,FALSE,COMPLETE,TRUE
Comal Springs,1937,1937-04-01,30,375.03333333333336,30,100,TRUE,COMPLETE,TRUE,FALSE,COMPLETE,TRUE
Comal Springs,1937,1937-05-01,31,364.9032258064516,31,100,TRUE,COMPLETE,TRUE,FALSE,COMPLETE,TRUE
Comal Springs,1937,1937-06-01,30,378.6,30,100,TRUE,COMPLETE,TRUE,FALSE,COMPLETE,TRUE
Comal Springs,1937,1937-07-01,31,359.4516129032258,31,100,TRUE,COMPLETE,TRUE,FALSE,COMPLETE,TRUE
Comal Springs,1937,1937-08-01,31,340.51612903225805,31,100,TRUE,COMPLETE,TRUE,FALSE,COMPLETE,TRUE
Comal Springs,1937,1937-09-01,30,337.1,30,100,TRUE,COMPLETE,TRUE,FALSE,COMPLETE,TRUE
Comal Springs,1937,1937-10-01,31,319.2258064516129,31,100,TRUE,COMPLETE,TRUE,FALSE,COMPLETE,TRUE
Comal Springs,1937,1937-11-01,30,314.43333333333334,30,100,TRUE,COMPLETE,TRUE,FALSE,COMPLETE,TRUE
Comal Springs,1937,1937-12-01,31,323.35483870967744,31,100,TRUE,COMPLETE,TRUE,FALSE,COMPLETE,TRUE
Comal Springs,1938,1938-01-01,31,325.4193548387097,31,100,TRUE,COMPLETE,TRUE,FALSE,COMPLETE,TRUE
Comal Springs,1938,1938-02-01,28,329.5,28,100,TRUE,COMPLETE,TRUE,FALSE,COMPLETE,TRUE
Comal Springs,1938,1938-03-01,31,329.5483870967742,31,100,TRUE,COMPLETE,TRUE,FALSE,COMPLETE,TRUE
Comal Springs,1938,1938-04-01,30,343.4,30,100,TRUE,COMPLETE,TRUE,FALSE,COMPLETE,TRUE
Comal Springs,1938,1938-05-01,31,366.51612903225805,31,100,TRUE,COMPLETE,TRUE,FALSE,COMPLETE,TRUE
Comal Springs,1938,1938-06-01,30,365.3666666666667,30,100,TRUE,COMPLETE,TRUE,FALSE,COMPLETE,TRUE
Comal Springs,1938,1938-07-01,31,353.1290322580645,31,100,TRUE,COMPLETE,TRUE,FALSE,COMPLETE,TRUE
Comal Springs,1938,1938-08-01,31,341.3225806451613,31,100,TRUE,COMPLETE,TRUE,FALSE,COMPLETE,TRUE
Comal Springs,1938,1938-09-01,30,351.43333333333334,30,100,TRUE,COMPLETE,TRUE,FALSE,COMPLETE,TRUE
Comal Springs,1938,1938-10-01,31,339,31,100,TRUE,COMPLETE,TRUE,FALSE,COMPLETE,TRUE
Comal Springs,1938,1938-11-01,30,338.03333333333336,30,100,TRUE,COMPLETE,TRUE,FALSE,COMPLETE,TRUE
Comal Springs,1938,1938-12-01,31,330.38709677419354,31,100,TRUE,COMPLETE,TRUE,FALSE,COMPLETE,TRUE
Comal Springs,1939,1939-01-01,31,322.83870967741933,31,100,TRUE,COMPLETE,TRUE,FALSE,COMPLETE,TRUE
Comal Springs,1939,1939-02-01,28,327.85714285714283,28,100,TRUE,COMPLETE,TRUE,FALSE,COMPLETE,TRUE
Comal Springs,1939,1939-03-01,31,319.61290322580646,31,100,TRUE,COMPLETE,TRUE,FALSE,COMPLETE,TRUE
Comal Springs,1939,1939-04-01,30,315.2,30,100,TRUE,COMPLETE,TRUE,FALSE,COMPLETE,TRUE
Comal Springs,1939,1939-05-01,31,303.6774193548387,31,100,TRUE,COMPLETE,TRUE,FALSE,COMPLETE,TRUE
Comal Springs,1939,1939-06-01,30,303.43333333333334,30,100,TRUE,COMPLETE,TRUE,FALSE,COMPLETE,TRUE
Comal Springs,1939,1939-07-01,31,266.83870967741933,31,100,TRUE,COMPLETE,TRUE,FALSE,COMPLETE,TRUE
Comal Springs,1939,1939-08-01,31,288.19354838709677,31,100,TRUE,COMPLETE,TRUE,FALSE,COMPLETE,TRUE
Comal Springs,1939,1939-09-01,30,306.6666666666667,30,100,TRUE,COMPLETE,TRUE,FALSE,COMPLETE,TRUE
Comal Springs,1939,1939-10-01,31,286.741935483871,31,100,TRUE,COMPLETE,TRUE,FALSE,COMPLETE,TRUE
Comal Springs,1939,1939-11-01,30,274.6333333333333,30,100,TRUE,COMPLETE,TRUE,FALSE,COMPLETE,TRUE
Comal Springs,1939,1939-12-01,31,285.4516129032258,31,100,TRUE,COMPLETE,TRUE,FALSE,COMPLETE,TRUE
Comal Springs,1940,1940-01-01,31,284.6774193548387,31,100,TRUE,COMPLETE,TRUE,FALSE,COMPLETE,TRUE
Comal Springs,1940,1940-02-01,29,287,29,100,TRUE,COMPLETE,TRUE,FALSE,COMPLETE,TRUE
Comal Springs,1940,1940-03-01,31,285,31,100,TRUE,COMPLETE,TRUE,FALSE,COMPLETE,TRUE
Comal Springs,1940,1940-04-01,30,275.76666666666665,30,100,TRUE,COMPLETE,TRUE,FALSE,COMPLETE,TRUE
Comal Springs,1940,1940-05-01,31,262.6774193548387,31,100,TRUE,COMPLETE,TRUE,FALSE,COMPLETE,TRUE
Comal Springs,1940,1940-06-01,30,276.1333333333333,30,100,TRUE,COMPLETE,TRUE,FALSE,COMPLETE,TRUE
Comal Springs,1940,1940-07-01,31,283.93548387096774,31,100,TRUE,COMPLETE,TRUE,FALSE,COMPLETE,TRUE
Comal Springs,1940,1940-08-01,31,275.03225806451616,31,100,TRUE,COMPLETE,TRUE,FALSE,COMPLETE,TRUE
Comal Springs,1940,1940-09-01,30,275.56666666666666,30,100,TRUE,COMPLETE,TRUE,FALSE,COMPLETE,TRUE
Comal Springs,1940,1940-10-01,31,271.7096774193548,31,100,TRUE,COMPLETE,TRUE,FALSE,COMPLETE,TRUE
Comal Springs,1940,1940-11-01,30,270.26666666666665,30,100,TRUE,COMPLETE,TRUE,FALSE,COMPLETE,TRUE
Comal Springs,1940,1940-12-01,31,288.48387096774195,31,100,TRUE,COMPLETE,TRUE,FALSE,COMPLETE,TRUE
Comal Springs,1941,1941-01-01,31,296.83870967741933,31,100,TRUE,COMPLETE,TRUE,FALSE,COMPLETE,TRUE
Comal Springs,1941,1941-02-01,28,309.64285714285717,28,100,TRUE,COMPLETE,TRUE,FALSE,COMPLETE,TRUE
Comal Springs,1941,1941-03-01,31,321.96774193548384,31,100,TRUE,COMPLETE,TRUE,FALSE,COMPLETE,TRUE
Comal Springs,1941,1941-04-01,30,337.06666666666666,30,100,TRUE,COMPLETE,TRUE,FALSE,COMPLETE,TRUE
Comal Springs,1941,1941-05-01,31,387.7096774193548,31,100,TRUE,COMPLETE,TRUE,FALSE,COMPLETE,TRUE
Comal Springs,1941,1941-06-01,30,374,30,100,TRUE,COMPLETE,TRUE,FALSE,COMPLETE,TRUE
Comal Springs,1941,1941-07-01,31,357.2258064516129,31,100,TRUE,COMPLETE,TRUE,FALSE,COMPLETE,TRUE
Comal Springs,1941,1941-08-01,31,359.19354838709677,31,100,TRUE,COMPLETE,TRUE,FALSE,COMPLETE,TRUE
Comal Springs,1941,1941-09-01,30,340.73333333333335,30,100,TRUE,COMPLETE,TRUE,FALSE,COMPLETE,TRUE
Comal Springs,1941,1941-10-01,31,353.06451612903226,31,100,TRUE,COMPLETE,TRUE,FALSE,COMPLETE,TRUE
Comal Springs,1941,1941-11-01,30,341.8333333333333,30,100,TRUE,COMPLETE,TRUE,FALSE,COMPLETE,TRUE
Comal Springs,1941,1941-12-01,31,334.4193548387097,31,100,TRUE,COMPLETE,TRUE,FALSE,COMPLETE,TRUE
Comal Springs,1942,1942-01-01,31,338.03225806451616,31,100,TRUE,COMPLETE,TRUE,FALSE,COMPLETE,TRUE
Comal Springs,1942,1942-02-01,28,331.89285714285717,28,100,TRUE,COMPLETE,TRUE,FALSE,COMPLETE,TRUE
Comal Springs,1942,1942-03-01,31,334.83870967741933,31,100,TRUE,COMPLETE,TRUE,FALSE,COMPLETE,TRUE
Comal Springs,1942,1942-04-01,30,338,30,100,TRUE,COMPLETE,TRUE,FALSE,COMPLETE,TRUE
Comal Springs,1942,1942-05-01,31,312.4193548387097,31,100,TRUE,COMPLETE,TRUE,FALSE,COMPLETE,TRUE
Comal Springs,1942,1942-06-01,30,316.96666666666664,30,100,TRUE,COMPLETE,TRUE,FALSE,COMPLETE,TRUE
Comal Springs,1942,1942-07-01,31,325.2903225806452,31,100,TRUE,COMPLETE,TRUE,FALSE,COMPLETE,TRUE
Comal Springs,1942,1942-08-01,31,318.4193548387097,31,100,TRUE,COMPLETE,TRUE,FALSE,COMPLETE,TRUE
Comal Springs,1942,1942-09-01,30,355.43333333333334,30,100,TRUE,COMPLETE,TRUE,FALSE,COMPLETE,TRUE
Comal Springs,1942,1942-10-01,31,387.258064516129,31,100,TRUE,COMPLETE,TRUE,FALSE,COMPLETE,TRUE
Comal Springs,1942,1942-11-01,30,405.4,30,100,TRUE,COMPLETE,TRUE,FALSE,COMPLETE,TRUE
Comal Springs,1942,1942-12-01,31,415.741935483871,31,100,TRUE,COMPLETE,TRUE,FALSE,COMPLETE,TRUE
Comal Springs,1943,1943-01-01,31,407.5483870967742,31,100,TRUE,COMPLETE,TRUE,FALSE,COMPLETE,TRUE
Comal Springs,1943,1943-02-01,28,388.67857142857144,28,100,TRUE,COMPLETE,TRUE,FALSE,COMPLETE,TRUE
Comal Springs,1943,1943-03-01,31,372.80645161290323,31,100,TRUE,COMPLETE,TRUE,FALSE,COMPLETE,TRUE
Comal Springs,1943,1943-04-01,30,355.3333333333333,30,100,TRUE,COMPLETE,TRUE,FALSE,COMPLETE,TRUE
Comal Springs,1943,1943-05-01,31,332.7096774193548,31,100,TRUE,COMPLETE,TRUE,FALSE,COMPLETE,TRUE
Comal Springs,1943,1943-06-01,30,326.76666666666665,30,100,TRUE,COMPLETE,TRUE,FALSE,COMPLETE,TRUE
Comal Springs,1943,1943-07-01,31,327.19354838709677,31,100,TRUE,COMPLETE,TRUE,FALSE,COMPLETE,TRUE
Comal Springs,1943,1943-08-01,31,316.4516129032258,31,100,TRUE,COMPLETE,TRUE,FALSE,COMPLETE,TRUE
Comal Springs,1943,1943-09-01,30,321.1333333333333,30,100,TRUE,COMPLETE,TRUE,FALSE,COMPLETE,TRUE
Comal Springs,1943,1943-10-01,31,306.19354838709677,31,100,TRUE,COMPLETE,TRUE,FALSE,COMPLETE,TRUE
Comal Springs,1943,1943-11-01,30,315.1333333333333,30,100,TRUE,COMPLETE,TRUE,FALSE,COMPLETE,TRUE
Comal Springs,1943,1943-12-01,31,313.19354838709677,31,100,TRUE,COMPLETE,TRUE,FALSE,COMPLETE,TRUE
Comal Springs,1944,1944-01-01,31,332.51612903225805,31,100,TRUE,COMPLETE,TRUE,FALSE,COMPLETE,TRUE
Comal Springs,1944,1944-02-01,29,333.51724137931035,29,100,TRUE,COMPLETE,TRUE,FALSE,COMPLETE,TRUE
Comal Springs,1944,1944-03-01,31,358,31,100,TRUE,COMPLETE,TRUE,FALSE,COMPLETE,TRUE
Comal Springs,1944,1944-04-01,30,381.73333333333335,30,100,TRUE,COMPLETE,TRUE,FALSE,COMPLETE,TRUE
Comal Springs,1944,1944-05-01,31,380.61290322580646,31,100,TRUE,COMPLETE,TRUE,FALSE,COMPLETE,TRUE
Comal Springs,1944,1944-06-01,30,376.73333333333335,30,100,TRUE,COMPLETE,TRUE,FALSE,COMPLETE,TRUE
Comal Springs,1944,1944-07-01,31,354.35483870967744,31,100,TRUE,COMPLETE,TRUE,FALSE,COMPLETE,TRUE
Comal Springs,1944,1944-08-01,31,326.64516129032256,31,100,TRUE,COMPLETE,TRUE,FALSE,COMPLETE,TRUE
Comal Springs,1944,1944-09-01,30,332.06666666666666,30,100,TRUE,COMPLETE,TRUE,FALSE,COMPLETE,TRUE
Comal Springs,1944,1944-10-01,31,324.7096774193548,31,100,TRUE,COMPLETE,TRUE,FALSE,COMPLETE,TRUE
Comal Springs,1944,1944-11-01,30,312.7,30,100,TRUE,COMPLETE,TRUE,FALSE,COMPLETE,TRUE
Comal Springs,1944,1944-12-01,31,329.48387096774195,31,100,TRUE,COMPLETE,TRUE,FALSE,COMPLETE,TRUE
Comal Springs,1945,1945-01-01,31,344.4193548387097,31,100,TRUE,COMPLETE,TRUE,FALSE,COMPLETE,TRUE
Comal Springs,1945,1945-02-01,28,379.42857142857144,28,100,TRUE,COMPLETE,TRUE,FALSE,COMPLETE,TRUE
Comal Springs,1945,1945-03-01,31,382.5806451612903,31,100,TRUE,COMPLETE,TRUE,FALSE,COMPLETE,TRUE
Comal Springs,1945,1945-04-01,30,404.96666666666664,30,100,TRUE,COMPLETE,TRUE,FALSE,COMPLETE,TRUE
Comal Springs,1945,1945-05-01,31,413.741935483871,31,100,TRUE,COMPLETE,TRUE,FALSE,COMPLETE,TRUE
Comal Springs,1945,1945-06-01,30,373.1,30,100,TRUE,COMPLETE,TRUE,FALSE,COMPLETE,TRUE
Comal Springs,1945,1945-07-01,31,346.06451612903226,31,100,TRUE,COMPLETE,TRUE,FALSE,COMPLETE,TRUE
Comal Springs,1945,1945-08-01,31,340.83870967741933,31,100,TRUE,COMPLETE,TRUE,FALSE,COMPLETE,TRUE
Comal Springs,1945,1945-09-01,30,334.3333333333333,30,100,TRUE,COMPLETE,TRUE,FALSE,COMPLETE,TRUE
Comal Springs,1945,1945-10-01,31,333.8709677419355,31,100,TRUE,COMPLETE,TRUE,FALSE,COMPLETE,TRUE
Comal Springs,1945,1945-11-01,30,330.8,30,100,TRUE,COMPLETE,TRUE,FALSE,COMPLETE,TRUE
Comal Springs,1945,1945-12-01,31,335.4516129032258,31,100,TRUE,COMPLETE,TRUE,FALSE,COMPLETE,TRUE
Comal Springs,1946,1946-01-01,31,323.9032258064516,31,100,TRUE,COMPLETE,TRUE,FALSE,COMPLETE,TRUE
Comal Springs,1946,1946-02-01,28,312.0357142857143,28,100,TRUE,COMPLETE,TRUE,FALSE,COMPLETE,TRUE
Comal Springs,1946,1946-03-01,31,336.9032258064516,31,100,TRUE,COMPLETE,TRUE,FALSE,COMPLETE,TRUE
Comal Springs,1946,1946-04-01,30,329.73333333333335,30,100,TRUE,COMPLETE,TRUE,FALSE,COMPLETE,TRUE
Comal Springs,1946,1946-05-01,31,345.1290322580645,31,100,TRUE,COMPLETE,TRUE,FALSE,COMPLETE,TRUE
Comal Springs,1946,1946-06-01,30,365.56666666666666,30,100,TRUE,COMPLETE,TRUE,FALSE,COMPLETE,TRUE
Comal Springs,1946,1946-07-01,31,374.1290322580645,31,100,TRUE,COMPLETE,TRUE,FALSE,COMPLETE,TRUE
Comal Springs,1946,1946-08-01,31,356.741935483871,31,100,TRUE,COMPLETE,TRUE,FALSE,COMPLETE,TRUE
Comal Springs,1946,1946-09-01,30,368.4,30,100,TRUE,COMPLETE,TRUE,FALSE,COMPLETE,TRUE
Comal Springs,1946,1946-10-01,31,393,31,100,TRUE,COMPLETE,TRUE,FALSE,COMPLETE,TRUE
Comal Springs,1946,1946-11-01,30,400.03333333333336,30,100,TRUE,COMPLETE,TRUE,FALSE,COMPLETE,TRUE
Comal Springs,1946,1946-12-01,31,398.5483870967742,31,100,TRUE,COMPLETE,TRUE,FALSE,COMPLETE,TRUE
Comal Springs,1947,1947-01-01,31,411.96774193548384,31,100,TRUE,COMPLETE,TRUE,FALSE,COMPLETE,TRUE
Comal Springs,1947,1947-02-01,28,407.0357142857143,28,100,TRUE,COMPLETE,TRUE,FALSE,COMPLETE,TRUE
Comal Springs,1947,1947-03-01,31,405.61290322580646,31,100,TRUE,COMPLETE,TRUE,FALSE,COMPLETE,TRUE
Comal Springs,1947,1947-04-01,30,393.56666666666666,30,100,TRUE,COMPLETE,TRUE,FALSE,COMPLETE,TRUE
Comal Springs,1947,1947-05-01,31,366.3225806451613,31,100,TRUE,COMPLETE,TRUE,FALSE,COMPLETE,TRUE
Comal Springs,1947,1947-06-01,30,344.5,30,100,TRUE,COMPLETE,TRUE,FALSE,COMPLETE,TRUE
Comal Springs,1947,1947-07-01,31,328.3225806451613,31,100,TRUE,COMPLETE,TRUE,FALSE,COMPLETE,TRUE
Comal Springs,1947,1947-08-01,31,322.8709677419355,31,100,TRUE,COMPLETE,TRUE,FALSE,COMPLETE,TRUE
Comal Springs,1947,1947-09-01,30,319.23333333333335,30,100,TRUE,COMPLETE,TRUE,FALSE,COMPLETE,TRUE
Comal Springs,1947,1947-10-01,31,312.03225806451616,31,100,TRUE,COMPLETE,TRUE,FALSE,COMPLETE,TRUE
Comal Springs,1947,1947-11-01,30,309.06666666666666,30,100,TRUE,COMPLETE,TRUE,FALSE,COMPLETE,TRUE
Comal Springs,1947,1947-12-01,31,308.9032258064516,31,100,TRUE,COMPLETE,TRUE,FALSE,COMPLETE,TRUE
Comal Springs,1948,1948-01-01,31,304.64516129032256,31,100,TRUE,COMPLETE,TRUE,FALSE,COMPLETE,TRUE
Comal Springs,1948,1948-02-01,29,308.41379310344826,29,100,TRUE,COMPLETE,TRUE,FALSE,COMPLETE,TRUE
Comal Springs,1948,1948-03-01,31,296.741935483871,31,100,TRUE,COMPLETE,TRUE,FALSE,COMPLETE,TRUE
Comal Springs,1948,1948-04-01,30,295.26666666666665,30,100,TRUE,COMPLETE,TRUE,FALSE,COMPLETE,TRUE
Comal Springs,1948,1948-05-01,31,284.51612903225805,31,100,TRUE,COMPLETE,TRUE,FALSE,COMPLETE,TRUE
Comal Springs,1948,1948-06-01,30,277.3666666666667,30,100,TRUE,COMPLETE,TRUE,FALSE,COMPLETE,TRUE
Comal Springs,1948,1948-07-01,31,266.06451612903226,31,100,TRUE,COMPLETE,TRUE,FALSE,COMPLETE,TRUE
Comal Springs,1948,1948-08-01,31,256.4516129032258,31,100,TRUE,COMPLETE,TRUE,FALSE,COMPLETE,TRUE
Comal Springs,1948,1948-09-01,30,258.1,30,100,TRUE,COMPLETE,TRUE,FALSE,COMPLETE,TRUE
Comal Springs,1948,1948-10-01,31,257.258064516129,31,100,TRUE,COMPLETE,TRUE,FALSE,COMPLETE,TRUE
Comal Springs,1948,1948-11-01,30,260.73333333333335,30,100,TRUE,COMPLETE,TRUE,FALSE,COMPLETE,TRUE
Comal Springs,1948,1948-12-01,31,256.1290322580645,31,100,TRUE,COMPLETE,TRUE,FALSE,COMPLETE,TRUE
Comal Springs,1949,1949-01-01,31,258.5806451612903,31,100,TRUE,COMPLETE,TRUE,FALSE,COMPLETE,TRUE
Comal Springs,1949,1949-02-01,28,244,28,100,TRUE,COMPLETE,TRUE,FALSE,COMPLETE,TRUE
Comal Springs,1949,1949-03-01,31,270.93548387096774,31,100,TRUE,COMPLETE,TRUE,FALSE,COMPLETE,TRUE
Comal Springs,1949,1949-04-01,30,284.8,30,100,TRUE,COMPLETE,TRUE,FALSE,COMPLETE,TRUE
Comal Springs,1949,1949-05-01,31,312.61290322580646,31,100,TRUE,COMPLETE,TRUE,FALSE,COMPLETE,TRUE
Comal Springs,1949,1949-06-01,30,314.9,30,100,TRUE,COMPLETE,TRUE,FALSE,COMPLETE,TRUE
Comal Springs,1949,1949-07-01,31,311.16129032258067,31,100,TRUE,COMPLETE,TRUE,FALSE,COMPLETE,TRUE
Comal Springs,1949,1949-08-01,31,305.61290322580646,31,100,TRUE,COMPLETE,TRUE,FALSE,COMPLETE,TRUE
Comal Springs,1949,1949-09-01,30,287.5,30,100,TRUE,COMPLETE,TRUE,FALSE,COMPLETE,TRUE
Comal Springs,1949,1949-10-01,31,281.48387096774195,31,100,TRUE,COMPLETE,TRUE,FALSE,COMPLETE,TRUE
Comal Springs,1949,1949-11-01,30,281.53333333333336,30,100,TRUE,COMPLETE,TRUE,FALSE,COMPLETE,TRUE
Comal Springs,1949,1949-12-01,31,284.2258064516129,31,100,TRUE,COMPLETE,TRUE,FALSE,COMPLETE,TRUE
Comal Springs,1950,1950-01-01,31,283.6774193548387,31,100,TRUE,COMPLETE,TRUE,FALSE,COMPLETE,TRUE
Comal Springs,1950,1950-02-01,28,284.9642857142857,28,100,TRUE,COMPLETE,TRUE,FALSE,COMPLETE,TRUE
Comal Springs,1950,1950-03-01,31,279.06451612903226,31,100,TRUE,COMPLETE,TRUE,FALSE,COMPLETE,TRUE
Comal Springs,1950,1950-04-01,30,273.8333333333333,30,100,TRUE,COMPLETE,TRUE,FALSE,COMPLETE,TRUE
Comal Springs,1950,1950-05-01,31,269.16129032258067,31,100,TRUE,COMPLETE,TRUE,FALSE,COMPLETE,TRUE
Comal Springs,1950,1950-06-01,30,266.6666666666667,30,100,TRUE,COMPLETE,TRUE,FALSE,COMPLETE,TRUE
Comal Springs,1950,1950-07-01,31,254.83870967741936,31,100,TRUE,COMPLETE,TRUE,FALSE,COMPLETE,TRUE
Comal Springs,1950,1950-08-01,31,245.51612903225808,31,100,TRUE,COMPLETE,TRUE,FALSE,COMPLETE,TRUE
Comal Springs,1950,1950-09-01,30,247.1,30,100,TRUE,COMPLETE,TRUE,FALSE,COMPLETE,TRUE
Comal Springs,1950,1950-10-01,31,249.41935483870967,31,100,TRUE,COMPLETE,TRUE,FALSE,COMPLETE,TRUE
Comal Springs,1950,1950-11-01,30,240.16666666666666,30,100,TRUE,COMPLETE,TRUE,FALSE,COMPLETE,TRUE
Comal Springs,1950,1950-12-01,31,235.32258064516128,31,100,TRUE,COMPLETE,TRUE,FALSE,COMPLETE,TRUE
Comal Springs,1951,1951-01-01,31,230.96774193548387,31,100,TRUE,COMPLETE,TRUE,FALSE,COMPLETE,TRUE
Comal Springs,1951,1951-02-01,28,224.03571428571428,28,100,TRUE,COMPLETE,TRUE,FALSE,COMPLETE,TRUE
Comal Springs,1951,1951-03-01,31,221.70967741935485,31,100,TRUE,COMPLETE,TRUE,FALSE,COMPLETE,TRUE
Comal Springs,1951,1951-04-01,30,215.66666666666666,30,100,TRUE,COMPLETE,TRUE,FALSE,COMPLETE,TRUE
Comal Springs,1951,1951-05-01,31,215.09677419354838,31,100,TRUE,COMPLETE,TRUE,FALSE,COMPLETE,TRUE
Comal Springs,1951,1951-06-01,30,212.16666666666666,30,100,TRUE,COMPLETE,TRUE,FALSE,COMPLETE,TRUE
Comal Springs,1951,1951-07-01,31,188,31,100,TRUE,COMPLETE,TRUE,FALSE,COMPLETE,TRUE
Comal Springs,1951,1951-08-01,31,178.2258064516129,31,100,TRUE,COMPLETE,TRUE,FALSE,COMPLETE,TRUE
Comal Springs,1951,1951-09-01,30,177.83333333333334,30,100,TRUE,COMPLETE,TRUE,FALSE,COMPLETE,TRUE
Comal Springs,1951,1951-10-01,31,183.41935483870967,31,100,TRUE,COMPLETE,TRUE,FALSE,COMPLETE,TRUE
Comal Springs,1951,1951-11-01,30,191.4,30,100,TRUE,COMPLETE,TRUE,FALSE,COMPLETE,TRUE
Comal Springs,1951,1951-12-01,31,201.70967741935485,31,100,TRUE,COMPLETE,TRUE,FALSE,COMPLETE,TRUE
Comal Springs,1952,1952-01-01,31,191.5483870967742,31,100,TRUE,COMPLETE,TRUE,FALSE,COMPLETE,TRUE
Comal Springs,1952,1952-02-01,29,181.6551724137931,29,100,TRUE,COMPLETE,TRUE,FALSE,COMPLETE,TRUE
Comal Springs,1952,1952-03-01,31,179.2258064516129,31,100,TRUE,COMPLETE,TRUE,FALSE,COMPLETE,TRUE
Comal Springs,1952,1952-04-01,30,184.2,30,100,TRUE,COMPLETE,TRUE,FALSE,COMPLETE,TRUE
Comal Springs,1952,1952-05-01,31,180.3548387096774,31,100,TRUE,COMPLETE,TRUE,FALSE,COMPLETE,TRUE
Comal Springs,1952,1952-06-01,30,177.23333333333332,30,100,TRUE,COMPLETE,TRUE,FALSE,COMPLETE,TRUE
Comal Springs,1952,1952-07-01,31,160.51612903225808,31,100,TRUE,COMPLETE,TRUE,FALSE,COMPLETE,TRUE
Comal Springs,1952,1952-08-01,31,131.48387096774192,31,100,TRUE,COMPLETE,TRUE,FALSE,COMPLETE,TRUE
Comal Springs,1952,1952-09-01,30,172.03333333333333,30,100,TRUE,COMPLETE,TRUE,FALSE,COMPLETE,TRUE
Comal Springs,1952,1952-10-01,31,193.06451612903226,31,100,TRUE,COMPLETE,TRUE,FALSE,COMPLETE,TRUE
Comal Springs,1952,1952-11-01,30,199.1,30,100,TRUE,COMPLETE,TRUE,FALSE,COMPLETE,TRUE
Comal Springs,1952,1952-12-01,31,223.7741935483871,31,100,TRUE,COMPLETE,TRUE,FALSE,COMPLETE,TRUE
Comal Springs,1953,1953-01-01,31,230.06451612903226,31,100,TRUE,COMPLETE,TRUE,FALSE,COMPLETE,TRUE
Comal Springs,1953,1953-02-01,28,226.5,28,100,TRUE,COMPLETE,TRUE,FALSE,COMPLETE,TRUE
Comal Springs,1953,1953-03-01,31,218.96774193548387,31,100,TRUE,COMPLETE,TRUE,FALSE,COMPLETE,TRUE
Comal Springs,1953,1953-04-01,30,208.5,30,100,TRUE,COMPLETE,TRUE,FALSE,COMPLETE,TRUE
Comal Springs,1953,1953-05-01,31,201.70967741935485,31,100,TRUE,COMPLETE,TRUE,FALSE,COMPLETE,TRUE
Comal Springs,1953,1953-06-01,30,174.2,30,100,TRUE,COMPLETE,TRUE,FALSE,COMPLETE,TRUE
Comal Springs,1953,1953-07-01,31,142.48387096774192,31,100,TRUE,COMPLETE,TRUE,FALSE,COMPLETE,TRUE
Comal Springs,1953,1953-08-01,31,124.83870967741936,31,100,TRUE,COMPLETE,TRUE,FALSE,COMPLETE,TRUE
Comal Springs,1953,1953-09-01,30,183.43333333333334,30,100,TRUE,COMPLETE,TRUE,FALSE,COMPLETE,TRUE
Comal Springs,1953,1953-10-01,31,194.61290322580646,31,100,TRUE,COMPLETE,TRUE,FALSE,COMPLETE,TRUE
Comal Springs,1953,1953-11-01,30,204.53333333333333,30,100,TRUE,COMPLETE,TRUE,FALSE,COMPLETE,TRUE
Comal Springs,1953,1953-12-01,31,189.7741935483871,31,100,TRUE,COMPLETE,TRUE,FALSE,COMPLETE,TRUE
Comal Springs,1954,1954-01-01,31,206.09677419354838,31,100,TRUE,COMPLETE,TRUE,FALSE,COMPLETE,TRUE
Comal Springs,1954,1954-02-01,28,204.28571428571428,28,100,TRUE,COMPLETE,TRUE,FALSE,COMPLETE,TRUE
Comal Springs,1954,1954-03-01,31,172,31,100,TRUE,COMPLETE,TRUE,FALSE,COMPLETE,TRUE
Comal Springs,1954,1954-04-01,30,147.3,30,100,TRUE,COMPLETE,TRUE,FALSE,COMPLETE,TRUE
Comal Springs,1954,1954-05-01,31,148.8709677419355,31,100,TRUE,COMPLETE,TRUE,FALSE,COMPLETE,TRUE
Comal Springs,1954,1954-06-01,30,120.16666666666667,30,100,TRUE,COMPLETE,TRUE,FALSE,COMPLETE,TRUE
Comal Springs,1954,1954-07-01,31,104.83870967741936,31,100,TRUE,COMPLETE,TRUE,FALSE,COMPLETE,TRUE
Comal Springs,1954,1954-08-01,31,83.38709677419355,31,100,TRUE,COMPLETE,TRUE,FALSE,COMPLETE,TRUE
Comal Springs,1954,1954-09-01,30,77.6,30,100,TRUE,COMPLETE,TRUE,FALSE,COMPLETE,TRUE
Comal Springs,1954,1954-10-01,31,108.6774193548387,31,100,TRUE,COMPLETE,TRUE,FALSE,COMPLETE,TRUE
Comal Springs,1954,1954-11-01,30,123.7,30,100,TRUE,COMPLETE,TRUE,FALSE,COMPLETE,TRUE
Comal Springs,1954,1954-12-01,31,129.25806451612902,31,100,TRUE,COMPLETE,TRUE,FALSE,COMPLETE,TRUE
Comal Springs,1955,1955-01-01,31,136.70967741935485,31,100,TRUE,COMPLETE,TRUE,FALSE,COMPLETE,TRUE
Comal Springs,1955,1955-02-01,28,142.78571428571428,28,100,TRUE,COMPLETE,TRUE,FALSE,COMPLETE,TRUE
Comal Springs,1955,1955-03-01,31,129,31,100,TRUE,COMPLETE,TRUE,FALSE,COMPLETE,TRUE
Comal Springs,1955,1955-04-01,30,105.3,30,100,TRUE,COMPLETE,TRUE,FALSE,COMPLETE,TRUE
Comal Springs,1955,1955-05-01,31,93.03225806451613,31,100,TRUE,COMPLETE,TRUE,FALSE,COMPLETE,TRUE
Comal Springs,1955,1955-06-01,30,87.6,30,100,TRUE,COMPLETE,TRUE,FALSE,COMPLETE,TRUE
Comal Springs,1955,1955-07-01,31,64.87096774193549,31,100,TRUE,COMPLETE,TRUE,FALSE,COMPLETE,TRUE
Comal Springs,1955,1955-08-01,31,51.935483870967744,31,100,TRUE,COMPLETE,TRUE,FALSE,COMPLETE,TRUE
Comal Springs,1955,1955-09-01,30,54.2,30,100,TRUE,COMPLETE,TRUE,FALSE,COMPLETE,TRUE
Comal Springs,1955,1955-10-01,31,58.67741935483871,31,100,TRUE,COMPLETE,TRUE,FALSE,COMPLETE,TRUE
Comal Springs,1955,1955-11-01,30,71.93333333333334,30,100,TRUE,COMPLETE,TRUE,FALSE,COMPLETE,TRUE
Comal Springs,1955,1955-12-01,31,90.2258064516129,31,100,TRUE,COMPLETE,TRUE,FALSE,COMPLETE,TRUE
Comal Springs,1956,1956-01-01,31,90.96774193548387,31,100,TRUE,COMPLETE,TRUE,FALSE,COMPLETE,TRUE
Comal Springs,1956,1956-02-01,29,93.37931034482759,29,100,TRUE,COMPLETE,TRUE,FALSE,COMPLETE,TRUE
Comal Springs,1956,1956-03-01,31,69.2258064516129,31,100,TRUE,COMPLETE,TRUE,FALSE,COMPLETE,TRUE
Comal Springs,1956,1956-04-01,30,41.46666666666667,30,100,TRUE,COMPLETE,TRUE,FALSE,COMPLETE,TRUE
Comal Springs,1956,1956-05-01,31,27.774193548387096,31,100,TRUE,COMPLETE,TRUE,FALSE,COMPLETE,TRUE
Comal Springs,1956,1956-06-01,30,3.7,30,100,TRUE,COMPLETE,TRUE,FALSE,COMPLETE,TRUE
Comal Springs,1956,1956-07-01,31,0,31,100,TRUE,COMPLETE,TRUE,FALSE,COMPLETE,TRUE
Comal Springs,1956,1956-08-01,31,0,31,100,TRUE,COMPLETE,TRUE,FALSE,COMPLETE,TRUE
Comal Springs,1956,1956-09-01,30,0,30,100,TRUE,COMPLETE,TRUE,FALSE,COMPLETE,TRUE
Comal Springs,1956,1956-10-01,31,0,31,100,TRUE,COMPLETE,TRUE,FALSE,COMPLETE,TRUE
Comal Springs,1956,1956-11-01,30,21.5,30,100,TRUE,COMPLETE,TRUE,FALSE,COMPLETE,TRUE
Comal Springs,1956,1956-12-01,31,35.58064516129032,31,100,TRUE,COMPLETE,TRUE,FALSE,COMPLETE,TRUE
Comal Springs,1957,1957-01-01,31,51.16129032258065,31,100,TRUE,COMPLETE,TRUE,FALSE,COMPLETE,TRUE
Comal Springs,1957,1957-02-01,28,49.57142857142857,28,100,TRUE,COMPLETE,TRUE,FALSE,COMPLETE,TRUE
Comal Springs,1957,1957-03-01,31,65.38709677419355,31,100,TRUE,COMPLETE,TRUE,FALSE,COMPLETE,TRUE
Comal Springs,1957,1957-04-01,30,103.8,30,100,TRUE,COMPLETE,TRUE,FALSE,COMPLETE,TRUE
Comal Springs,1957,1957-05-01,31,183.6451612903226,31,100,TRUE,COMPLETE,TRUE,FALSE,COMPLETE,TRUE
Comal Springs,1957,1957-06-01,30,237.66666666666666,30,100,TRUE,COMPLETE,TRUE,FALSE,COMPLETE,TRUE
Comal Springs,1957,1957-07-01,31,156.83870967741936,31,100,TRUE,COMPLETE,TRUE,FALSE,COMPLETE,TRUE
Comal Springs,1957,1957-08-01,31,91.93548387096774,31,100,TRUE,COMPLETE,TRUE,FALSE,COMPLETE,TRUE
Comal Springs,1957,1957-09-01,30,121,30,100,TRUE,COMPLETE,TRUE,FALSE,COMPLETE,TRUE
Comal Springs,1957,1957-10-01,31,194.19354838709677,31,100,TRUE,COMPLETE,TRUE,FALSE,COMPLETE,TRUE
Comal Springs,1957,1957-11-01,30,235.86666666666667,30,100,TRUE,COMPLETE,TRUE,FALSE,COMPLETE,TRUE
Comal Springs,1957,1957-12-01,31,252.19354838709677,31,100,TRUE,COMPLETE,TRUE,FALSE,COMPLETE,TRUE
Comal Springs,1958,1958-01-01,31,276.3225806451613,31,100,TRUE,COMPLETE,TRUE,FALSE,COMPLETE,TRUE
Comal Springs,1958,1958-02-01,28,307.35714285714283,28,100,TRUE,COMPLETE,TRUE,FALSE,COMPLETE,TRUE
Comal Springs,1958,1958-03-01,31,338.38709677419354,31,100,TRUE,COMPLETE,TRUE,FALSE,COMPLETE,TRUE
Comal Springs,1958,1958-04-01,30,338.5,30,100,TRUE,COMPLETE,TRUE,FALSE,COMPLETE,TRUE
Comal Springs,1958,1958-05-01,31,345.19354838709677,31,100,TRUE,COMPLETE,TRUE,FALSE,COMPLETE,TRUE
Comal Springs,1958,1958-06-01,30,311.8333333333333,30,100,TRUE,COMPLETE,TRUE,FALSE,COMPLETE,TRUE
Comal Springs,1958,1958-07-01,31,301.5806451612903,31,100,TRUE,COMPLETE,TRUE,FALSE,COMPLETE,TRUE
Comal Springs,1958,1958-08-01,31,264.38709677419354,31,100,TRUE,COMPLETE,TRUE,FALSE,COMPLETE,TRUE
Comal Springs,1958,1958-09-01,30,280.8666666666667,30,100,TRUE,COMPLETE,TRUE,FALSE,COMPLETE,TRUE
Comal Springs,1958,1958-10-01,31,325.93548387096774,31,100,TRUE,COMPLETE,TRUE,FALSE,COMPLETE,TRUE
Comal Springs,1958,1958-11-01,30,333.9,30,100,TRUE,COMPLETE,TRUE,FALSE,COMPLETE,TRUE
Comal Springs,1958,1958-12-01,31,338.38709677419354,31,100,TRUE,COMPLETE,TRUE,FALSE,COMPLETE,TRUE
Comal Springs,1959,1959-01-01,31,334.83870967741933,31,100,TRUE,COMPLETE,TRUE,FALSE,COMPLETE,TRUE
Comal Springs,1959,1959-02-01,28,337.57142857142856,28,100,TRUE,COMPLETE,TRUE,FALSE,COMPLETE,TRUE
Comal Springs,1959,1959-03-01,31,334.6774193548387,31,100,TRUE,COMPLETE,TRUE,FALSE,COMPLETE,TRUE
Comal Springs,1959,1959-04-01,30,329,30,100,TRUE,COMPLETE,TRUE,FALSE,COMPLETE,TRUE
Comal Springs,1959,1959-05-01,31,322.38709677419354,31,100,TRUE,COMPLETE,TRUE,FALSE,COMPLETE,TRUE
Comal Springs,1959,1959-06-01,30,299.5,30,100,TRUE,COMPLETE,TRUE,FALSE,COMPLETE,TRUE
Comal Springs,1959,1959-07-01,31,301.16129032258067,31,100,TRUE,COMPLETE,TRUE,FALSE,COMPLETE,TRUE
Comal Springs,1959,1959-08-01,31,288.7096774193548,31,100,TRUE,COMPLETE,TRUE,FALSE,COMPLETE,TRUE
Comal Springs,1959,1959-09-01,30,286.53333333333336,30,100,TRUE,COMPLETE,TRUE,FALSE,COMPLETE,TRUE
Comal Springs,1959,1959-10-01,31,304.16129032258067,31,100,TRUE,COMPLETE,TRUE,FALSE,COMPLETE,TRUE
Comal Springs,1959,1959-11-01,30,309.1666666666667,30,100,TRUE,COMPLETE,TRUE,FALSE,COMPLETE,TRUE
Comal Springs,1959,1959-12-01,31,315.83870967741933,31,100,TRUE,COMPLETE,TRUE,FALSE,COMPLETE,TRUE
Comal Springs,1960,1960-01-01,31,324.7096774193548,31,100,TRUE,COMPLETE,TRUE,FALSE,COMPLETE,TRUE
Comal Springs,1960,1960-02-01,29,326.3448275862069,29,100,TRUE,COMPLETE,TRUE,FALSE,COMPLETE,TRUE
Comal Springs,1960,1960-03-01,31,325.35483870967744,31,100,TRUE,COMPLETE,TRUE,FALSE,COMPLETE,TRUE
Comal Springs,1960,1960-04-01,30,321.93333333333334,30,100,TRUE,COMPLETE,TRUE,FALSE,COMPLETE,TRUE
Comal Springs,1960,1960-05-01,31,316.61290322580646,31,100,TRUE,COMPLETE,TRUE,FALSE,COMPLETE,TRUE
Comal Springs,1960,1960-06-01,30,288.1333333333333,30,100,TRUE,COMPLETE,TRUE,FALSE,COMPLETE,TRUE
Comal Springs,1960,1960-07-01,31,296.61290322580646,31,100,TRUE,COMPLETE,TRUE,FALSE,COMPLETE,TRUE
Comal Springs,1960,1960-08-01,31,296.80645161290323,31,100,TRUE,COMPLETE,TRUE,FALSE,COMPLETE,TRUE
Comal Springs,1960,1960-09-01,30,299.2,30,100,TRUE,COMPLETE,TRUE,FALSE,COMPLETE,TRUE
Comal Springs,1960,1960-10-01,31,311.2903225806452,31,100,TRUE,COMPLETE,TRUE,FALSE,COMPLETE,TRUE
Comal Springs,1960,1960-11-01,30,345,30,100,TRUE,COMPLETE,TRUE,FALSE,COMPLETE,TRUE
Comal Springs,1960,1960-12-01,31,355.38709677419354,31,100,TRUE,COMPLETE,TRUE,FALSE,COMPLETE,TRUE
Comal Springs,1961,1961-01-01,31,360.8709677419355,31,100,TRUE,COMPLETE,TRUE,FALSE,COMPLETE,TRUE
Comal Springs,1961,1961-02-01,28,366.7857142857143,28,100,TRUE,COMPLETE,TRUE,FALSE,COMPLETE,TRUE
Comal Springs,1961,1961-03-01,31,363.06451612903226,31,100,TRUE,COMPLETE,TRUE,FALSE,COMPLETE,TRUE
Comal Springs,1961,1961-04-01,30,344.5,30,100,TRUE,COMPLETE,TRUE,FALSE,COMPLETE,TRUE
Comal Springs,1961,1961-05-01,31,320.35483870967744,31,100,TRUE,COMPLETE,TRUE,FALSE,COMPLETE,TRUE
Comal Springs,1961,1961-06-01,30,312.8333333333333,30,100,TRUE,COMPLETE,TRUE,FALSE,COMPLETE,TRUE
Comal Springs,1961,1961-07-01,31,325.6774193548387,31,100,TRUE,COMPLETE,TRUE,FALSE,COMPLETE,TRUE
Comal Springs,1961,1961-08-01,31,321.19354838709677,31,100,TRUE,COMPLETE,TRUE,FALSE,COMPLETE,TRUE
Comal Springs,1961,1961-09-01,30,312.3,30,100,TRUE,COMPLETE,TRUE,FALSE,COMPLETE,TRUE
Comal Springs,1961,1961-10-01,31,324.6774193548387,31,100,TRUE,COMPLETE,TRUE,FALSE,COMPLETE,TRUE
Comal Springs,1961,1961-11-01,30,331.3,30,100,TRUE,COMPLETE,TRUE,FALSE,COMPLETE,TRUE
Comal Springs,1961,1961-12-01,31,326.64516129032256,31,100,TRUE,COMPLETE,TRUE,FALSE,COMPLETE,TRUE
Comal Springs,1962,1962-01-01,31,323.16129032258067,31,100,TRUE,COMPLETE,TRUE,FALSE,COMPLETE,TRUE
Comal Springs,1962,1962-02-01,28,312.64285714285717,28,100,TRUE,COMPLETE,TRUE,FALSE,COMPLETE,TRUE
Comal Springs,1962,1962-03-01,31,303.16129032258067,31,100,TRUE,COMPLETE,TRUE,FALSE,COMPLETE,TRUE
Comal Springs,1962,1962-04-01,30,295.3666666666667,30,100,TRUE,COMPLETE,TRUE,FALSE,COMPLETE,TRUE
Comal Springs,1962,1962-05-01,31,285.5806451612903,31,100,TRUE,COMPLETE,TRUE,FALSE,COMPLETE,TRUE
Comal Springs,1962,1962-06-01,30,267.3333333333333,30,100,TRUE,COMPLETE,TRUE,FALSE,COMPLETE,TRUE
Comal Springs,1962,1962-07-01,31,237.96774193548387,31,100,TRUE,COMPLETE,TRUE,FALSE,COMPLETE,TRUE
Comal Springs,1962,1962-08-01,31,200.1290322580645,31,100,TRUE,COMPLETE,TRUE,FALSE,COMPLETE,TRUE
Comal Springs,1962,1962-09-01,30,221.2,30,100,TRUE,COMPLETE,TRUE,FALSE,COMPLETE,TRUE
Comal Springs,1962,1962-10-01,31,232.83870967741936,31,100,TRUE,COMPLETE,TRUE,FALSE,COMPLETE,TRUE
Comal Springs,1962,1962-11-01,30,244.86666666666667,30,100,TRUE,COMPLETE,TRUE,FALSE,COMPLETE,TRUE
Comal Springs,1962,1962-12-01,31,265.5483870967742,31,100,TRUE,COMPLETE,TRUE,FALSE,COMPLETE,TRUE
Comal Springs,1963,1963-01-01,31,266.9032258064516,31,100,TRUE,COMPLETE,TRUE,FALSE,COMPLETE,TRUE
Comal Springs,1963,1963-02-01,28,264.07142857142856,28,100,TRUE,COMPLETE,TRUE,FALSE,COMPLETE,TRUE
Comal Springs,1963,1963-03-01,31,261.741935483871,31,100,TRUE,COMPLETE,TRUE,FALSE,COMPLETE,TRUE
Comal Springs,1963,1963-04-01,30,246.33333333333334,30,100,TRUE,COMPLETE,TRUE,FALSE,COMPLETE,TRUE
Comal Springs,1963,1963-05-01,31,231.16129032258064,31,100,TRUE,COMPLETE,TRUE,FALSE,COMPLETE,TRUE
Comal Springs,1963,1963-06-01,30,198.43333333333334,30,100,TRUE,COMPLETE,TRUE,FALSE,COMPLETE,TRUE
Comal Springs,1963,1963-07-01,31,178.5483870967742,31,100,TRUE,COMPLETE,TRUE,FALSE,COMPLETE,TRUE
Comal Springs,1963,1963-08-01,31,137.4516129032258,31,100,TRUE,COMPLETE,TRUE,FALSE,COMPLETE,TRUE
Comal Springs,1963,1963-09-01,30,145.6,30,100,TRUE,COMPLETE,TRUE,FALSE,COMPLETE,TRUE
Comal Springs,1963,1963-10-01,31,167.61290322580646,31,100,TRUE,COMPLETE,TRUE,FALSE,COMPLETE,TRUE
Comal Springs,1963,1963-11-01,30,192.16666666666666,30,100,TRUE,COMPLETE,TRUE,FALSE,COMPLETE,TRUE
Comal Springs,1963,1963-12-01,31,204.6451612903226,31,100,TRUE,COMPLETE,TRUE,FALSE,COMPLETE,TRUE
Comal Springs,1964,1964-01-01,31,211.61290322580646,31,100,TRUE,COMPLETE,TRUE,FALSE,COMPLETE,TRUE
Comal Springs,1964,1964-02-01,29,229.51724137931035,29,100,TRUE,COMPLETE,TRUE,FALSE,COMPLETE,TRUE
Comal Springs,1964,1964-03-01,31,226.25806451612902,31,100,TRUE,COMPLETE,TRUE,FALSE,COMPLETE,TRUE
Comal Springs,1964,1964-04-01,30,214,30,100,TRUE,COMPLETE,TRUE,FALSE,COMPLETE,TRUE
Comal Springs,1964,1964-05-01,31,191.96774193548387,31,100,TRUE,COMPLETE,TRUE,FALSE,COMPLETE,TRUE
Comal Springs,1964,1964-06-01,30,189.33333333333334,30,100,TRUE,COMPLETE,TRUE,FALSE,COMPLETE,TRUE
Comal Springs,1964,1964-07-01,31,158.51612903225808,31,100,TRUE,COMPLETE,TRUE,FALSE,COMPLETE,TRUE
Comal Springs,1964,1964-08-01,31,126.54838709677419,31,100,TRUE,COMPLETE,TRUE,FALSE,COMPLETE,TRUE
Comal Springs,1964,1964-09-01,30,141.5,30,100,TRUE,COMPLETE,TRUE,FALSE,COMPLETE,TRUE
Comal Springs,1964,1964-10-01,31,170.41935483870967,31,100,TRUE,COMPLETE,TRUE,FALSE,COMPLETE,TRUE
Comal Springs,1964,1964-11-01,30,201.83333333333334,30,100,TRUE,COMPLETE,TRUE,FALSE,COMPLETE,TRUE
Comal Springs,1964,1964-12-01,31,208.06451612903226,31,100,TRUE,COMPLETE,TRUE,FALSE,COMPLETE,TRUE
Comal Springs,1965,1965-01-01,31,210.4516129032258,31,100,TRUE,COMPLETE,TRUE,FALSE,COMPLETE,TRUE
Comal Springs,1965,1965-02-01,28,254.53571428571428,28,100,TRUE,COMPLETE,TRUE,FALSE,COMPLETE,TRUE
Comal Springs,1965,1965-03-01,31,268.7096774193548,31,100,TRUE,COMPLETE,TRUE,FALSE,COMPLETE,TRUE
Comal Springs,1965,1965-04-01,30,273.3333333333333,30,100,TRUE,COMPLETE,TRUE,FALSE,COMPLETE,TRUE
Comal Springs,1965,1965-05-01,31,303.06451612903226,31,100,TRUE,COMPLETE,TRUE,FALSE,COMPLETE,TRUE
Comal Springs,1965,1965-06-01,30,317.8,30,100,TRUE,COMPLETE,TRUE,FALSE,COMPLETE,TRUE
Comal Springs,1965,1965-07-01,31,263.80645161290323,31,100,TRUE,COMPLETE,TRUE,FALSE,COMPLETE,TRUE
Comal Springs,1965,1965-08-01,31,225.80645161290323,31,100,TRUE,COMPLETE,TRUE,FALSE,COMPLETE,TRUE
Comal Springs,1965,1965-09-01,30,205.76666666666668,30,100,TRUE,COMPLETE,TRUE,FALSE,COMPLETE,TRUE
Comal Springs,1965,1965-10-01,31,244.74193548387098,31,100,TRUE,COMPLETE,TRUE,FALSE,COMPLETE,TRUE
Comal Springs,1965,1965-11-01,30,263.46666666666664,30,100,TRUE,COMPLETE,TRUE,FALSE,COMPLETE,TRUE
Comal Springs,1965,1965-12-01,31,299.5806451612903,31,100,TRUE,COMPLETE,TRUE,FALSE,COMPLETE,TRUE
Comal Springs,1966,1966-01-01,31,305.2903225806452,31,100,TRUE,COMPLETE,TRUE,FALSE,COMPLETE,TRUE
Comal Springs,1966,1966-02-01,28,309.92857142857144,28,100,TRUE,COMPLETE,TRUE,FALSE,COMPLETE,TRUE
Comal Springs,1966,1966-03-01,31,306.03225806451616,31,100,TRUE,COMPLETE,TRUE,FALSE,COMPLETE,TRUE
Comal Springs,1966,1966-04-01,30,290.3,30,100,TRUE,COMPLETE,TRUE,FALSE,COMPLETE,TRUE
Comal Springs,1966,1966-05-01,31,299.96774193548384,31,100,TRUE,COMPLETE,TRUE,FALSE,COMPLETE,TRUE
Comal Springs,1966,1966-06-01,30,269.06666666666666,30,100,TRUE,COMPLETE,TRUE,FALSE,COMPLETE,TRUE
Comal Springs,1966,1966-07-01,31,236.61290322580646,31,100,TRUE,COMPLETE,TRUE,FALSE,COMPLETE,TRUE
Comal Springs,1966,1966-08-01,31,212.48387096774192,31,100,TRUE,COMPLETE,TRUE,FALSE,COMPLETE,TRUE
Comal Springs,1966,1966-09-01,30,239.2,30,100,TRUE,COMPLETE,TRUE,FALSE,COMPLETE,TRUE
Comal Springs,1966,1966-10-01,31,248.19354838709677,31,100,TRUE,COMPLETE,TRUE,FALSE,COMPLETE,TRUE
Comal Springs,1966,1966-11-01,30,244.13333333333333,30,100,TRUE,COMPLETE,TRUE,FALSE,COMPLETE,TRUE
Comal Springs,1966,1966-12-01,31,241.09677419354838,31,100,TRUE,COMPLETE,TRUE,FALSE,COMPLETE,TRUE
Comal Springs,1967,1967-01-01,31,244.58064516129033,31,100,TRUE,COMPLETE,TRUE,FALSE,COMPLETE,TRUE
Comal Springs,1967,1967-02-01,28,225.85714285714286,28,100,TRUE,COMPLETE,TRUE,FALSE,COMPLETE,TRUE
Comal Springs,1967,1967-03-01,31,209.8709677419355,31,100,TRUE,COMPLETE,TRUE,FALSE,COMPLETE,TRUE
Comal Springs,1967,1967-04-01,30,195.43333333333334,30,100,TRUE,COMPLETE,TRUE,FALSE,COMPLETE,TRUE
Comal Springs,1967,1967-05-01,31,158.19354838709677,31,100,TRUE,COMPLETE,TRUE,FALSE,COMPLETE,TRUE
Comal Springs,1967,1967-06-01,30,105.73333333333333,30,100,TRUE,COMPLETE,TRUE,FALSE,COMPLETE,TRUE
Comal Springs,1967,1967-07-01,31,85.29032258064517,31,100,TRUE,COMPLETE,TRUE,FALSE,COMPLETE,TRUE
Comal Springs,1967,1967-08-01,31,78.70967741935483,31,100,TRUE,COMPLETE,TRUE,FALSE,COMPLETE,TRUE
Comal Springs,1967,1967-09-01,30,161.33333333333334,30,100,TRUE,COMPLETE,TRUE,FALSE,COMPLETE,TRUE
Comal Springs,1967,1967-10-01,31,215.32258064516128,31,100,TRUE,COMPLETE,TRUE,FALSE,COMPLETE,TRUE
Comal Springs,1967,1967-11-01,30,241.33333333333334,30,100,TRUE,COMPLETE,TRUE,FALSE,COMPLETE,TRUE
Comal Springs,1967,1967-12-01,31,253.3548387096774,31,100,TRUE,COMPLETE,TRUE,FALSE,COMPLETE,TRUE
Comal Springs,1968,1968-01-01,31,286.9032258064516,31,100,TRUE,COMPLETE,TRUE,FALSE,COMPLETE,TRUE
Comal Springs,1968,1968-02-01,29,345.6896551724138,29,100,TRUE,COMPLETE,TRUE,FALSE,COMPLETE,TRUE
Comal Springs,1968,1968-03-01,31,348.8709677419355,31,100,TRUE,COMPLETE,TRUE,FALSE,COMPLETE,TRUE
Comal Springs,1968,1968-04-01,30,353.46666666666664,30,100,TRUE,COMPLETE,TRUE,FALSE,COMPLETE,TRUE
Comal Springs,1968,1968-05-01,31,353.51612903225805,31,100,TRUE,COMPLETE,TRUE,FALSE,COMPLETE,TRUE
Comal Springs,1968,1968-06-01,30,338.6666666666667,30,100,TRUE,COMPLETE,TRUE,FALSE,COMPLETE,TRUE
Comal Springs,1968,1968-07-01,31,317.80645161290323,31,100,TRUE,COMPLETE,TRUE,FALSE,COMPLETE,TRUE
Comal Springs,1968,1968-08-01,31,289.83870967741933,31,100,TRUE,COMPLETE,TRUE,FALSE,COMPLETE,TRUE
Comal Springs,1968,1968-09-01,30,288.9,30,100,TRUE,COMPLETE,TRUE,FALSE,COMPLETE,TRUE
Comal Springs,1968,1968-10-01,31,299.7096774193548,31,100,TRUE,COMPLETE,TRUE,FALSE,COMPLETE,TRUE
Comal Springs,1968,1968-11-01,30,294.3,30,100,TRUE,COMPLETE,TRUE,FALSE,COMPLETE,TRUE
Comal Springs,1968,1968-12-01,31,306.2903225806452,31,100,TRUE,COMPLETE,TRUE,FALSE,COMPLETE,TRUE
Comal Springs,1969,1969-01-01,31,304.64516129032256,31,100,TRUE,COMPLETE,TRUE,FALSE,COMPLETE,TRUE
Comal Springs,1969,1969-02-01,28,307.7857142857143,28,100,TRUE,COMPLETE,TRUE,FALSE,COMPLETE,TRUE
Comal Springs,1969,1969-03-01,31,320.61290322580646,31,100,TRUE,COMPLETE,TRUE,FALSE,COMPLETE,TRUE
Comal Springs,1969,1969-04-01,30,317.03333333333336,30,100,TRUE,COMPLETE,TRUE,FALSE,COMPLETE,TRUE
Comal Springs,1969,1969-05-01,31,336.93548387096774,31,100,TRUE,COMPLETE,TRUE,FALSE,COMPLETE,TRUE
Comal Springs,1969,1969-06-01,30,310.6333333333333,30,100,TRUE,COMPLETE,TRUE,FALSE,COMPLETE,TRUE
Comal Springs,1969,1969-07-01,31,264.06451612903226,31,100,TRUE,COMPLETE,TRUE,FALSE,COMPLETE,TRUE
Comal Springs,1969,1969-08-01,31,218.29032258064515,31,100,TRUE,COMPLETE,TRUE,FALSE,COMPLETE,TRUE
Comal Springs,1969,1969-09-01,30,256.4,30,100,TRUE,COMPLETE,TRUE,FALSE,COMPLETE,TRUE
Comal Springs,1969,1969-10-01,31,267.2903225806452,31,100,TRUE,COMPLETE,TRUE,FALSE,COMPLETE,TRUE
Comal Springs,1969,1969-11-01,30,285.93333333333334,30,100,TRUE,COMPLETE,TRUE,FALSE,COMPLETE,TRUE
Comal Springs,1969,1969-12-01,31,302.38709677419354,31,100,TRUE,COMPLETE,TRUE,FALSE,COMPLETE,TRUE
Comal Springs,1970,1970-01-01,31,305.93548387096774,31,100,TRUE,COMPLETE,TRUE,FALSE,COMPLETE,TRUE
Comal Springs,1970,1970-02-01,28,313.5357142857143,28,100,TRUE,COMPLETE,TRUE,FALSE,COMPLETE,TRUE
Comal Springs,1970,1970-03-01,31,337.38709677419354,31,100,TRUE,COMPLETE,TRUE,FALSE,COMPLETE,TRUE
Comal Springs,1970,1970-04-01,30,335.9,30,100,TRUE,COMPLETE,TRUE,FALSE,COMPLETE,TRUE
Comal Springs,1970,1970-05-01,31,333.7096774193548,31,100,TRUE,COMPLETE,TRUE,FALSE,COMPLETE,TRUE
Comal Springs,1970,1970-06-01,30,348.3666666666667,30,100,TRUE,COMPLETE,TRUE,FALSE,COMPLETE,TRUE
Comal Springs,1970,1970-07-01,31,299.8709677419355,31,100,TRUE,COMPLETE,TRUE,FALSE,COMPLETE,TRUE
Comal Springs,1970,1970-08-01,31,274.5806451612903,31,100,TRUE,COMPLETE,TRUE,FALSE,COMPLETE,TRUE
Comal Springs,1970,1970-09-01,30,262.6666666666667,30,100,TRUE,COMPLETE,TRUE,FALSE,COMPLETE,TRUE
Comal Springs,1970,1970-10-01,31,286.19354838709677,31,100,TRUE,COMPLETE,TRUE,FALSE,COMPLETE,TRUE
Comal Springs,1970,1970-11-01,30,289.3333333333333,30,100,TRUE,COMPLETE,TRUE,FALSE,COMPLETE,TRUE
Comal Springs,1970,1970-12-01,31,286.38709677419354,31,100,TRUE,COMPLETE,TRUE,FALSE,COMPLETE,TRUE
Comal Springs,1971,1971-01-01,31,276.83870967741933,31,100,TRUE,COMPLETE,TRUE,FALSE,COMPLETE,TRUE
Comal Springs,1971,1971-02-01,28,249.5,28,100,TRUE,COMPLETE,TRUE,FALSE,COMPLETE,TRUE
Comal Springs,1971,1971-03-01,31,225.32258064516128,31,100,TRUE,COMPLETE,TRUE,FALSE,COMPLETE,TRUE
Comal Springs,1971,1971-04-01,30,190.7,30,100,TRUE,COMPLETE,TRUE,FALSE,COMPLETE,TRUE
Comal Springs,1971,1971-05-01,31,163.96774193548387,31,100,TRUE,COMPLETE,TRUE,FALSE,COMPLETE,TRUE
Comal Springs,1971,1971-06-01,30,116.43333333333334,30,100,TRUE,COMPLETE,TRUE,FALSE,COMPLETE,TRUE
Comal Springs,1971,1971-07-01,31,118.54838709677419,31,100,TRUE,COMPLETE,TRUE,FALSE,COMPLETE,TRUE
Comal Springs,1971,1971-08-01,31,191.6451612903226,31,100,TRUE,COMPLETE,TRUE,FALSE,COMPLETE,TRUE
Comal Springs,1971,1971-09-01,30,229.03333333333333,30,100,TRUE,COMPLETE,TRUE,FALSE,COMPLETE,TRUE
Comal Springs,1971,1971-10-01,31,259.6774193548387,31,100,TRUE,COMPLETE,TRUE,FALSE,COMPLETE,TRUE
Comal Springs,1971,1971-11-01,30,292.43333333333334,30,100,TRUE,COMPLETE,TRUE,FALSE,COMPLETE,TRUE
Comal Springs,1971,1971-12-01,31,316.3225806451613,31,100,TRUE,COMPLETE,TRUE,FALSE,COMPLETE,TRUE
Comal Springs,1972,1972-01-01,31,321.83870967741933,31,100,TRUE,COMPLETE,TRUE,FALSE,COMPLETE,TRUE
Comal Springs,1972,1972-02-01,29,317.7241379310345,29,100,TRUE,COMPLETE,TRUE,FALSE,COMPLETE,TRUE
Comal Springs,1972,1972-03-01,31,300.4516129032258,31,100,TRUE,COMPLETE,TRUE,FALSE,COMPLETE,TRUE
Comal Springs,1972,1972-04-01,30,259.53333333333336,30,100,TRUE,COMPLETE,TRUE,FALSE,COMPLETE,TRUE
Comal Springs,1972,1972-05-01,31,324.93548387096774,31,100,TRUE,COMPLETE,TRUE,FALSE,COMPLETE,TRUE
Comal Springs,1972,1972-06-01,30,333.8666666666667,30,100,TRUE,COMPLETE,TRUE,FALSE,COMPLETE,TRUE
Comal Springs,1972,1972-07-01,31,310.03225806451616,31,100,TRUE,COMPLETE,TRUE,FALSE,COMPLETE,TRUE
Comal Springs,1972,1972-08-01,31,305.03225806451616,31,100,TRUE,COMPLETE,TRUE,FALSE,COMPLETE,TRUE
Comal Springs,1972,1972-09-01,30,297.1666666666667,30,100,TRUE,COMPLETE,TRUE,FALSE,COMPLETE,TRUE
Comal Springs,1972,1972-10-01,31,302.258064516129,31,100,TRUE,COMPLETE,TRUE,FALSE,COMPLETE,TRUE
Comal Springs,1972,1972-11-01,30,318.53333333333336,30,100,TRUE,COMPLETE,TRUE,FALSE,COMPLETE,TRUE
Comal Springs,1972,1972-12-01,31,322.4516129032258,31,100,TRUE,COMPLETE,TRUE,FALSE,COMPLETE,TRUE
Comal Springs,1973,1973-01-01,31,324.7096774193548,31,100,TRUE,COMPLETE,TRUE,FALSE,COMPLETE,TRUE
Comal Springs,1973,1973-02-01,28,324.5357142857143,28,100,TRUE,COMPLETE,TRUE,FALSE,COMPLETE,TRUE
Comal Springs,1973,1973-03-01,31,338.4516129032258,31,100,TRUE,COMPLETE,TRUE,FALSE,COMPLETE,TRUE
Comal Springs,1973,1973-04-01,30,351.73333333333335,30,100,TRUE,COMPLETE,TRUE,FALSE,COMPLETE,TRUE
Comal Springs,1973,1973-05-01,31,365.93548387096774,31,100,TRUE,COMPLETE,TRUE,FALSE,COMPLETE,TRUE
Comal Springs,1973,1973-06-01,30,354.8666666666667,30,100,TRUE,COMPLETE,TRUE,FALSE,COMPLETE,TRUE
Comal Springs,1973,1973-07-01,31,410.61290322580646,31,100,TRUE,COMPLETE,TRUE,FALSE,COMPLETE,TRUE
Comal Springs,1973,1973-08-01,31,392.48387096774195,31,100,TRUE,COMPLETE,TRUE,FALSE,COMPLETE,TRUE
Comal Springs,1973,1973-09-01,30,393.43333333333334,30,100,TRUE,COMPLETE,TRUE,FALSE,COMPLETE,TRUE
Comal Springs,1973,1973-10-01,31,464.96774193548384,31,100,TRUE,COMPLETE,TRUE,FALSE,COMPLETE,TRUE
Comal Springs,1973,1973-11-01,30,449.7,30,100,TRUE,COMPLETE,TRUE,FALSE,COMPLETE,TRUE
Comal Springs,1973,1973-12-01,31,437.0967741935484,31,100,TRUE,COMPLETE,TRUE,FALSE,COMPLETE,TRUE
Comal Springs,1974,1974-01-01,31,430.35483870967744,31,100,TRUE,COMPLETE,TRUE,FALSE,COMPLETE,TRUE
Comal Springs,1974,1974-02-01,28,425.64285714285717,28,100,TRUE,COMPLETE,TRUE,FALSE,COMPLETE,TRUE
Comal Springs,1974,1974-03-01,31,402.2903225806452,31,100,TRUE,COMPLETE,TRUE,FALSE,COMPLETE,TRUE
Comal Springs,1974,1974-04-01,30,379.23333333333335,30,100,TRUE,COMPLETE,TRUE,FALSE,COMPLETE,TRUE
Comal Springs,1974,1974-05-01,31,380.19354838709677,31,100,TRUE,COMPLETE,TRUE,FALSE,COMPLETE,TRUE
Comal Springs,1974,1974-06-01,30,360.06666666666666,30,100,TRUE,COMPLETE,TRUE,FALSE,COMPLETE,TRUE
Comal Springs,1974,1974-07-01,31,328.258064516129,31,100,TRUE,COMPLETE,TRUE,FALSE,COMPLETE,TRUE
Comal Springs,1974,1974-08-01,31,322.5806451612903,31,100,TRUE,COMPLETE,TRUE,FALSE,COMPLETE,TRUE
Comal Springs,1974,1974-09-01,30,361.8666666666667,30,100,TRUE,COMPLETE,TRUE,FALSE,COMPLETE,TRUE
Comal Springs,1974,1974-10-01,31,373.4516129032258,31,100,TRUE,COMPLETE,TRUE,FALSE,COMPLETE,TRUE
Comal Springs,1974,1974-11-01,30,392.8666666666667,30,100,TRUE,COMPLETE,TRUE,FALSE,COMPLETE,TRUE
Comal Springs,1974,1974-12-01,31,408.4193548387097,31,100,TRUE,COMPLETE,TRUE,FALSE,COMPLETE,TRUE
Comal Springs,1975,1975-01-01,31,398.96774193548384,31,100,TRUE,COMPLETE,TRUE,FALSE,COMPLETE,TRUE
Comal Springs,1975,1975-02-01,28,419.17857142857144,28,100,TRUE,COMPLETE,TRUE,FALSE,COMPLETE,TRUE
Comal Springs,1975,1975-03-01,31,411.4516129032258,31,100,TRUE,COMPLETE,TRUE,FALSE,COMPLETE,TRUE
Comal Springs,1975,1975-04-01,30,403.3,30,100,TRUE,COMPLETE,TRUE,FALSE,COMPLETE,TRUE
Comal Springs,1975,1975-05-01,31,425.1290322580645,31,100,TRUE,COMPLETE,TRUE,FALSE,COMPLETE,TRUE
Comal Springs,1975,1975-06-01,30,436.26666666666665,30,100,TRUE,COMPLETE,TRUE,FALSE,COMPLETE,TRUE
Comal Springs,1975,1975-07-01,31,406,31,100,TRUE,COMPLETE,TRUE,FALSE,COMPLETE,TRUE
Comal Springs,1975,1975-08-01,31,376.06451612903226,31,100,TRUE,COMPLETE,TRUE,FALSE,COMPLETE,TRUE
Comal Springs,1975,1975-09-01,30,366.6333333333333,30,100,TRUE,COMPLETE,TRUE,FALSE,COMPLETE,TRUE
Comal Springs,1975,1975-10-01,31,363.9032258064516,31,100,TRUE,COMPLETE,TRUE,FALSE,COMPLETE,TRUE
Comal Springs,1975,1975-11-01,30,361.1666666666667,30,100,TRUE,COMPLETE,TRUE,FALSE,COMPLETE,TRUE
Comal Springs,1975,1975-12-01,31,360.38709677419354,31,100,TRUE,COMPLETE,TRUE,FALSE,COMPLETE,TRUE
Comal Springs,1976,1976-01-01,31,349.2903225806452,31,100,TRUE,COMPLETE,TRUE,FALSE,COMPLETE,TRUE
Comal Springs,1976,1976-02-01,29,333.2758620689655,29,100,TRUE,COMPLETE,TRUE,FALSE,COMPLETE,TRUE
Comal Springs,1976,1976-03-01,31,318.03225806451616,31,100,TRUE,COMPLETE,TRUE,FALSE,COMPLETE,TRUE
Comal Springs,1976,1976-04-01,30,329.26666666666665,30,100,TRUE,COMPLETE,TRUE,FALSE,COMPLETE,TRUE
Comal Springs,1976,1976-05-01,31,401.2903225806452,31,100,TRUE,COMPLETE,TRUE,FALSE,COMPLETE,TRUE
Comal Springs,1976,1976-06-01,30,398.96666666666664,30,100,TRUE,COMPLETE,TRUE,FALSE,COMPLETE,TRUE
Comal Springs,1976,1976-07-01,31,379,31,100,TRUE,COMPLETE,TRUE,FALSE,COMPLETE,TRUE
Comal Springs,1976,1976-08-01,31,349.96774193548384,31,100,TRUE,COMPLETE,TRUE,FALSE,COMPLETE,TRUE
Comal Springs,1976,1976-09-01,30,349.23333333333335,30,100,TRUE,COMPLETE,TRUE,FALSE,COMPLETE,TRUE
Comal Springs,1976,1976-10-01,31,379.0967741935484,31,100,TRUE,COMPLETE,TRUE,FALSE,COMPLETE,TRUE
Comal Springs,1976,1976-11-01,30,403.6666666666667,30,100,TRUE,COMPLETE,TRUE,FALSE,COMPLETE,TRUE
Comal Springs,1976,1976-12-01,31,416.5483870967742,31,100,TRUE,COMPLETE,TRUE,FALSE,COMPLETE,TRUE
Comal Springs,1977,1977-01-01,31,423.258064516129,31,100,TRUE,COMPLETE,TRUE,FALSE,COMPLETE,TRUE
Comal Springs,1977,1977-02-01,28,434.14285714285717,28,100,TRUE,COMPLETE,TRUE,FALSE,COMPLETE,TRUE
Comal Springs,1977,1977-03-01,31,407.7741935483871,31,100,TRUE,COMPLETE,TRUE,FALSE,COMPLETE,TRUE
Comal Springs,1977,1977-04-01,30,440.3,30,100,TRUE,COMPLETE,TRUE,FALSE,COMPLETE,TRUE
Comal Springs,1977,1977-05-01,31,438.06451612903226,31,100,TRUE,COMPLETE,TRUE,FALSE,COMPLETE,TRUE
Comal Springs,1977,1977-06-01,30,407.8,30,100,TRUE,COMPLETE,TRUE,FALSE,COMPLETE,TRUE
Comal Springs,1977,1977-07-01,31,377.35483870967744,31,100,TRUE,COMPLETE,TRUE,FALSE,COMPLETE,TRUE
Comal Springs,1977,1977-08-01,31,342.4193548387097,31,100,TRUE,COMPLETE,TRUE,FALSE,COMPLETE,TRUE
Comal Springs,1977,1977-09-01,30,338.3666666666667,30,100,TRUE,COMPLETE,TRUE,FALSE,COMPLETE,TRUE
Comal Springs,1977,1977-10-01,31,333.64516129032256,31,100,TRUE,COMPLETE,TRUE,FALSE,COMPLETE,TRUE
Comal Springs,1977,1977-11-01,30,359.6666666666667,30,100,TRUE,COMPLETE,TRUE,FALSE,COMPLETE,TRUE
Comal Springs,1977,1977-12-01,31,365.16129032258067,31,100,TRUE,COMPLETE,TRUE,FALSE,COMPLETE,TRUE
Comal Springs,1978,1978-01-01,31,354.0967741935484,31,100,TRUE,COMPLETE,TRUE,FALSE,COMPLETE,TRUE
Comal Springs,1978,1978-02-01,28,347.5,28,100,TRUE,COMPLETE,TRUE,FALSE,COMPLETE,TRUE
Comal Springs,1978,1978-03-01,31,332.16129032258067,31,100,TRUE,COMPLETE,TRUE,FALSE,COMPLETE,TRUE
Comal Springs,1978,1978-04-01,30,318.1333333333333,30,100,TRUE,COMPLETE,TRUE,FALSE,COMPLETE,TRUE
Comal Springs,1978,1978-05-01,31,295.83870967741933,31,100,TRUE,COMPLETE,TRUE,FALSE,COMPLETE,TRUE
Comal Springs,1978,1978-06-01,30,288.76666666666665,30,100,TRUE,COMPLETE,TRUE,FALSE,COMPLETE,TRUE
Comal Springs,1978,1978-07-01,31,241.16129032258064,31,100,TRUE,COMPLETE,TRUE,FALSE,COMPLETE,TRUE
Comal Springs,1978,1978-08-01,31,299.19354838709677,31,100,TRUE,COMPLETE,TRUE,FALSE,COMPLETE,TRUE
Comal Springs,1978,1978-09-01,30,302.8,30,100,TRUE,COMPLETE,TRUE,FALSE,COMPLETE,TRUE
Comal Springs,1978,1978-10-01,31,340.6774193548387,31,100,TRUE,COMPLETE,TRUE,FALSE,COMPLETE,TRUE
Comal Springs,1978,1978-11-01,30,352.3333333333333,30,100,TRUE,COMPLETE,TRUE,FALSE,COMPLETE,TRUE
Comal Springs,1978,1978-12-01,31,375.06451612903226,31,100,TRUE,COMPLETE,TRUE,FALSE,COMPLETE,TRUE
Comal Springs,1979,1979-01-01,31,406.3225806451613,31,100,TRUE,COMPLETE,TRUE,FALSE,COMPLETE,TRUE
Comal Springs,1979,1979-02-01,28,413.92857142857144,28,100,TRUE,COMPLETE,TRUE,FALSE,COMPLETE,TRUE
Comal Springs,1979,1979-03-01,31,383.51612903225805,31,100,TRUE,COMPLETE,TRUE,FALSE,COMPLETE,TRUE
Comal Springs,1979,1979-04-01,30,390.26666666666665,30,100,TRUE,COMPLETE,TRUE,FALSE,COMPLETE,TRUE
Comal Springs,1979,1979-05-01,31,397.741935483871,31,100,TRUE,COMPLETE,TRUE,FALSE,COMPLETE,TRUE
Comal Springs,1979,1979-06-01,30,433.23333333333335,30,100,TRUE,COMPLETE,TRUE,FALSE,COMPLETE,TRUE
Comal Springs,1979,1979-07-01,31,418.93548387096774,31,100,TRUE,COMPLETE,TRUE,FALSE,COMPLETE,TRUE
Comal Springs,1979,1979-08-01,31,423.258064516129,31,100,TRUE,COMPLETE,TRUE,FALSE,COMPLETE,TRUE
Comal Springs,1979,1979-09-01,30,403.6,30,100,TRUE,COMPLETE,TRUE,FALSE,COMPLETE,TRUE
Comal Springs,1979,1979-10-01,31,368.4193548387097,31,100,TRUE,COMPLETE,TRUE,FALSE,COMPLETE,TRUE
Comal Springs,1979,1979-11-01,30,345.5,30,100,TRUE,COMPLETE,TRUE,FALSE,COMPLETE,TRUE
Comal Springs,1979,1979-12-01,31,352.3225806451613,31,100,TRUE,COMPLETE,TRUE,FALSE,COMPLETE,TRUE
Comal Springs,1980,1980-01-01,31,363.06451612903226,31,100,TRUE,COMPLETE,TRUE,FALSE,COMPLETE,TRUE
Comal Springs,1980,1980-02-01,29,348.7931034482759,29,100,TRUE,COMPLETE,TRUE,FALSE,COMPLETE,TRUE
Comal Springs,1980,1980-03-01,31,324.1290322580645,31,100,TRUE,COMPLETE,TRUE,FALSE,COMPLETE,TRUE
Comal Springs,1980,1980-04-01,30,301.8666666666667,30,100,TRUE,COMPLETE,TRUE,FALSE,COMPLETE,TRUE
Comal Springs,1980,1980-05-01,31,305.8709677419355,31,100,TRUE,COMPLETE,TRUE,FALSE,COMPLETE,TRUE
Comal Springs,1980,1980-06-01,30,277.1666666666667,30,100,TRUE,COMPLETE,TRUE,FALSE,COMPLETE,TRUE
Comal Springs,1980,1980-07-01,31,199.48387096774192,31,100,TRUE,COMPLETE,TRUE,FALSE,COMPLETE,TRUE
Comal Springs,1980,1980-08-01,31,206.38709677419354,31,100,TRUE,COMPLETE,TRUE,FALSE,COMPLETE,TRUE
Comal Springs,1980,1980-09-01,30,235.4,30,100,TRUE,COMPLETE,TRUE,FALSE,COMPLETE,TRUE
Comal Springs,1980,1980-10-01,31,259.83870967741933,31,100,TRUE,COMPLETE,TRUE,FALSE,COMPLETE,TRUE
Comal Springs,1980,1980-11-01,30,274.76666666666665,30,100,TRUE,COMPLETE,TRUE,FALSE,COMPLETE,TRUE
Comal Springs,1980,1980-12-01,31,293.51612903225805,31,100,TRUE,COMPLETE,TRUE,FALSE,COMPLETE,TRUE
Comal Springs,1981,1981-01-01,31,298.258064516129,31,100,TRUE,COMPLETE,TRUE,FALSE,COMPLETE,TRUE
Comal Springs,1981,1981-02-01,28,296.64285714285717,28,100,TRUE,COMPLETE,TRUE,FALSE,COMPLETE,TRUE
Comal Springs,1981,1981-03-01,31,293.4193548387097,31,100,TRUE,COMPLETE,TRUE,FALSE,COMPLETE,TRUE
Comal Springs,1981,1981-04-01,30,282.3666666666667,30,100,TRUE,COMPLETE,TRUE,FALSE,COMPLETE,TRUE
Comal Springs,1981,1981-05-01,31,288.80645161290323,31,100,TRUE,COMPLETE,TRUE,FALSE,COMPLETE,TRUE
Comal Springs,1981,1981-06-01,30,347.73333333333335,30,100,TRUE,COMPLETE,TRUE,FALSE,COMPLETE,TRUE
Comal Springs,1981,1981-07-01,31,336.3225806451613,31,100,TRUE,COMPLETE,TRUE,FALSE,COMPLETE,TRUE
Comal Springs,1981,1981-08-01,31,309.0967741935484,31,100,TRUE,COMPLETE,TRUE,FALSE,COMPLETE,TRUE
Comal Springs,1981,1981-09-01,30,314.6666666666667,30,100,TRUE,COMPLETE,TRUE,FALSE,COMPLETE,TRUE
Comal Springs,1981,1981-10-01,31,310.1290322580645,31,100,TRUE,COMPLETE,TRUE,FALSE,COMPLETE,TRUE
Comal Springs,1981,1981-11-01,30,334.1333333333333,30,100,TRUE,COMPLETE,TRUE,FALSE,COMPLETE,TRUE
Comal Springs,1981,1981-12-01,31,336.03225806451616,31,100,TRUE,COMPLETE,TRUE,FALSE,COMPLETE,TRUE
Comal Springs,1982,1982-01-01,31,327.3225806451613,31,100,TRUE,COMPLETE,TRUE,FALSE,COMPLETE,TRUE
Comal Springs,1982,1982-02-01,28,312.9642857142857,28,100,TRUE,COMPLETE,TRUE,FALSE,COMPLETE,TRUE
Comal Springs,1982,1982-03-01,31,297.35483870967744,31,100,TRUE,COMPLETE,TRUE,FALSE,COMPLETE,TRUE
Comal Springs,1982,1982-04-01,30,290.6666666666667,30,100,TRUE,COMPLETE,TRUE,FALSE,COMPLETE,TRUE
Comal Springs,1982,1982-05-01,31,316.5483870967742,31,100,TRUE,COMPLETE,TRUE,FALSE,COMPLETE,TRUE
Comal Springs,1982,1982-06-01,30,299.06666666666666,30,100,TRUE,COMPLETE,TRUE,FALSE,COMPLETE,TRUE
Comal Springs,1982,1982-07-01,31,257.7741935483871,31,100,TRUE,COMPLETE,TRUE,FALSE,COMPLETE,TRUE
Comal Springs,1982,1982-08-01,31,224.1290322580645,31,100,TRUE,COMPLETE,TRUE,FALSE,COMPLETE,TRUE
Comal Springs,1982,1982-09-01,30,212.4,30,100,TRUE,COMPLETE,TRUE,FALSE,COMPLETE,TRUE
Comal Springs,1982,1982-10-01,31,226.61290322580646,31,100,TRUE,COMPLETE,TRUE,FALSE,COMPLETE,TRUE
Comal Springs,1982,1982-11-01,30,241.93333333333334,30,100,TRUE,COMPLETE,TRUE,FALSE,COMPLETE,TRUE
Comal Springs,1982,1982-12-01,31,264.4516129032258,31,100,TRUE,COMPLETE,TRUE,FALSE,COMPLETE,TRUE
Comal Springs,1983,1983-01-01,31,276.83870967741933,31,100,TRUE,COMPLETE,TRUE,FALSE,COMPLETE,TRUE
Comal Springs,1983,1983-02-01,28,266.7857142857143,28,100,TRUE,COMPLETE,TRUE,FALSE,COMPLETE,TRUE
Comal Springs,1983,1983-03-01,31,259.80645161290323,31,100,TRUE,COMPLETE,TRUE,FALSE,COMPLETE,TRUE
Comal Springs,1983,1983-04-01,30,259.5,30,100,TRUE,COMPLETE,TRUE,FALSE,COMPLETE,TRUE
Comal Springs,1983,1983-05-01,31,235.58064516129033,31,100,TRUE,COMPLETE,TRUE,FALSE,COMPLETE,TRUE
Comal Springs,1983,1983-06-01,30,244.3,30,100,TRUE,COMPLETE,TRUE,FALSE,COMPLETE,TRUE
Comal Springs,1983,1983-07-01,31,219.5483870967742,31,100,TRUE,COMPLETE,TRUE,FALSE,COMPLETE,TRUE
Comal Springs,1983,1983-08-01,31,207.58064516129033,31,100,TRUE,COMPLETE,TRUE,FALSE,COMPLETE,TRUE
Comal Springs,1983,1983-09-01,30,189.53333333333333,30,100,TRUE,COMPLETE,TRUE,FALSE,COMPLETE,TRUE
Comal Springs,1983,1983-10-01,31,205.74193548387098,31,100,TRUE,COMPLETE,TRUE,FALSE,COMPLETE,TRUE
Comal Springs,1983,1983-11-01,30,220,30,100,TRUE,COMPLETE,TRUE,FALSE,COMPLETE,TRUE
Comal Springs,1983,1983-12-01,31,224.6451612903226,31,100,TRUE,COMPLETE,TRUE,FALSE,COMPLETE,TRUE
Comal Springs,1984,1984-01-01,31,223.6451612903226,31,100,TRUE,COMPLETE,TRUE,FALSE,COMPLETE,TRUE
Comal Springs,1984,1984-02-01,29,217.10344827586206,29,100,TRUE,COMPLETE,TRUE,FALSE,COMPLETE,TRUE
Comal Springs,1984,1984-03-01,31,199.7741935483871,31,100,TRUE,COMPLETE,TRUE,FALSE,COMPLETE,TRUE
Comal Springs,1984,1984-04-01,30,143.43333333333334,30,100,TRUE,COMPLETE,TRUE,FALSE,COMPLETE,TRUE
Comal Springs,1984,1984-05-01,31,97.41935483870968,31,100,TRUE,COMPLETE,TRUE,FALSE,COMPLETE,TRUE
Comal Springs,1984,1984-06-01,30,76.63333333333334,30,100,TRUE,COMPLETE,TRUE,FALSE,COMPLETE,TRUE
Comal Springs,1984,1984-07-01,31,32.774193548387096,31,100,TRUE,COMPLETE,TRUE,FALSE,COMPLETE,TRUE
Comal Springs,1984,1984-08-01,31,34.935483870967744,31,100,TRUE,COMPLETE,TRUE,FALSE,COMPLETE,TRUE
Comal Springs,1984,1984-09-01,30,40.53333333333333,30,100,TRUE,COMPLETE,TRUE,FALSE,COMPLETE,TRUE
Comal Springs,1984,1984-10-01,31,105.29032258064517,31,100,TRUE,COMPLETE,TRUE,FALSE,COMPLETE,TRUE
Comal Springs,1984,1984-11-01,30,150.13333333333333,30,100,TRUE,COMPLETE,TRUE,FALSE,COMPLETE,TRUE
Comal Springs,1984,1984-12-01,31,165.61290322580646,31,100,TRUE,COMPLETE,TRUE,FALSE,COMPLETE,TRUE
Comal Springs,1985,1985-01-01,31,206.32258064516128,31,100,TRUE,COMPLETE,TRUE,FALSE,COMPLETE,TRUE
Comal Springs,1985,1985-02-01,28,222.46428571428572,28,100,TRUE,COMPLETE,TRUE,FALSE,COMPLETE,TRUE
Comal Springs,1985,1985-03-01,31,242.7741935483871,31,100,TRUE,COMPLETE,TRUE,FALSE,COMPLETE,TRUE
Comal Springs,1985,1985-04-01,30,258.1333333333333,30,100,TRUE,COMPLETE,TRUE,FALSE,COMPLETE,TRUE
Comal Springs,1985,1985-05-01,31,238.6451612903226,31,100,TRUE,COMPLETE,TRUE,FALSE,COMPLETE,TRUE
Comal Springs,1985,1985-06-01,30,240.3,30,100,TRUE,COMPLETE,TRUE,FALSE,COMPLETE,TRUE
Comal Springs,1985,1985-07-01,31,268.6774193548387,31,100,TRUE,COMPLETE,TRUE,FALSE,COMPLETE,TRUE
Comal Springs,1985,1985-08-01,31,223.06451612903226,31,100,TRUE,COMPLETE,TRUE,FALSE,COMPLETE,TRUE
Comal Springs,1985,1985-09-01,30,214.93333333333334,30,100,TRUE,COMPLETE,TRUE,FALSE,COMPLETE,TRUE
Comal Springs,1985,1985-10-01,31,259.5806451612903,31,100,TRUE,COMPLETE,TRUE,FALSE,COMPLETE,TRUE
Comal Springs,1985,1985-11-01,30,296.43333333333334,30,100,TRUE,COMPLETE,TRUE,FALSE,COMPLETE,TRUE
Comal Springs,1985,1985-12-01,31,326.03225806451616,31,100,TRUE,COMPLETE,TRUE,FALSE,COMPLETE,TRUE
Comal Springs,1986,1986-01-01,31,322.06451612903226,31,100,TRUE,COMPLETE,TRUE,FALSE,COMPLETE,TRUE
Comal Springs,1986,1986-02-01,28,316.2142857142857,28,100,TRUE,COMPLETE,TRUE,FALSE,COMPLETE,TRUE
Comal Springs,1986,1986-03-01,31,295.48387096774195,31,100,TRUE,COMPLETE,TRUE,FALSE,COMPLETE,TRUE
Comal Springs,1986,1986-04-01,30,264.53333333333336,30,100,TRUE,COMPLETE,TRUE,FALSE,COMPLETE,TRUE
Comal Springs,1986,1986-05-01,31,243.3548387096774,31,100,TRUE,COMPLETE,TRUE,FALSE,COMPLETE,TRUE
Comal Springs,1986,1986-06-01,30,310.23333333333335,30,100,TRUE,COMPLETE,TRUE,FALSE,COMPLETE,TRUE
Comal Springs,1986,1986-07-01,31,292.80645161290323,31,100,TRUE,COMPLETE,TRUE,FALSE,COMPLETE,TRUE
Comal Springs,1986,1986-08-01,31,237.67741935483872,31,100,TRUE,COMPLETE,TRUE,FALSE,COMPLETE,TRUE
Comal Springs,1986,1986-09-01,30,256.1,30,100,TRUE,COMPLETE,TRUE,FALSE,COMPLETE,TRUE
Comal Springs,1986,1986-10-01,31,274.1290322580645,31,100,TRUE,COMPLETE,TRUE,FALSE,COMPLETE,TRUE
Comal Springs,1986,1986-11-01,30,307.2,30,100,TRUE,COMPLETE,TRUE,FALSE,COMPLETE,TRUE
Comal Springs,1986,1986-12-01,31,330.3225806451613,31,100,TRUE,COMPLETE,TRUE,FALSE,COMPLETE,TRUE
Comal Springs,1987,1987-01-01,31,354.8709677419355,31,100,TRUE,COMPLETE,TRUE,FALSE,COMPLETE,TRUE
Comal Springs,1987,1987-02-01,28,349.64285714285717,28,100,TRUE,COMPLETE,TRUE,FALSE,COMPLETE,TRUE
Comal Springs,1987,1987-03-01,31,368.35483870967744,31,100,TRUE,COMPLETE,TRUE,FALSE,COMPLETE,TRUE
Comal Springs,1987,1987-04-01,30,344.9,30,100,TRUE,COMPLETE,TRUE,FALSE,COMPLETE,TRUE
Comal Springs,1987,1987-05-01,31,329.8709677419355,31,100,TRUE,COMPLETE,TRUE,FALSE,COMPLETE,TRUE
Comal Springs,1987,1987-06-01,30,399.3333333333333,30,100,TRUE,COMPLETE,TRUE,FALSE,COMPLETE,TRUE
Comal Springs,1987,1987-07-01,31,383.35483870967744,31,100,TRUE,COMPLETE,TRUE,FALSE,COMPLETE,TRUE
Comal Springs,1987,1987-08-01,31,357.03225806451616,31,100,TRUE,COMPLETE,TRUE,FALSE,COMPLETE,TRUE
Comal Springs,1987,1987-09-01,30,351.26666666666665,30,100,TRUE,COMPLETE,TRUE,FALSE,COMPLETE,TRUE
Comal Springs,1987,1987-10-01,31,354.5483870967742,31,100,TRUE,COMPLETE,TRUE,FALSE,COMPLETE,TRUE
Comal Springs,1987,1987-11-01,30,361.96666666666664,30,100,TRUE,COMPLETE,TRUE,FALSE,COMPLETE,TRUE
Comal Springs,1987,1987-12-01,31,370,31,100,TRUE,COMPLETE,TRUE,FALSE,COMPLETE,TRUE
Comal Springs,1988,1988-01-01,31,364.16129032258067,31,100,TRUE,COMPLETE,TRUE,FALSE,COMPLETE,TRUE
Comal Springs,1988,1988-02-01,29,349.51724137931035,29,100,TRUE,COMPLETE,TRUE,FALSE,COMPLETE,TRUE
Comal Springs,1988,1988-03-01,31,335.7741935483871,31,100,TRUE,COMPLETE,TRUE,FALSE,COMPLETE,TRUE
Comal Springs,1988,1988-04-01,30,321.6666666666667,30,100,TRUE,COMPLETE,TRUE,FALSE,COMPLETE,TRUE
Comal Springs,1988,1988-05-01,31,289.4193548387097,31,100,TRUE,COMPLETE,TRUE,FALSE,COMPLETE,TRUE
Comal Springs,1988,1988-06-01,30,252.8,30,100,TRUE,COMPLETE,TRUE,FALSE,COMPLETE,TRUE
Comal Springs,1988,1988-07-01,31,235.96774193548387,31,100,TRUE,COMPLETE,TRUE,FALSE,COMPLETE,TRUE
Comal Springs,1988,1988-08-01,31,237.74193548387098,31,100,TRUE,COMPLETE,TRUE,FALSE,COMPLETE,TRUE
Comal Springs,1988,1988-09-01,30,219.36666666666667,30,100,TRUE,COMPLETE,TRUE,FALSE,COMPLETE,TRUE
Comal Springs,1988,1988-10-01,31,228.19354838709677,31,100,TRUE,COMPLETE,TRUE,FALSE,COMPLETE,TRUE
Comal Springs,1988,1988-11-01,30,233.53333333333333,30,100,TRUE,COMPLETE,TRUE,FALSE,COMPLETE,TRUE
Comal Springs,1988,1988-12-01,31,240.93548387096774,31,100,TRUE,COMPLETE,TRUE,FALSE,COMPLETE,TRUE
Comal Springs,1989,1989-01-01,31,247.51612903225808,31,100,TRUE,COMPLETE,TRUE,FALSE,COMPLETE,TRUE
Comal Springs,1989,1989-02-01,28,255.67857142857142,28,100,TRUE,COMPLETE,TRUE,FALSE,COMPLETE,TRUE
Comal Springs,1989,1989-03-01,31,247.2258064516129,31,100,TRUE,COMPLETE,TRUE,FALSE,COMPLETE,TRUE
Comal Springs,1989,1989-04-01,30,234.93333333333334,30,100,TRUE,COMPLETE,TRUE,FALSE,COMPLETE,TRUE
Comal Springs,1989,1989-05-01,31,191.5483870967742,31,100,TRUE,COMPLETE,TRUE,FALSE,COMPLETE,TRUE
Comal Springs,1989,1989-06-01,30,116.43333333333334,30,100,TRUE,COMPLETE,TRUE,FALSE,COMPLETE,TRUE
Comal Springs,1989,1989-07-01,31,89.09677419354838,31,100,TRUE,COMPLETE,TRUE,FALSE,COMPLETE,TRUE
Comal Springs,1989,1989-08-01,31,75.38709677419355,31,100,TRUE,COMPLETE,TRUE,FALSE,COMPLETE,TRUE
Comal Springs,1989,1989-09-01,30,78.26666666666667,30,100,TRUE,COMPLETE,TRUE,FALSE,COMPLETE,TRUE
Comal Springs,1989,1989-10-01,31,97.64516129032258,31,100,TRUE,COMPLETE,TRUE,FALSE,COMPLETE,TRUE
Comal Springs,1989,1989-11-01,30,143.43333333333334,30,100,TRUE,COMPLETE,TRUE,FALSE,COMPLETE,TRUE
Comal Springs,1989,1989-12-01,31,165.8709677419355,31,100,TRUE,COMPLETE,TRUE,FALSE,COMPLETE,TRUE
Comal Springs,1990,1990-01-01,31,174.16129032258064,31,100,TRUE,COMPLETE,TRUE,FALSE,COMPLETE,TRUE
Comal Springs,1990,1990-02-01,28,172.35714285714286,28,100,TRUE,COMPLETE,TRUE,FALSE,COMPLETE,TRUE
Comal Springs,1990,1990-03-01,31,195.5483870967742,31,100,TRUE,COMPLETE,TRUE,FALSE,COMPLETE,TRUE
Comal Springs,1990,1990-04-01,30,213.36666666666667,30,100,TRUE,COMPLETE,TRUE,FALSE,COMPLETE,TRUE
Comal Springs,1990,1990-05-01,31,218.41935483870967,31,100,TRUE,COMPLETE,TRUE,FALSE,COMPLETE,TRUE
Comal Springs,1990,1990-06-01,30,103.6,30,100,TRUE,COMPLETE,TRUE,FALSE,COMPLETE,TRUE
Comal Springs,1990,1990-07-01,31,108.19354838709677,31,100,TRUE,COMPLETE,TRUE,FALSE,COMPLETE,TRUE
Comal Springs,1990,1990-08-01,31,162.7741935483871,31,100,TRUE,COMPLETE,TRUE,FALSE,COMPLETE,TRUE
Comal Springs,1990,1990-09-01,30,167.9,30,100,TRUE,COMPLETE,TRUE,FALSE,COMPLETE,TRUE
Comal Springs,1990,1990-10-01,31,181.1290322580645,31,100,TRUE,COMPLETE,TRUE,FALSE,COMPLETE,TRUE
Comal Springs,1990,1990-11-01,30,204.2,30,100,TRUE,COMPLETE,TRUE,FALSE,COMPLETE,TRUE
Comal Springs,1990,1990-12-01,31,208.83870967741936,31,100,TRUE,COMPLETE,TRUE,FALSE,COMPLETE,TRUE
Comal Springs,1991,1991-01-01,31,224.09677419354838,31,100,TRUE,COMPLETE,TRUE,FALSE,COMPLETE,TRUE
Comal Springs,1991,1991-02-01,28,247.57142857142858,28,100,TRUE,COMPLETE,TRUE,FALSE,COMPLETE,TRUE
Comal Springs,1991,1991-03-01,31,239.70967741935485,31,100,TRUE,COMPLETE,TRUE,FALSE,COMPLETE,TRUE
Comal Springs,1991,1991-04-01,30,257.3,30,100,TRUE,COMPLETE,TRUE,FALSE,COMPLETE,TRUE
Comal Springs,1991,1991-05-01,31,286.7741935483871,31,100,TRUE,COMPLETE,TRUE,FALSE,COMPLETE,TRUE
Comal Springs,1991,1991-06-01,30,240.86666666666667,30,100,TRUE,COMPLETE,TRUE,FALSE,COMPLETE,TRUE
Comal Springs,1991,1991-07-01,31,237.29032258064515,31,100,TRUE,COMPLETE,TRUE,FALSE,COMPLETE,TRUE
Comal Springs,1991,1991-08-01,31,191.6451612903226,31,100,TRUE,COMPLETE,TRUE,FALSE,COMPLETE,TRUE
Comal Springs,1991,1991-09-01,30,204.46666666666667,30,100,TRUE,COMPLETE,TRUE,FALSE,COMPLETE,TRUE
Comal Springs,1991,1991-10-01,31,206.03225806451613,31,100,TRUE,COMPLETE,TRUE,FALSE,COMPLETE,TRUE
Comal Springs,1991,1991-11-01,30,212.03333333333333,30,100,TRUE,COMPLETE,TRUE,FALSE,COMPLETE,TRUE
Comal Springs,1991,1991-12-01,31,272.19354838709677,31,100,TRUE,COMPLETE,TRUE,FALSE,COMPLETE,TRUE
Comal Springs,1992,1992-01-01,31,369.06451612903226,31,100,TRUE,COMPLETE,TRUE,FALSE,COMPLETE,TRUE
Comal Springs,1992,1992-02-01,29,445.7241379310345,29,100,TRUE,COMPLETE,TRUE,FALSE,COMPLETE,TRUE
Comal Springs,1992,1992-03-01,31,476.64516129032256,31,100,TRUE,COMPLETE,TRUE,FALSE,COMPLETE,TRUE
Comal Springs,1992,1992-04-01,30,473.76666666666665,30,100,TRUE,COMPLETE,TRUE,FALSE,COMPLETE,TRUE
Comal Springs,1992,1992-05-01,31,455.61290322580646,31,100,TRUE,COMPLETE,TRUE,FALSE,COMPLETE,TRUE
Comal Springs,1992,1992-06-01,30,481.23333333333335,30,100,TRUE,COMPLETE,TRUE,FALSE,COMPLETE,TRUE
Comal Springs,1992,1992-07-01,31,465.19354838709677,31,100,TRUE,COMPLETE,TRUE,FALSE,COMPLETE,TRUE
Comal Springs,1992,1992-08-01,31,464.51612903225805,31,100,TRUE,COMPLETE,TRUE,FALSE,COMPLETE,TRUE
Comal Springs,1992,1992-09-01,30,427.1666666666667,30,100,TRUE,COMPLETE,TRUE,FALSE,COMPLETE,TRUE
Comal Springs,1992,1992-10-01,31,408.8709677419355,31,100,TRUE,COMPLETE,TRUE,FALSE,COMPLETE,TRUE
Comal Springs,1992,1992-11-01,30,412.8333333333333,30,100,TRUE,COMPLETE,TRUE,FALSE,COMPLETE,TRUE
Comal Springs,1992,1992-12-01,31,420.96774193548384,31,100,TRUE,COMPLETE,TRUE,FALSE,COMPLETE,TRUE
Comal Springs,1993,1993-01-01,31,418.2903225806452,31,100,TRUE,COMPLETE,TRUE,FALSE,COMPLETE,TRUE
Comal Springs,1993,1993-02-01,28,416.14285714285717,28,100,TRUE,COMPLETE,TRUE,FALSE,COMPLETE,TRUE
Comal Springs,1993,1993-03-01,31,412.7096774193548,31,100,TRUE,COMPLETE,TRUE,FALSE,COMPLETE,TRUE
Comal Springs,1993,1993-04-01,30,404.26666666666665,30,100,TRUE,COMPLETE,TRUE,FALSE,COMPLETE,TRUE
Comal Springs,1993,1993-05-01,31,414.19354838709677,31,100,TRUE,COMPLETE,TRUE,FALSE,COMPLETE,TRUE
Comal Springs,1993,1993-06-01,30,413.76666666666665,30,100,TRUE,COMPLETE,TRUE,FALSE,COMPLETE,TRUE
Comal Springs,1993,1993-07-01,31,399.0967741935484,31,100,TRUE,COMPLETE,TRUE,FALSE,COMPLETE,TRUE
Comal Springs,1993,1993-08-01,31,358,31,100,TRUE,COMPLETE,TRUE,FALSE,COMPLETE,TRUE
Comal Springs,1993,1993-09-01,30,339.96666666666664,30,100,TRUE,COMPLETE,TRUE,FALSE,COMPLETE,TRUE
Comal Springs,1993,1993-10-01,31,341,31,100,TRUE,COMPLETE,TRUE,FALSE,COMPLETE,TRUE
Comal Springs,1993,1993-11-01,30,351.93333333333334,30,100,TRUE,COMPLETE,TRUE,FALSE,COMPLETE,TRUE
Comal Springs,1993,1993-12-01,31,354.6774193548387,31,100,TRUE,COMPLETE,TRUE,FALSE,COMPLETE,TRUE
Comal Springs,1994,1994-01-01,31,351.93548387096774,31,100,TRUE,COMPLETE,TRUE,FALSE,COMPLETE,TRUE
Comal Springs,1994,1994-02-01,28,347.4642857142857,28,100,TRUE,COMPLETE,TRUE,FALSE,COMPLETE,TRUE
Comal Springs,1994,1994-03-01,31,339.7096774193548,31,100,TRUE,COMPLETE,TRUE,FALSE,COMPLETE,TRUE
Comal Springs,1994,1994-04-01,30,330.53333333333336,30,100,TRUE,COMPLETE,TRUE,FALSE,COMPLETE,TRUE
Comal Springs,1994,1994-05-01,31,343.2258064516129,31,100,TRUE,COMPLETE,TRUE,FALSE,COMPLETE,TRUE
Comal Springs,1994,1994-06-01,30,317.3333333333333,30,100,TRUE,COMPLETE,TRUE,FALSE,COMPLETE,TRUE
Comal Springs,1994,1994-07-01,31,274.741935483871,31,100,TRUE,COMPLETE,TRUE,FALSE,COMPLETE,TRUE
Comal Springs,1994,1994-08-01,31,255.6451612903226,31,100,TRUE,COMPLETE,TRUE,FALSE,COMPLETE,TRUE
Comal Springs,1994,1994-09-01,30,270.8,30,100,TRUE,COMPLETE,TRUE,FALSE,COMPLETE,TRUE
Comal Springs,1994,1994-10-01,31,296.16129032258067,31,100,TRUE,COMPLETE,TRUE,FALSE,COMPLETE,TRUE
Comal Springs,1994,1994-11-01,30,308.06666666666666,30,100,TRUE,COMPLETE,TRUE,FALSE,COMPLETE,TRUE
Comal Springs,1994,1994-12-01,31,316.03225806451616,31,100,TRUE,COMPLETE,TRUE,FALSE,COMPLETE,TRUE
Comal Springs,1995,1995-01-01,31,323.9032258064516,31,100,TRUE,COMPLETE,TRUE,FALSE,COMPLETE,TRUE
Comal Springs,1995,1995-02-01,28,307.82142857142856,28,100,TRUE,COMPLETE,TRUE,FALSE,COMPLETE,TRUE
Comal Springs,1995,1995-03-01,31,305.96774193548384,31,100,TRUE,COMPLETE,TRUE,FALSE,COMPLETE,TRUE
Comal Springs,1995,1995-04-01,30,304.56666666666666,30,100,TRUE,COMPLETE,TRUE,FALSE,COMPLETE,TRUE
Comal Springs,1995,1995-05-01,31,274.1290322580645,31,100,TRUE,COMPLETE,TRUE,FALSE,COMPLETE,TRUE
Comal Springs,1995,1995-06-01,30,285.1,30,100,TRUE,COMPLETE,TRUE,FALSE,COMPLETE,TRUE
Comal Springs,1995,1995-07-01,31,278.9032258064516,31,100,TRUE,COMPLETE,TRUE,FALSE,COMPLETE,TRUE
Comal Springs,1995,1995-08-01,31,242.67741935483872,31,100,TRUE,COMPLETE,TRUE,FALSE,COMPLETE,TRUE
Comal Springs,1995,1995-09-01,30,236,30,100,TRUE,COMPLETE,TRUE,FALSE,COMPLETE,TRUE
Comal Springs,1995,1995-10-01,31,246.06451612903226,31,100,TRUE,COMPLETE,TRUE,FALSE,COMPLETE,TRUE
Comal Springs,1995,1995-11-01,30,258.43333333333334,30,100,TRUE,COMPLETE,TRUE,FALSE,COMPLETE,TRUE
Comal Springs,1995,1995-12-01,31,267.0967741935484,31,100,TRUE,COMPLETE,TRUE,FALSE,COMPLETE,TRUE
Comal Springs,1996,1996-01-01,31,264.258064516129,31,100,TRUE,COMPLETE,TRUE,FALSE,COMPLETE,TRUE
Comal Springs,1996,1996-02-01,29,238.0344827586207,29,100,TRUE,COMPLETE,TRUE,FALSE,COMPLETE,TRUE
Comal Springs,1996,1996-03-01,31,222.96774193548387,31,100,TRUE,COMPLETE,TRUE,FALSE,COMPLETE,TRUE
Comal Springs,1996,1996-04-01,30,207.66666666666666,30,100,TRUE,COMPLETE,TRUE,FALSE,COMPLETE,TRUE
Comal Springs,1996,1996-05-01,31,165.09677419354838,31,100,TRUE,COMPLETE,TRUE,FALSE,COMPLETE,TRUE
Comal Springs,1996,1996-06-01,30,111.86666666666666,30,100,TRUE,COMPLETE,TRUE,FALSE,COMPLETE,TRUE
Comal Springs,1996,1996-07-01,31,91.54838709677419,31,100,TRUE,COMPLETE,TRUE,FALSE,COMPLETE,TRUE
Comal Springs,1996,1996-08-01,31,97.74193548387096,31,100,TRUE,COMPLETE,TRUE,FALSE,COMPLETE,TRUE
Comal Springs,1996,1996-09-01,30,150,30,100,TRUE,COMPLETE,TRUE,FALSE,COMPLETE,TRUE
Comal Springs,1996,1996-10-01,31,164.83870967741936,31,100,TRUE,COMPLETE,TRUE,FALSE,COMPLETE,TRUE
Comal Springs,1996,1996-11-01,30,169.3,30,100,TRUE,COMPLETE,TRUE,FALSE,COMPLETE,TRUE
Comal Springs,1996,1996-12-01,31,191.16129032258064,31,100,TRUE,COMPLETE,TRUE,FALSE,COMPLETE,TRUE
Comal Springs,1997,1997-01-01,31,195.6451612903226,31,100,TRUE,COMPLETE,TRUE,FALSE,COMPLETE,TRUE
Comal Springs,1997,1997-02-01,28,203.64285714285714,28,100,TRUE,COMPLETE,TRUE,FALSE,COMPLETE,TRUE
Comal Springs,1997,1997-03-01,31,223.61290322580646,31,100,TRUE,COMPLETE,TRUE,FALSE,COMPLETE,TRUE
Comal Springs,1997,1997-04-01,30,251.53333333333333,30,100,TRUE,COMPLETE,TRUE,FALSE,COMPLETE,TRUE
Comal Springs,1997,1997-05-01,31,257.35483870967744,31,100,TRUE,COMPLETE,TRUE,FALSE,COMPLETE,TRUE
Comal Springs,1997,1997-06-01,30,284.53333333333336,30,100,TRUE,COMPLETE,TRUE,FALSE,COMPLETE,TRUE
Comal Springs,1997,1997-07-01,31,304.16129032258067,31,100,TRUE,COMPLETE,TRUE,FALSE,COMPLETE,TRUE
Comal Springs,1997,1997-08-01,31,283.1290322580645,31,100,TRUE,COMPLETE,TRUE,FALSE,COMPLETE,TRUE
Comal Springs,1997,1997-09-01,30,269.1333333333333,30,100,TRUE,COMPLETE,TRUE,FALSE,COMPLETE,TRUE
Comal Springs,1997,1997-10-01,31,276,31,100,TRUE,COMPLETE,TRUE,FALSE,COMPLETE,TRUE
Comal Springs,1997,1997-11-01,30,283.4,30,100,TRUE,COMPLETE,TRUE,FALSE,COMPLETE,TRUE
Comal Springs,1997,1997-12-01,31,295.83870967741933,31,100,TRUE,COMPLETE,TRUE,FALSE,COMPLETE,TRUE
Comal Springs,1998,1998-01-01,31,308.80645161290323,31,100,TRUE,COMPLETE,TRUE,FALSE,COMPLETE,TRUE
Comal Springs,1998,1998-02-01,28,322.42857142857144,28,100,TRUE,COMPLETE,TRUE,FALSE,COMPLETE,TRUE
Comal Springs,1998,1998-03-01,31,332.5806451612903,31,100,TRUE,COMPLETE,TRUE,FALSE,COMPLETE,TRUE
Comal Springs,1998,1998-04-01,30,323.6,30,100,TRUE,COMPLETE,TRUE,FALSE,COMPLETE,TRUE
Comal Springs,1998,1998-05-01,31,269.0967741935484,31,100,TRUE,COMPLETE,TRUE,FALSE,COMPLETE,TRUE
Comal Springs,1998,1998-06-01,30,213.83333333333334,30,100,TRUE,COMPLETE,TRUE,FALSE,COMPLETE,TRUE
Comal Springs,1998,1998-07-01,31,195.3548387096774,31,100,TRUE,COMPLETE,TRUE,FALSE,COMPLETE,TRUE
Comal Springs,1998,1998-08-01,31,208.09677419354838,31,100,TRUE,COMPLETE,TRUE,FALSE,COMPLETE,TRUE
Comal Springs,1998,1998-09-01,30,257.6333333333333,30,100,TRUE,COMPLETE,TRUE,FALSE,COMPLETE,TRUE
Comal Springs,1998,1998-10-01,31,318.03225806451616,31,100,TRUE,COMPLETE,TRUE,FALSE,COMPLETE,TRUE
Comal Springs,1998,1998-11-01,30,429.3333333333333,30,100,TRUE,COMPLETE,TRUE,FALSE,COMPLETE,TRUE
Comal Springs,1998,1998-12-01,31,424.5806451612903,31,100,TRUE,COMPLETE,TRUE,FALSE,COMPLETE,TRUE
Comal Springs,1999,1999-01-01,31,415,31,100,TRUE,COMPLETE,TRUE,FALSE,COMPLETE,TRUE
Comal Springs,1999,1999-02-01,28,399,28,100,TRUE,COMPLETE,TRUE,FALSE,COMPLETE,TRUE
Comal Springs,1999,1999-03-01,31,385.7741935483871,31,100,TRUE,COMPLETE,TRUE,FALSE,COMPLETE,TRUE
Comal Springs,1999,1999-04-01,30,373.1666666666667,30,100,TRUE,COMPLETE,TRUE,FALSE,COMPLETE,TRUE
Comal Springs,1999,1999-05-01,31,359.7741935483871,31,100,TRUE,COMPLETE,TRUE,FALSE,COMPLETE,TRUE
Comal Springs,1999,1999-06-01,30,332.9,30,100,TRUE,COMPLETE,TRUE,FALSE,COMPLETE,TRUE
Comal Springs,1999,1999-07-01,31,348.258064516129,31,100,TRUE,COMPLETE,TRUE,FALSE,COMPLETE,TRUE
Comal Springs,1999,1999-08-01,31,317.51612903225805,31,100,TRUE,COMPLETE,TRUE,FALSE,COMPLETE,TRUE
Comal Springs,1999,1999-09-01,30,297.23333333333335,30,100,TRUE,COMPLETE,TRUE,FALSE,COMPLETE,TRUE
Comal Springs,1999,1999-10-01,31,284.8709677419355,31,100,TRUE,COMPLETE,TRUE,FALSE,COMPLETE,TRUE
Comal Springs,1999,1999-11-01,30,297.76666666666665,30,100,TRUE,COMPLETE,TRUE,FALSE,COMPLETE,TRUE
Comal Springs,1999,1999-12-01,31,299.48387096774195,31,100,TRUE,COMPLETE,TRUE,FALSE,COMPLETE,TRUE
Comal Springs,2000,2000-01-01,31,302.7096774193548,31,100,TRUE,COMPLETE,TRUE,FALSE,COMPLETE,TRUE
Comal Springs,2000,2000-02-01,29,304.44827586206895,29,100,TRUE,COMPLETE,TRUE,FALSE,COMPLETE,TRUE
Comal Springs,2000,2000-03-01,31,292.19354838709677,31,100,TRUE,COMPLETE,TRUE,FALSE,COMPLETE,TRUE
Comal Springs,2000,2000-04-01,30,278.1666666666667,30,100,TRUE,COMPLETE,TRUE,FALSE,COMPLETE,TRUE
Comal Springs,2000,2000-05-01,31,250.2258064516129,31,100,TRUE,COMPLETE,TRUE,FALSE,COMPLETE,TRUE
Comal Springs,2000,2000-06-01,30,255.43333333333334,30,100,TRUE,COMPLETE,TRUE,FALSE,COMPLETE,TRUE
Comal Springs,2000,2000-07-01,31,220.06451612903226,31,100,TRUE,COMPLETE,TRUE,FALSE,COMPLETE,TRUE
Comal Springs,2000,2000-08-01,31,177.32258064516128,31,100,TRUE,COMPLETE,TRUE,FALSE,COMPLETE,TRUE
Comal Springs,2000,2000-09-01,30,165.16666666666666,30,100,TRUE,COMPLETE,TRUE,FALSE,COMPLETE,TRUE
Comal Springs,2000,2000-10-01,31,217.5483870967742,31,100,TRUE,COMPLETE,TRUE,FALSE,COMPLETE,TRUE
Comal Springs,2000,2000-11-01,30,324.23333333333335,30,100,TRUE,COMPLETE,TRUE,FALSE,COMPLETE,TRUE
Comal Springs,2000,2000-12-01,31,349.1290322580645,31,100,TRUE,COMPLETE,TRUE,FALSE,COMPLETE,TRUE
Comal Springs,2001,2001-01-01,31,354.35483870967744,31,100,TRUE,COMPLETE,TRUE,FALSE,COMPLETE,TRUE
Comal Springs,2001,2001-02-01,28,357.35714285714283,28,100,TRUE,COMPLETE,TRUE,FALSE,COMPLETE,TRUE
Comal Springs,2001,2001-03-01,31,356.35483870967744,31,100,TRUE,COMPLETE,TRUE,FALSE,COMPLETE,TRUE
Comal Springs,2001,2001-04-01,30,352.96666666666664,30,100,TRUE,COMPLETE,TRUE,FALSE,COMPLETE,TRUE
Comal Springs,2001,2001-05-01,31,362.83870967741933,31,100,TRUE,COMPLETE,TRUE,FALSE,COMPLETE,TRUE
Comal Springs,2001,2001-06-01,30,326.5,30,100,TRUE,COMPLETE,TRUE,FALSE,COMPLETE,TRUE
Comal Springs,2001,2001-07-01,31,299.258064516129,31,100,TRUE,COMPLETE,TRUE,FALSE,COMPLETE,TRUE
Comal Springs,2001,2001-08-01,31,256.61290322580646,31,100,TRUE,COMPLETE,TRUE,FALSE,COMPLETE,TRUE
Comal Springs,2001,2001-09-01,30,325.3333333333333,30,100,TRUE,COMPLETE,TRUE,FALSE,COMPLETE,TRUE
Comal Springs,2001,2001-10-01,31,339.80645161290323,31,100,TRUE,COMPLETE,TRUE,FALSE,COMPLETE,TRUE
Comal Springs,2001,2001-11-01,30,361.56666666666666,30,100,TRUE,COMPLETE,TRUE,FALSE,COMPLETE,TRUE
Comal Springs,2001,2001-12-01,31,407.2903225806452,31,100,TRUE,COMPLETE,TRUE,FALSE,COMPLETE,TRUE
Comal Springs,2002,2002-01-01,31,391.0967741935484,31,100,TRUE,COMPLETE,TRUE,FALSE,COMPLETE,TRUE
Comal Springs,2002,2002-02-01,28,385.4642857142857,28,100,TRUE,COMPLETE,TRUE,FALSE,COMPLETE,TRUE
Comal Springs,2002,2002-03-01,31,371,31,100,TRUE,COMPLETE,TRUE,FALSE,COMPLETE,TRUE
Comal Springs,2002,2002-04-01,30,357.53333333333336,30,100,TRUE,COMPLETE,TRUE,FALSE,COMPLETE,TRUE
Comal Springs,2002,2002-05-01,31,324.19354838709677,31,100,TRUE,COMPLETE,TRUE,FALSE,COMPLETE,TRUE
Comal Springs,2002,2002-06-01,30,280,30,100,TRUE,COMPLETE,TRUE,FALSE,COMPLETE,TRUE
Comal Springs,2002,2002-07-01,31,387.03225806451616,31,100,TRUE,COMPLETE,TRUE,FALSE,COMPLETE,TRUE
Comal Springs,2002,2002-08-01,31,380.8709677419355,31,100,TRUE,COMPLETE,TRUE,FALSE,COMPLETE,TRUE
Comal Springs,2002,2002-09-01,30,385.1333333333333,30,100,TRUE,COMPLETE,TRUE,FALSE,COMPLETE,TRUE
Comal Springs,2002,2002-10-01,31,397.1290322580645,31,100,TRUE,COMPLETE,TRUE,FALSE,COMPLETE,TRUE
Comal Springs,2002,2002-11-01,30,441.76666666666665,30,100,TRUE,COMPLETE,TRUE,FALSE,COMPLETE,TRUE
Comal Springs,2002,2002-12-01,31,452,31,100,TRUE,COMPLETE,TRUE,FALSE,COMPLETE,TRUE
Comal Springs,2003,2003-01-01,31,448.2258064516129,31,100,TRUE,COMPLETE,TRUE,FALSE,COMPLETE,TRUE
Comal Springs,2003,2003-02-01,28,437.64285714285717,28,100,TRUE,COMPLETE,TRUE,FALSE,COMPLETE,TRUE
Comal Springs,2003,2003-03-01,31,424.16129032258067,31,100,TRUE,COMPLETE,TRUE,FALSE,COMPLETE,TRUE
Comal Springs,2003,2003-04-01,30,408.3666666666667,30,100,TRUE,COMPLETE,TRUE,FALSE,COMPLETE,TRUE
Comal Springs,2003,2003-05-01,31,380.4193548387097,31,100,TRUE,COMPLETE,TRUE,FALSE,COMPLETE,TRUE
Comal Springs,2003,2003-06-01,30,370.8666666666667,30,100,TRUE,COMPLETE,TRUE,FALSE,COMPLETE,TRUE
Comal Springs,2003,2003-07-01,31,376.19354838709677,31,100,TRUE,COMPLETE,TRUE,FALSE,COMPLETE,TRUE
Comal Springs,2003,2003-08-01,31,361.6774193548387,31,100,TRUE,COMPLETE,TRUE,FALSE,COMPLETE,TRUE
Comal Springs,2003,2003-09-01,30,374.1666666666667,30,100,TRUE,COMPLETE,TRUE,FALSE,COMPLETE,TRUE
Comal Springs,2003,2003-10-01,31,379.1290322580645,31,100,TRUE,COMPLETE,TRUE,FALSE,COMPLETE,TRUE
Comal Springs,2003,2003-11-01,30,364.4,30,100,TRUE,COMPLETE,TRUE,FALSE,COMPLETE,TRUE
Comal Springs,2003,2003-12-01,31,363.96774193548384,31,100,TRUE,COMPLETE,TRUE,FALSE,COMPLETE,TRUE
Comal Springs,2004,2004-01-01,31,353.61290322580646,31,100,TRUE,COMPLETE,TRUE,FALSE,COMPLETE,TRUE
Comal Springs,2004,2004-02-01,29,356.86206896551727,29,100,TRUE,COMPLETE,TRUE,FALSE,COMPLETE,TRUE
Comal Springs,2004,2004-03-01,31,354.6774193548387,31,100,TRUE,COMPLETE,TRUE,FALSE,COMPLETE,TRUE
Comal Springs,2004,2004-04-01,30,364.2,30,100,TRUE,COMPLETE,TRUE,FALSE,COMPLETE,TRUE
Comal Springs,2004,2004-05-01,31,349.64516129032256,31,100,TRUE,COMPLETE,TRUE,FALSE,COMPLETE,TRUE
Comal Springs,2004,2004-06-01,30,384.1333333333333,30,100,TRUE,COMPLETE,TRUE,FALSE,COMPLETE,TRUE
Comal Springs,2004,2004-07-01,31,383.83870967741933,31,100,TRUE,COMPLETE,TRUE,FALSE,COMPLETE,TRUE
Comal Springs,2004,2004-08-01,31,374.96774193548384,31,100,TRUE,COMPLETE,TRUE,FALSE,COMPLETE,TRUE
Comal Springs,2004,2004-09-01,30,359.5,30,100,TRUE,COMPLETE,TRUE,FALSE,COMPLETE,TRUE
Comal Springs,2004,2004-10-01,31,390.741935483871,31,100,TRUE,COMPLETE,TRUE,FALSE,COMPLETE,TRUE
Comal Springs,2004,2004-11-01,30,454.6,30,100,TRUE,COMPLETE,TRUE,FALSE,COMPLETE,TRUE
Comal Springs,2004,2004-12-01,31,459.2903225806452,31,100,TRUE,COMPLETE,TRUE,FALSE,COMPLETE,TRUE
Comal Springs,2005,2005-01-01,31,441.19354838709677,31,100,TRUE,COMPLETE,TRUE,FALSE,COMPLETE,TRUE
Comal Springs,2005,2005-02-01,28,448.39285714285717,28,100,TRUE,COMPLETE,TRUE,FALSE,COMPLETE,TRUE
Comal Springs,2005,2005-03-01,31,460.83870967741933,31,100,TRUE,COMPLETE,TRUE,FALSE,COMPLETE,TRUE
Comal Springs,2005,2005-04-01,30,445.8666666666667,30,100,TRUE,COMPLETE,TRUE,FALSE,COMPLETE,TRUE
Comal Springs,2005,2005-05-01,31,425.19354838709677,31,100,TRUE,COMPLETE,TRUE,FALSE,COMPLETE,TRUE
Comal Springs,2005,2005-06-01,30,400.2,30,100,TRUE,COMPLETE,TRUE,FALSE,COMPLETE,TRUE
Comal Springs,2005,2005-07-01,31,365.1290322580645,31,100,TRUE,COMPLETE,TRUE,FALSE,COMPLETE,TRUE
Comal Springs,2005,2005-08-01,31,361.48387096774195,31,100,TRUE,COMPLETE,TRUE,FALSE,COMPLETE,TRUE
Comal Springs,2005,2005-09-01,30,361.7,30,100,TRUE,COMPLETE,TRUE,FALSE,COMPLETE,TRUE
Comal Springs,2005,2005-10-01,31,363.6774193548387,31,100,TRUE,COMPLETE,TRUE,FALSE,COMPLETE,TRUE
Comal Springs,2005,2005-11-01,30,357,30,100,TRUE,COMPLETE,TRUE,FALSE,COMPLETE,TRUE
Comal Springs,2005,2005-12-01,31,347.6774193548387,31,100,TRUE,COMPLETE,TRUE,FALSE,COMPLETE,TRUE
Comal Springs,2006,2006-01-01,31,330.8709677419355,31,100,TRUE,COMPLETE,TRUE,FALSE,COMPLETE,TRUE
Comal Springs,2006,2006-02-01,28,317.4642857142857,28,100,TRUE,COMPLETE,TRUE,FALSE,COMPLETE,TRUE
Comal Springs,2006,2006-03-01,31,302.7096774193548,31,100,TRUE,COMPLETE,TRUE,FALSE,COMPLETE,TRUE
Comal Springs,2006,2006-04-01,30,304.43333333333334,30,100,TRUE,COMPLETE,TRUE,FALSE,COMPLETE,TRUE
Comal Springs,2006,2006-05-01,31,290.741935483871,31,100,TRUE,COMPLETE,TRUE,FALSE,COMPLETE,TRUE
Comal Springs,2006,2006-06-01,30,253.33333333333334,30,100,TRUE,COMPLETE,TRUE,FALSE,COMPLETE,TRUE
Comal Springs,2006,2006-07-01,31,242.74193548387098,31,100,TRUE,COMPLETE,TRUE,FALSE,COMPLETE,TRUE
Comal Springs,2006,2006-08-01,31,213.16129032258064,31,100,TRUE,COMPLETE,TRUE,FALSE,COMPLETE,TRUE
Comal Springs,2006,2006-09-01,30,231.86666666666667,30,100,TRUE,COMPLETE,TRUE,FALSE,COMPLETE,TRUE
Comal Springs,2006,2006-10-01,31,248.58064516129033,31,100,TRUE,COMPLETE,TRUE,FALSE,COMPLETE,TRUE
Comal Springs,2006,2006-11-01,30,257.5,30,100,TRUE,COMPLETE,TRUE,FALSE,COMPLETE,TRUE
Comal Springs,2006,2006-12-01,31,262.64516129032256,31,100,TRUE,COMPLETE,TRUE,FALSE,COMPLETE,TRUE
Comal Springs,2007,2007-01-01,31,280.83870967741933,31,100,TRUE,COMPLETE,TRUE,FALSE,COMPLETE,TRUE
Comal Springs,2007,2007-02-01,28,280.75,28,100,TRUE,COMPLETE,TRUE,FALSE,COMPLETE,TRUE
Comal Springs,2007,2007-03-01,31,276.51612903225805,31,100,TRUE,COMPLETE,TRUE,FALSE,COMPLETE,TRUE
Comal Springs,2007,2007-04-01,30,314.76666666666665,30,100,TRUE,COMPLETE,TRUE,FALSE,COMPLETE,TRUE
Comal Springs,2007,2007-05-01,31,322.38709677419354,31,100,TRUE,COMPLETE,TRUE,FALSE,COMPLETE,TRUE
Comal Springs,2007,2007-06-01,30,305.9,30,100,TRUE,COMPLETE,TRUE,FALSE,COMPLETE,TRUE
Comal Springs,2007,2007-07-01,31,410.9032258064516,31,100,TRUE,COMPLETE,TRUE,FALSE,COMPLETE,TRUE
Comal Springs,2007,2007-08-01,31,451.0967741935484,31,100,TRUE,COMPLETE,TRUE,FALSE,COMPLETE,TRUE
Comal Springs,2007,2007-09-01,30,444.3666666666667,30,100,TRUE,COMPLETE,TRUE,FALSE,COMPLETE,TRUE
Comal Springs,2007,2007-10-01,31,426.06451612903226,31,100,TRUE,COMPLETE,TRUE,FALSE,COMPLETE,TRUE
Comal Springs,2007,2007-11-01,30,417.76666666666665,30,100,TRUE,COMPLETE,TRUE,FALSE,COMPLETE,TRUE
Comal Springs,2007,2007-12-01,31,414.5806451612903,31,100,TRUE,COMPLETE,TRUE,FALSE,COMPLETE,TRUE
Comal Springs,2008,2008-01-01,31,404.38709677419354,31,100,TRUE,COMPLETE,TRUE,FALSE,COMPLETE,TRUE
Comal Springs,2008,2008-02-01,29,391.8965517241379,29,100,TRUE,COMPLETE,TRUE,FALSE,COMPLETE,TRUE
Comal Springs,2008,2008-03-01,31,373.06451612903226,31,100,TRUE,COMPLETE,TRUE,FALSE,COMPLETE,TRUE
Comal Springs,2008,2008-04-01,30,360.3333333333333,30,100,TRUE,COMPLETE,TRUE,FALSE,COMPLETE,TRUE
Comal Springs,2008,2008-05-01,31,339.3225806451613,31,100,TRUE,COMPLETE,TRUE,FALSE,COMPLETE,TRUE
Comal Springs,2008,2008-06-01,30,283.46666666666664,30,100,TRUE,COMPLETE,TRUE,FALSE,COMPLETE,TRUE
Comal Springs,2008,2008-07-01,31,276.9032258064516,31,100,TRUE,COMPLETE,TRUE,FALSE,COMPLETE,TRUE
Comal Springs,2008,2008-08-01,31,295.93548387096774,31,100,TRUE,COMPLETE,TRUE,FALSE,COMPLETE,TRUE
Comal Springs,2008,2008-09-01,30,299.8666666666667,30,100,TRUE,COMPLETE,TRUE,FALSE,COMPLETE,TRUE
Comal Springs,2008,2008-10-01,31,288.61290322580646,31,100,TRUE,COMPLETE,TRUE,FALSE,COMPLETE,TRUE
Comal Springs,2008,2008-11-01,30,285.5,30,100,TRUE,COMPLETE,TRUE,FALSE,COMPLETE,TRUE
Comal Springs,2008,2008-12-01,31,288.61290322580646,31,100,TRUE,COMPLETE,TRUE,FALSE,COMPLETE,TRUE
Comal Springs,2009,2009-01-01,31,291.2258064516129,31,100,TRUE,COMPLETE,TRUE,FALSE,COMPLETE,TRUE
Comal Springs,2009,2009-02-01,28,280.42857142857144,28,100,TRUE,COMPLETE,TRUE,FALSE,COMPLETE,TRUE
Comal Springs,2009,2009-03-01,31,270.16129032258067,31,100,TRUE,COMPLETE,TRUE,FALSE,COMPLETE,TRUE
Comal Springs,2009,2009-04-01,30,262.6333333333333,30,100,TRUE,COMPLETE,TRUE,FALSE,COMPLETE,TRUE
Comal Springs,2009,2009-05-01,31,231.16129032258064,31,100,TRUE,COMPLETE,TRUE,FALSE,COMPLETE,TRUE
Comal Springs,2009,2009-06-01,30,199.06666666666666,30,100,TRUE,COMPLETE,TRUE,FALSE,COMPLETE,TRUE
Comal Springs,2009,2009-07-01,31,165.58064516129033,31,100,TRUE,COMPLETE,TRUE,FALSE,COMPLETE,TRUE
Comal Springs,2009,2009-08-01,31,167.41935483870967,31,100,TRUE,COMPLETE,TRUE,FALSE,COMPLETE,TRUE
Comal Springs,2009,2009-09-01,30,195.06666666666666,30,100,TRUE,COMPLETE,TRUE,FALSE,COMPLETE,TRUE
Comal Springs,2009,2009-10-01,31,266.48387096774195,31,100,TRUE,COMPLETE,TRUE,FALSE,COMPLETE,TRUE
Comal Springs,2009,2009-11-01,30,295.56666666666666,30,100,TRUE,COMPLETE,TRUE,FALSE,COMPLETE,TRUE
Comal Springs,2009,2009-12-01,31,311.8709677419355,31,100,TRUE,COMPLETE,TRUE,FALSE,COMPLETE,TRUE
Comal Springs,2010,2010-01-01,31,325.38709677419354,31,100,TRUE,COMPLETE,TRUE,FALSE,COMPLETE,TRUE
Comal Springs,2010,2010-02-01,28,358.7857142857143,28,100,TRUE,COMPLETE,TRUE,FALSE,COMPLETE,TRUE
Comal Springs,2010,2010-03-01,31,366.4193548387097,31,100,TRUE,COMPLETE,TRUE,FALSE,COMPLETE,TRUE
Comal Springs,2010,2010-04-01,30,348.76666666666665,30,100,TRUE,COMPLETE,TRUE,FALSE,COMPLETE,TRUE
Comal Springs,2010,2010-05-01,31,348.258064516129,31,100,TRUE,COMPLETE,TRUE,FALSE,COMPLETE,TRUE
Comal Springs,2010,2010-06-01,30,374.56666666666666,30,100,TRUE,COMPLETE,TRUE,FALSE,COMPLETE,TRUE
Comal Springs,2010,2010-07-01,31,342.61290322580646,31,100,TRUE,COMPLETE,TRUE,FALSE,COMPLETE,TRUE
Comal Springs,2010,2010-08-01,31,319.51612903225805,31,100,TRUE,COMPLETE,TRUE,FALSE,COMPLETE,TRUE
Comal Springs,2010,2010-09-01,30,339.9,30,100,TRUE,COMPLETE,TRUE,FALSE,COMPLETE,TRUE
Comal Springs,2010,2010-10-01,31,339.96774193548384,31,100,TRUE,COMPLETE,TRUE,FALSE,COMPLETE,TRUE
Comal Springs,2010,2010-11-01,30,330.73333333333335,30,100,TRUE,COMPLETE,TRUE,FALSE,COMPLETE,TRUE
Comal Springs,2010,2010-12-01,31,323.3225806451613,31,100,TRUE,COMPLETE,TRUE,FALSE,COMPLETE,TRUE
Comal Springs,2011,2011-01-01,31,315.8709677419355,31,100,TRUE,COMPLETE,TRUE,FALSE,COMPLETE,TRUE
Comal Springs,2011,2011-02-01,28,316.89285714285717,28,100,TRUE,COMPLETE,TRUE,FALSE,COMPLETE,TRUE
Comal Springs,2011,2011-03-01,31,295.741935483871,31,100,TRUE,COMPLETE,TRUE,FALSE,COMPLETE,TRUE
Comal Springs,2011,2011-04-01,30,266.4,30,100,TRUE,COMPLETE,TRUE,FALSE,COMPLETE,TRUE
Comal Springs,2011,2011-05-01,31,231.6451612903226,31,100,TRUE,COMPLETE,TRUE,FALSE,COMPLETE,TRUE
Comal Springs,2011,2011-06-01,30,182.53333333333333,30,100,TRUE,COMPLETE,TRUE,FALSE,COMPLETE,TRUE
Comal Springs,2011,2011-07-01,31,174.96774193548387,31,100,TRUE,COMPLETE,TRUE,FALSE,COMPLETE,TRUE
Comal Springs,2011,2011-08-01,31,169.5483870967742,31,100,TRUE,COMPLETE,TRUE,FALSE,COMPLETE,TRUE
Comal Springs,2011,2011-09-01,30,167.7,30,100,TRUE,COMPLETE,TRUE,FALSE,COMPLETE,TRUE
Comal Springs,2011,2011-10-01,31,191.32258064516128,31,100,TRUE,COMPLETE,TRUE,FALSE,COMPLETE,TRUE
Comal Springs,2011,2011-11-01,30,196.96666666666667,30,100,TRUE,COMPLETE,TRUE,FALSE,COMPLETE,TRUE
Comal Springs,2011,2011-12-01,31,213.7741935483871,31,100,TRUE,COMPLETE,TRUE,FALSE,COMPLETE,TRUE
Comal Springs,2012,2012-01-01,31,224.4516129032258,31,100,TRUE,COMPLETE,TRUE,FALSE,COMPLETE,TRUE
Comal Springs,2012,2012-02-01,29,257.0689655172414,29,100,TRUE,COMPLETE,TRUE,FALSE,COMPLETE,TRUE
Comal Springs,2012,2012-03-01,31,268.35483870967744,31,100,TRUE,COMPLETE,TRUE,FALSE,COMPLETE,TRUE
Comal Springs,2012,2012-04-01,30,260.3333333333333,30,100,TRUE,COMPLETE,TRUE,FALSE,COMPLETE,TRUE
Comal Springs,2012,2012-05-01,31,233.51612903225808,31,100,TRUE,COMPLETE,TRUE,FALSE,COMPLETE,TRUE
Comal Springs,2012,2012-06-01,30,215.26666666666668,30,100,TRUE,COMPLETE,TRUE,FALSE,COMPLETE,TRUE
Comal Springs,2012,2012-07-01,31,196.51612903225808,31,100,TRUE,COMPLETE,TRUE,FALSE,COMPLETE,TRUE
Comal Springs,2012,2012-08-01,31,173.70967741935485,31,100,TRUE,COMPLETE,TRUE,FALSE,COMPLETE,TRUE
Comal Springs,2012,2012-09-01,30,168.33333333333334,30,100,TRUE,COMPLETE,TRUE,FALSE,COMPLETE,TRUE
Comal Springs,2012,2012-10-01,31,208.09677419354838,31,100,TRUE,COMPLETE,TRUE,FALSE,COMPLETE,TRUE
Comal Springs,2012,2012-11-01,30,200.46666666666667,30,100,TRUE,COMPLETE,TRUE,FALSE,COMPLETE,TRUE
Comal Springs,2012,2012-12-01,31,207.32258064516128,31,100,TRUE,COMPLETE,TRUE,FALSE,COMPLETE,TRUE
Comal Springs,2013,2013-01-01,31,220.32258064516128,31,100,TRUE,COMPLETE,TRUE,FALSE,COMPLETE,TRUE
Comal Springs,2013,2013-02-01,28,219.35714285714286,28,100,TRUE,COMPLETE,TRUE,FALSE,COMPLETE,TRUE
Comal Springs,2013,2013-03-01,31,203.7741935483871,31,100,TRUE,COMPLETE,TRUE,FALSE,COMPLETE,TRUE
Comal Springs,2013,2013-04-01,30,195.13333333333333,30,100,TRUE,COMPLETE,TRUE,FALSE,COMPLETE,TRUE
Comal Springs,2013,2013-05-01,31,194.70967741935485,31,100,TRUE,COMPLETE,TRUE,FALSE,COMPLETE,TRUE
Comal Springs,2013,2013-06-01,30,201.8,30,100,TRUE,COMPLETE,TRUE,FALSE,COMPLETE,TRUE
Comal Springs,2013,2013-07-01,31,166.67741935483872,31,100,TRUE,COMPLETE,TRUE,FALSE,COMPLETE,TRUE
Comal Springs,2013,2013-08-01,31,125.93548387096774,31,100,TRUE,COMPLETE,TRUE,FALSE,COMPLETE,TRUE
Comal Springs,2013,2013-09-01,30,119.46666666666667,30,100,TRUE,COMPLETE,TRUE,FALSE,COMPLETE,TRUE
Comal Springs,2013,2013-10-01,31,144.70967741935485,31,100,TRUE,COMPLETE,TRUE,FALSE,COMPLETE,TRUE
Comal Springs,2013,2013-11-01,30,167.86666666666667,30,100,TRUE,COMPLETE,TRUE,FALSE,COMPLETE,TRUE
Comal Springs,2013,2013-12-01,31,161,31,100,TRUE,COMPLETE,TRUE,FALSE,COMPLETE,TRUE
Comal Springs,2014,2014-01-01,31,169,31,100,TRUE,COMPLETE,TRUE,FALSE,COMPLETE,TRUE
Comal Springs,2014,2014-02-01,28,168.78571428571428,28,100,TRUE,COMPLETE,TRUE,FALSE,COMPLETE,TRUE
Comal Springs,2014,2014-03-01,31,154.3548387096774,31,100,TRUE,COMPLETE,TRUE,FALSE,COMPLETE,TRUE
Comal Springs,2014,2014-04-01,30,144.56666666666666,30,100,TRUE,COMPLETE,TRUE,FALSE,COMPLETE,TRUE
Comal Springs,2014,2014-05-01,31,127.35483870967742,31,100,TRUE,COMPLETE,TRUE,FALSE,COMPLETE,TRUE
Comal Springs,2014,2014-06-01,30,141.4,30,100,TRUE,COMPLETE,TRUE,FALSE,COMPLETE,TRUE
Comal Springs,2014,2014-07-01,31,118.3225806451613,31,100,TRUE,COMPLETE,TRUE,FALSE,COMPLETE,TRUE
Comal Springs,2014,2014-08-01,31,83.29032258064517,31,100,TRUE,COMPLETE,TRUE,FALSE,COMPLETE,TRUE
Comal Springs,2014,2014-09-01,30,73.93333333333334,30,100,TRUE,COMPLETE,TRUE,FALSE,COMPLETE,TRUE
Comal Springs,2014,2014-10-01,31,88.7741935483871,31,100,TRUE,COMPLETE,TRUE,FALSE,COMPLETE,TRUE
Comal Springs,2014,2014-11-01,30,125.3,30,100,TRUE,COMPLETE,TRUE,FALSE,COMPLETE,TRUE
Comal Springs,2014,2014-12-01,31,135.06451612903226,31,100,TRUE,COMPLETE,TRUE,FALSE,COMPLETE,TRUE
Comal Springs,2015,2015-01-01,31,145.58064516129033,31,100,TRUE,COMPLETE,TRUE,FALSE,COMPLETE,TRUE
Comal Springs,2015,2015-02-01,28,186.10714285714286,28,100,TRUE,COMPLETE,TRUE,FALSE,COMPLETE,TRUE
Comal Springs,2015,2015-03-01,31,194.48387096774192,31,100,TRUE,COMPLETE,TRUE,FALSE,COMPLETE,TRUE
Comal Springs,2015,2015-04-01,30,198.63333333333333,30,100,TRUE,COMPLETE,TRUE,FALSE,COMPLETE,TRUE
Comal Springs,2015,2015-05-01,31,247.48387096774192,31,100,TRUE,COMPLETE,TRUE,FALSE,COMPLETE,TRUE
Comal Springs,2015,2015-06-01,30,323.6333333333333,30,100,TRUE,COMPLETE,TRUE,FALSE,COMPLETE,TRUE
Comal Springs,2015,2015-07-01,31,334.2903225806452,31,100,TRUE,COMPLETE,TRUE,FALSE,COMPLETE,TRUE
Comal Springs,2015,2015-08-01,31,268.38709677419354,31,100,TRUE,COMPLETE,TRUE,FALSE,COMPLETE,TRUE
Comal Springs,2015,2015-09-01,30,215.8,30,100,TRUE,COMPLETE,TRUE,FALSE,COMPLETE,TRUE
Comal Springs,2015,2015-10-01,31,209.41935483870967,31,100,TRUE,COMPLETE,TRUE,FALSE,COMPLETE,TRUE
Comal Springs,2015,2015-11-01,30,295.76666666666665,30,100,TRUE,COMPLETE,TRUE,FALSE,COMPLETE,TRUE
Comal Springs,2015,2015-12-01,31,308.0967741935484,31,100,TRUE,COMPLETE,TRUE,FALSE,COMPLETE,TRUE
Comal Springs,2016,2016-01-01,31,322.19354838709677,31,100,TRUE,COMPLETE,TRUE,FALSE,COMPLETE,TRUE
Comal Springs,2016,2016-02-01,29,292.17241379310343,29,100,TRUE,COMPLETE,TRUE,FALSE,COMPLETE,TRUE
Comal Springs,2016,2016-03-01,31,296.80645161290323,31,100,TRUE,COMPLETE,TRUE,FALSE,COMPLETE,TRUE
Comal Springs,2016,2016-04-01,30,303.1333333333333,30,100,TRUE,COMPLETE,TRUE,FALSE,COMPLETE,TRUE
Comal Springs,2016,2016-05-01,31,334.16129032258067,31,100,TRUE,COMPLETE,TRUE,FALSE,COMPLETE,TRUE
Comal Springs,2016,2016-06-01,30,383.06666666666666,30,100,TRUE,COMPLETE,TRUE,FALSE,COMPLETE,TRUE
Comal Springs,2016,2016-07-01,31,343.2903225806452,31,100,TRUE,COMPLETE,TRUE,FALSE,COMPLETE,TRUE
Comal Springs,2016,2016-08-01,31,357.4193548387097,31,100,TRUE,COMPLETE,TRUE,FALSE,COMPLETE,TRUE
Comal Springs,2016,2016-09-01,30,375.26666666666665,30,100,TRUE,COMPLETE,TRUE,FALSE,COMPLETE,TRUE
Comal Springs,2016,2016-10-01,31,368.6774193548387,31,100,TRUE,COMPLETE,TRUE,FALSE,COMPLETE,TRUE
Comal Springs,2016,2016-11-01,30,371.46666666666664,30,100,TRUE,COMPLETE,TRUE,FALSE,COMPLETE,TRUE
Comal Springs,2016,2016-12-01,31,394.03225806451616,31,100,TRUE,COMPLETE,TRUE,FALSE,COMPLETE,TRUE
Comal Springs,2017,2017-01-01,31,392,31,100,TRUE,COMPLETE,TRUE,FALSE,COMPLETE,TRUE
Comal Springs,2017,2017-02-01,28,414.60714285714283,28,100,TRUE,COMPLETE,TRUE,FALSE,COMPLETE,TRUE
Comal Springs,2017,2017-03-01,31,415.35483870967744,31,100,TRUE,COMPLETE,TRUE,FALSE,COMPLETE,TRUE
Comal Springs,2017,2017-04-01,30,410.96666666666664,30,100,TRUE,COMPLETE,TRUE,FALSE,COMPLETE,TRUE
Comal Springs,2017,2017-05-01,31,380.80645161290323,31,100,TRUE,COMPLETE,TRUE,FALSE,COMPLETE,TRUE
Comal Springs,2017,2017-06-01,30,347.53333333333336,30,100,TRUE,COMPLETE,TRUE,FALSE,COMPLETE,TRUE
Comal Springs,2017,2017-07-01,31,290.5806451612903,31,100,TRUE,COMPLETE,TRUE,FALSE,COMPLETE,TRUE
Comal Springs,2017,2017-08-01,31,269.258064516129,31,100,TRUE,COMPLETE,TRUE,FALSE,COMPLETE,TRUE
Comal Springs,2017,2017-09-01,30,284.3666666666667,30,100,TRUE,COMPLETE,TRUE,FALSE,COMPLETE,TRUE
Comal Springs,2017,2017-10-01,31,292.19354838709677,31,100,TRUE,COMPLETE,TRUE,FALSE,COMPLETE,TRUE
Comal Springs,2017,2017-11-01,30,295.53333333333336,30,100,TRUE,COMPLETE,TRUE,FALSE,COMPLETE,TRUE
Comal Springs,2017,2017-12-01,31,289.1290322580645,31,100,TRUE,COMPLETE,TRUE,FALSE,COMPLETE,TRUE
Comal Springs,2018,2018-01-01,31,303.4193548387097,31,100,TRUE,COMPLETE,TRUE,FALSE,COMPLETE,TRUE
Comal Springs,2018,2018-02-01,28,295.25,28,100,TRUE,COMPLETE,TRUE,FALSE,COMPLETE,TRUE
Comal Springs,2018,2018-03-01,31,290.6774193548387,31,100,TRUE,COMPLETE,TRUE,FALSE,COMPLETE,TRUE
Comal Springs,2018,2018-04-01,30,294.1,30,100,TRUE,COMPLETE,TRUE,FALSE,COMPLETE,TRUE
Comal Springs,2018,2018-05-01,31,269.258064516129,31,100,TRUE,COMPLETE,TRUE,FALSE,COMPLETE,TRUE
Comal Springs,2018,2018-06-01,30,213.63333333333333,30,100,TRUE,COMPLETE,TRUE,FALSE,COMPLETE,TRUE
Comal Springs,2018,2018-07-01,31,216.70967741935485,31,100,TRUE,COMPLETE,TRUE,FALSE,COMPLETE,TRUE
Comal Springs,2018,2018-08-01,31,182.41935483870967,31,100,TRUE,COMPLETE,TRUE,FALSE,COMPLETE,TRUE
Comal Springs,2018,2018-09-01,30,248.76666666666668,30,100,TRUE,COMPLETE,TRUE,FALSE,COMPLETE,TRUE
Comal Springs,2018,2018-10-01,31,340.5483870967742,31,100,TRUE,COMPLETE,TRUE,FALSE,COMPLETE,TRUE
Comal Springs,2018,2018-11-01,30,363.5,30,100,TRUE,COMPLETE,TRUE,FALSE,COMPLETE,TRUE
Comal Springs,2018,2018-12-01,31,376.1290322580645,31,100,TRUE,COMPLETE,TRUE,FALSE,COMPLETE,TRUE
Comal Springs,2019,2019-01-01,31,383.4193548387097,31,100,TRUE,COMPLETE,TRUE,FALSE,COMPLETE,TRUE
Comal Springs,2019,2019-02-01,28,380.2857142857143,28,100,TRUE,COMPLETE,TRUE,FALSE,COMPLETE,TRUE
Comal Springs,2019,2019-03-01,31,378.80645161290323,31,100,TRUE,COMPLETE,TRUE,FALSE,COMPLETE,TRUE
Comal Springs,2019,2019-04-01,30,361.23333333333335,30,100,TRUE,COMPLETE,TRUE,FALSE,COMPLETE,TRUE
Comal Springs,2019,2019-05-01,31,378.7741935483871,31,100,TRUE,COMPLETE,TRUE,FALSE,COMPLETE,TRUE
Comal Springs,2019,2019-06-01,30,371.8333333333333,30,100,TRUE,COMPLETE,TRUE,FALSE,COMPLETE,TRUE
Comal Springs,2019,2019-07-01,31,347.16129032258067,31,100,TRUE,COMPLETE,TRUE,FALSE,COMPLETE,TRUE
Comal Springs,2019,2019-08-01,31,298.51612903225805,31,100,TRUE,COMPLETE,TRUE,FALSE,COMPLETE,TRUE
Comal Springs,2019,2019-09-01,30,301.9,30,100,TRUE,COMPLETE,TRUE,FALSE,COMPLETE,TRUE
Comal Springs,2019,2019-10-01,31,296.16129032258067,31,100,TRUE,COMPLETE,TRUE,FALSE,COMPLETE,TRUE
Comal Springs,2019,2019-11-01,30,325.8666666666667,30,100,TRUE,COMPLETE,TRUE,FALSE,COMPLETE,TRUE
Comal Springs,2019,2019-12-01,31,313.258064516129,31,100,TRUE,COMPLETE,TRUE,FALSE,COMPLETE,TRUE
Comal Springs,2020,2020-01-01,31,316.93548387096774,31,100,TRUE,COMPLETE,TRUE,FALSE,COMPLETE,TRUE
Comal Springs,2020,2020-02-01,29,322.9310344827586,29,100,TRUE,COMPLETE,TRUE,FALSE,COMPLETE,TRUE
Comal Springs,2020,2020-03-01,31,303.96774193548384,31,100,TRUE,COMPLETE,TRUE,FALSE,COMPLETE,TRUE
Comal Springs,2020,2020-04-01,30,309.6333333333333,30,100,TRUE,COMPLETE,TRUE,FALSE,COMPLETE,TRUE
Comal Springs,2020,2020-05-01,31,290.16129032258067,31,100,TRUE,COMPLETE,TRUE,FALSE,COMPLETE,TRUE
Comal Springs,2020,2020-06-01,30,276.8,30,100,TRUE,COMPLETE,TRUE,FALSE,COMPLETE,TRUE
Comal Springs,2020,2020-07-01,31,258.5483870967742,31,100,TRUE,COMPLETE,TRUE,FALSE,COMPLETE,TRUE
Comal Springs,2020,2020-08-01,31,243.96774193548387,31,100,TRUE,COMPLETE,TRUE,FALSE,COMPLETE,TRUE
Comal Springs,2020,2020-09-01,30,264.6,30,100,TRUE,COMPLETE,TRUE,FALSE,COMPLETE,TRUE
Comal Springs,2020,2020-10-01,31,272.5806451612903,31,100,TRUE,COMPLETE,TRUE,FALSE,COMPLETE,TRUE
Comal Springs,2020,2020-11-01,30,251.03333333333333,30,100,TRUE,COMPLETE,TRUE,FALSE,COMPLETE,TRUE
Comal Springs,2020,2020-12-01,31,257.64516129032256,31,100,TRUE,COMPLETE,TRUE,FALSE,COMPLETE,TRUE
Comal Springs,2021,2021-01-01,31,270.96774193548384,31,100,TRUE,COMPLETE,TRUE,FALSE,COMPLETE,TRUE
Comal Springs,2021,2021-02-01,28,260.35714285714283,28,100,TRUE,COMPLETE,TRUE,FALSE,COMPLETE,TRUE
Comal Springs,2021,2021-03-01,31,249.74193548387098,31,100,TRUE,COMPLETE,TRUE,FALSE,COMPLETE,TRUE
Comal Springs,2021,2021-04-01,30,215.06666666666666,30,100,TRUE,COMPLETE,TRUE,FALSE,COMPLETE,TRUE
Comal Springs,2021,2021-05-01,31,270.38709677419354,31,100,TRUE,COMPLETE,TRUE,FALSE,COMPLETE,TRUE
Comal Springs,2021,2021-06-01,30,294.93333333333334,30,100,TRUE,COMPLETE,TRUE,FALSE,COMPLETE,TRUE
Comal Springs,2021,2021-07-01,31,290.5806451612903,31,100,TRUE,COMPLETE,TRUE,FALSE,COMPLETE,TRUE
Comal Springs,2021,2021-08-01,31,287.80645161290323,31,100,TRUE,COMPLETE,TRUE,FALSE,COMPLETE,TRUE
Comal Springs,2021,2021-09-01,30,263.3333333333333,30,100,TRUE,COMPLETE,TRUE,FALSE,COMPLETE,TRUE
Comal Springs,2021,2021-10-01,31,268.5483870967742,31,100,TRUE,COMPLETE,TRUE,FALSE,COMPLETE,TRUE
Comal Springs,2021,2021-11-01,30,287.26666666666665,30,100,TRUE,COMPLETE,TRUE,FALSE,COMPLETE,TRUE
Comal Springs,2021,2021-12-01,31,279.5806451612903,31,100,TRUE,COMPLETE,TRUE,FALSE,COMPLETE,TRUE
Comal Springs,2022,2022-01-01,31,273.2903225806452,31,100,TRUE,COMPLETE,TRUE,FALSE,COMPLETE,TRUE
Comal Springs,2022,2022-02-01,28,283.9642857142857,28,100,TRUE,COMPLETE,TRUE,FALSE,COMPLETE,TRUE
Comal Springs,2022,2022-03-01,31,266.6774193548387,31,100,TRUE,COMPLETE,TRUE,FALSE,COMPLETE,TRUE
Comal Springs,2022,2022-04-01,30,222.2,30,100,TRUE,COMPLETE,TRUE,FALSE,COMPLETE,TRUE
Comal Springs,2022,2022-05-01,31,190.09677419354838,31,100,TRUE,COMPLETE,TRUE,FALSE,COMPLETE,TRUE
Comal Springs,2022,2022-06-01,30,142.13333333333333,30,100,TRUE,COMPLETE,TRUE,FALSE,COMPLETE,TRUE
Comal Springs,2022,2022-07-01,31,115.2258064516129,31,100,TRUE,COMPLETE,TRUE,FALSE,COMPLETE,TRUE
Comal Springs,2022,2022-08-01,31,104.12903225806451,31,100,TRUE,COMPLETE,TRUE,FALSE,COMPLETE,TRUE
Comal Springs,2022,2022-09-01,30,115.73333333333333,30,100,TRUE,COMPLETE,TRUE,FALSE,COMPLETE,TRUE
Comal Springs,2022,2022-10-01,31,96.51612903225806,31,100,TRUE,COMPLETE,TRUE,FALSE,COMPLETE,TRUE
Comal Springs,2022,2022-11-01,30,119.86666666666666,30,100,TRUE,COMPLETE,TRUE,FALSE,COMPLETE,TRUE
Comal Springs,2022,2022-12-01,31,126.16129032258064,31,100,TRUE,COMPLETE,TRUE,FALSE,COMPLETE,TRUE
Comal Springs,2023,2023-01-01,31,125.3225806451613,31,100,TRUE,COMPLETE,TRUE,FALSE,COMPLETE,TRUE
Comal Springs,2023,2023-02-01,28,124.89285714285714,28,100,TRUE,COMPLETE,TRUE,FALSE,COMPLETE,TRUE
Comal Springs,2023,2023-03-01,31,115.64516129032258,31,100,TRUE,COMPLETE,TRUE,FALSE,COMPLETE,TRUE
Comal Springs,2023,2023-04-01,30,133.7,30,100,TRUE,COMPLETE,TRUE,FALSE,COMPLETE,TRUE
Comal Springs,2023,2023-05-01,31,169.25806451612902,31,100,TRUE,COMPLETE,TRUE,FALSE,COMPLETE,TRUE
Comal Springs,2023,2023-06-01,30,160.83333333333334,30,100,TRUE,COMPLETE,TRUE,FALSE,COMPLETE,TRUE
Comal Springs,2023,2023-07-01,31,93.7741935483871,31,100,TRUE,COMPLETE,TRUE,FALSE,COMPLETE,TRUE
Comal Springs,2023,2023-08-01,31,64.3225806451613,31,100,TRUE,COMPLETE,TRUE,FALSE,COMPLETE,TRUE
Comal Springs,2023,2023-09-01,30,70.33333333333333,30,100,TRUE,COMPLETE,TRUE,FALSE,COMPLETE,TRUE
Comal Springs,2023,2023-10-01,31,88.74193548387096,31,100,TRUE,COMPLETE,TRUE,FALSE,COMPLETE,TRUE
Comal Springs,2023,2023-11-01,30,116.96666666666667,30,100,TRUE,COMPLETE,TRUE,FALSE,COMPLETE,TRUE
Comal Springs,2023,2023-12-01,31,129.7741935483871,31,100,TRUE,COMPLETE,TRUE,FALSE,COMPLETE,TRUE
Comal Springs,2024,2024-01-01,31,153.25806451612902,31,100,TRUE,COMPLETE,TRUE,FALSE,COMPLETE,TRUE
Comal Springs,2024,2024-02-01,29,181.3793103448276,29,100,TRUE,COMPLETE,TRUE,FALSE,COMPLETE,TRUE
Comal Springs,2024,2024-03-01,31,159.48387096774192,31,100,TRUE,COMPLETE,TRUE,FALSE,COMPLETE,TRUE
Comal Springs,2024,2024-04-01,30,149.76666666666668,30,100,TRUE,COMPLETE,TRUE,FALSE,COMPLETE,TRUE
Comal Springs,2024,2024-05-01,31,128,31,100,TRUE,COMPLETE,TRUE,FALSE,COMPLETE,TRUE
Comal Springs,2024,2024-06-01,30,91.8,30,100,TRUE,COMPLETE,TRUE,FALSE,COMPLETE,TRUE
Comal Springs,2024,2024-07-01,31,100.19354838709677,31,100,TRUE,COMPLETE,TRUE,FALSE,COMPLETE,TRUE
Comal Springs,2024,2024-08-01,31,99.16129032258064,31,100,TRUE,COMPLETE,TRUE,FALSE,COMPLETE,TRUE
Comal Springs,2024,2024-09-01,30,87.86666666666666,30,100,TRUE,COMPLETE,TRUE,FALSE,COMPLETE,TRUE
Comal Springs,2024,2024-10-01,31,63.806451612903224,31,100,TRUE,COMPLETE,TRUE,FALSE,COMPLETE,TRUE
Comal Springs,2024,2024-11-01,30,68.03333333333333,30,100,TRUE,COMPLETE,TRUE,FALSE,COMPLETE,TRUE
Comal Springs,2024,2024-12-01,31,60.516129032258064,31,100,TRUE,COMPLETE,TRUE,FALSE,COMPLETE,TRUE
Comal Springs,2025,2025-01-01,31,71.80645161290323,31,100,TRUE,COMPLETE,TRUE,FALSE,COMPLETE,TRUE
Comal Springs,2025,2025-02-01,28,87,28,100,TRUE,COMPLETE,TRUE,FALSE,COMPLETE,TRUE
Comal Springs,2025,2025-03-01,31,73.16129032258064,31,100,TRUE,COMPLETE,TRUE,FALSE,COMPLETE,TRUE
Comal Springs,2025,2025-04-01,30,66.96666666666667,30,100,TRUE,COMPLETE,TRUE,FALSE,COMPLETE,TRUE
Comal Springs,2025,2025-05-01,31,61.45161290322581,31,100,TRUE,COMPLETE,TRUE,FALSE,COMPLETE,TRUE
Comal Springs,2025,2025-06-01,30,115.43333333333334,30,100,TRUE,COMPLETE,TRUE,FALSE,COMPLETE,TRUE
Comal Springs,2025,2025-07-01,31,141.09677419354838,31,100,TRUE,COMPLETE,TRUE,FALSE,COMPLETE,TRUE
Comal Springs,2025,2025-08-01,31,90.48387096774194,31,100,TRUE,COMPLETE,TRUE,FALSE,COMPLETE,TRUE
Comal Springs,2025,2025-09-01,30,91.73333333333333,30,100,TRUE,COMPLETE,TRUE,FALSE,COMPLETE,TRUE
Comal Springs,2025,2025-10-01,31,66,31,100,TRUE,COMPLETE,TRUE,FALSE,COMPLETE,TRUE
Comal Springs,2025,2025-11-01,30,65.43333333333334,30,100,TRUE,COMPLETE,TRUE,FALSE,COMPLETE,TRUE
Comal Springs,2025,2025-12-01,31,73.12903225806451,31,100,TRUE,COMPLETE,TRUE,FALSE,COMPLETE,TRUE
Comal Springs,2026,2026-01-01,31,73.58064516129032,31,100,TRUE,CURRENT YEAR - COMPLETE THROUGH DATA END,TRUE,FALSE,COMPLETE,TRUE
Comal Springs,2026,2026-02-01,28,71.64285714285714,28,100,TRUE,CURRENT YEAR - COMPLETE THROUGH DATA END,TRUE,FALSE,COMPLETE,TRUE
Comal Springs,2026,2026-03-01,31,62.935483870967744,31,100,TRUE,CURRENT YEAR - COMPLETE THROUGH DATA END,TRUE,FALSE,COMPLETE,TRUE
Comal Springs,2026,2026-04-01,30,77.23333333333333,30,100,TRUE,CURRENT YEAR - COMPLETE THROUGH DATA END,TRUE,FALSE,COMPLETE,TRUE
Comal Springs,2026,2026-05-01,31,148.32258064516128,31,100,TRUE,CURRENT YEAR - COMPLETE THROUGH DATA END,TRUE,FALSE,COMPLETE,TRUE
Comal Springs,2026,2026-06-01,30,167.53333333333333,30,100,TRUE,CURRENT YEAR - COMPLETE THROUGH DATA END,TRUE,FALSE,COMPLETE,TRUE
Comal Springs,2026,2026-07-01,31,189.80645161290323,31,100,TRUE,CURRENT YEAR - COMPLETE THROUGH DATA END,TRUE,FALSE,COMPLETE,TRUE
San Marcos Springs,1927,1927-12-01,0,NA,31,0,FALSE,NA,NA,NA,MISSING,FALSE
San Marcos Springs,1928,1928-01-01,0,NA,31,0,FALSE,NA,NA,NA,MISSING,FALSE
San Marcos Springs,1928,1928-02-01,0,NA,29,0,FALSE,NA,NA,NA,MISSING,FALSE
San Marcos Springs,1928,1928-03-01,0,NA,31,0,FALSE,NA,NA,NA,MISSING,FALSE
San Marcos Springs,1928,1928-04-01,0,NA,30,0,FALSE,NA,NA,NA,MISSING,FALSE
San Marcos Springs,1928,1928-05-01,0,NA,31,0,FALSE,NA,NA,NA,MISSING,FALSE
San Marcos Springs,1928,1928-06-01,0,NA,30,0,FALSE,NA,NA,NA,MISSING,FALSE
San Marcos Springs,1928,1928-07-01,0,NA,31,0,FALSE,NA,NA,NA,MISSING,FALSE
San Marcos Springs,1928,1928-08-01,0,NA,31,0,FALSE,NA,NA,NA,MISSING,FALSE
San Marcos Springs,1928,1928-09-01,0,NA,30,0,FALSE,NA,NA,NA,MISSING,FALSE
San Marcos Springs,1928,1928-10-01,0,NA,31,0,FALSE,NA,NA,NA,MISSING,FALSE
San Marcos Springs,1928,1928-11-01,0,NA,30,0,FALSE,NA,NA,NA,MISSING,FALSE
San Marcos Springs,1928,1928-12-01,0,NA,31,0,FALSE,NA,NA,NA,MISSING,FALSE
San Marcos Springs,1929,1929-01-01,0,NA,31,0,FALSE,NA,NA,NA,MISSING,FALSE
San Marcos Springs,1929,1929-02-01,0,NA,28,0,FALSE,NA,NA,NA,MISSING,FALSE
San Marcos Springs,1929,1929-03-01,0,NA,31,0,FALSE,NA,NA,NA,MISSING,FALSE
San Marcos Springs,1929,1929-04-01,0,NA,30,0,FALSE,NA,NA,NA,MISSING,FALSE
San Marcos Springs,1929,1929-05-01,0,NA,31,0,FALSE,NA,NA,NA,MISSING,FALSE
San Marcos Springs,1929,1929-06-01,0,NA,30,0,FALSE,NA,NA,NA,MISSING,FALSE
San Marcos Springs,1929,1929-07-01,0,NA,31,0,FALSE,NA,NA,NA,MISSING,FALSE
San Marcos Springs,1929,1929-08-01,0,NA,31,0,FALSE,NA,NA,NA,MISSING,FALSE
San Marcos Springs,1929,1929-09-01,0,NA,30,0,FALSE,NA,NA,NA,MISSING,FALSE
San Marcos Springs,1929,1929-10-01,0,NA,31,0,FALSE,NA,NA,NA,MISSING,FALSE
San Marcos Springs,1929,1929-11-01,0,NA,30,0,FALSE,NA,NA,NA,MISSING,FALSE
San Marcos Springs,1929,1929-12-01,0,NA,31,0,FALSE,NA,NA,NA,MISSING,FALSE
San Marcos Springs,1930,1930-01-01,0,NA,31,0,FALSE,NA,NA,NA,MISSING,FALSE
San Marcos Springs,1930,1930-02-01,0,NA,28,0,FALSE,NA,NA,NA,MISSING,FALSE
San Marcos Springs,1930,1930-03-01,0,NA,31,0,FALSE,NA,NA,NA,MISSING,FALSE
San Marcos Springs,1930,1930-04-01,0,NA,30,0,FALSE,NA,NA,NA,MISSING,FALSE
San Marcos Springs,1930,1930-05-01,0,NA,31,0,FALSE,NA,NA,NA,MISSING,FALSE
San Marcos Springs,1930,1930-06-01,0,NA,30,0,FALSE,NA,NA,NA,MISSING,FALSE
San Marcos Springs,1930,1930-07-01,0,NA,31,0,FALSE,NA,NA,NA,MISSING,FALSE
San Marcos Springs,1930,1930-08-01,0,NA,31,0,FALSE,NA,NA,NA,MISSING,FALSE
San Marcos Springs,1930,1930-09-01,0,NA,30,0,FALSE,NA,NA,NA,MISSING,FALSE
San Marcos Springs,1930,1930-10-01,0,NA,31,0,FALSE,NA,NA,NA,MISSING,FALSE
San Marcos Springs,1930,1930-11-01,0,NA,30,0,FALSE,NA,NA,NA,MISSING,FALSE
San Marcos Springs,1930,1930-12-01,0,NA,31,0,FALSE,NA,NA,NA,MISSING,FALSE
San Marcos Springs,1931,1931-01-01,0,NA,31,0,FALSE,NA,NA,NA,MISSING,FALSE
San Marcos Springs,1931,1931-02-01,0,NA,28,0,FALSE,NA,NA,NA,MISSING,FALSE
San Marcos Springs,1931,1931-03-01,0,NA,31,0,FALSE,NA,NA,NA,MISSING,FALSE
San Marcos Springs,1931,1931-04-01,0,NA,30,0,FALSE,NA,NA,NA,MISSING,FALSE
San Marcos Springs,1931,1931-05-01,0,NA,31,0,FALSE,NA,NA,NA,MISSING,FALSE
San Marcos Springs,1931,1931-06-01,0,NA,30,0,FALSE,NA,NA,NA,MISSING,FALSE
San Marcos Springs,1931,1931-07-01,0,NA,31,0,FALSE,NA,NA,NA,MISSING,FALSE
San Marcos Springs,1931,1931-08-01,0,NA,31,0,FALSE,NA,NA,NA,MISSING,FALSE
San Marcos Springs,1931,1931-09-01,0,NA,30,0,FALSE,NA,NA,NA,MISSING,FALSE
San Marcos Springs,1931,1931-10-01,0,NA,31,0,FALSE,NA,NA,NA,MISSING,FALSE
San Marcos Springs,1931,1931-11-01,0,NA,30,0,FALSE,NA,NA,NA,MISSING,FALSE
San Marcos Springs,1931,1931-12-01,0,NA,31,0,FALSE,NA,NA,NA,MISSING,FALSE
San Marcos Springs,1932,1932-01-01,0,NA,31,0,FALSE,NA,NA,NA,MISSING,FALSE
San Marcos Springs,1932,1932-02-01,0,NA,29,0,FALSE,NA,NA,NA,MISSING,FALSE
San Marcos Springs,1932,1932-03-01,0,NA,31,0,FALSE,NA,NA,NA,MISSING,FALSE
San Marcos Springs,1932,1932-04-01,0,NA,30,0,FALSE,NA,NA,NA,MISSING,FALSE
San Marcos Springs,1932,1932-05-01,0,NA,31,0,FALSE,NA,NA,NA,MISSING,FALSE
San Marcos Springs,1932,1932-06-01,0,NA,30,0,FALSE,NA,NA,NA,MISSING,FALSE
San Marcos Springs,1932,1932-07-01,0,NA,31,0,FALSE,NA,NA,NA,MISSING,FALSE
San Marcos Springs,1932,1932-08-01,0,NA,31,0,FALSE,NA,NA,NA,MISSING,FALSE
San Marcos Springs,1932,1932-09-01,0,NA,30,0,FALSE,NA,NA,NA,MISSING,FALSE
San Marcos Springs,1932,1932-10-01,0,NA,31,0,FALSE,NA,NA,NA,MISSING,FALSE
San Marcos Springs,1932,1932-11-01,0,NA,30,0,FALSE,NA,NA,NA,MISSING,FALSE
San Marcos Springs,1932,1932-12-01,0,NA,31,0,FALSE,NA,NA,NA,MISSING,FALSE
San Marcos Springs,1933,1933-01-01,0,NA,31,0,FALSE,NA,NA,NA,MISSING,FALSE
San Marcos Springs,1933,1933-02-01,0,NA,28,0,FALSE,NA,NA,NA,MISSING,FALSE
San Marcos Springs,1933,1933-03-01,0,NA,31,0,FALSE,NA,NA,NA,MISSING,FALSE
San Marcos Springs,1933,1933-04-01,0,NA,30,0,FALSE,NA,NA,NA,MISSING,FALSE
San Marcos Springs,1933,1933-05-01,0,NA,31,0,FALSE,NA,NA,NA,MISSING,FALSE
San Marcos Springs,1933,1933-06-01,0,NA,30,0,FALSE,NA,NA,NA,MISSING,FALSE
San Marcos Springs,1933,1933-07-01,0,NA,31,0,FALSE,NA,NA,NA,MISSING,FALSE
San Marcos Springs,1933,1933-08-01,0,NA,31,0,FALSE,NA,NA,NA,MISSING,FALSE
San Marcos Springs,1933,1933-09-01,0,NA,30,0,FALSE,NA,NA,NA,MISSING,FALSE
San Marcos Springs,1933,1933-10-01,0,NA,31,0,FALSE,NA,NA,NA,MISSING,FALSE
San Marcos Springs,1933,1933-11-01,0,NA,30,0,FALSE,NA,NA,NA,MISSING,FALSE
San Marcos Springs,1933,1933-12-01,0,NA,31,0,FALSE,NA,NA,NA,MISSING,FALSE
San Marcos Springs,1934,1934-01-01,0,NA,31,0,FALSE,NA,NA,NA,MISSING,FALSE
San Marcos Springs,1934,1934-02-01,0,NA,28,0,FALSE,NA,NA,NA,MISSING,FALSE
San Marcos Springs,1934,1934-03-01,0,NA,31,0,FALSE,NA,NA,NA,MISSING,FALSE
San Marcos Springs,1934,1934-04-01,0,NA,30,0,FALSE,NA,NA,NA,MISSING,FALSE
San Marcos Springs,1934,1934-05-01,0,NA,31,0,FALSE,NA,NA,NA,MISSING,FALSE
San Marcos Springs,1934,1934-06-01,0,NA,30,0,FALSE,NA,NA,NA,MISSING,FALSE
San Marcos Springs,1934,1934-07-01,0,NA,31,0,FALSE,NA,NA,NA,MISSING,FALSE
San Marcos Springs,1934,1934-08-01,0,NA,31,0,FALSE,NA,NA,NA,MISSING,FALSE
San Marcos Springs,1934,1934-09-01,0,NA,30,0,FALSE,NA,NA,NA,MISSING,FALSE
San Marcos Springs,1934,1934-10-01,0,NA,31,0,FALSE,NA,NA,NA,MISSING,FALSE
San Marcos Springs,1934,1934-11-01,0,NA,30,0,FALSE,NA,NA,NA,MISSING,FALSE
San Marcos Springs,1934,1934-12-01,0,NA,31,0,FALSE,NA,NA,NA,MISSING,FALSE
San Marcos Springs,1935,1935-01-01,0,NA,31,0,FALSE,NA,NA,NA,MISSING,FALSE
San Marcos Springs,1935,1935-02-01,0,NA,28,0,FALSE,NA,NA,NA,MISSING,FALSE
San Marcos Springs,1935,1935-03-01,0,NA,31,0,FALSE,NA,NA,NA,MISSING,FALSE
San Marcos Springs,1935,1935-04-01,0,NA,30,0,FALSE,NA,NA,NA,MISSING,FALSE
San Marcos Springs,1935,1935-05-01,0,NA,31,0,FALSE,NA,NA,NA,MISSING,FALSE
San Marcos Springs,1935,1935-06-01,0,NA,30,0,FALSE,NA,NA,NA,MISSING,FALSE
San Marcos Springs,1935,1935-07-01,0,NA,31,0,FALSE,NA,NA,NA,MISSING,FALSE
San Marcos Springs,1935,1935-08-01,0,NA,31,0,FALSE,NA,NA,NA,MISSING,FALSE
San Marcos Springs,1935,1935-09-01,0,NA,30,0,FALSE,NA,NA,NA,MISSING,FALSE
San Marcos Springs,1935,1935-10-01,0,NA,31,0,FALSE,NA,NA,NA,MISSING,FALSE
San Marcos Springs,1935,1935-11-01,0,NA,30,0,FALSE,NA,NA,NA,MISSING,FALSE
San Marcos Springs,1935,1935-12-01,0,NA,31,0,FALSE,NA,NA,NA,MISSING,FALSE
San Marcos Springs,1936,1936-01-01,0,NA,31,0,FALSE,NA,NA,NA,MISSING,FALSE
San Marcos Springs,1936,1936-02-01,0,NA,29,0,FALSE,NA,NA,NA,MISSING,FALSE
San Marcos Springs,1936,1936-03-01,0,NA,31,0,FALSE,NA,NA,NA,MISSING,FALSE
San Marcos Springs,1936,1936-04-01,0,NA,30,0,FALSE,NA,NA,NA,MISSING,FALSE
San Marcos Springs,1936,1936-05-01,0,NA,31,0,FALSE,NA,NA,NA,MISSING,FALSE
San Marcos Springs,1936,1936-06-01,0,NA,30,0,FALSE,NA,NA,NA,MISSING,FALSE
San Marcos Springs,1936,1936-07-01,0,NA,31,0,FALSE,NA,NA,NA,MISSING,FALSE
San Marcos Springs,1936,1936-08-01,0,NA,31,0,FALSE,NA,NA,NA,MISSING,FALSE
San Marcos Springs,1936,1936-09-01,0,NA,30,0,FALSE,NA,NA,NA,MISSING,FALSE
San Marcos Springs,1936,1936-10-01,0,NA,31,0,FALSE,NA,NA,NA,MISSING,FALSE
San Marcos Springs,1936,1936-11-01,0,NA,30,0,FALSE,NA,NA,NA,MISSING,FALSE
San Marcos Springs,1936,1936-12-01,0,NA,31,0,FALSE,NA,NA,NA,MISSING,FALSE
San Marcos Springs,1937,1937-01-01,0,NA,31,0,FALSE,NA,NA,NA,MISSING,FALSE
San Marcos Springs,1937,1937-02-01,0,NA,28,0,FALSE,NA,NA,NA,MISSING,FALSE
San Marcos Springs,1937,1937-03-01,0,NA,31,0,FALSE,NA,NA,NA,MISSING,FALSE
San Marcos Springs,1937,1937-04-01,0,NA,30,0,FALSE,NA,NA,NA,MISSING,FALSE
San Marcos Springs,1937,1937-05-01,0,NA,31,0,FALSE,NA,NA,NA,MISSING,FALSE
San Marcos Springs,1937,1937-06-01,0,NA,30,0,FALSE,NA,NA,NA,MISSING,FALSE
San Marcos Springs,1937,1937-07-01,0,NA,31,0,FALSE,NA,NA,NA,MISSING,FALSE
San Marcos Springs,1937,1937-08-01,0,NA,31,0,FALSE,NA,NA,NA,MISSING,FALSE
San Marcos Springs,1937,1937-09-01,0,NA,30,0,FALSE,NA,NA,NA,MISSING,FALSE
San Marcos Springs,1937,1937-10-01,0,NA,31,0,FALSE,NA,NA,NA,MISSING,FALSE
San Marcos Springs,1937,1937-11-01,0,NA,30,0,FALSE,NA,NA,NA,MISSING,FALSE
San Marcos Springs,1937,1937-12-01,0,NA,31,0,FALSE,NA,NA,NA,MISSING,FALSE
San Marcos Springs,1938,1938-01-01,0,NA,31,0,FALSE,NA,NA,NA,MISSING,FALSE
San Marcos Springs,1938,1938-02-01,0,NA,28,0,FALSE,NA,NA,NA,MISSING,FALSE
San Marcos Springs,1938,1938-03-01,0,NA,31,0,FALSE,NA,NA,NA,MISSING,FALSE
San Marcos Springs,1938,1938-04-01,0,NA,30,0,FALSE,NA,NA,NA,MISSING,FALSE
San Marcos Springs,1938,1938-05-01,0,NA,31,0,FALSE,NA,NA,NA,MISSING,FALSE
San Marcos Springs,1938,1938-06-01,0,NA,30,0,FALSE,NA,NA,NA,MISSING,FALSE
San Marcos Springs,1938,1938-07-01,0,NA,31,0,FALSE,NA,NA,NA,MISSING,FALSE
San Marcos Springs,1938,1938-08-01,0,NA,31,0,FALSE,NA,NA,NA,MISSING,FALSE
San Marcos Springs,1938,1938-09-01,0,NA,30,0,FALSE,NA,NA,NA,MISSING,FALSE
San Marcos Springs,1938,1938-10-01,0,NA,31,0,FALSE,NA,NA,NA,MISSING,FALSE
San Marcos Springs,1938,1938-11-01,0,NA,30,0,FALSE,NA,NA,NA,MISSING,FALSE
San Marcos Springs,1938,1938-12-01,0,NA,31,0,FALSE,NA,NA,NA,MISSING,FALSE
San Marcos Springs,1939,1939-01-01,0,NA,31,0,FALSE,NA,NA,NA,MISSING,FALSE
San Marcos Springs,1939,1939-02-01,0,NA,28,0,FALSE,NA,NA,NA,MISSING,FALSE
San Marcos Springs,1939,1939-03-01,0,NA,31,0,FALSE,NA,NA,NA,MISSING,FALSE
San Marcos Springs,1939,1939-04-01,0,NA,30,0,FALSE,NA,NA,NA,MISSING,FALSE
San Marcos Springs,1939,1939-05-01,0,NA,31,0,FALSE,NA,NA,NA,MISSING,FALSE
San Marcos Springs,1939,1939-06-01,0,NA,30,0,FALSE,NA,NA,NA,MISSING,FALSE
San Marcos Springs,1939,1939-07-01,0,NA,31,0,FALSE,NA,NA,NA,MISSING,FALSE
San Marcos Springs,1939,1939-08-01,0,NA,31,0,FALSE,NA,NA,NA,MISSING,FALSE
San Marcos Springs,1939,1939-09-01,0,NA,30,0,FALSE,NA,NA,NA,MISSING,FALSE
San Marcos Springs,1939,1939-10-01,0,NA,31,0,FALSE,NA,NA,NA,MISSING,FALSE
San Marcos Springs,1939,1939-11-01,0,NA,30,0,FALSE,NA,NA,NA,MISSING,FALSE
San Marcos Springs,1939,1939-12-01,0,NA,31,0,FALSE,NA,NA,NA,MISSING,FALSE
San Marcos Springs,1940,1940-01-01,0,NA,31,0,FALSE,NA,NA,NA,MISSING,FALSE
San Marcos Springs,1940,1940-02-01,0,NA,29,0,FALSE,NA,NA,NA,MISSING,FALSE
San Marcos Springs,1940,1940-03-01,0,NA,31,0,FALSE,NA,NA,NA,MISSING,FALSE
San Marcos Springs,1940,1940-04-01,0,NA,30,0,FALSE,NA,NA,NA,MISSING,FALSE
San Marcos Springs,1940,1940-05-01,0,NA,31,0,FALSE,NA,NA,NA,MISSING,FALSE
San Marcos Springs,1940,1940-06-01,0,NA,30,0,FALSE,NA,NA,NA,MISSING,FALSE
San Marcos Springs,1940,1940-07-01,0,NA,31,0,FALSE,NA,NA,NA,MISSING,FALSE
San Marcos Springs,1940,1940-08-01,0,NA,31,0,FALSE,NA,NA,NA,MISSING,FALSE
San Marcos Springs,1940,1940-09-01,0,NA,30,0,FALSE,NA,NA,NA,MISSING,FALSE
San Marcos Springs,1940,1940-10-01,0,NA,31,0,FALSE,NA,NA,NA,MISSING,FALSE
San Marcos Springs,1940,1940-11-01,0,NA,30,0,FALSE,NA,NA,NA,MISSING,FALSE
San Marcos Springs,1940,1940-12-01,0,NA,31,0,FALSE,NA,NA,NA,MISSING,FALSE
San Marcos Springs,1941,1941-01-01,0,NA,31,0,FALSE,NA,NA,NA,MISSING,FALSE
San Marcos Springs,1941,1941-02-01,0,NA,28,0,FALSE,NA,NA,NA,MISSING,FALSE
San Marcos Springs,1941,1941-03-01,0,NA,31,0,FALSE,NA,NA,NA,MISSING,FALSE
San Marcos Springs,1941,1941-04-01,0,NA,30,0,FALSE,NA,NA,NA,MISSING,FALSE
San Marcos Springs,1941,1941-05-01,0,NA,31,0,FALSE,NA,NA,NA,MISSING,FALSE
San Marcos Springs,1941,1941-06-01,0,NA,30,0,FALSE,NA,NA,NA,MISSING,FALSE
San Marcos Springs,1941,1941-07-01,0,NA,31,0,FALSE,NA,NA,NA,MISSING,FALSE
San Marcos Springs,1941,1941-08-01,0,NA,31,0,FALSE,NA,NA,NA,MISSING,FALSE
San Marcos Springs,1941,1941-09-01,0,NA,30,0,FALSE,NA,NA,NA,MISSING,FALSE
San Marcos Springs,1941,1941-10-01,0,NA,31,0,FALSE,NA,NA,NA,MISSING,FALSE
San Marcos Springs,1941,1941-11-01,0,NA,30,0,FALSE,NA,NA,NA,MISSING,FALSE
San Marcos Springs,1941,1941-12-01,0,NA,31,0,FALSE,NA,NA,NA,MISSING,FALSE
San Marcos Springs,1942,1942-01-01,0,NA,31,0,FALSE,NA,NA,NA,MISSING,FALSE
San Marcos Springs,1942,1942-02-01,0,NA,28,0,FALSE,NA,NA,NA,MISSING,FALSE
San Marcos Springs,1942,1942-03-01,0,NA,31,0,FALSE,NA,NA,NA,MISSING,FALSE
San Marcos Springs,1942,1942-04-01,0,NA,30,0,FALSE,NA,NA,NA,MISSING,FALSE
San Marcos Springs,1942,1942-05-01,0,NA,31,0,FALSE,NA,NA,NA,MISSING,FALSE
San Marcos Springs,1942,1942-06-01,0,NA,30,0,FALSE,NA,NA,NA,MISSING,FALSE
San Marcos Springs,1942,1942-07-01,0,NA,31,0,FALSE,NA,NA,NA,MISSING,FALSE
San Marcos Springs,1942,1942-08-01,0,NA,31,0,FALSE,NA,NA,NA,MISSING,FALSE
San Marcos Springs,1942,1942-09-01,0,NA,30,0,FALSE,NA,NA,NA,MISSING,FALSE
San Marcos Springs,1942,1942-10-01,0,NA,31,0,FALSE,NA,NA,NA,MISSING,FALSE
San Marcos Springs,1942,1942-11-01,0,NA,30,0,FALSE,NA,NA,NA,MISSING,FALSE
San Marcos Springs,1942,1942-12-01,0,NA,31,0,FALSE,NA,NA,NA,MISSING,FALSE
San Marcos Springs,1943,1943-01-01,0,NA,31,0,FALSE,NA,NA,NA,MISSING,FALSE
San Marcos Springs,1943,1943-02-01,0,NA,28,0,FALSE,NA,NA,NA,MISSING,FALSE
San Marcos Springs,1943,1943-03-01,0,NA,31,0,FALSE,NA,NA,NA,MISSING,FALSE
San Marcos Springs,1943,1943-04-01,0,NA,30,0,FALSE,NA,NA,NA,MISSING,FALSE
San Marcos Springs,1943,1943-05-01,0,NA,31,0,FALSE,NA,NA,NA,MISSING,FALSE
San Marcos Springs,1943,1943-06-01,0,NA,30,0,FALSE,NA,NA,NA,MISSING,FALSE
San Marcos Springs,1943,1943-07-01,0,NA,31,0,FALSE,NA,NA,NA,MISSING,FALSE
San Marcos Springs,1943,1943-08-01,0,NA,31,0,FALSE,NA,NA,NA,MISSING,FALSE
San Marcos Springs,1943,1943-09-01,0,NA,30,0,FALSE,NA,NA,NA,MISSING,FALSE
San Marcos Springs,1943,1943-10-01,0,NA,31,0,FALSE,NA,NA,NA,MISSING,FALSE
San Marcos Springs,1943,1943-11-01,0,NA,30,0,FALSE,NA,NA,NA,MISSING,FALSE
San Marcos Springs,1943,1943-12-01,0,NA,31,0,FALSE,NA,NA,NA,MISSING,FALSE
San Marcos Springs,1944,1944-01-01,0,NA,31,0,FALSE,NA,NA,NA,MISSING,FALSE
San Marcos Springs,1944,1944-02-01,0,NA,29,0,FALSE,NA,NA,NA,MISSING,FALSE
San Marcos Springs,1944,1944-03-01,0,NA,31,0,FALSE,NA,NA,NA,MISSING,FALSE
San Marcos Springs,1944,1944-04-01,0,NA,30,0,FALSE,NA,NA,NA,MISSING,FALSE
San Marcos Springs,1944,1944-05-01,0,NA,31,0,FALSE,NA,NA,NA,MISSING,FALSE
San Marcos Springs,1944,1944-06-01,0,NA,30,0,FALSE,NA,NA,NA,MISSING,FALSE
San Marcos Springs,1944,1944-07-01,0,NA,31,0,FALSE,NA,NA,NA,MISSING,FALSE
San Marcos Springs,1944,1944-08-01,0,NA,31,0,FALSE,NA,NA,NA,MISSING,FALSE
San Marcos Springs,1944,1944-09-01,0,NA,30,0,FALSE,NA,NA,NA,MISSING,FALSE
San Marcos Springs,1944,1944-10-01,0,NA,31,0,FALSE,NA,NA,NA,MISSING,FALSE
San Marcos Springs,1944,1944-11-01,0,NA,30,0,FALSE,NA,NA,NA,MISSING,FALSE
San Marcos Springs,1944,1944-12-01,0,NA,31,0,FALSE,NA,NA,NA,MISSING,FALSE
San Marcos Springs,1945,1945-01-01,0,NA,31,0,FALSE,NA,NA,NA,MISSING,FALSE
San Marcos Springs,1945,1945-02-01,0,NA,28,0,FALSE,NA,NA,NA,MISSING,FALSE
San Marcos Springs,1945,1945-03-01,0,NA,31,0,FALSE,NA,NA,NA,MISSING,FALSE
San Marcos Springs,1945,1945-04-01,0,NA,30,0,FALSE,NA,NA,NA,MISSING,FALSE
San Marcos Springs,1945,1945-05-01,0,NA,31,0,FALSE,NA,NA,NA,MISSING,FALSE
San Marcos Springs,1945,1945-06-01,0,NA,30,0,FALSE,NA,NA,NA,MISSING,FALSE
San Marcos Springs,1945,1945-07-01,0,NA,31,0,FALSE,NA,NA,NA,MISSING,FALSE
San Marcos Springs,1945,1945-08-01,0,NA,31,0,FALSE,NA,NA,NA,MISSING,FALSE
San Marcos Springs,1945,1945-09-01,0,NA,30,0,FALSE,NA,NA,NA,MISSING,FALSE
San Marcos Springs,1945,1945-10-01,0,NA,31,0,FALSE,NA,NA,NA,MISSING,FALSE
San Marcos Springs,1945,1945-11-01,0,NA,30,0,FALSE,NA,NA,NA,MISSING,FALSE
San Marcos Springs,1945,1945-12-01,0,NA,31,0,FALSE,NA,NA,NA,MISSING,FALSE
San Marcos Springs,1946,1946-01-01,0,NA,31,0,FALSE,NA,NA,NA,MISSING,FALSE
San Marcos Springs,1946,1946-02-01,0,NA,28,0,FALSE,NA,NA,NA,MISSING,FALSE
San Marcos Springs,1946,1946-03-01,0,NA,31,0,FALSE,NA,NA,NA,MISSING,FALSE
San Marcos Springs,1946,1946-04-01,0,NA,30,0,FALSE,NA,NA,NA,MISSING,FALSE
San Marcos Springs,1946,1946-05-01,0,NA,31,0,FALSE,NA,NA,NA,MISSING,FALSE
San Marcos Springs,1946,1946-06-01,0,NA,30,0,FALSE,NA,NA,NA,MISSING,FALSE
San Marcos Springs,1946,1946-07-01,0,NA,31,0,FALSE,NA,NA,NA,MISSING,FALSE
San Marcos Springs,1946,1946-08-01,0,NA,31,0,FALSE,NA,NA,NA,MISSING,FALSE
San Marcos Springs,1946,1946-09-01,0,NA,30,0,FALSE,NA,NA,NA,MISSING,FALSE
San Marcos Springs,1946,1946-10-01,0,NA,31,0,FALSE,NA,NA,NA,MISSING,FALSE
San Marcos Springs,1946,1946-11-01,0,NA,30,0,FALSE,NA,NA,NA,MISSING,FALSE
San Marcos Springs,1946,1946-12-01,0,NA,31,0,FALSE,NA,NA,NA,MISSING,FALSE
San Marcos Springs,1947,1947-01-01,0,NA,31,0,FALSE,NA,NA,NA,MISSING,FALSE
San Marcos Springs,1947,1947-02-01,0,NA,28,0,FALSE,NA,NA,NA,MISSING,FALSE
San Marcos Springs,1947,1947-03-01,0,NA,31,0,FALSE,NA,NA,NA,MISSING,FALSE
San Marcos Springs,1947,1947-04-01,0,NA,30,0,FALSE,NA,NA,NA,MISSING,FALSE
San Marcos Springs,1947,1947-05-01,0,NA,31,0,FALSE,NA,NA,NA,MISSING,FALSE
San Marcos Springs,1947,1947-06-01,0,NA,30,0,FALSE,NA,NA,NA,MISSING,FALSE
San Marcos Springs,1947,1947-07-01,0,NA,31,0,FALSE,NA,NA,NA,MISSING,FALSE
San Marcos Springs,1947,1947-08-01,0,NA,31,0,FALSE,NA,NA,NA,MISSING,FALSE
San Marcos Springs,1947,1947-09-01,0,NA,30,0,FALSE,NA,NA,NA,MISSING,FALSE
San Marcos Springs,1947,1947-10-01,0,NA,31,0,FALSE,NA,NA,NA,MISSING,FALSE
San Marcos Springs,1947,1947-11-01,0,NA,30,0,FALSE,NA,NA,NA,MISSING,FALSE
San Marcos Springs,1947,1947-12-01,0,NA,31,0,FALSE,NA,NA,NA,MISSING,FALSE
San Marcos Springs,1948,1948-01-01,0,NA,31,0,FALSE,NA,NA,NA,MISSING,FALSE
San Marcos Springs,1948,1948-02-01,0,NA,29,0,FALSE,NA,NA,NA,MISSING,FALSE
San Marcos Springs,1948,1948-03-01,0,NA,31,0,FALSE,NA,NA,NA,MISSING,FALSE
San Marcos Springs,1948,1948-04-01,0,NA,30,0,FALSE,NA,NA,NA,MISSING,FALSE
San Marcos Springs,1948,1948-05-01,0,NA,31,0,FALSE,NA,NA,NA,MISSING,FALSE
San Marcos Springs,1948,1948-06-01,0,NA,30,0,FALSE,NA,NA,NA,MISSING,FALSE
San Marcos Springs,1948,1948-07-01,0,NA,31,0,FALSE,NA,NA,NA,MISSING,FALSE
San Marcos Springs,1948,1948-08-01,0,NA,31,0,FALSE,NA,NA,NA,MISSING,FALSE
San Marcos Springs,1948,1948-09-01,0,NA,30,0,FALSE,NA,NA,NA,MISSING,FALSE
San Marcos Springs,1948,1948-10-01,0,NA,31,0,FALSE,NA,NA,NA,MISSING,FALSE
San Marcos Springs,1948,1948-11-01,0,NA,30,0,FALSE,NA,NA,NA,MISSING,FALSE
San Marcos Springs,1948,1948-12-01,0,NA,31,0,FALSE,NA,NA,NA,MISSING,FALSE
San Marcos Springs,1949,1949-01-01,0,NA,31,0,FALSE,NA,NA,NA,MISSING,FALSE
San Marcos Springs,1949,1949-02-01,0,NA,28,0,FALSE,NA,NA,NA,MISSING,FALSE
San Marcos Springs,1949,1949-03-01,0,NA,31,0,FALSE,NA,NA,NA,MISSING,FALSE
San Marcos Springs,1949,1949-04-01,0,NA,30,0,FALSE,NA,NA,NA,MISSING,FALSE
San Marcos Springs,1949,1949-05-01,0,NA,31,0,FALSE,NA,NA,NA,MISSING,FALSE
San Marcos Springs,1949,1949-06-01,0,NA,30,0,FALSE,NA,NA,NA,MISSING,FALSE
San Marcos Springs,1949,1949-07-01,0,NA,31,0,FALSE,NA,NA,NA,MISSING,FALSE
San Marcos Springs,1949,1949-08-01,0,NA,31,0,FALSE,NA,NA,NA,MISSING,FALSE
San Marcos Springs,1949,1949-09-01,0,NA,30,0,FALSE,NA,NA,NA,MISSING,FALSE
San Marcos Springs,1949,1949-10-01,0,NA,31,0,FALSE,NA,NA,NA,MISSING,FALSE
San Marcos Springs,1949,1949-11-01,0,NA,30,0,FALSE,NA,NA,NA,MISSING,FALSE
San Marcos Springs,1949,1949-12-01,0,NA,31,0,FALSE,NA,NA,NA,MISSING,FALSE
San Marcos Springs,1950,1950-01-01,0,NA,31,0,FALSE,NA,NA,NA,MISSING,FALSE
San Marcos Springs,1950,1950-02-01,0,NA,28,0,FALSE,NA,NA,NA,MISSING,FALSE
San Marcos Springs,1950,1950-03-01,0,NA,31,0,FALSE,NA,NA,NA,MISSING,FALSE
San Marcos Springs,1950,1950-04-01,0,NA,30,0,FALSE,NA,NA,NA,MISSING,FALSE
San Marcos Springs,1950,1950-05-01,0,NA,31,0,FALSE,NA,NA,NA,MISSING,FALSE
San Marcos Springs,1950,1950-06-01,0,NA,30,0,FALSE,NA,NA,NA,MISSING,FALSE
San Marcos Springs,1950,1950-07-01,0,NA,31,0,FALSE,NA,NA,NA,MISSING,FALSE
San Marcos Springs,1950,1950-08-01,0,NA,31,0,FALSE,NA,NA,NA,MISSING,FALSE
San Marcos Springs,1950,1950-09-01,0,NA,30,0,FALSE,NA,NA,NA,MISSING,FALSE
San Marcos Springs,1950,1950-10-01,0,NA,31,0,FALSE,NA,NA,NA,MISSING,FALSE
San Marcos Springs,1950,1950-11-01,0,NA,30,0,FALSE,NA,NA,NA,MISSING,FALSE
San Marcos Springs,1950,1950-12-01,0,NA,31,0,FALSE,NA,NA,NA,MISSING,FALSE
San Marcos Springs,1951,1951-01-01,0,NA,31,0,FALSE,NA,NA,NA,MISSING,FALSE
San Marcos Springs,1951,1951-02-01,0,NA,28,0,FALSE,NA,NA,NA,MISSING,FALSE
San Marcos Springs,1951,1951-03-01,0,NA,31,0,FALSE,NA,NA,NA,MISSING,FALSE
San Marcos Springs,1951,1951-04-01,0,NA,30,0,FALSE,NA,NA,NA,MISSING,FALSE
San Marcos Springs,1951,1951-05-01,0,NA,31,0,FALSE,NA,NA,NA,MISSING,FALSE
San Marcos Springs,1951,1951-06-01,0,NA,30,0,FALSE,NA,NA,NA,MISSING,FALSE
San Marcos Springs,1951,1951-07-01,0,NA,31,0,FALSE,NA,NA,NA,MISSING,FALSE
San Marcos Springs,1951,1951-08-01,0,NA,31,0,FALSE,NA,NA,NA,MISSING,FALSE
San Marcos Springs,1951,1951-09-01,0,NA,30,0,FALSE,NA,NA,NA,MISSING,FALSE
San Marcos Springs,1951,1951-10-01,0,NA,31,0,FALSE,NA,NA,NA,MISSING,FALSE
San Marcos Springs,1951,1951-11-01,0,NA,30,0,FALSE,NA,NA,NA,MISSING,FALSE
San Marcos Springs,1951,1951-12-01,0,NA,31,0,FALSE,NA,NA,NA,MISSING,FALSE
San Marcos Springs,1952,1952-01-01,0,NA,31,0,FALSE,NA,NA,NA,MISSING,FALSE
San Marcos Springs,1952,1952-02-01,0,NA,29,0,FALSE,NA,NA,NA,MISSING,FALSE
San Marcos Springs,1952,1952-03-01,0,NA,31,0,FALSE,NA,NA,NA,MISSING,FALSE
San Marcos Springs,1952,1952-04-01,0,NA,30,0,FALSE,NA,NA,NA,MISSING,FALSE
San Marcos Springs,1952,1952-05-01,0,NA,31,0,FALSE,NA,NA,NA,MISSING,FALSE
San Marcos Springs,1952,1952-06-01,0,NA,30,0,FALSE,NA,NA,NA,MISSING,FALSE
San Marcos Springs,1952,1952-07-01,0,NA,31,0,FALSE,NA,NA,NA,MISSING,FALSE
San Marcos Springs,1952,1952-08-01,0,NA,31,0,FALSE,NA,NA,NA,MISSING,FALSE
San Marcos Springs,1952,1952-09-01,0,NA,30,0,FALSE,NA,NA,NA,MISSING,FALSE
San Marcos Springs,1952,1952-10-01,0,NA,31,0,FALSE,NA,NA,NA,MISSING,FALSE
San Marcos Springs,1952,1952-11-01,0,NA,30,0,FALSE,NA,NA,NA,MISSING,FALSE
San Marcos Springs,1952,1952-12-01,0,NA,31,0,FALSE,NA,NA,NA,MISSING,FALSE
San Marcos Springs,1953,1953-01-01,0,NA,31,0,FALSE,NA,NA,NA,MISSING,FALSE
San Marcos Springs,1953,1953-02-01,0,NA,28,0,FALSE,NA,NA,NA,MISSING,FALSE
San Marcos Springs,1953,1953-03-01,0,NA,31,0,FALSE,NA,NA,NA,MISSING,FALSE
San Marcos Springs,1953,1953-04-01,0,NA,30,0,FALSE,NA,NA,NA,MISSING,FALSE
San Marcos Springs,1953,1953-05-01,0,NA,31,0,FALSE,NA,NA,NA,MISSING,FALSE
San Marcos Springs,1953,1953-06-01,0,NA,30,0,FALSE,NA,NA,NA,MISSING,FALSE
San Marcos Springs,1953,1953-07-01,0,NA,31,0,FALSE,NA,NA,NA,MISSING,FALSE
San Marcos Springs,1953,1953-08-01,0,NA,31,0,FALSE,NA,NA,NA,MISSING,FALSE
San Marcos Springs,1953,1953-09-01,0,NA,30,0,FALSE,NA,NA,NA,MISSING,FALSE
San Marcos Springs,1953,1953-10-01,0,NA,31,0,FALSE,NA,NA,NA,MISSING,FALSE
San Marcos Springs,1953,1953-11-01,0,NA,30,0,FALSE,NA,NA,NA,MISSING,FALSE
San Marcos Springs,1953,1953-12-01,0,NA,31,0,FALSE,NA,NA,NA,MISSING,FALSE
San Marcos Springs,1954,1954-01-01,0,NA,31,0,FALSE,NA,NA,NA,MISSING,FALSE
San Marcos Springs,1954,1954-02-01,0,NA,28,0,FALSE,NA,NA,NA,MISSING,FALSE
San Marcos Springs,1954,1954-03-01,0,NA,31,0,FALSE,NA,NA,NA,MISSING,FALSE
San Marcos Springs,1954,1954-04-01,0,NA,30,0,FALSE,NA,NA,NA,MISSING,FALSE
San Marcos Springs,1954,1954-05-01,0,NA,31,0,FALSE,NA,NA,NA,MISSING,FALSE
San Marcos Springs,1954,1954-06-01,0,NA,30,0,FALSE,NA,NA,NA,MISSING,FALSE
San Marcos Springs,1954,1954-07-01,0,NA,31,0,FALSE,NA,NA,NA,MISSING,FALSE
San Marcos Springs,1954,1954-08-01,0,NA,31,0,FALSE,NA,NA,NA,MISSING,FALSE
San Marcos Springs,1954,1954-09-01,0,NA,30,0,FALSE,NA,NA,NA,MISSING,FALSE
San Marcos Springs,1954,1954-10-01,0,NA,31,0,FALSE,NA,NA,NA,MISSING,FALSE
San Marcos Springs,1954,1954-11-01,0,NA,30,0,FALSE,NA,NA,NA,MISSING,FALSE
San Marcos Springs,1954,1954-12-01,0,NA,31,0,FALSE,NA,NA,NA,MISSING,FALSE
San Marcos Springs,1955,1955-01-01,0,NA,31,0,FALSE,NA,NA,NA,MISSING,FALSE
San Marcos Springs,1955,1955-02-01,0,NA,28,0,FALSE,NA,NA,NA,MISSING,FALSE
San Marcos Springs,1955,1955-03-01,0,NA,31,0,FALSE,NA,NA,NA,MISSING,FALSE
San Marcos Springs,1955,1955-04-01,0,NA,30,0,FALSE,NA,NA,NA,MISSING,FALSE
San Marcos Springs,1955,1955-05-01,0,NA,31,0,FALSE,NA,NA,NA,MISSING,FALSE
San Marcos Springs,1955,1955-06-01,0,NA,30,0,FALSE,NA,NA,NA,MISSING,FALSE
San Marcos Springs,1955,1955-07-01,0,NA,31,0,FALSE,NA,NA,NA,MISSING,FALSE
San Marcos Springs,1955,1955-08-01,0,NA,31,0,FALSE,NA,NA,NA,MISSING,FALSE
San Marcos Springs,1955,1955-09-01,0,NA,30,0,FALSE,NA,NA,NA,MISSING,FALSE
San Marcos Springs,1955,1955-10-01,0,NA,31,0,FALSE,NA,NA,NA,MISSING,FALSE
San Marcos Springs,1955,1955-11-01,0,NA,30,0,FALSE,NA,NA,NA,MISSING,FALSE
San Marcos Springs,1955,1955-12-01,0,NA,31,0,FALSE,NA,NA,NA,MISSING,FALSE
San Marcos Springs,1956,1956-01-01,0,NA,31,0,FALSE,"PARTIAL, RETAINED - RECORD START",TRUE,TRUE,MISSING,FALSE
San Marcos Springs,1956,1956-02-01,0,NA,29,0,FALSE,"PARTIAL, RETAINED - RECORD START",TRUE,TRUE,MISSING,FALSE
San Marcos Springs,1956,1956-03-01,0,NA,31,0,FALSE,"PARTIAL, RETAINED - RECORD START",TRUE,TRUE,MISSING,FALSE
San Marcos Springs,1956,1956-04-01,0,NA,30,0,FALSE,"PARTIAL, RETAINED - RECORD START",TRUE,TRUE,MISSING,FALSE
San Marcos Springs,1956,1956-05-01,6,67,31,19.35483870967742,FALSE,"PARTIAL, RETAINED - RECORD START",TRUE,TRUE,"PARTIAL, LOW COVERAGE",FALSE
San Marcos Springs,1956,1956-06-01,30,63.63333333333333,30,100,TRUE,"PARTIAL, RETAINED - RECORD START",TRUE,TRUE,COMPLETE,TRUE
San Marcos Springs,1956,1956-07-01,31,54.54838709677419,31,100,TRUE,"PARTIAL, RETAINED - RECORD START",TRUE,TRUE,COMPLETE,TRUE
San Marcos Springs,1956,1956-08-01,31,53.54838709677419,31,100,TRUE,"PARTIAL, RETAINED - RECORD START",TRUE,TRUE,COMPLETE,TRUE
San Marcos Springs,1956,1956-09-01,30,59.13333333333333,30,100,TRUE,"PARTIAL, RETAINED - RECORD START",TRUE,TRUE,COMPLETE,TRUE
San Marcos Springs,1956,1956-10-01,31,64.58064516129032,31,100,TRUE,"PARTIAL, RETAINED - RECORD START",TRUE,TRUE,COMPLETE,TRUE
San Marcos Springs,1956,1956-11-01,30,70.26666666666667,30,100,TRUE,"PARTIAL, RETAINED - RECORD START",TRUE,TRUE,COMPLETE,TRUE
San Marcos Springs,1956,1956-12-01,31,72,31,100,TRUE,"PARTIAL, RETAINED - RECORD START",TRUE,TRUE,COMPLETE,TRUE
San Marcos Springs,1957,1957-01-01,31,74.25806451612904,31,100,TRUE,COMPLETE,TRUE,FALSE,COMPLETE,TRUE
San Marcos Springs,1957,1957-02-01,28,72.39285714285714,28,100,TRUE,COMPLETE,TRUE,FALSE,COMPLETE,TRUE
San Marcos Springs,1957,1957-03-01,31,93.12903225806451,31,100,TRUE,COMPLETE,TRUE,FALSE,COMPLETE,TRUE
San Marcos Springs,1957,1957-04-01,30,133.13333333333333,30,100,TRUE,COMPLETE,TRUE,FALSE,COMPLETE,TRUE
San Marcos Springs,1957,1957-05-01,31,200.41935483870967,31,100,TRUE,COMPLETE,TRUE,FALSE,COMPLETE,TRUE
San Marcos Springs,1957,1957-06-01,30,193,30,100,TRUE,COMPLETE,TRUE,FALSE,COMPLETE,TRUE
San Marcos Springs,1957,1957-07-01,31,154.41935483870967,31,100,TRUE,COMPLETE,TRUE,FALSE,COMPLETE,TRUE
San Marcos Springs,1957,1957-08-01,31,135.6451612903226,31,100,TRUE,COMPLETE,TRUE,FALSE,COMPLETE,TRUE
San Marcos Springs,1957,1957-09-01,30,134.06666666666666,30,100,TRUE,COMPLETE,TRUE,FALSE,COMPLETE,TRUE
San Marcos Springs,1957,1957-10-01,31,199.25806451612902,31,100,TRUE,COMPLETE,TRUE,FALSE,COMPLETE,TRUE
San Marcos Springs,1957,1957-11-01,30,221.66666666666666,30,100,TRUE,COMPLETE,TRUE,FALSE,COMPLETE,TRUE
San Marcos Springs,1957,1957-12-01,31,211.03225806451613,31,100,TRUE,COMPLETE,TRUE,FALSE,COMPLETE,TRUE
San Marcos Springs,1958,1958-01-01,31,197.67741935483872,31,100,TRUE,COMPLETE,TRUE,FALSE,COMPLETE,TRUE
San Marcos Springs,1958,1958-02-01,28,218.21428571428572,28,100,TRUE,COMPLETE,TRUE,FALSE,COMPLETE,TRUE
San Marcos Springs,1958,1958-03-01,31,259.8709677419355,31,100,TRUE,COMPLETE,TRUE,FALSE,COMPLETE,TRUE
San Marcos Springs,1958,1958-04-01,30,234.96666666666667,30,100,TRUE,COMPLETE,TRUE,FALSE,COMPLETE,TRUE
San Marcos Springs,1958,1958-05-01,31,268.4516129032258,31,100,TRUE,COMPLETE,TRUE,FALSE,COMPLETE,TRUE
San Marcos Springs,1958,1958-06-01,30,235.33333333333334,30,100,TRUE,COMPLETE,TRUE,FALSE,COMPLETE,TRUE
San Marcos Springs,1958,1958-07-01,31,196.2258064516129,31,100,TRUE,COMPLETE,TRUE,FALSE,COMPLETE,TRUE
San Marcos Springs,1958,1958-08-01,31,169.74193548387098,31,100,TRUE,COMPLETE,TRUE,FALSE,COMPLETE,TRUE
San Marcos Springs,1958,1958-09-01,30,164.3,30,100,TRUE,COMPLETE,TRUE,FALSE,COMPLETE,TRUE
San Marcos Springs,1958,1958-10-01,31,180.96774193548387,31,100,TRUE,COMPLETE,TRUE,FALSE,COMPLETE,TRUE
San Marcos Springs,1958,1958-11-01,30,216.53333333333333,30,100,TRUE,COMPLETE,TRUE,FALSE,COMPLETE,TRUE
San Marcos Springs,1958,1958-12-01,31,201.67741935483872,31,100,TRUE,COMPLETE,TRUE,FALSE,COMPLETE,TRUE
San Marcos Springs,1959,1959-01-01,31,175.74193548387098,31,100,TRUE,COMPLETE,TRUE,FALSE,COMPLETE,TRUE
San Marcos Springs,1959,1959-02-01,28,175.10714285714286,28,100,TRUE,COMPLETE,TRUE,FALSE,COMPLETE,TRUE
San Marcos Springs,1959,1959-03-01,31,163.1290322580645,31,100,TRUE,COMPLETE,TRUE,FALSE,COMPLETE,TRUE
San Marcos Springs,1959,1959-04-01,30,167.06666666666666,30,100,TRUE,COMPLETE,TRUE,FALSE,COMPLETE,TRUE
San Marcos Springs,1959,1959-05-01,31,176.3548387096774,31,100,TRUE,COMPLETE,TRUE,FALSE,COMPLETE,TRUE
San Marcos Springs,1959,1959-06-01,30,162.13333333333333,30,100,TRUE,COMPLETE,TRUE,FALSE,COMPLETE,TRUE
San Marcos Springs,1959,1959-07-01,31,153.7741935483871,31,100,TRUE,COMPLETE,TRUE,FALSE,COMPLETE,TRUE
San Marcos Springs,1959,1959-08-01,31,141.6451612903226,31,100,TRUE,COMPLETE,TRUE,FALSE,COMPLETE,TRUE
San Marcos Springs,1959,1959-09-01,30,135.16666666666666,30,100,TRUE,COMPLETE,TRUE,FALSE,COMPLETE,TRUE
San Marcos Springs,1959,1959-10-01,31,162.74193548387098,31,100,TRUE,COMPLETE,TRUE,FALSE,COMPLETE,TRUE
San Marcos Springs,1959,1959-11-01,30,160.33333333333334,30,100,TRUE,COMPLETE,TRUE,FALSE,COMPLETE,TRUE
San Marcos Springs,1959,1959-12-01,31,151.19354838709677,31,100,TRUE,COMPLETE,TRUE,FALSE,COMPLETE,TRUE
San Marcos Springs,1960,1960-01-01,31,147.48387096774192,31,100,TRUE,COMPLETE,TRUE,FALSE,COMPLETE,TRUE
San Marcos Springs,1960,1960-02-01,29,157.68965517241378,29,100,TRUE,COMPLETE,TRUE,FALSE,COMPLETE,TRUE
San Marcos Springs,1960,1960-03-01,31,154.09677419354838,31,100,TRUE,COMPLETE,TRUE,FALSE,COMPLETE,TRUE
San Marcos Springs,1960,1960-04-01,30,167.83333333333334,30,100,TRUE,COMPLETE,TRUE,FALSE,COMPLETE,TRUE
San Marcos Springs,1960,1960-05-01,31,217.83870967741936,31,100,TRUE,COMPLETE,TRUE,FALSE,COMPLETE,TRUE
San Marcos Springs,1960,1960-06-01,30,203.5,30,100,TRUE,COMPLETE,TRUE,FALSE,COMPLETE,TRUE
San Marcos Springs,1960,1960-07-01,31,212.06451612903226,31,100,TRUE,COMPLETE,TRUE,FALSE,COMPLETE,TRUE
San Marcos Springs,1960,1960-08-01,31,202.16129032258064,31,100,TRUE,COMPLETE,TRUE,FALSE,COMPLETE,TRUE
San Marcos Springs,1960,1960-09-01,30,202.06666666666666,30,100,TRUE,COMPLETE,TRUE,FALSE,COMPLETE,TRUE
San Marcos Springs,1960,1960-10-01,31,190.74193548387098,31,100,TRUE,COMPLETE,TRUE,FALSE,COMPLETE,TRUE
San Marcos Springs,1960,1960-11-01,30,238.8,30,100,TRUE,COMPLETE,TRUE,FALSE,COMPLETE,TRUE
San Marcos Springs,1960,1960-12-01,31,241.7741935483871,31,100,TRUE,COMPLETE,TRUE,FALSE,COMPLETE,TRUE
San Marcos Springs,1961,1961-01-01,31,237.6451612903226,31,100,TRUE,COMPLETE,TRUE,FALSE,COMPLETE,TRUE
San Marcos Springs,1961,1961-02-01,28,245.5,28,100,TRUE,COMPLETE,TRUE,FALSE,COMPLETE,TRUE
San Marcos Springs,1961,1961-03-01,31,228.03225806451613,31,100,TRUE,COMPLETE,TRUE,FALSE,COMPLETE,TRUE
San Marcos Springs,1961,1961-04-01,30,221,30,100,TRUE,COMPLETE,TRUE,FALSE,COMPLETE,TRUE
San Marcos Springs,1961,1961-05-01,31,208.25806451612902,31,100,TRUE,COMPLETE,TRUE,FALSE,COMPLETE,TRUE
San Marcos Springs,1961,1961-06-01,30,192.83333333333334,30,100,TRUE,COMPLETE,TRUE,FALSE,COMPLETE,TRUE
San Marcos Springs,1961,1961-07-01,31,179.3548387096774,31,100,TRUE,COMPLETE,TRUE,FALSE,COMPLETE,TRUE
San Marcos Springs,1961,1961-08-01,31,173.38709677419354,31,100,TRUE,COMPLETE,TRUE,FALSE,COMPLETE,TRUE
San Marcos Springs,1961,1961-09-01,30,154.16666666666666,30,100,TRUE,COMPLETE,TRUE,FALSE,COMPLETE,TRUE
San Marcos Springs,1961,1961-10-01,31,154.74193548387098,31,100,TRUE,COMPLETE,TRUE,FALSE,COMPLETE,TRUE
San Marcos Springs,1961,1961-11-01,30,151,30,100,TRUE,COMPLETE,TRUE,FALSE,COMPLETE,TRUE
San Marcos Springs,1961,1961-12-01,31,149.70967741935485,31,100,TRUE,COMPLETE,TRUE,FALSE,COMPLETE,TRUE
San Marcos Springs,1962,1962-01-01,31,142.16129032258064,31,100,TRUE,COMPLETE,TRUE,FALSE,COMPLETE,TRUE
San Marcos Springs,1962,1962-02-01,28,135.96428571428572,28,100,TRUE,COMPLETE,TRUE,FALSE,COMPLETE,TRUE
San Marcos Springs,1962,1962-03-01,31,133.29032258064515,31,100,TRUE,COMPLETE,TRUE,FALSE,COMPLETE,TRUE
San Marcos Springs,1962,1962-04-01,30,131.83333333333334,30,100,TRUE,COMPLETE,TRUE,FALSE,COMPLETE,TRUE
San Marcos Springs,1962,1962-05-01,31,129.48387096774192,31,100,TRUE,COMPLETE,TRUE,FALSE,COMPLETE,TRUE
San Marcos Springs,1962,1962-06-01,30,116.5,30,100,TRUE,COMPLETE,TRUE,FALSE,COMPLETE,TRUE
San Marcos Springs,1962,1962-07-01,31,107.2258064516129,31,100,TRUE,COMPLETE,TRUE,FALSE,COMPLETE,TRUE
San Marcos Springs,1962,1962-08-01,31,111.29032258064517,31,100,TRUE,COMPLETE,TRUE,FALSE,COMPLETE,TRUE
San Marcos Springs,1962,1962-09-01,30,141.33333333333334,30,100,TRUE,COMPLETE,TRUE,FALSE,COMPLETE,TRUE
San Marcos Springs,1962,1962-10-01,31,165.09677419354838,31,100,TRUE,COMPLETE,TRUE,FALSE,COMPLETE,TRUE
San Marcos Springs,1962,1962-11-01,30,140.83333333333334,30,100,TRUE,COMPLETE,TRUE,FALSE,COMPLETE,TRUE
San Marcos Springs,1962,1962-12-01,31,134.25806451612902,31,100,TRUE,COMPLETE,TRUE,FALSE,COMPLETE,TRUE
San Marcos Springs,1963,1963-01-01,31,127.96774193548387,31,100,TRUE,COMPLETE,TRUE,FALSE,COMPLETE,TRUE
San Marcos Springs,1963,1963-02-01,28,124.39285714285714,28,100,TRUE,COMPLETE,TRUE,FALSE,COMPLETE,TRUE
San Marcos Springs,1963,1963-03-01,31,125.51612903225806,31,100,TRUE,COMPLETE,TRUE,FALSE,COMPLETE,TRUE
San Marcos Springs,1963,1963-04-01,30,127.16666666666667,30,100,TRUE,COMPLETE,TRUE,FALSE,COMPLETE,TRUE
San Marcos Springs,1963,1963-05-01,31,127.48387096774194,31,100,TRUE,COMPLETE,TRUE,FALSE,COMPLETE,TRUE
San Marcos Springs,1963,1963-06-01,30,125.66666666666667,30,100,TRUE,COMPLETE,TRUE,FALSE,COMPLETE,TRUE
San Marcos Springs,1963,1963-07-01,31,105.7741935483871,31,100,TRUE,COMPLETE,TRUE,FALSE,COMPLETE,TRUE
San Marcos Springs,1963,1963-08-01,31,98.74193548387096,31,100,TRUE,COMPLETE,TRUE,FALSE,COMPLETE,TRUE
San Marcos Springs,1963,1963-09-01,30,88.8,30,100,TRUE,COMPLETE,TRUE,FALSE,COMPLETE,TRUE
San Marcos Springs,1963,1963-10-01,31,81.7741935483871,31,100,TRUE,COMPLETE,TRUE,FALSE,COMPLETE,TRUE
San Marcos Springs,1963,1963-11-01,30,86.2,30,100,TRUE,COMPLETE,TRUE,FALSE,COMPLETE,TRUE
San Marcos Springs,1963,1963-12-01,31,86.38709677419355,31,100,TRUE,COMPLETE,TRUE,FALSE,COMPLETE,TRUE
San Marcos Springs,1964,1964-01-01,31,84.2258064516129,31,100,TRUE,COMPLETE,TRUE,FALSE,COMPLETE,TRUE
San Marcos Springs,1964,1964-02-01,29,84.82758620689656,29,100,TRUE,COMPLETE,TRUE,FALSE,COMPLETE,TRUE
San Marcos Springs,1964,1964-03-01,31,89.3225806451613,31,100,TRUE,COMPLETE,TRUE,FALSE,COMPLETE,TRUE
San Marcos Springs,1964,1964-04-01,30,98.06666666666666,30,100,TRUE,COMPLETE,TRUE,FALSE,COMPLETE,TRUE
San Marcos Springs,1964,1964-05-01,31,100.64516129032258,31,100,TRUE,COMPLETE,TRUE,FALSE,COMPLETE,TRUE
San Marcos Springs,1964,1964-06-01,30,104.8,30,100,TRUE,COMPLETE,TRUE,FALSE,COMPLETE,TRUE
San Marcos Springs,1964,1964-07-01,31,102.45161290322581,31,100,TRUE,COMPLETE,TRUE,FALSE,COMPLETE,TRUE
San Marcos Springs,1964,1964-08-01,31,92.3225806451613,31,100,TRUE,COMPLETE,TRUE,FALSE,COMPLETE,TRUE
San Marcos Springs,1964,1964-09-01,30,93.33333333333333,30,100,TRUE,COMPLETE,TRUE,FALSE,COMPLETE,TRUE
San Marcos Springs,1964,1964-10-01,31,103.96774193548387,31,100,TRUE,COMPLETE,TRUE,FALSE,COMPLETE,TRUE
San Marcos Springs,1964,1964-11-01,30,103.6,30,100,TRUE,COMPLETE,TRUE,FALSE,COMPLETE,TRUE
San Marcos Springs,1964,1964-12-01,31,102.06451612903226,31,100,TRUE,COMPLETE,TRUE,FALSE,COMPLETE,TRUE
San Marcos Springs,1965,1965-01-01,31,108.38709677419355,31,100,TRUE,COMPLETE,TRUE,FALSE,COMPLETE,TRUE
San Marcos Springs,1965,1965-02-01,28,174.14285714285714,28,100,TRUE,COMPLETE,TRUE,FALSE,COMPLETE,TRUE
San Marcos Springs,1965,1965-03-01,31,171.70967741935485,31,100,TRUE,COMPLETE,TRUE,FALSE,COMPLETE,TRUE
San Marcos Springs,1965,1965-04-01,30,165.06666666666666,30,100,TRUE,COMPLETE,TRUE,FALSE,COMPLETE,TRUE
San Marcos Springs,1965,1965-05-01,31,194.2258064516129,31,100,TRUE,COMPLETE,TRUE,FALSE,COMPLETE,TRUE
San Marcos Springs,1965,1965-06-01,30,221.5,30,100,TRUE,COMPLETE,TRUE,FALSE,COMPLETE,TRUE
San Marcos Springs,1965,1965-07-01,31,196.58064516129033,31,100,TRUE,COMPLETE,TRUE,FALSE,COMPLETE,TRUE
San Marcos Springs,1965,1965-08-01,31,176.09677419354838,31,100,TRUE,COMPLETE,TRUE,FALSE,COMPLETE,TRUE
San Marcos Springs,1965,1965-09-01,30,154.83333333333334,30,100,TRUE,COMPLETE,TRUE,FALSE,COMPLETE,TRUE
San Marcos Springs,1965,1965-10-01,31,145.2258064516129,31,100,TRUE,COMPLETE,TRUE,FALSE,COMPLETE,TRUE
San Marcos Springs,1965,1965-11-01,30,134.7,30,100,TRUE,COMPLETE,TRUE,FALSE,COMPLETE,TRUE
San Marcos Springs,1965,1965-12-01,31,196.90322580645162,31,100,TRUE,COMPLETE,TRUE,FALSE,COMPLETE,TRUE
San Marcos Springs,1966,1966-01-01,31,190.5483870967742,31,100,TRUE,COMPLETE,TRUE,FALSE,COMPLETE,TRUE
San Marcos Springs,1966,1966-02-01,28,178.21428571428572,28,100,TRUE,COMPLETE,TRUE,FALSE,COMPLETE,TRUE
San Marcos Springs,1966,1966-03-01,31,182.83870967741936,31,100,TRUE,COMPLETE,TRUE,FALSE,COMPLETE,TRUE
San Marcos Springs,1966,1966-04-01,30,170.33333333333334,30,100,TRUE,COMPLETE,TRUE,FALSE,COMPLETE,TRUE
San Marcos Springs,1966,1966-05-01,31,170.58064516129033,31,100,TRUE,COMPLETE,TRUE,FALSE,COMPLETE,TRUE
San Marcos Springs,1966,1966-06-01,30,165.7,30,100,TRUE,COMPLETE,TRUE,FALSE,COMPLETE,TRUE
San Marcos Springs,1966,1966-07-01,31,153.29032258064515,31,100,TRUE,COMPLETE,TRUE,FALSE,COMPLETE,TRUE
San Marcos Springs,1966,1966-08-01,31,144.09677419354838,31,100,TRUE,COMPLETE,TRUE,FALSE,COMPLETE,TRUE
San Marcos Springs,1966,1966-09-01,30,133.83333333333334,30,100,TRUE,COMPLETE,TRUE,FALSE,COMPLETE,TRUE
San Marcos Springs,1966,1966-10-01,31,127.6774193548387,31,100,TRUE,COMPLETE,TRUE,FALSE,COMPLETE,TRUE
San Marcos Springs,1966,1966-11-01,30,117.66666666666667,30,100,TRUE,COMPLETE,TRUE,FALSE,COMPLETE,TRUE
San Marcos Springs,1966,1966-12-01,31,112.41935483870968,31,100,TRUE,COMPLETE,TRUE,FALSE,COMPLETE,TRUE
San Marcos Springs,1967,1967-01-01,31,106.58064516129032,31,100,TRUE,COMPLETE,TRUE,FALSE,COMPLETE,TRUE
San Marcos Springs,1967,1967-02-01,28,97.96428571428571,28,100,TRUE,COMPLETE,TRUE,FALSE,COMPLETE,TRUE
San Marcos Springs,1967,1967-03-01,31,103.54838709677419,31,100,TRUE,COMPLETE,TRUE,FALSE,COMPLETE,TRUE
San Marcos Springs,1967,1967-04-01,30,109.4,30,100,TRUE,COMPLETE,TRUE,FALSE,COMPLETE,TRUE
San Marcos Springs,1967,1967-05-01,31,101.96774193548387,31,100,TRUE,COMPLETE,TRUE,FALSE,COMPLETE,TRUE
San Marcos Springs,1967,1967-06-01,30,95.3,30,100,TRUE,COMPLETE,TRUE,FALSE,COMPLETE,TRUE
San Marcos Springs,1967,1967-07-01,31,84.19354838709677,31,100,TRUE,COMPLETE,TRUE,FALSE,COMPLETE,TRUE
San Marcos Springs,1967,1967-08-01,31,84.16129032258064,31,100,TRUE,COMPLETE,TRUE,FALSE,COMPLETE,TRUE
San Marcos Springs,1967,1967-09-01,30,100.8,30,100,TRUE,COMPLETE,TRUE,FALSE,COMPLETE,TRUE
San Marcos Springs,1967,1967-10-01,31,118,31,100,TRUE,COMPLETE,TRUE,FALSE,COMPLETE,TRUE
San Marcos Springs,1967,1967-11-01,30,140.83333333333334,30,100,TRUE,COMPLETE,TRUE,FALSE,COMPLETE,TRUE
San Marcos Springs,1967,1967-12-01,31,143.93548387096774,31,100,TRUE,COMPLETE,TRUE,FALSE,COMPLETE,TRUE
San Marcos Springs,1968,1968-01-01,31,194.48387096774192,31,100,TRUE,COMPLETE,TRUE,FALSE,COMPLETE,TRUE
San Marcos Springs,1968,1968-02-01,29,261,29,100,TRUE,COMPLETE,TRUE,FALSE,COMPLETE,TRUE
San Marcos Springs,1968,1968-03-01,31,237.90322580645162,31,100,TRUE,COMPLETE,TRUE,FALSE,COMPLETE,TRUE
San Marcos Springs,1968,1968-04-01,30,229,30,100,TRUE,COMPLETE,TRUE,FALSE,COMPLETE,TRUE
San Marcos Springs,1968,1968-05-01,31,235.38709677419354,31,100,TRUE,COMPLETE,TRUE,FALSE,COMPLETE,TRUE
San Marcos Springs,1968,1968-06-01,30,231.53333333333333,30,100,TRUE,COMPLETE,TRUE,FALSE,COMPLETE,TRUE
San Marcos Springs,1968,1968-07-01,31,211.2258064516129,31,100,TRUE,COMPLETE,TRUE,FALSE,COMPLETE,TRUE
San Marcos Springs,1968,1968-08-01,31,170.6451612903226,31,100,TRUE,COMPLETE,TRUE,FALSE,COMPLETE,TRUE
San Marcos Springs,1968,1968-09-01,30,161.5,30,100,TRUE,COMPLETE,TRUE,FALSE,COMPLETE,TRUE
San Marcos Springs,1968,1968-10-01,31,150.06451612903226,31,100,TRUE,COMPLETE,TRUE,FALSE,COMPLETE,TRUE
San Marcos Springs,1968,1968-11-01,30,142.83333333333334,30,100,TRUE,COMPLETE,TRUE,FALSE,COMPLETE,TRUE
San Marcos Springs,1968,1968-12-01,31,142.48387096774192,31,100,TRUE,COMPLETE,TRUE,FALSE,COMPLETE,TRUE
San Marcos Springs,1969,1969-01-01,31,133.1290322580645,31,100,TRUE,COMPLETE,TRUE,FALSE,COMPLETE,TRUE
San Marcos Springs,1969,1969-02-01,28,133.25,28,100,TRUE,COMPLETE,TRUE,FALSE,COMPLETE,TRUE
San Marcos Springs,1969,1969-03-01,31,149.74193548387098,31,100,TRUE,COMPLETE,TRUE,FALSE,COMPLETE,TRUE
San Marcos Springs,1969,1969-04-01,30,173.3,30,100,TRUE,COMPLETE,TRUE,FALSE,COMPLETE,TRUE
San Marcos Springs,1969,1969-05-01,31,209,31,100,TRUE,COMPLETE,TRUE,FALSE,COMPLETE,TRUE
San Marcos Springs,1969,1969-06-01,30,213.66666666666666,30,100,TRUE,COMPLETE,TRUE,FALSE,COMPLETE,TRUE
San Marcos Springs,1969,1969-07-01,31,180.5483870967742,31,100,TRUE,COMPLETE,TRUE,FALSE,COMPLETE,TRUE
San Marcos Springs,1969,1969-08-01,31,161.19354838709677,31,100,TRUE,COMPLETE,TRUE,FALSE,COMPLETE,TRUE
San Marcos Springs,1969,1969-09-01,30,151.66666666666666,30,100,TRUE,COMPLETE,TRUE,FALSE,COMPLETE,TRUE
San Marcos Springs,1969,1969-10-01,31,152.16129032258064,31,100,TRUE,COMPLETE,TRUE,FALSE,COMPLETE,TRUE
San Marcos Springs,1969,1969-11-01,30,144.33333333333334,30,100,TRUE,COMPLETE,TRUE,FALSE,COMPLETE,TRUE
San Marcos Springs,1969,1969-12-01,31,149.19354838709677,31,100,TRUE,COMPLETE,TRUE,FALSE,COMPLETE,TRUE
San Marcos Springs,1970,1970-01-01,31,156.19354838709677,31,100,TRUE,COMPLETE,TRUE,FALSE,COMPLETE,TRUE
San Marcos Springs,1970,1970-02-01,28,169.03571428571428,28,100,TRUE,COMPLETE,TRUE,FALSE,COMPLETE,TRUE
San Marcos Springs,1970,1970-03-01,31,200.70967741935485,31,100,TRUE,COMPLETE,TRUE,FALSE,COMPLETE,TRUE
San Marcos Springs,1970,1970-04-01,30,210.83333333333334,30,100,TRUE,COMPLETE,TRUE,FALSE,COMPLETE,TRUE
San Marcos Springs,1970,1970-05-01,31,242.5483870967742,31,100,TRUE,COMPLETE,TRUE,FALSE,COMPLETE,TRUE
San Marcos Springs,1970,1970-06-01,30,260.23333333333335,30,100,TRUE,COMPLETE,TRUE,FALSE,COMPLETE,TRUE
San Marcos Springs,1970,1970-07-01,31,229.96774193548387,31,100,TRUE,COMPLETE,TRUE,FALSE,COMPLETE,TRUE
San Marcos Springs,1970,1970-08-01,31,198.29032258064515,31,100,TRUE,COMPLETE,TRUE,FALSE,COMPLETE,TRUE
San Marcos Springs,1970,1970-09-01,30,182.76666666666668,30,100,TRUE,COMPLETE,TRUE,FALSE,COMPLETE,TRUE
San Marcos Springs,1970,1970-10-01,31,193.09677419354838,31,100,TRUE,COMPLETE,TRUE,FALSE,COMPLETE,TRUE
San Marcos Springs,1970,1970-11-01,30,185.26666666666668,30,100,TRUE,COMPLETE,TRUE,FALSE,COMPLETE,TRUE
San Marcos Springs,1970,1970-12-01,31,165.67741935483872,31,100,TRUE,COMPLETE,TRUE,FALSE,COMPLETE,TRUE
San Marcos Springs,1971,1971-01-01,31,149.74193548387098,31,100,TRUE,COMPLETE,TRUE,FALSE,COMPLETE,TRUE
San Marcos Springs,1971,1971-02-01,28,144.14285714285714,28,100,TRUE,COMPLETE,TRUE,FALSE,COMPLETE,TRUE
San Marcos Springs,1971,1971-03-01,31,131.03225806451613,31,100,TRUE,COMPLETE,TRUE,FALSE,COMPLETE,TRUE
San Marcos Springs,1971,1971-04-01,30,124.66666666666667,30,100,TRUE,COMPLETE,TRUE,FALSE,COMPLETE,TRUE
San Marcos Springs,1971,1971-05-01,31,119.96774193548387,31,100,TRUE,COMPLETE,TRUE,FALSE,COMPLETE,TRUE
San Marcos Springs,1971,1971-06-01,30,111.56666666666666,30,100,TRUE,COMPLETE,TRUE,FALSE,COMPLETE,TRUE
San Marcos Springs,1971,1971-07-01,31,100.61290322580645,31,100,TRUE,COMPLETE,TRUE,FALSE,COMPLETE,TRUE
San Marcos Springs,1971,1971-08-01,31,115.90322580645162,31,100,TRUE,COMPLETE,TRUE,FALSE,COMPLETE,TRUE
San Marcos Springs,1971,1971-09-01,30,108.46666666666667,30,100,TRUE,COMPLETE,TRUE,FALSE,COMPLETE,TRUE
San Marcos Springs,1971,1971-10-01,31,107.93548387096774,31,100,TRUE,COMPLETE,TRUE,FALSE,COMPLETE,TRUE
San Marcos Springs,1971,1971-11-01,30,119.76666666666667,30,100,TRUE,COMPLETE,TRUE,FALSE,COMPLETE,TRUE
San Marcos Springs,1971,1971-12-01,31,188.5483870967742,31,100,TRUE,COMPLETE,TRUE,FALSE,COMPLETE,TRUE
San Marcos Springs,1972,1972-01-01,31,188.06451612903226,31,100,TRUE,COMPLETE,TRUE,FALSE,COMPLETE,TRUE
San Marcos Springs,1972,1972-02-01,29,174.3448275862069,29,100,TRUE,COMPLETE,TRUE,FALSE,COMPLETE,TRUE
San Marcos Springs,1972,1972-03-01,31,157.48387096774192,31,100,TRUE,COMPLETE,TRUE,FALSE,COMPLETE,TRUE
San Marcos Springs,1972,1972-04-01,30,153.5,30,100,TRUE,COMPLETE,TRUE,FALSE,COMPLETE,TRUE
San Marcos Springs,1972,1972-05-01,31,168.3548387096774,31,100,TRUE,COMPLETE,TRUE,FALSE,COMPLETE,TRUE
San Marcos Springs,1972,1972-06-01,30,170.56666666666666,30,100,TRUE,COMPLETE,TRUE,FALSE,COMPLETE,TRUE
San Marcos Springs,1972,1972-07-01,31,167.32258064516128,31,100,TRUE,COMPLETE,TRUE,FALSE,COMPLETE,TRUE
San Marcos Springs,1972,1972-08-01,31,156.3548387096774,31,100,TRUE,COMPLETE,TRUE,FALSE,COMPLETE,TRUE
San Marcos Springs,1972,1972-09-01,30,147.66666666666666,30,100,TRUE,COMPLETE,TRUE,FALSE,COMPLETE,TRUE
San Marcos Springs,1972,1972-10-01,31,135.80645161290323,31,100,TRUE,COMPLETE,TRUE,FALSE,COMPLETE,TRUE
San Marcos Springs,1972,1972-11-01,30,148.4,30,100,TRUE,COMPLETE,TRUE,FALSE,COMPLETE,TRUE
San Marcos Springs,1972,1972-12-01,31,160.70967741935485,31,100,TRUE,COMPLETE,TRUE,FALSE,COMPLETE,TRUE
San Marcos Springs,1973,1973-01-01,31,162.29032258064515,31,100,TRUE,COMPLETE,TRUE,FALSE,COMPLETE,TRUE
San Marcos Springs,1973,1973-02-01,28,179,28,100,TRUE,COMPLETE,TRUE,FALSE,COMPLETE,TRUE
San Marcos Springs,1973,1973-03-01,31,197.83870967741936,31,100,TRUE,COMPLETE,TRUE,FALSE,COMPLETE,TRUE
San Marcos Springs,1973,1973-04-01,30,206.43333333333334,30,100,TRUE,COMPLETE,TRUE,FALSE,COMPLETE,TRUE
San Marcos Springs,1973,1973-05-01,31,210.7741935483871,31,100,TRUE,COMPLETE,TRUE,FALSE,COMPLETE,TRUE
San Marcos Springs,1973,1973-06-01,30,217.6,30,100,TRUE,COMPLETE,TRUE,FALSE,COMPLETE,TRUE
San Marcos Springs,1973,1973-07-01,31,235.25806451612902,31,100,TRUE,COMPLETE,TRUE,FALSE,COMPLETE,TRUE
San Marcos Springs,1973,1973-08-01,31,221.5483870967742,31,100,TRUE,COMPLETE,TRUE,FALSE,COMPLETE,TRUE
San Marcos Springs,1973,1973-09-01,30,201.36666666666667,30,100,TRUE,COMPLETE,TRUE,FALSE,COMPLETE,TRUE
San Marcos Springs,1973,1973-10-01,31,262.3225806451613,31,100,TRUE,COMPLETE,TRUE,FALSE,COMPLETE,TRUE
San Marcos Springs,1973,1973-11-01,30,279.3,30,100,TRUE,COMPLETE,TRUE,FALSE,COMPLETE,TRUE
San Marcos Springs,1973,1973-12-01,31,245.70967741935485,31,100,TRUE,COMPLETE,TRUE,FALSE,COMPLETE,TRUE
San Marcos Springs,1974,1974-01-01,31,212.09677419354838,31,100,TRUE,COMPLETE,TRUE,FALSE,COMPLETE,TRUE
San Marcos Springs,1974,1974-02-01,28,195.14285714285714,28,100,TRUE,COMPLETE,TRUE,FALSE,COMPLETE,TRUE
San Marcos Springs,1974,1974-03-01,31,180.3548387096774,31,100,TRUE,COMPLETE,TRUE,FALSE,COMPLETE,TRUE
San Marcos Springs,1974,1974-04-01,30,171.4,30,100,TRUE,COMPLETE,TRUE,FALSE,COMPLETE,TRUE
San Marcos Springs,1974,1974-05-01,31,189,31,100,TRUE,COMPLETE,TRUE,FALSE,COMPLETE,TRUE
San Marcos Springs,1974,1974-06-01,30,180,30,100,TRUE,COMPLETE,TRUE,FALSE,COMPLETE,TRUE
San Marcos Springs,1974,1974-07-01,31,157.38709677419354,31,100,TRUE,COMPLETE,TRUE,FALSE,COMPLETE,TRUE
San Marcos Springs,1974,1974-08-01,31,150.41935483870967,31,100,TRUE,COMPLETE,TRUE,FALSE,COMPLETE,TRUE
San Marcos Springs,1974,1974-09-01,30,171.8,30,100,TRUE,COMPLETE,TRUE,FALSE,COMPLETE,TRUE
San Marcos Springs,1974,1974-10-01,31,173.80645161290323,31,100,TRUE,COMPLETE,TRUE,FALSE,COMPLETE,TRUE
San Marcos Springs,1974,1974-11-01,30,199.33333333333334,30,100,TRUE,COMPLETE,TRUE,FALSE,COMPLETE,TRUE
San Marcos Springs,1974,1974-12-01,31,237,31,100,TRUE,COMPLETE,TRUE,FALSE,COMPLETE,TRUE
San Marcos Springs,1975,1975-01-01,31,224.67741935483872,31,100,TRUE,COMPLETE,TRUE,FALSE,COMPLETE,TRUE
San Marcos Springs,1975,1975-02-01,28,263.5357142857143,28,100,TRUE,COMPLETE,TRUE,FALSE,COMPLETE,TRUE
San Marcos Springs,1975,1975-03-01,31,241.90322580645162,31,100,TRUE,COMPLETE,TRUE,FALSE,COMPLETE,TRUE
San Marcos Springs,1975,1975-04-01,30,223.23333333333332,30,100,TRUE,COMPLETE,TRUE,FALSE,COMPLETE,TRUE
San Marcos Springs,1975,1975-05-01,31,265.5483870967742,31,100,TRUE,COMPLETE,TRUE,FALSE,COMPLETE,TRUE
San Marcos Springs,1975,1975-06-01,30,292.8666666666667,30,100,TRUE,COMPLETE,TRUE,FALSE,COMPLETE,TRUE
San Marcos Springs,1975,1975-07-01,31,271.4516129032258,31,100,TRUE,COMPLETE,TRUE,FALSE,COMPLETE,TRUE
San Marcos Springs,1975,1975-08-01,31,244.70967741935485,31,100,TRUE,COMPLETE,TRUE,FALSE,COMPLETE,TRUE
San Marcos Springs,1975,1975-09-01,30,213.66666666666666,30,100,TRUE,COMPLETE,TRUE,FALSE,COMPLETE,TRUE
San Marcos Springs,1975,1975-10-01,31,203.58064516129033,31,100,TRUE,COMPLETE,TRUE,FALSE,COMPLETE,TRUE
San Marcos Springs,1975,1975-11-01,30,195.9,30,100,TRUE,COMPLETE,TRUE,FALSE,COMPLETE,TRUE
San Marcos Springs,1975,1975-12-01,31,180.3548387096774,31,100,TRUE,COMPLETE,TRUE,FALSE,COMPLETE,TRUE
San Marcos Springs,1976,1976-01-01,31,168.8709677419355,31,100,TRUE,COMPLETE,TRUE,FALSE,COMPLETE,TRUE
San Marcos Springs,1976,1976-02-01,29,157.31034482758622,29,100,TRUE,COMPLETE,TRUE,FALSE,COMPLETE,TRUE
San Marcos Springs,1976,1976-03-01,31,142.70967741935485,31,100,TRUE,COMPLETE,TRUE,FALSE,COMPLETE,TRUE
San Marcos Springs,1976,1976-04-01,30,147.4,30,100,TRUE,COMPLETE,TRUE,FALSE,COMPLETE,TRUE
San Marcos Springs,1976,1976-05-01,31,203.06451612903226,31,100,TRUE,COMPLETE,TRUE,FALSE,COMPLETE,TRUE
San Marcos Springs,1976,1976-06-01,30,252.56666666666666,30,100,TRUE,COMPLETE,TRUE,FALSE,COMPLETE,TRUE
San Marcos Springs,1976,1976-07-01,31,248.5483870967742,31,100,TRUE,COMPLETE,TRUE,FALSE,COMPLETE,TRUE
San Marcos Springs,1976,1976-08-01,31,215.83870967741936,31,100,TRUE,COMPLETE,TRUE,FALSE,COMPLETE,TRUE
San Marcos Springs,1976,1976-09-01,30,209.26666666666668,30,100,TRUE,COMPLETE,TRUE,FALSE,COMPLETE,TRUE
San Marcos Springs,1976,1976-10-01,31,220.58064516129033,31,100,TRUE,COMPLETE,TRUE,FALSE,COMPLETE,TRUE
San Marcos Springs,1976,1976-11-01,30,281.23333333333335,30,100,TRUE,COMPLETE,TRUE,FALSE,COMPLETE,TRUE
San Marcos Springs,1976,1976-12-01,31,282.2258064516129,31,100,TRUE,COMPLETE,TRUE,FALSE,COMPLETE,TRUE
San Marcos Springs,1977,1977-01-01,31,276.1290322580645,31,100,TRUE,COMPLETE,TRUE,FALSE,COMPLETE,TRUE
San Marcos Springs,1977,1977-02-01,28,293.2142857142857,28,100,TRUE,COMPLETE,TRUE,FALSE,COMPLETE,TRUE
San Marcos Springs,1977,1977-03-01,31,282.38709677419354,31,100,TRUE,COMPLETE,TRUE,FALSE,COMPLETE,TRUE
San Marcos Springs,1977,1977-04-01,30,273.6,30,100,TRUE,COMPLETE,TRUE,FALSE,COMPLETE,TRUE
San Marcos Springs,1977,1977-05-01,31,273.4516129032258,31,100,TRUE,COMPLETE,TRUE,FALSE,COMPLETE,TRUE
San Marcos Springs,1977,1977-06-01,30,246.26666666666668,30,100,TRUE,COMPLETE,TRUE,FALSE,COMPLETE,TRUE
San Marcos Springs,1977,1977-07-01,31,216.83870967741936,31,100,TRUE,COMPLETE,TRUE,FALSE,COMPLETE,TRUE
San Marcos Springs,1977,1977-08-01,31,194,31,100,TRUE,COMPLETE,TRUE,FALSE,COMPLETE,TRUE
San Marcos Springs,1977,1977-09-01,30,183.53333333333333,30,100,TRUE,COMPLETE,TRUE,FALSE,COMPLETE,TRUE
San Marcos Springs,1977,1977-10-01,31,159.93548387096774,31,100,TRUE,COMPLETE,TRUE,FALSE,COMPLETE,TRUE
San Marcos Springs,1977,1977-11-01,30,149.7,30,100,TRUE,COMPLETE,TRUE,FALSE,COMPLETE,TRUE
San Marcos Springs,1977,1977-12-01,31,137.09677419354838,31,100,TRUE,COMPLETE,TRUE,FALSE,COMPLETE,TRUE
San Marcos Springs,1978,1978-01-01,31,124,31,100,TRUE,COMPLETE,TRUE,FALSE,COMPLETE,TRUE
San Marcos Springs,1978,1978-02-01,28,120.14285714285714,28,100,TRUE,COMPLETE,TRUE,FALSE,COMPLETE,TRUE
San Marcos Springs,1978,1978-03-01,31,116.87096774193549,31,100,TRUE,COMPLETE,TRUE,FALSE,COMPLETE,TRUE
San Marcos Springs,1978,1978-04-01,30,114.4,30,100,TRUE,COMPLETE,TRUE,FALSE,COMPLETE,TRUE
San Marcos Springs,1978,1978-05-01,31,118.41935483870968,31,100,TRUE,COMPLETE,TRUE,FALSE,COMPLETE,TRUE
San Marcos Springs,1978,1978-06-01,30,122.4,30,100,TRUE,COMPLETE,TRUE,FALSE,COMPLETE,TRUE
San Marcos Springs,1978,1978-07-01,31,106.09677419354838,31,100,TRUE,COMPLETE,TRUE,FALSE,COMPLETE,TRUE
San Marcos Springs,1978,1978-08-01,31,112.06451612903226,31,100,TRUE,COMPLETE,TRUE,FALSE,COMPLETE,TRUE
San Marcos Springs,1978,1978-09-01,30,126.36666666666666,30,100,TRUE,COMPLETE,TRUE,FALSE,COMPLETE,TRUE
San Marcos Springs,1978,1978-10-01,31,123.2258064516129,31,100,TRUE,COMPLETE,TRUE,FALSE,COMPLETE,TRUE
San Marcos Springs,1978,1978-11-01,30,126.2,30,100,TRUE,COMPLETE,TRUE,FALSE,COMPLETE,TRUE
San Marcos Springs,1978,1978-12-01,31,138.96774193548387,31,100,TRUE,COMPLETE,TRUE,FALSE,COMPLETE,TRUE
San Marcos Springs,1979,1979-01-01,31,176.2258064516129,31,100,TRUE,COMPLETE,TRUE,FALSE,COMPLETE,TRUE
San Marcos Springs,1979,1979-02-01,28,205.92857142857142,28,100,TRUE,COMPLETE,TRUE,FALSE,COMPLETE,TRUE
San Marcos Springs,1979,1979-03-01,31,230.29032258064515,31,100,TRUE,COMPLETE,TRUE,FALSE,COMPLETE,TRUE
San Marcos Springs,1979,1979-04-01,30,240.76666666666668,30,100,TRUE,COMPLETE,TRUE,FALSE,COMPLETE,TRUE
San Marcos Springs,1979,1979-05-01,31,259.16129032258067,31,100,TRUE,COMPLETE,TRUE,FALSE,COMPLETE,TRUE
San Marcos Springs,1979,1979-06-01,30,235.4,30,100,TRUE,COMPLETE,TRUE,FALSE,COMPLETE,TRUE
San Marcos Springs,1979,1979-07-01,31,210.74193548387098,31,100,TRUE,COMPLETE,TRUE,FALSE,COMPLETE,TRUE
San Marcos Springs,1979,1979-08-01,31,211.1290322580645,31,100,TRUE,COMPLETE,TRUE,FALSE,COMPLETE,TRUE
San Marcos Springs,1979,1979-09-01,30,183.06666666666666,30,100,TRUE,COMPLETE,TRUE,FALSE,COMPLETE,TRUE
San Marcos Springs,1979,1979-10-01,31,164.09677419354838,31,100,TRUE,COMPLETE,TRUE,FALSE,COMPLETE,TRUE
San Marcos Springs,1979,1979-11-01,30,146.3,30,100,TRUE,COMPLETE,TRUE,FALSE,COMPLETE,TRUE
San Marcos Springs,1979,1979-12-01,31,139.8709677419355,31,100,TRUE,COMPLETE,TRUE,FALSE,COMPLETE,TRUE
San Marcos Springs,1980,1980-01-01,31,137.5483870967742,31,100,TRUE,COMPLETE,TRUE,FALSE,COMPLETE,TRUE
San Marcos Springs,1980,1980-02-01,29,134.82758620689654,29,100,TRUE,COMPLETE,TRUE,FALSE,COMPLETE,TRUE
San Marcos Springs,1980,1980-03-01,31,126.87096774193549,31,100,TRUE,COMPLETE,TRUE,FALSE,COMPLETE,TRUE
San Marcos Springs,1980,1980-04-01,30,115.86666666666666,30,100,TRUE,COMPLETE,TRUE,FALSE,COMPLETE,TRUE
San Marcos Springs,1980,1980-05-01,31,135.3548387096774,31,100,TRUE,COMPLETE,TRUE,FALSE,COMPLETE,TRUE
San Marcos Springs,1980,1980-06-01,30,148.63333333333333,30,100,TRUE,COMPLETE,TRUE,FALSE,COMPLETE,TRUE
San Marcos Springs,1980,1980-07-01,31,136.1290322580645,31,100,TRUE,COMPLETE,TRUE,FALSE,COMPLETE,TRUE
San Marcos Springs,1980,1980-08-01,31,130.8709677419355,31,100,TRUE,COMPLETE,TRUE,FALSE,COMPLETE,TRUE
San Marcos Springs,1980,1980-09-01,30,132.6,30,100,TRUE,COMPLETE,TRUE,FALSE,COMPLETE,TRUE
San Marcos Springs,1980,1980-10-01,31,132.61290322580646,31,100,TRUE,COMPLETE,TRUE,FALSE,COMPLETE,TRUE
San Marcos Springs,1980,1980-11-01,30,125.53333333333333,30,100,TRUE,COMPLETE,TRUE,FALSE,COMPLETE,TRUE
San Marcos Springs,1980,1980-12-01,31,129.3548387096774,31,100,TRUE,COMPLETE,TRUE,FALSE,COMPLETE,TRUE
San Marcos Springs,1981,1981-01-01,31,125.87096774193549,31,100,TRUE,COMPLETE,TRUE,FALSE,COMPLETE,TRUE
San Marcos Springs,1981,1981-02-01,28,125.17857142857143,28,100,TRUE,COMPLETE,TRUE,FALSE,COMPLETE,TRUE
San Marcos Springs,1981,1981-03-01,31,127.25806451612904,31,100,TRUE,COMPLETE,TRUE,FALSE,COMPLETE,TRUE
San Marcos Springs,1981,1981-04-01,30,134.36666666666667,30,100,TRUE,COMPLETE,TRUE,FALSE,COMPLETE,TRUE
San Marcos Springs,1981,1981-05-01,31,139.93548387096774,31,100,TRUE,COMPLETE,TRUE,FALSE,COMPLETE,TRUE
San Marcos Springs,1981,1981-06-01,30,246.63333333333333,30,100,TRUE,COMPLETE,TRUE,FALSE,COMPLETE,TRUE
San Marcos Springs,1981,1981-07-01,31,286,31,100,TRUE,COMPLETE,TRUE,FALSE,COMPLETE,TRUE
San Marcos Springs,1981,1981-08-01,31,238.8709677419355,31,100,TRUE,COMPLETE,TRUE,FALSE,COMPLETE,TRUE
San Marcos Springs,1981,1981-09-01,30,212.13333333333333,30,100,TRUE,COMPLETE,TRUE,FALSE,COMPLETE,TRUE
San Marcos Springs,1981,1981-10-01,31,191.38709677419354,31,100,TRUE,COMPLETE,TRUE,FALSE,COMPLETE,TRUE
San Marcos Springs,1981,1981-11-01,30,174.93333333333334,30,100,TRUE,COMPLETE,TRUE,FALSE,COMPLETE,TRUE
San Marcos Springs,1981,1981-12-01,31,164.70967741935485,31,100,TRUE,COMPLETE,TRUE,FALSE,COMPLETE,TRUE
San Marcos Springs,1982,1982-01-01,31,154.09677419354838,31,100,TRUE,COMPLETE,TRUE,FALSE,COMPLETE,TRUE
San Marcos Springs,1982,1982-02-01,28,142.03571428571428,28,100,TRUE,COMPLETE,TRUE,FALSE,COMPLETE,TRUE
San Marcos Springs,1982,1982-03-01,31,132.58064516129033,31,100,TRUE,COMPLETE,TRUE,FALSE,COMPLETE,TRUE
San Marcos Springs,1982,1982-04-01,30,124.63333333333334,30,100,TRUE,COMPLETE,TRUE,FALSE,COMPLETE,TRUE
San Marcos Springs,1982,1982-05-01,31,137.8709677419355,31,100,TRUE,COMPLETE,TRUE,FALSE,COMPLETE,TRUE
San Marcos Springs,1982,1982-06-01,30,131.26666666666668,30,100,TRUE,COMPLETE,TRUE,FALSE,COMPLETE,TRUE
San Marcos Springs,1982,1982-07-01,31,128.09677419354838,31,100,TRUE,COMPLETE,TRUE,FALSE,COMPLETE,TRUE
San Marcos Springs,1982,1982-08-01,31,122.09677419354838,31,100,TRUE,COMPLETE,TRUE,FALSE,COMPLETE,TRUE
San Marcos Springs,1982,1982-09-01,30,121.26666666666667,30,100,TRUE,COMPLETE,TRUE,FALSE,COMPLETE,TRUE
San Marcos Springs,1982,1982-10-01,31,119.09677419354838,31,100,TRUE,COMPLETE,TRUE,FALSE,COMPLETE,TRUE
San Marcos Springs,1982,1982-11-01,30,117.83333333333333,30,100,TRUE,COMPLETE,TRUE,FALSE,COMPLETE,TRUE
San Marcos Springs,1982,1982-12-01,31,119.03225806451613,31,100,TRUE,COMPLETE,TRUE,FALSE,COMPLETE,TRUE
San Marcos Springs,1983,1983-01-01,31,114.87096774193549,31,100,TRUE,COMPLETE,TRUE,FALSE,COMPLETE,TRUE
San Marcos Springs,1983,1983-02-01,28,119.21428571428571,28,100,TRUE,COMPLETE,TRUE,FALSE,COMPLETE,TRUE
San Marcos Springs,1983,1983-03-01,31,141.29032258064515,31,100,TRUE,COMPLETE,TRUE,FALSE,COMPLETE,TRUE
San Marcos Springs,1983,1983-04-01,30,162.86666666666667,30,100,TRUE,COMPLETE,TRUE,FALSE,COMPLETE,TRUE
San Marcos Springs,1983,1983-05-01,31,163.67741935483872,31,100,TRUE,COMPLETE,TRUE,FALSE,COMPLETE,TRUE
San Marcos Springs,1983,1983-06-01,30,177.53333333333333,30,100,TRUE,COMPLETE,TRUE,FALSE,COMPLETE,TRUE
San Marcos Springs,1983,1983-07-01,31,174.8709677419355,31,100,TRUE,COMPLETE,TRUE,FALSE,COMPLETE,TRUE
San Marcos Springs,1983,1983-08-01,31,160.03225806451613,31,100,TRUE,COMPLETE,TRUE,FALSE,COMPLETE,TRUE
San Marcos Springs,1983,1983-09-01,30,145.53333333333333,30,100,TRUE,COMPLETE,TRUE,FALSE,COMPLETE,TRUE
San Marcos Springs,1983,1983-10-01,31,136.09677419354838,31,100,TRUE,COMPLETE,TRUE,FALSE,COMPLETE,TRUE
San Marcos Springs,1983,1983-11-01,30,132.73333333333332,30,100,TRUE,COMPLETE,TRUE,FALSE,COMPLETE,TRUE
San Marcos Springs,1983,1983-12-01,31,130.93548387096774,31,100,TRUE,COMPLETE,TRUE,FALSE,COMPLETE,TRUE
San Marcos Springs,1984,1984-01-01,31,128.58064516129033,31,100,TRUE,COMPLETE,TRUE,FALSE,COMPLETE,TRUE
San Marcos Springs,1984,1984-02-01,29,121.44827586206897,29,100,TRUE,COMPLETE,TRUE,FALSE,COMPLETE,TRUE
San Marcos Springs,1984,1984-03-01,31,113.19354838709677,31,100,TRUE,COMPLETE,TRUE,FALSE,COMPLETE,TRUE
San Marcos Springs,1984,1984-04-01,30,105.5,30,100,TRUE,COMPLETE,TRUE,FALSE,COMPLETE,TRUE
San Marcos Springs,1984,1984-05-01,31,99.25806451612904,31,100,TRUE,COMPLETE,TRUE,FALSE,COMPLETE,TRUE
San Marcos Springs,1984,1984-06-01,30,100.03333333333333,30,100,TRUE,COMPLETE,TRUE,FALSE,COMPLETE,TRUE
San Marcos Springs,1984,1984-07-01,31,85.48387096774194,31,100,TRUE,COMPLETE,TRUE,FALSE,COMPLETE,TRUE
San Marcos Springs,1984,1984-08-01,31,74.61290322580645,31,100,TRUE,COMPLETE,TRUE,FALSE,COMPLETE,TRUE
San Marcos Springs,1984,1984-09-01,30,72.16666666666667,30,100,TRUE,COMPLETE,TRUE,FALSE,COMPLETE,TRUE
San Marcos Springs,1984,1984-10-01,31,86.19354838709677,31,100,TRUE,COMPLETE,TRUE,FALSE,COMPLETE,TRUE
San Marcos Springs,1984,1984-11-01,30,98.73333333333333,30,100,TRUE,COMPLETE,TRUE,FALSE,COMPLETE,TRUE
San Marcos Springs,1984,1984-12-01,31,111.25806451612904,31,100,TRUE,COMPLETE,TRUE,FALSE,COMPLETE,TRUE
San Marcos Springs,1985,1985-01-01,31,134.29032258064515,31,100,TRUE,COMPLETE,TRUE,FALSE,COMPLETE,TRUE
San Marcos Springs,1985,1985-02-01,28,149.17857142857142,28,100,TRUE,COMPLETE,TRUE,FALSE,COMPLETE,TRUE
San Marcos Springs,1985,1985-03-01,31,163.19354838709677,31,100,TRUE,COMPLETE,TRUE,FALSE,COMPLETE,TRUE
San Marcos Springs,1985,1985-04-01,30,168.96666666666667,30,100,TRUE,COMPLETE,TRUE,FALSE,COMPLETE,TRUE
San Marcos Springs,1985,1985-05-01,31,155.09677419354838,31,100,TRUE,COMPLETE,TRUE,FALSE,COMPLETE,TRUE
San Marcos Springs,1985,1985-06-01,30,194.23333333333332,30,100,TRUE,COMPLETE,TRUE,FALSE,COMPLETE,TRUE
San Marcos Springs,1985,1985-07-01,31,241,31,100,TRUE,COMPLETE,TRUE,FALSE,COMPLETE,TRUE
San Marcos Springs,1985,1985-08-01,31,202.19354838709677,31,100,TRUE,COMPLETE,TRUE,FALSE,COMPLETE,TRUE
San Marcos Springs,1985,1985-09-01,30,184.76666666666668,30,100,TRUE,COMPLETE,TRUE,FALSE,COMPLETE,TRUE
San Marcos Springs,1985,1985-10-01,31,161.93548387096774,31,100,TRUE,COMPLETE,TRUE,FALSE,COMPLETE,TRUE
San Marcos Springs,1985,1985-11-01,30,184.73333333333332,30,100,TRUE,COMPLETE,TRUE,FALSE,COMPLETE,TRUE
San Marcos Springs,1985,1985-12-01,31,245.6451612903226,31,100,TRUE,COMPLETE,TRUE,FALSE,COMPLETE,TRUE
San Marcos Springs,1986,1986-01-01,31,219.70967741935485,31,100,TRUE,COMPLETE,TRUE,FALSE,COMPLETE,TRUE
San Marcos Springs,1986,1986-02-01,28,200.07142857142858,28,100,TRUE,COMPLETE,TRUE,FALSE,COMPLETE,TRUE
San Marcos Springs,1986,1986-03-01,31,186.67741935483872,31,100,TRUE,COMPLETE,TRUE,FALSE,COMPLETE,TRUE
San Marcos Springs,1986,1986-04-01,30,163.66666666666666,30,100,TRUE,COMPLETE,TRUE,FALSE,COMPLETE,TRUE
San Marcos Springs,1986,1986-05-01,31,191.32258064516128,31,100,TRUE,COMPLETE,TRUE,FALSE,COMPLETE,TRUE
San Marcos Springs,1986,1986-06-01,30,249.7,30,100,TRUE,COMPLETE,TRUE,FALSE,COMPLETE,TRUE
San Marcos Springs,1986,1986-07-01,31,235.19354838709677,31,100,TRUE,COMPLETE,TRUE,FALSE,COMPLETE,TRUE
San Marcos Springs,1986,1986-08-01,31,205.25806451612902,31,100,TRUE,COMPLETE,TRUE,FALSE,COMPLETE,TRUE
San Marcos Springs,1986,1986-09-01,30,184.1,30,100,TRUE,COMPLETE,TRUE,FALSE,COMPLETE,TRUE
San Marcos Springs,1986,1986-10-01,31,190.48387096774192,31,100,TRUE,COMPLETE,TRUE,FALSE,COMPLETE,TRUE
San Marcos Springs,1986,1986-11-01,30,182.43333333333334,30,100,TRUE,COMPLETE,TRUE,FALSE,COMPLETE,TRUE
San Marcos Springs,1986,1986-12-01,31,201.8709677419355,31,100,TRUE,COMPLETE,TRUE,FALSE,COMPLETE,TRUE
San Marcos Springs,1987,1987-01-01,31,250.3548387096774,31,100,TRUE,COMPLETE,TRUE,FALSE,COMPLETE,TRUE
San Marcos Springs,1987,1987-02-01,28,215.5,28,100,TRUE,COMPLETE,TRUE,FALSE,COMPLETE,TRUE
San Marcos Springs,1987,1987-03-01,31,251.1290322580645,31,100,TRUE,COMPLETE,TRUE,FALSE,COMPLETE,TRUE
San Marcos Springs,1987,1987-04-01,30,219.16666666666666,30,100,TRUE,COMPLETE,TRUE,FALSE,COMPLETE,TRUE
San Marcos Springs,1987,1987-05-01,31,195.83870967741936,31,100,TRUE,COMPLETE,TRUE,FALSE,COMPLETE,TRUE
San Marcos Springs,1987,1987-06-01,30,370.6,30,100,TRUE,COMPLETE,TRUE,FALSE,COMPLETE,TRUE
San Marcos Springs,1987,1987-07-01,31,338.2903225806452,31,100,TRUE,COMPLETE,TRUE,FALSE,COMPLETE,TRUE
San Marcos Springs,1987,1987-08-01,31,309.48387096774195,31,100,TRUE,COMPLETE,TRUE,FALSE,COMPLETE,TRUE
San Marcos Springs,1987,1987-09-01,30,269.26666666666665,30,100,TRUE,COMPLETE,TRUE,FALSE,COMPLETE,TRUE
San Marcos Springs,1987,1987-10-01,31,217.7741935483871,31,100,TRUE,COMPLETE,TRUE,FALSE,COMPLETE,TRUE
San Marcos Springs,1987,1987-11-01,30,197.83333333333334,30,100,TRUE,COMPLETE,TRUE,FALSE,COMPLETE,TRUE
San Marcos Springs,1987,1987-12-01,31,204.58064516129033,31,100,TRUE,COMPLETE,TRUE,FALSE,COMPLETE,TRUE
San Marcos Springs,1988,1988-01-01,31,175.96774193548387,31,100,TRUE,COMPLETE,TRUE,FALSE,COMPLETE,TRUE
San Marcos Springs,1988,1988-02-01,29,165.24137931034483,29,100,TRUE,COMPLETE,TRUE,FALSE,COMPLETE,TRUE
San Marcos Springs,1988,1988-03-01,31,159,31,100,TRUE,COMPLETE,TRUE,FALSE,COMPLETE,TRUE
San Marcos Springs,1988,1988-04-01,30,151.63333333333333,30,100,TRUE,COMPLETE,TRUE,FALSE,COMPLETE,TRUE
San Marcos Springs,1988,1988-05-01,31,150,31,100,TRUE,COMPLETE,TRUE,FALSE,COMPLETE,TRUE
San Marcos Springs,1988,1988-06-01,30,155.1,30,100,TRUE,COMPLETE,TRUE,FALSE,COMPLETE,TRUE
San Marcos Springs,1988,1988-07-01,31,137.25806451612902,31,100,TRUE,COMPLETE,TRUE,FALSE,COMPLETE,TRUE
San Marcos Springs,1988,1988-08-01,31,124.06451612903226,31,100,TRUE,COMPLETE,TRUE,FALSE,COMPLETE,TRUE
San Marcos Springs,1988,1988-09-01,30,117.53333333333333,30,100,TRUE,COMPLETE,TRUE,FALSE,COMPLETE,TRUE
San Marcos Springs,1988,1988-10-01,31,119.35483870967742,31,100,TRUE,COMPLETE,TRUE,FALSE,COMPLETE,TRUE
San Marcos Springs,1988,1988-11-01,30,117.86666666666666,30,100,TRUE,COMPLETE,TRUE,FALSE,COMPLETE,TRUE
San Marcos Springs,1988,1988-12-01,31,114.45161290322581,31,100,TRUE,COMPLETE,TRUE,FALSE,COMPLETE,TRUE
San Marcos Springs,1989,1989-01-01,31,113.38709677419355,31,100,TRUE,COMPLETE,TRUE,FALSE,COMPLETE,TRUE
San Marcos Springs,1989,1989-02-01,28,112.21428571428571,28,100,TRUE,COMPLETE,TRUE,FALSE,COMPLETE,TRUE
San Marcos Springs,1989,1989-03-01,31,109.96774193548387,31,100,TRUE,COMPLETE,TRUE,FALSE,COMPLETE,TRUE
San Marcos Springs,1989,1989-04-01,30,109.76666666666667,30,100,TRUE,COMPLETE,TRUE,FALSE,COMPLETE,TRUE
San Marcos Springs,1989,1989-05-01,31,112.25806451612904,31,100,TRUE,COMPLETE,TRUE,FALSE,COMPLETE,TRUE
San Marcos Springs,1989,1989-06-01,30,109.03333333333333,30,100,TRUE,COMPLETE,TRUE,FALSE,COMPLETE,TRUE
San Marcos Springs,1989,1989-07-01,31,104,31,100,TRUE,COMPLETE,TRUE,FALSE,COMPLETE,TRUE
San Marcos Springs,1989,1989-08-01,31,97.70967741935483,31,100,TRUE,COMPLETE,TRUE,FALSE,COMPLETE,TRUE
San Marcos Springs,1989,1989-09-01,30,86.5,30,100,TRUE,COMPLETE,TRUE,FALSE,COMPLETE,TRUE
San Marcos Springs,1989,1989-10-01,31,82.41935483870968,31,100,TRUE,COMPLETE,TRUE,FALSE,COMPLETE,TRUE
San Marcos Springs,1989,1989-11-01,30,81.86666666666666,30,100,TRUE,COMPLETE,TRUE,FALSE,COMPLETE,TRUE
San Marcos Springs,1989,1989-12-01,31,83.80645161290323,31,100,TRUE,COMPLETE,TRUE,FALSE,COMPLETE,TRUE
San Marcos Springs,1990,1990-01-01,31,84.16129032258064,31,100,TRUE,COMPLETE,TRUE,FALSE,COMPLETE,TRUE
San Marcos Springs,1990,1990-02-01,28,84.53571428571429,28,100,TRUE,COMPLETE,TRUE,FALSE,COMPLETE,TRUE
San Marcos Springs,1990,1990-03-01,31,94.90322580645162,31,100,TRUE,COMPLETE,TRUE,FALSE,COMPLETE,TRUE
San Marcos Springs,1990,1990-04-01,30,107.06666666666666,30,100,TRUE,COMPLETE,TRUE,FALSE,COMPLETE,TRUE
San Marcos Springs,1990,1990-05-01,31,131.25806451612902,31,100,TRUE,COMPLETE,TRUE,FALSE,COMPLETE,TRUE
San Marcos Springs,1990,1990-06-01,30,122.86666666666666,30,100,TRUE,COMPLETE,TRUE,FALSE,COMPLETE,TRUE
San Marcos Springs,1990,1990-07-01,31,127.70967741935483,31,100,TRUE,COMPLETE,TRUE,FALSE,COMPLETE,TRUE
San Marcos Springs,1990,1990-08-01,31,133.67741935483872,31,100,TRUE,COMPLETE,TRUE,FALSE,COMPLETE,TRUE
San Marcos Springs,1990,1990-09-01,30,123.16666666666667,30,100,TRUE,COMPLETE,TRUE,FALSE,COMPLETE,TRUE
San Marcos Springs,1990,1990-10-01,31,118,31,100,TRUE,COMPLETE,TRUE,FALSE,COMPLETE,TRUE
San Marcos Springs,1990,1990-11-01,30,120.8,30,100,TRUE,COMPLETE,TRUE,FALSE,COMPLETE,TRUE
San Marcos Springs,1990,1990-12-01,31,118.09677419354838,31,100,TRUE,COMPLETE,TRUE,FALSE,COMPLETE,TRUE
San Marcos Springs,1991,1991-01-01,31,164.58064516129033,31,100,TRUE,COMPLETE,TRUE,FALSE,COMPLETE,TRUE
San Marcos Springs,1991,1991-02-01,28,193.17857142857142,28,100,TRUE,COMPLETE,TRUE,FALSE,COMPLETE,TRUE
San Marcos Springs,1991,1991-03-01,31,193.1290322580645,31,100,TRUE,COMPLETE,TRUE,FALSE,COMPLETE,TRUE
San Marcos Springs,1991,1991-04-01,30,209.26666666666668,30,100,TRUE,COMPLETE,TRUE,FALSE,COMPLETE,TRUE
San Marcos Springs,1991,1991-05-01,31,221.90322580645162,31,100,TRUE,COMPLETE,TRUE,FALSE,COMPLETE,TRUE
San Marcos Springs,1991,1991-06-01,30,215.83333333333334,30,100,TRUE,COMPLETE,TRUE,FALSE,COMPLETE,TRUE
San Marcos Springs,1991,1991-07-01,31,204.96774193548387,31,100,TRUE,COMPLETE,TRUE,FALSE,COMPLETE,TRUE
San Marcos Springs,1991,1991-08-01,31,191.38709677419354,31,100,TRUE,COMPLETE,TRUE,FALSE,COMPLETE,TRUE
San Marcos Springs,1991,1991-09-01,30,175.8,30,100,TRUE,COMPLETE,TRUE,FALSE,COMPLETE,TRUE
San Marcos Springs,1991,1991-10-01,31,151.67741935483872,31,100,TRUE,COMPLETE,TRUE,FALSE,COMPLETE,TRUE
San Marcos Springs,1991,1991-11-01,30,142.53333333333333,30,100,TRUE,COMPLETE,TRUE,FALSE,COMPLETE,TRUE
San Marcos Springs,1991,1991-12-01,31,221.06451612903226,31,100,TRUE,COMPLETE,TRUE,FALSE,COMPLETE,TRUE
San Marcos Springs,1992,1992-01-01,31,381.6774193548387,31,100,TRUE,COMPLETE,TRUE,FALSE,COMPLETE,TRUE
San Marcos Springs,1992,1992-02-01,29,417.62068965517244,29,100,TRUE,COMPLETE,TRUE,FALSE,COMPLETE,TRUE
San Marcos Springs,1992,1992-03-01,31,445.35483870967744,31,100,TRUE,COMPLETE,TRUE,FALSE,COMPLETE,TRUE
San Marcos Springs,1992,1992-04-01,30,426.7,30,100,TRUE,COMPLETE,TRUE,FALSE,COMPLETE,TRUE
San Marcos Springs,1992,1992-05-01,31,407.06451612903226,31,100,TRUE,COMPLETE,TRUE,FALSE,COMPLETE,TRUE
San Marcos Springs,1992,1992-06-01,30,414.6666666666667,30,100,TRUE,COMPLETE,TRUE,FALSE,COMPLETE,TRUE
San Marcos Springs,1992,1992-07-01,31,380.96774193548384,31,100,TRUE,COMPLETE,TRUE,FALSE,COMPLETE,TRUE
San Marcos Springs,1992,1992-08-01,31,314.5483870967742,31,100,TRUE,COMPLETE,TRUE,FALSE,COMPLETE,TRUE
San Marcos Springs,1992,1992-09-01,30,269.03333333333336,30,100,TRUE,COMPLETE,TRUE,FALSE,COMPLETE,TRUE
San Marcos Springs,1992,1992-10-01,31,241.61290322580646,31,100,TRUE,COMPLETE,TRUE,FALSE,COMPLETE,TRUE
San Marcos Springs,1992,1992-11-01,30,221.3,30,100,TRUE,COMPLETE,TRUE,FALSE,COMPLETE,TRUE
San Marcos Springs,1992,1992-12-01,31,208.67741935483872,31,100,TRUE,COMPLETE,TRUE,FALSE,COMPLETE,TRUE
San Marcos Springs,1993,1993-01-01,31,199.61290322580646,31,100,TRUE,COMPLETE,TRUE,FALSE,COMPLETE,TRUE
San Marcos Springs,1993,1993-02-01,28,194.5,28,100,TRUE,COMPLETE,TRUE,FALSE,COMPLETE,TRUE
San Marcos Springs,1993,1993-03-01,31,196.5483870967742,31,100,TRUE,COMPLETE,TRUE,FALSE,COMPLETE,TRUE
San Marcos Springs,1993,1993-04-01,30,195.6,30,100,TRUE,COMPLETE,TRUE,FALSE,COMPLETE,TRUE
San Marcos Springs,1993,1993-05-01,31,218.74193548387098,31,100,TRUE,COMPLETE,TRUE,FALSE,COMPLETE,TRUE
San Marcos Springs,1993,1993-06-01,30,220.66666666666666,30,100,TRUE,COMPLETE,TRUE,FALSE,COMPLETE,TRUE
San Marcos Springs,1993,1993-07-01,31,219.06451612903226,31,100,TRUE,COMPLETE,TRUE,FALSE,COMPLETE,TRUE
San Marcos Springs,1993,1993-08-01,31,197.1290322580645,31,100,TRUE,COMPLETE,TRUE,FALSE,COMPLETE,TRUE
San Marcos Springs,1993,1993-09-01,30,176.8,30,100,TRUE,COMPLETE,TRUE,FALSE,COMPLETE,TRUE
San Marcos Springs,1993,1993-10-01,31,160.51612903225808,31,100,TRUE,COMPLETE,TRUE,FALSE,COMPLETE,TRUE
San Marcos Springs,1993,1993-11-01,30,157.96666666666667,30,100,TRUE,COMPLETE,TRUE,FALSE,COMPLETE,TRUE
San Marcos Springs,1993,1993-12-01,31,151.70967741935485,31,100,TRUE,COMPLETE,TRUE,FALSE,COMPLETE,TRUE
San Marcos Springs,1994,1994-01-01,31,145.1290322580645,31,100,TRUE,COMPLETE,TRUE,FALSE,COMPLETE,TRUE
San Marcos Springs,1994,1994-02-01,28,140.35714285714286,28,100,TRUE,COMPLETE,TRUE,FALSE,COMPLETE,TRUE
San Marcos Springs,1994,1994-03-01,31,137.1290322580645,31,100,TRUE,COMPLETE,TRUE,FALSE,COMPLETE,TRUE
San Marcos Springs,1994,1994-04-01,30,134.43333333333334,30,100,TRUE,COMPLETE,TRUE,FALSE,COMPLETE,TRUE
San Marcos Springs,1994,1994-05-01,31,138.61290322580646,31,100,TRUE,COMPLETE,TRUE,FALSE,COMPLETE,TRUE
San Marcos Springs,1994,1994-06-01,30,137.1,30,100,TRUE,COMPLETE,TRUE,FALSE,COMPLETE,TRUE
San Marcos Springs,1994,1994-07-01,31,129.90322580645162,31,100,TRUE,COMPLETE,TRUE,FALSE,COMPLETE,TRUE
San Marcos Springs,1994,1994-08-01,31,124.7741935483871,31,100,TRUE,COMPLETE,TRUE,FALSE,COMPLETE,TRUE
San Marcos Springs,1994,1994-09-01,30,123.56666666666666,30,100,TRUE,COMPLETE,TRUE,FALSE,COMPLETE,TRUE
San Marcos Springs,1994,1994-10-01,31,128.4516129032258,31,100,TRUE,COMPLETE,TRUE,FALSE,COMPLETE,TRUE
San Marcos Springs,1994,1994-11-01,30,146.33333333333334,30,100,TRUE,COMPLETE,TRUE,FALSE,COMPLETE,TRUE
San Marcos Springs,1994,1994-12-01,31,148.90322580645162,31,100,TRUE,COMPLETE,TRUE,FALSE,COMPLETE,TRUE
San Marcos Springs,1995,1995-01-01,31,159.41935483870967,31,100,TRUE,COMPLETE,TRUE,FALSE,COMPLETE,TRUE
San Marcos Springs,1995,1995-02-01,28,144.25,28,100,TRUE,COMPLETE,TRUE,FALSE,COMPLETE,TRUE
San Marcos Springs,1995,1995-03-01,31,155.09677419354838,31,100,TRUE,COMPLETE,TRUE,FALSE,COMPLETE,TRUE
San Marcos Springs,1995,1995-04-01,30,163.53333333333333,30,100,TRUE,COMPLETE,TRUE,FALSE,COMPLETE,TRUE
San Marcos Springs,1995,1995-05-01,31,151.25806451612902,31,100,TRUE,COMPLETE,TRUE,FALSE,COMPLETE,TRUE
San Marcos Springs,1995,1995-06-01,30,208.53333333333333,30,100,TRUE,COMPLETE,TRUE,FALSE,COMPLETE,TRUE
San Marcos Springs,1995,1995-07-01,31,186.32258064516128,31,100,TRUE,COMPLETE,TRUE,FALSE,COMPLETE,TRUE
San Marcos Springs,1995,1995-08-01,31,168.09677419354838,31,100,TRUE,COMPLETE,TRUE,FALSE,COMPLETE,TRUE
San Marcos Springs,1995,1995-09-01,30,154.23333333333332,30,100,TRUE,COMPLETE,TRUE,FALSE,COMPLETE,TRUE
San Marcos Springs,1995,1995-10-01,31,141.5483870967742,31,100,TRUE,COMPLETE,TRUE,FALSE,COMPLETE,TRUE
San Marcos Springs,1995,1995-11-01,30,142.26666666666668,30,100,TRUE,COMPLETE,TRUE,FALSE,COMPLETE,TRUE
San Marcos Springs,1995,1995-12-01,31,130.74193548387098,31,100,TRUE,COMPLETE,TRUE,FALSE,COMPLETE,TRUE
San Marcos Springs,1996,1996-01-01,31,116.74193548387096,31,100,TRUE,COMPLETE,TRUE,FALSE,COMPLETE,TRUE
San Marcos Springs,1996,1996-02-01,29,107.3103448275862,29,100,TRUE,COMPLETE,TRUE,FALSE,COMPLETE,TRUE
San Marcos Springs,1996,1996-03-01,31,107.61290322580645,31,100,TRUE,COMPLETE,TRUE,FALSE,COMPLETE,TRUE
San Marcos Springs,1996,1996-04-01,30,101.23333333333333,30,100,TRUE,COMPLETE,TRUE,FALSE,COMPLETE,TRUE
San Marcos Springs,1996,1996-05-01,31,99.58064516129032,31,100,TRUE,COMPLETE,TRUE,FALSE,COMPLETE,TRUE
San Marcos Springs,1996,1996-06-01,30,94.33333333333333,30,100,TRUE,COMPLETE,TRUE,FALSE,COMPLETE,TRUE
San Marcos Springs,1996,1996-07-01,31,84.3225806451613,31,100,TRUE,COMPLETE,TRUE,FALSE,COMPLETE,TRUE
San Marcos Springs,1996,1996-08-01,31,80.70967741935483,31,100,TRUE,COMPLETE,TRUE,FALSE,COMPLETE,TRUE
San Marcos Springs,1996,1996-09-01,30,108.46666666666667,30,100,TRUE,COMPLETE,TRUE,FALSE,COMPLETE,TRUE
San Marcos Springs,1996,1996-10-01,31,107.2258064516129,31,100,TRUE,COMPLETE,TRUE,FALSE,COMPLETE,TRUE
San Marcos Springs,1996,1996-11-01,30,92.76666666666667,30,100,TRUE,COMPLETE,TRUE,FALSE,COMPLETE,TRUE
San Marcos Springs,1996,1996-12-01,31,91.41935483870968,31,100,TRUE,COMPLETE,TRUE,FALSE,COMPLETE,TRUE
San Marcos Springs,1997,1997-01-01,31,99.03225806451613,31,100,TRUE,COMPLETE,TRUE,FALSE,COMPLETE,TRUE
San Marcos Springs,1997,1997-02-01,28,98.03571428571429,28,100,TRUE,COMPLETE,TRUE,FALSE,COMPLETE,TRUE
San Marcos Springs,1997,1997-03-01,31,113.74193548387096,31,100,TRUE,COMPLETE,TRUE,FALSE,COMPLETE,TRUE
San Marcos Springs,1997,1997-04-01,30,139.96666666666667,30,100,TRUE,COMPLETE,TRUE,FALSE,COMPLETE,TRUE
San Marcos Springs,1997,1997-05-01,31,181.51612903225808,31,100,TRUE,COMPLETE,TRUE,FALSE,COMPLETE,TRUE
San Marcos Springs,1997,1997-06-01,30,273.8666666666667,30,100,TRUE,COMPLETE,TRUE,FALSE,COMPLETE,TRUE
San Marcos Springs,1997,1997-07-01,31,306.7741935483871,31,100,TRUE,COMPLETE,TRUE,FALSE,COMPLETE,TRUE
San Marcos Springs,1997,1997-08-01,31,266.7096774193548,31,100,TRUE,COMPLETE,TRUE,FALSE,COMPLETE,TRUE
San Marcos Springs,1997,1997-09-01,30,226.93333333333334,30,100,TRUE,COMPLETE,TRUE,FALSE,COMPLETE,TRUE
San Marcos Springs,1997,1997-10-01,31,198.29032258064515,31,100,TRUE,COMPLETE,TRUE,FALSE,COMPLETE,TRUE
San Marcos Springs,1997,1997-11-01,30,179.23333333333332,30,100,TRUE,COMPLETE,TRUE,FALSE,COMPLETE,TRUE
San Marcos Springs,1997,1997-12-01,31,166.2258064516129,31,100,TRUE,COMPLETE,TRUE,FALSE,COMPLETE,TRUE
San Marcos Springs,1998,1998-01-01,31,169.8709677419355,31,100,TRUE,COMPLETE,TRUE,FALSE,COMPLETE,TRUE
San Marcos Springs,1998,1998-02-01,28,184.82142857142858,28,100,TRUE,COMPLETE,TRUE,FALSE,COMPLETE,TRUE
San Marcos Springs,1998,1998-03-01,31,207.38709677419354,31,100,TRUE,COMPLETE,TRUE,FALSE,COMPLETE,TRUE
San Marcos Springs,1998,1998-04-01,30,206.03333333333333,30,100,TRUE,COMPLETE,TRUE,FALSE,COMPLETE,TRUE
San Marcos Springs,1998,1998-05-01,31,177.06451612903226,31,100,TRUE,COMPLETE,TRUE,FALSE,COMPLETE,TRUE
San Marcos Springs,1998,1998-06-01,30,164.06666666666666,30,100,TRUE,COMPLETE,TRUE,FALSE,COMPLETE,TRUE
San Marcos Springs,1998,1998-07-01,31,157.16129032258064,31,100,TRUE,COMPLETE,TRUE,FALSE,COMPLETE,TRUE
San Marcos Springs,1998,1998-08-01,31,154.70967741935485,31,100,TRUE,COMPLETE,TRUE,FALSE,COMPLETE,TRUE
San Marcos Springs,1998,1998-09-01,30,189,30,100,TRUE,COMPLETE,TRUE,FALSE,COMPLETE,TRUE
San Marcos Springs,1998,1998-10-01,31,274.51612903225805,31,100,TRUE,COMPLETE,TRUE,FALSE,COMPLETE,TRUE
San Marcos Springs,1998,1998-11-01,30,372.03333333333336,30,100,TRUE,COMPLETE,TRUE,FALSE,COMPLETE,TRUE
San Marcos Springs,1998,1998-12-01,31,355.19354838709677,31,100,TRUE,COMPLETE,TRUE,FALSE,COMPLETE,TRUE
San Marcos Springs,1999,1999-01-01,31,311.7741935483871,31,100,TRUE,COMPLETE,TRUE,FALSE,COMPLETE,TRUE
San Marcos Springs,1999,1999-02-01,28,275.14285714285717,28,100,TRUE,COMPLETE,TRUE,FALSE,COMPLETE,TRUE
San Marcos Springs,1999,1999-03-01,31,228.09677419354838,31,100,TRUE,COMPLETE,TRUE,FALSE,COMPLETE,TRUE
San Marcos Springs,1999,1999-04-01,30,194.46666666666667,30,100,TRUE,COMPLETE,TRUE,FALSE,COMPLETE,TRUE
San Marcos Springs,1999,1999-05-01,31,179.70967741935485,31,100,TRUE,COMPLETE,TRUE,FALSE,COMPLETE,TRUE
San Marcos Springs,1999,1999-06-01,30,180.86666666666667,30,100,TRUE,COMPLETE,TRUE,FALSE,COMPLETE,TRUE
San Marcos Springs,1999,1999-07-01,31,177.93548387096774,31,100,TRUE,COMPLETE,TRUE,FALSE,COMPLETE,TRUE
San Marcos Springs,1999,1999-08-01,31,147,31,100,TRUE,COMPLETE,TRUE,FALSE,COMPLETE,TRUE
San Marcos Springs,1999,1999-09-01,30,128.83333333333334,30,100,TRUE,COMPLETE,TRUE,FALSE,COMPLETE,TRUE
San Marcos Springs,1999,1999-10-01,31,113.83870967741936,31,100,TRUE,COMPLETE,TRUE,FALSE,COMPLETE,TRUE
San Marcos Springs,1999,1999-11-01,30,113.76666666666667,30,100,TRUE,COMPLETE,TRUE,FALSE,COMPLETE,TRUE
San Marcos Springs,1999,1999-12-01,31,115.2258064516129,31,100,TRUE,COMPLETE,TRUE,FALSE,COMPLETE,TRUE
San Marcos Springs,2000,2000-01-01,31,110.45161290322581,31,100,TRUE,COMPLETE,TRUE,FALSE,COMPLETE,TRUE
San Marcos Springs,2000,2000-02-01,29,115.13793103448276,29,100,TRUE,COMPLETE,TRUE,FALSE,COMPLETE,TRUE
San Marcos Springs,2000,2000-03-01,31,114.54838709677419,31,100,TRUE,COMPLETE,TRUE,FALSE,COMPLETE,TRUE
San Marcos Springs,2000,2000-04-01,30,112.83333333333333,30,100,TRUE,COMPLETE,TRUE,FALSE,COMPLETE,TRUE
San Marcos Springs,2000,2000-05-01,31,121.90322580645162,31,100,TRUE,COMPLETE,TRUE,FALSE,COMPLETE,TRUE
San Marcos Springs,2000,2000-06-01,30,166.26666666666668,30,100,TRUE,COMPLETE,TRUE,FALSE,COMPLETE,TRUE
San Marcos Springs,2000,2000-07-01,31,151.67741935483872,31,100,TRUE,COMPLETE,TRUE,FALSE,COMPLETE,TRUE
San Marcos Springs,2000,2000-08-01,31,124.38709677419355,31,100,TRUE,COMPLETE,TRUE,FALSE,COMPLETE,TRUE
San Marcos Springs,2000,2000-09-01,30,111.1,30,100,TRUE,COMPLETE,TRUE,FALSE,COMPLETE,TRUE
San Marcos Springs,2000,2000-10-01,31,115.12903225806451,31,100,TRUE,COMPLETE,TRUE,FALSE,COMPLETE,TRUE
San Marcos Springs,2000,2000-11-01,30,215.16666666666666,30,100,TRUE,COMPLETE,TRUE,FALSE,COMPLETE,TRUE
San Marcos Springs,2000,2000-12-01,31,220.09677419354838,31,100,TRUE,COMPLETE,TRUE,FALSE,COMPLETE,TRUE
San Marcos Springs,2001,2001-01-01,31,236.61290322580646,31,100,TRUE,COMPLETE,TRUE,FALSE,COMPLETE,TRUE
San Marcos Springs,2001,2001-02-01,28,255.07142857142858,28,100,TRUE,COMPLETE,TRUE,FALSE,COMPLETE,TRUE
San Marcos Springs,2001,2001-03-01,31,262.258064516129,31,100,TRUE,COMPLETE,TRUE,FALSE,COMPLETE,TRUE
San Marcos Springs,2001,2001-04-01,30,253.76666666666668,30,100,TRUE,COMPLETE,TRUE,FALSE,COMPLETE,TRUE
San Marcos Springs,2001,2001-05-01,31,234.06451612903226,31,100,TRUE,COMPLETE,TRUE,FALSE,COMPLETE,TRUE
San Marcos Springs,2001,2001-06-01,30,208.2,30,100,TRUE,COMPLETE,TRUE,FALSE,COMPLETE,TRUE
San Marcos Springs,2001,2001-07-01,31,189.58064516129033,31,100,TRUE,COMPLETE,TRUE,FALSE,COMPLETE,TRUE
San Marcos Springs,2001,2001-08-01,31,175.58064516129033,31,100,TRUE,COMPLETE,TRUE,FALSE,COMPLETE,TRUE
San Marcos Springs,2001,2001-09-01,30,213.9,30,100,TRUE,COMPLETE,TRUE,FALSE,COMPLETE,TRUE
San Marcos Springs,2001,2001-10-01,31,199.6451612903226,31,100,TRUE,COMPLETE,TRUE,FALSE,COMPLETE,TRUE
San Marcos Springs,2001,2001-11-01,30,236.26666666666668,30,100,TRUE,COMPLETE,TRUE,FALSE,COMPLETE,TRUE
San Marcos Springs,2001,2001-12-01,31,319.6774193548387,31,100,TRUE,COMPLETE,TRUE,FALSE,COMPLETE,TRUE
San Marcos Springs,2002,2002-01-01,31,310.93548387096774,31,100,TRUE,COMPLETE,TRUE,FALSE,COMPLETE,TRUE
San Marcos Springs,2002,2002-02-01,28,285.60714285714283,28,100,TRUE,COMPLETE,TRUE,FALSE,COMPLETE,TRUE
San Marcos Springs,2002,2002-03-01,31,255.25806451612902,31,100,TRUE,COMPLETE,TRUE,FALSE,COMPLETE,TRUE
San Marcos Springs,2002,2002-04-01,30,215.3,30,100,TRUE,COMPLETE,TRUE,FALSE,COMPLETE,TRUE
San Marcos Springs,2002,2002-05-01,31,194.4516129032258,31,100,TRUE,COMPLETE,TRUE,FALSE,COMPLETE,TRUE
San Marcos Springs,2002,2002-06-01,30,171.3,30,100,TRUE,COMPLETE,TRUE,FALSE,COMPLETE,TRUE
San Marcos Springs,2002,2002-07-01,31,295.6774193548387,31,100,TRUE,COMPLETE,TRUE,FALSE,COMPLETE,TRUE
San Marcos Springs,2002,2002-08-01,31,309.96774193548384,31,100,TRUE,COMPLETE,TRUE,FALSE,COMPLETE,TRUE
San Marcos Springs,2002,2002-09-01,30,292.4,30,100,TRUE,COMPLETE,TRUE,FALSE,COMPLETE,TRUE
San Marcos Springs,2002,2002-10-01,31,270.03225806451616,31,100,TRUE,COMPLETE,TRUE,FALSE,COMPLETE,TRUE
San Marcos Springs,2002,2002-11-01,30,327.8,30,100,TRUE,COMPLETE,TRUE,FALSE,COMPLETE,TRUE
San Marcos Springs,2002,2002-12-01,31,319.0967741935484,31,100,TRUE,COMPLETE,TRUE,FALSE,COMPLETE,TRUE
San Marcos Springs,2003,2003-01-01,31,316.7096774193548,31,100,TRUE,COMPLETE,TRUE,FALSE,COMPLETE,TRUE
San Marcos Springs,2003,2003-02-01,28,310.0357142857143,28,100,TRUE,COMPLETE,TRUE,FALSE,COMPLETE,TRUE
San Marcos Springs,2003,2003-03-01,31,298.8709677419355,31,100,TRUE,COMPLETE,TRUE,FALSE,COMPLETE,TRUE
San Marcos Springs,2003,2003-04-01,30,278.9,30,100,TRUE,COMPLETE,TRUE,FALSE,COMPLETE,TRUE
San Marcos Springs,2003,2003-05-01,31,245.58064516129033,31,100,TRUE,COMPLETE,TRUE,FALSE,COMPLETE,TRUE
San Marcos Springs,2003,2003-06-01,30,230.86666666666667,30,100,TRUE,COMPLETE,TRUE,FALSE,COMPLETE,TRUE
San Marcos Springs,2003,2003-07-01,31,219.06451612903226,31,100,TRUE,COMPLETE,TRUE,FALSE,COMPLETE,TRUE
San Marcos Springs,2003,2003-08-01,31,194.06451612903226,31,100,TRUE,COMPLETE,TRUE,FALSE,COMPLETE,TRUE
San Marcos Springs,2003,2003-09-01,30,191.46666666666667,30,100,TRUE,COMPLETE,TRUE,FALSE,COMPLETE,TRUE
San Marcos Springs,2003,2003-10-01,31,187.5483870967742,31,100,TRUE,COMPLETE,TRUE,FALSE,COMPLETE,TRUE
San Marcos Springs,2003,2003-11-01,30,173.06666666666666,30,100,TRUE,COMPLETE,TRUE,FALSE,COMPLETE,TRUE
San Marcos Springs,2003,2003-12-01,31,161.6451612903226,31,100,TRUE,COMPLETE,TRUE,FALSE,COMPLETE,TRUE
San Marcos Springs,2004,2004-01-01,31,157.16129032258064,31,100,TRUE,COMPLETE,TRUE,FALSE,COMPLETE,TRUE
San Marcos Springs,2004,2004-02-01,29,154.51724137931035,29,100,TRUE,COMPLETE,TRUE,FALSE,COMPLETE,TRUE
San Marcos Springs,2004,2004-03-01,31,150.19354838709677,31,100,TRUE,COMPLETE,TRUE,FALSE,COMPLETE,TRUE
San Marcos Springs,2004,2004-04-01,30,156.93333333333334,30,100,TRUE,COMPLETE,TRUE,FALSE,COMPLETE,TRUE
San Marcos Springs,2004,2004-05-01,31,176.67741935483872,31,100,TRUE,COMPLETE,TRUE,FALSE,COMPLETE,TRUE
San Marcos Springs,2004,2004-06-01,30,219,30,100,TRUE,COMPLETE,TRUE,FALSE,COMPLETE,TRUE
San Marcos Springs,2004,2004-07-01,31,261.80645161290323,31,100,TRUE,COMPLETE,TRUE,FALSE,COMPLETE,TRUE
San Marcos Springs,2004,2004-08-01,31,227.06451612903226,31,100,TRUE,COMPLETE,TRUE,FALSE,COMPLETE,TRUE
San Marcos Springs,2004,2004-09-01,30,197.26666666666668,30,100,TRUE,COMPLETE,TRUE,FALSE,COMPLETE,TRUE
San Marcos Springs,2004,2004-10-01,31,193.83870967741936,31,100,TRUE,COMPLETE,TRUE,FALSE,COMPLETE,TRUE
San Marcos Springs,2004,2004-11-01,30,282.1333333333333,30,100,TRUE,COMPLETE,TRUE,FALSE,COMPLETE,TRUE
San Marcos Springs,2004,2004-12-01,31,365.16129032258067,31,100,TRUE,COMPLETE,TRUE,FALSE,COMPLETE,TRUE
San Marcos Springs,2005,2005-01-01,31,333,31,100,TRUE,COMPLETE,TRUE,FALSE,COMPLETE,TRUE
San Marcos Springs,2005,2005-02-01,28,314.35714285714283,28,100,TRUE,COMPLETE,TRUE,FALSE,COMPLETE,TRUE
San Marcos Springs,2005,2005-03-01,31,302.6774193548387,31,100,TRUE,COMPLETE,TRUE,FALSE,COMPLETE,TRUE
San Marcos Springs,2005,2005-04-01,30,293.46666666666664,30,100,TRUE,COMPLETE,TRUE,FALSE,COMPLETE,TRUE
San Marcos Springs,2005,2005-05-01,31,266.83870967741933,31,100,TRUE,COMPLETE,TRUE,FALSE,COMPLETE,TRUE
San Marcos Springs,2005,2005-06-01,30,242.83333333333334,30,100,TRUE,COMPLETE,TRUE,FALSE,COMPLETE,TRUE
San Marcos Springs,2005,2005-07-01,31,209.4516129032258,31,100,TRUE,COMPLETE,TRUE,FALSE,COMPLETE,TRUE
San Marcos Springs,2005,2005-08-01,31,193.38709677419354,31,100,TRUE,COMPLETE,TRUE,FALSE,COMPLETE,TRUE
San Marcos Springs,2005,2005-09-01,30,182.96666666666667,30,100,TRUE,COMPLETE,TRUE,FALSE,COMPLETE,TRUE
San Marcos Springs,2005,2005-10-01,31,175.5483870967742,31,100,TRUE,COMPLETE,TRUE,FALSE,COMPLETE,TRUE
San Marcos Springs,2005,2005-11-01,30,155.33333333333334,30,100,TRUE,COMPLETE,TRUE,FALSE,COMPLETE,TRUE
San Marcos Springs,2005,2005-12-01,31,143.80645161290323,31,100,TRUE,COMPLETE,TRUE,FALSE,COMPLETE,TRUE
San Marcos Springs,2006,2006-01-01,31,137.16129032258064,31,100,TRUE,COMPLETE,TRUE,FALSE,COMPLETE,TRUE
San Marcos Springs,2006,2006-02-01,28,129.17857142857142,28,100,TRUE,COMPLETE,TRUE,FALSE,COMPLETE,TRUE
San Marcos Springs,2006,2006-03-01,31,128.41935483870967,31,100,TRUE,COMPLETE,TRUE,FALSE,COMPLETE,TRUE
San Marcos Springs,2006,2006-04-01,30,117.46666666666667,30,100,TRUE,COMPLETE,TRUE,FALSE,COMPLETE,TRUE
San Marcos Springs,2006,2006-05-01,31,123.19354838709677,31,100,TRUE,COMPLETE,TRUE,FALSE,COMPLETE,TRUE
San Marcos Springs,2006,2006-06-01,30,113.3,30,100,TRUE,COMPLETE,TRUE,FALSE,COMPLETE,TRUE
San Marcos Springs,2006,2006-07-01,31,108.54838709677419,31,100,TRUE,COMPLETE,TRUE,FALSE,COMPLETE,TRUE
San Marcos Springs,2006,2006-08-01,31,99.16129032258064,31,100,TRUE,COMPLETE,TRUE,FALSE,COMPLETE,TRUE
San Marcos Springs,2006,2006-09-01,30,92.93333333333334,30,100,TRUE,COMPLETE,TRUE,FALSE,COMPLETE,TRUE
San Marcos Springs,2006,2006-10-01,31,95.41935483870968,31,100,TRUE,COMPLETE,TRUE,FALSE,COMPLETE,TRUE
San Marcos Springs,2006,2006-11-01,30,98.5,30,100,TRUE,COMPLETE,TRUE,FALSE,COMPLETE,TRUE
San Marcos Springs,2006,2006-12-01,31,98.74193548387096,31,100,TRUE,COMPLETE,TRUE,FALSE,COMPLETE,TRUE
San Marcos Springs,2007,2007-01-01,31,146.96774193548387,31,100,TRUE,COMPLETE,TRUE,FALSE,COMPLETE,TRUE
San Marcos Springs,2007,2007-02-01,28,169.57142857142858,28,100,TRUE,COMPLETE,TRUE,FALSE,COMPLETE,TRUE
San Marcos Springs,2007,2007-03-01,31,199.80645161290323,31,100,TRUE,COMPLETE,TRUE,FALSE,COMPLETE,TRUE
San Marcos Springs,2007,2007-04-01,30,223.53333333333333,30,100,TRUE,COMPLETE,TRUE,FALSE,COMPLETE,TRUE
San Marcos Springs,2007,2007-05-01,31,211.32258064516128,31,100,TRUE,COMPLETE,TRUE,FALSE,COMPLETE,TRUE
San Marcos Springs,2007,2007-06-01,30,249.5,30,100,TRUE,COMPLETE,TRUE,FALSE,COMPLETE,TRUE
San Marcos Springs,2007,2007-07-01,31,310.51612903225805,31,100,TRUE,COMPLETE,TRUE,FALSE,COMPLETE,TRUE
San Marcos Springs,2007,2007-08-01,31,421.0967741935484,31,100,TRUE,COMPLETE,TRUE,FALSE,COMPLETE,TRUE
San Marcos Springs,2007,2007-09-01,30,393.1666666666667,30,100,TRUE,COMPLETE,TRUE,FALSE,COMPLETE,TRUE
San Marcos Springs,2007,2007-10-01,31,313.5806451612903,31,100,TRUE,COMPLETE,TRUE,FALSE,COMPLETE,TRUE
San Marcos Springs,2007,2007-11-01,30,274,30,100,TRUE,COMPLETE,TRUE,FALSE,COMPLETE,TRUE
San Marcos Springs,2007,2007-12-01,31,238.48387096774192,31,100,TRUE,COMPLETE,TRUE,FALSE,COMPLETE,TRUE
San Marcos Springs,2008,2008-01-01,31,204.48387096774192,31,100,TRUE,COMPLETE,TRUE,FALSE,COMPLETE,TRUE
San Marcos Springs,2008,2008-02-01,29,182.75862068965517,29,100,TRUE,COMPLETE,TRUE,FALSE,COMPLETE,TRUE
San Marcos Springs,2008,2008-03-01,31,172.5483870967742,31,100,TRUE,COMPLETE,TRUE,FALSE,COMPLETE,TRUE
San Marcos Springs,2008,2008-04-01,30,159.1,30,100,TRUE,COMPLETE,TRUE,FALSE,COMPLETE,TRUE
San Marcos Springs,2008,2008-05-01,31,137.32258064516128,31,100,TRUE,COMPLETE,TRUE,FALSE,COMPLETE,TRUE
San Marcos Springs,2008,2008-06-01,30,131.73333333333332,30,100,TRUE,COMPLETE,TRUE,FALSE,COMPLETE,TRUE
San Marcos Springs,2008,2008-07-01,31,131.4516129032258,31,100,TRUE,COMPLETE,TRUE,FALSE,COMPLETE,TRUE
San Marcos Springs,2008,2008-08-01,31,124.19354838709677,31,100,TRUE,COMPLETE,TRUE,FALSE,COMPLETE,TRUE
San Marcos Springs,2008,2008-09-01,30,116.83333333333333,30,100,TRUE,COMPLETE,TRUE,FALSE,COMPLETE,TRUE
San Marcos Springs,2008,2008-10-01,31,108.2258064516129,31,100,TRUE,COMPLETE,TRUE,FALSE,COMPLETE,TRUE
San Marcos Springs,2008,2008-11-01,30,103.86666666666666,30,100,TRUE,COMPLETE,TRUE,FALSE,COMPLETE,TRUE
San Marcos Springs,2008,2008-12-01,31,99.25806451612904,31,100,TRUE,COMPLETE,TRUE,FALSE,COMPLETE,TRUE
San Marcos Springs,2009,2009-01-01,31,97.51612903225806,31,100,TRUE,COMPLETE,TRUE,FALSE,COMPLETE,TRUE
San Marcos Springs,2009,2009-02-01,28,98.64285714285714,28,100,TRUE,COMPLETE,TRUE,FALSE,COMPLETE,TRUE
San Marcos Springs,2009,2009-03-01,31,99.83870967741936,31,100,TRUE,COMPLETE,TRUE,FALSE,COMPLETE,TRUE
San Marcos Springs,2009,2009-04-01,30,95.53333333333333,30,100,TRUE,COMPLETE,TRUE,FALSE,COMPLETE,TRUE
San Marcos Springs,2009,2009-05-01,31,92.41935483870968,31,100,TRUE,COMPLETE,TRUE,FALSE,COMPLETE,TRUE
San Marcos Springs,2009,2009-06-01,30,89.8,30,100,TRUE,COMPLETE,TRUE,FALSE,COMPLETE,TRUE
San Marcos Springs,2009,2009-07-01,31,88.2258064516129,31,100,TRUE,COMPLETE,TRUE,FALSE,COMPLETE,TRUE
San Marcos Springs,2009,2009-08-01,31,86.64516129032258,31,100,TRUE,COMPLETE,TRUE,FALSE,COMPLETE,TRUE
San Marcos Springs,2009,2009-09-01,30,93.33333333333333,30,100,TRUE,COMPLETE,TRUE,FALSE,COMPLETE,TRUE
San Marcos Springs,2009,2009-10-01,31,147.74193548387098,31,100,TRUE,COMPLETE,TRUE,FALSE,COMPLETE,TRUE
San Marcos Springs,2009,2009-11-01,30,179.33333333333334,30,100,TRUE,COMPLETE,TRUE,FALSE,COMPLETE,TRUE
San Marcos Springs,2009,2009-12-01,31,183.41935483870967,31,100,TRUE,COMPLETE,TRUE,FALSE,COMPLETE,TRUE
San Marcos Springs,2010,2010-01-01,31,192.83870967741936,31,100,TRUE,COMPLETE,TRUE,FALSE,COMPLETE,TRUE
San Marcos Springs,2010,2010-02-01,28,251.25,28,100,TRUE,COMPLETE,TRUE,FALSE,COMPLETE,TRUE
San Marcos Springs,2010,2010-03-01,31,255.80645161290323,31,100,TRUE,COMPLETE,TRUE,FALSE,COMPLETE,TRUE
San Marcos Springs,2010,2010-04-01,30,248.03333333333333,30,100,TRUE,COMPLETE,TRUE,FALSE,COMPLETE,TRUE
San Marcos Springs,2010,2010-05-01,31,233.41935483870967,31,100,TRUE,COMPLETE,TRUE,FALSE,COMPLETE,TRUE
San Marcos Springs,2010,2010-06-01,30,224.96666666666667,30,100,TRUE,COMPLETE,TRUE,FALSE,COMPLETE,TRUE
San Marcos Springs,2010,2010-07-01,31,218.16129032258064,31,100,TRUE,COMPLETE,TRUE,FALSE,COMPLETE,TRUE
San Marcos Springs,2010,2010-08-01,31,207.16129032258064,31,100,TRUE,COMPLETE,TRUE,FALSE,COMPLETE,TRUE
San Marcos Springs,2010,2010-09-01,30,215.7,30,100,TRUE,COMPLETE,TRUE,FALSE,COMPLETE,TRUE
San Marcos Springs,2010,2010-10-01,31,201.93548387096774,31,100,TRUE,COMPLETE,TRUE,FALSE,COMPLETE,TRUE
San Marcos Springs,2010,2010-11-01,30,181.73333333333332,30,100,TRUE,COMPLETE,TRUE,FALSE,COMPLETE,TRUE
San Marcos Springs,2010,2010-12-01,31,169.51612903225808,31,100,TRUE,COMPLETE,TRUE,FALSE,COMPLETE,TRUE
San Marcos Springs,2011,2011-01-01,31,163.61290322580646,31,100,TRUE,COMPLETE,TRUE,FALSE,COMPLETE,TRUE
San Marcos Springs,2011,2011-02-01,28,151.92857142857142,28,100,TRUE,COMPLETE,TRUE,FALSE,COMPLETE,TRUE
San Marcos Springs,2011,2011-03-01,31,149.03225806451613,31,100,TRUE,COMPLETE,TRUE,FALSE,COMPLETE,TRUE
San Marcos Springs,2011,2011-04-01,30,137.1,30,100,TRUE,COMPLETE,TRUE,FALSE,COMPLETE,TRUE
San Marcos Springs,2011,2011-05-01,31,122.41935483870968,31,100,TRUE,COMPLETE,TRUE,FALSE,COMPLETE,TRUE
San Marcos Springs,2011,2011-06-01,30,110.96666666666667,30,100,TRUE,COMPLETE,TRUE,FALSE,COMPLETE,TRUE
San Marcos Springs,2011,2011-07-01,31,104.12903225806451,31,100,TRUE,COMPLETE,TRUE,FALSE,COMPLETE,TRUE
San Marcos Springs,2011,2011-08-01,31,95.6774193548387,31,100,TRUE,COMPLETE,TRUE,FALSE,COMPLETE,TRUE
San Marcos Springs,2011,2011-09-01,30,90.53333333333333,30,100,TRUE,COMPLETE,TRUE,FALSE,COMPLETE,TRUE
San Marcos Springs,2011,2011-10-01,31,91.87096774193549,31,100,TRUE,COMPLETE,TRUE,FALSE,COMPLETE,TRUE
San Marcos Springs,2011,2011-11-01,30,93.83333333333333,30,100,TRUE,COMPLETE,TRUE,FALSE,COMPLETE,TRUE
San Marcos Springs,2011,2011-12-01,31,99.29032258064517,31,100,TRUE,COMPLETE,TRUE,FALSE,COMPLETE,TRUE
San Marcos Springs,2012,2012-01-01,31,107,31,100,TRUE,COMPLETE,TRUE,FALSE,COMPLETE,TRUE
San Marcos Springs,2012,2012-02-01,29,147.6551724137931,29,100,TRUE,COMPLETE,TRUE,FALSE,COMPLETE,TRUE
San Marcos Springs,2012,2012-03-01,31,178.90322580645162,31,100,TRUE,COMPLETE,TRUE,FALSE,COMPLETE,TRUE
San Marcos Springs,2012,2012-04-01,30,206.46666666666667,30,100,TRUE,COMPLETE,TRUE,FALSE,COMPLETE,TRUE
San Marcos Springs,2012,2012-05-01,31,213.67741935483872,31,100,TRUE,COMPLETE,TRUE,FALSE,COMPLETE,TRUE
San Marcos Springs,2012,2012-06-01,30,207.26666666666668,30,100,TRUE,COMPLETE,TRUE,FALSE,COMPLETE,TRUE
San Marcos Springs,2012,2012-07-01,31,183.4516129032258,31,100,TRUE,COMPLETE,TRUE,FALSE,COMPLETE,TRUE
San Marcos Springs,2012,2012-08-01,31,162.58064516129033,31,100,TRUE,COMPLETE,TRUE,FALSE,COMPLETE,TRUE
San Marcos Springs,2012,2012-09-01,30,146.8,30,100,TRUE,COMPLETE,TRUE,FALSE,COMPLETE,TRUE
San Marcos Springs,2012,2012-10-01,31,148.90322580645162,31,100,TRUE,COMPLETE,TRUE,FALSE,COMPLETE,TRUE
San Marcos Springs,2012,2012-11-01,30,134.9,30,100,TRUE,COMPLETE,TRUE,FALSE,COMPLETE,TRUE
San Marcos Springs,2012,2012-12-01,31,123.51612903225806,31,100,TRUE,COMPLETE,TRUE,FALSE,COMPLETE,TRUE
San Marcos Springs,2013,2013-01-01,31,120.03225806451613,31,100,TRUE,COMPLETE,TRUE,FALSE,COMPLETE,TRUE
San Marcos Springs,2013,2013-02-01,28,114.28571428571429,28,100,TRUE,COMPLETE,TRUE,FALSE,COMPLETE,TRUE
San Marcos Springs,2013,2013-03-01,31,108.3225806451613,31,100,TRUE,COMPLETE,TRUE,FALSE,COMPLETE,TRUE
San Marcos Springs,2013,2013-04-01,30,107.5,30,100,TRUE,COMPLETE,TRUE,FALSE,COMPLETE,TRUE
San Marcos Springs,2013,2013-05-01,31,103.90322580645162,31,100,TRUE,COMPLETE,TRUE,FALSE,COMPLETE,TRUE
San Marcos Springs,2013,2013-06-01,30,120.6,30,100,TRUE,COMPLETE,TRUE,FALSE,COMPLETE,TRUE
San Marcos Springs,2013,2013-07-01,31,113.58064516129032,31,100,TRUE,COMPLETE,TRUE,FALSE,COMPLETE,TRUE
San Marcos Springs,2013,2013-08-01,31,107.06451612903226,31,100,TRUE,COMPLETE,TRUE,FALSE,COMPLETE,TRUE
San Marcos Springs,2013,2013-09-01,30,102.96666666666667,30,100,TRUE,COMPLETE,TRUE,FALSE,COMPLETE,TRUE
San Marcos Springs,2013,2013-10-01,31,116.80645161290323,31,100,TRUE,COMPLETE,TRUE,FALSE,COMPLETE,TRUE
San Marcos Springs,2013,2013-11-01,30,211.73333333333332,30,100,TRUE,COMPLETE,TRUE,FALSE,COMPLETE,TRUE
San Marcos Springs,2013,2013-12-01,31,185,31,100,TRUE,COMPLETE,TRUE,FALSE,COMPLETE,TRUE
San Marcos Springs,2014,2014-01-01,31,162.29032258064515,31,100,TRUE,COMPLETE,TRUE,FALSE,COMPLETE,TRUE
San Marcos Springs,2014,2014-02-01,28,150.21428571428572,28,100,TRUE,COMPLETE,TRUE,FALSE,COMPLETE,TRUE
San Marcos Springs,2014,2014-03-01,31,138.4516129032258,31,100,TRUE,COMPLETE,TRUE,FALSE,COMPLETE,TRUE
San Marcos Springs,2014,2014-04-01,30,124.26666666666667,30,100,TRUE,COMPLETE,TRUE,FALSE,COMPLETE,TRUE
San Marcos Springs,2014,2014-05-01,31,118.80645161290323,31,100,TRUE,COMPLETE,TRUE,FALSE,COMPLETE,TRUE
San Marcos Springs,2014,2014-06-01,30,153.53333333333333,30,100,TRUE,COMPLETE,TRUE,FALSE,COMPLETE,TRUE
San Marcos Springs,2014,2014-07-01,31,136.5483870967742,31,100,TRUE,COMPLETE,TRUE,FALSE,COMPLETE,TRUE
San Marcos Springs,2014,2014-08-01,31,114.29032258064517,31,100,TRUE,COMPLETE,TRUE,FALSE,COMPLETE,TRUE
San Marcos Springs,2014,2014-09-01,30,107.13333333333334,30,100,TRUE,COMPLETE,TRUE,FALSE,COMPLETE,TRUE
San Marcos Springs,2014,2014-10-01,31,106.38709677419355,31,100,TRUE,COMPLETE,TRUE,FALSE,COMPLETE,TRUE
San Marcos Springs,2014,2014-11-01,30,109.4,30,100,TRUE,COMPLETE,TRUE,FALSE,COMPLETE,TRUE
San Marcos Springs,2014,2014-12-01,31,118.74193548387096,31,100,TRUE,COMPLETE,TRUE,FALSE,COMPLETE,TRUE
San Marcos Springs,2015,2015-01-01,31,125.16129032258064,31,100,TRUE,COMPLETE,TRUE,FALSE,COMPLETE,TRUE
San Marcos Springs,2015,2015-02-01,28,156,28,100,TRUE,COMPLETE,TRUE,FALSE,COMPLETE,TRUE
San Marcos Springs,2015,2015-03-01,31,164.83870967741936,31,100,TRUE,COMPLETE,TRUE,FALSE,COMPLETE,TRUE
San Marcos Springs,2015,2015-04-01,30,175.5,30,100,TRUE,COMPLETE,TRUE,FALSE,COMPLETE,TRUE
San Marcos Springs,2015,2015-05-01,31,208.06451612903226,31,100,TRUE,COMPLETE,TRUE,FALSE,COMPLETE,TRUE
San Marcos Springs,2015,2015-06-01,30,340.3,30,100,TRUE,COMPLETE,TRUE,FALSE,COMPLETE,TRUE
San Marcos Springs,2015,2015-07-01,31,318.03225806451616,31,100,TRUE,COMPLETE,TRUE,FALSE,COMPLETE,TRUE
San Marcos Springs,2015,2015-08-01,31,281.80645161290323,31,100,TRUE,COMPLETE,TRUE,FALSE,COMPLETE,TRUE
San Marcos Springs,2015,2015-09-01,30,240.56666666666666,30,100,TRUE,COMPLETE,TRUE,FALSE,COMPLETE,TRUE
San Marcos Springs,2015,2015-10-01,31,205.93548387096774,31,100,TRUE,COMPLETE,TRUE,FALSE,COMPLETE,TRUE
San Marcos Springs,2015,2015-11-01,30,325.23333333333335,30,100,TRUE,COMPLETE,TRUE,FALSE,COMPLETE,TRUE
San Marcos Springs,2015,2015-12-01,31,325.5483870967742,31,100,TRUE,COMPLETE,TRUE,FALSE,COMPLETE,TRUE
San Marcos Springs,2016,2016-01-01,31,290.80645161290323,31,100,TRUE,COMPLETE,TRUE,FALSE,COMPLETE,TRUE
San Marcos Springs,2016,2016-02-01,29,252.93103448275863,29,100,TRUE,COMPLETE,TRUE,FALSE,COMPLETE,TRUE
San Marcos Springs,2016,2016-03-01,31,240.61290322580646,31,100,TRUE,COMPLETE,TRUE,FALSE,COMPLETE,TRUE
San Marcos Springs,2016,2016-04-01,30,257.5,30,100,TRUE,COMPLETE,TRUE,FALSE,COMPLETE,TRUE
San Marcos Springs,2016,2016-05-01,31,311.7096774193548,31,100,TRUE,COMPLETE,TRUE,FALSE,COMPLETE,TRUE
San Marcos Springs,2016,2016-06-01,30,342.43333333333334,30,100,TRUE,COMPLETE,TRUE,FALSE,COMPLETE,TRUE
San Marcos Springs,2016,2016-07-01,31,315.3225806451613,31,100,TRUE,COMPLETE,TRUE,FALSE,COMPLETE,TRUE
San Marcos Springs,2016,2016-08-01,31,285,31,100,TRUE,COMPLETE,TRUE,FALSE,COMPLETE,TRUE
San Marcos Springs,2016,2016-09-01,30,263,30,100,TRUE,COMPLETE,TRUE,FALSE,COMPLETE,TRUE
San Marcos Springs,2016,2016-10-01,31,269.64516129032256,31,100,TRUE,COMPLETE,TRUE,FALSE,COMPLETE,TRUE
San Marcos Springs,2016,2016-11-01,30,246.43333333333334,30,100,TRUE,COMPLETE,TRUE,FALSE,COMPLETE,TRUE
San Marcos Springs,2016,2016-12-01,31,241,31,100,TRUE,COMPLETE,TRUE,FALSE,COMPLETE,TRUE
San Marcos Springs,2017,2017-01-01,31,226.51612903225808,31,100,TRUE,COMPLETE,TRUE,FALSE,COMPLETE,TRUE
San Marcos Springs,2017,2017-02-01,28,236.39285714285714,28,100,TRUE,COMPLETE,TRUE,FALSE,COMPLETE,TRUE
San Marcos Springs,2017,2017-03-01,31,239.1290322580645,31,100,TRUE,COMPLETE,TRUE,FALSE,COMPLETE,TRUE
San Marcos Springs,2017,2017-04-01,30,272,30,100,TRUE,COMPLETE,TRUE,FALSE,COMPLETE,TRUE
San Marcos Springs,2017,2017-05-01,31,269.19354838709677,31,100,TRUE,COMPLETE,TRUE,FALSE,COMPLETE,TRUE
San Marcos Springs,2017,2017-06-01,30,241.53333333333333,30,100,TRUE,COMPLETE,TRUE,FALSE,COMPLETE,TRUE
San Marcos Springs,2017,2017-07-01,31,202.48387096774192,31,100,TRUE,COMPLETE,TRUE,FALSE,COMPLETE,TRUE
San Marcos Springs,2017,2017-08-01,31,185.90322580645162,31,100,TRUE,COMPLETE,TRUE,FALSE,COMPLETE,TRUE
San Marcos Springs,2017,2017-09-01,30,229.1,30,100,TRUE,COMPLETE,TRUE,FALSE,COMPLETE,TRUE
San Marcos Springs,2017,2017-10-01,31,202.80645161290323,31,100,TRUE,COMPLETE,TRUE,FALSE,COMPLETE,TRUE
San Marcos Springs,2017,2017-11-01,30,186.3,30,100,TRUE,COMPLETE,TRUE,FALSE,COMPLETE,TRUE
San Marcos Springs,2017,2017-12-01,31,173.16129032258064,31,100,TRUE,COMPLETE,TRUE,FALSE,COMPLETE,TRUE
San Marcos Springs,2018,2018-01-01,31,165.03225806451613,31,100,TRUE,COMPLETE,TRUE,FALSE,COMPLETE,TRUE
San Marcos Springs,2018,2018-02-01,28,164.42857142857142,28,100,TRUE,COMPLETE,TRUE,FALSE,COMPLETE,TRUE
San Marcos Springs,2018,2018-03-01,31,157.6451612903226,31,100,TRUE,COMPLETE,TRUE,FALSE,COMPLETE,TRUE
San Marcos Springs,2018,2018-04-01,30,182.13333333333333,30,100,TRUE,COMPLETE,TRUE,FALSE,COMPLETE,TRUE
San Marcos Springs,2018,2018-05-01,31,175,31,100,TRUE,COMPLETE,TRUE,FALSE,COMPLETE,TRUE
San Marcos Springs,2018,2018-06-01,30,143.56666666666666,30,100,TRUE,COMPLETE,TRUE,FALSE,COMPLETE,TRUE
San Marcos Springs,2018,2018-07-01,31,148.4516129032258,31,100,TRUE,COMPLETE,TRUE,FALSE,COMPLETE,TRUE
San Marcos Springs,2018,2018-08-01,31,129.51612903225808,31,100,TRUE,COMPLETE,TRUE,FALSE,COMPLETE,TRUE
San Marcos Springs,2018,2018-09-01,30,148.73333333333332,30,100,TRUE,COMPLETE,TRUE,FALSE,COMPLETE,TRUE
San Marcos Springs,2018,2018-10-01,31,187.8709677419355,31,100,TRUE,COMPLETE,TRUE,FALSE,COMPLETE,TRUE
San Marcos Springs,2018,2018-11-01,30,217.56666666666666,30,100,TRUE,COMPLETE,TRUE,FALSE,COMPLETE,TRUE
San Marcos Springs,2018,2018-12-01,31,236.70967741935485,31,100,TRUE,COMPLETE,TRUE,FALSE,COMPLETE,TRUE
San Marcos Springs,2019,2019-01-01,31,254.7741935483871,31,100,TRUE,COMPLETE,TRUE,FALSE,COMPLETE,TRUE
San Marcos Springs,2019,2019-02-01,28,247.89285714285714,28,100,TRUE,COMPLETE,TRUE,FALSE,COMPLETE,TRUE
San Marcos Springs,2019,2019-03-01,31,238.70967741935485,31,100,TRUE,COMPLETE,TRUE,FALSE,COMPLETE,TRUE
San Marcos Springs,2019,2019-04-01,30,238.3,30,100,TRUE,COMPLETE,TRUE,FALSE,COMPLETE,TRUE
San Marcos Springs,2019,2019-05-01,31,270.8709677419355,31,100,TRUE,COMPLETE,TRUE,FALSE,COMPLETE,TRUE
San Marcos Springs,2019,2019-06-01,30,262.1,30,100,TRUE,COMPLETE,TRUE,FALSE,COMPLETE,TRUE
San Marcos Springs,2019,2019-07-01,31,227.70967741935485,31,100,TRUE,COMPLETE,TRUE,FALSE,COMPLETE,TRUE
San Marcos Springs,2019,2019-08-01,31,213.5483870967742,31,100,TRUE,COMPLETE,TRUE,FALSE,COMPLETE,TRUE
San Marcos Springs,2019,2019-09-01,30,193.23333333333332,30,100,TRUE,COMPLETE,TRUE,FALSE,COMPLETE,TRUE
San Marcos Springs,2019,2019-10-01,31,178.51612903225808,31,100,TRUE,COMPLETE,TRUE,FALSE,COMPLETE,TRUE
San Marcos Springs,2019,2019-11-01,30,177.56666666666666,30,100,TRUE,COMPLETE,TRUE,FALSE,COMPLETE,TRUE
San Marcos Springs,2019,2019-12-01,31,165.48387096774192,31,100,TRUE,COMPLETE,TRUE,FALSE,COMPLETE,TRUE
San Marcos Springs,2020,2020-01-01,31,158.61290322580646,31,100,TRUE,COMPLETE,TRUE,FALSE,COMPLETE,TRUE
San Marcos Springs,2020,2020-02-01,29,150.55172413793105,29,100,TRUE,COMPLETE,TRUE,FALSE,COMPLETE,TRUE
San Marcos Springs,2020,2020-03-01,31,148.48387096774192,31,100,TRUE,COMPLETE,TRUE,FALSE,COMPLETE,TRUE
San Marcos Springs,2020,2020-04-01,30,146.63333333333333,30,100,TRUE,COMPLETE,TRUE,FALSE,COMPLETE,TRUE
San Marcos Springs,2020,2020-05-01,31,165.93548387096774,31,100,TRUE,COMPLETE,TRUE,FALSE,COMPLETE,TRUE
San Marcos Springs,2020,2020-06-01,30,191.2,30,100,TRUE,COMPLETE,TRUE,FALSE,COMPLETE,TRUE
San Marcos Springs,2020,2020-07-01,31,168.5483870967742,31,100,TRUE,COMPLETE,TRUE,FALSE,COMPLETE,TRUE
San Marcos Springs,2020,2020-08-01,31,139.38709677419354,31,100,TRUE,COMPLETE,TRUE,FALSE,COMPLETE,TRUE
San Marcos Springs,2020,2020-09-01,30,135.83333333333334,30,100,TRUE,COMPLETE,TRUE,FALSE,COMPLETE,TRUE
San Marcos Springs,2020,2020-10-01,31,145.90322580645162,31,100,TRUE,COMPLETE,TRUE,FALSE,COMPLETE,TRUE
San Marcos Springs,2020,2020-11-01,30,131.06666666666666,30,100,TRUE,COMPLETE,TRUE,FALSE,COMPLETE,TRUE
San Marcos Springs,2020,2020-12-01,31,121.45161290322581,31,100,TRUE,COMPLETE,TRUE,FALSE,COMPLETE,TRUE
San Marcos Springs,2021,2021-01-01,31,117.70967741935483,31,100,TRUE,COMPLETE,TRUE,FALSE,COMPLETE,TRUE
San Marcos Springs,2021,2021-02-01,28,110.53571428571429,28,100,TRUE,COMPLETE,TRUE,FALSE,COMPLETE,TRUE
San Marcos Springs,2021,2021-03-01,31,108.3225806451613,31,100,TRUE,COMPLETE,TRUE,FALSE,COMPLETE,TRUE
San Marcos Springs,2021,2021-04-01,30,102.36666666666666,30,100,TRUE,COMPLETE,TRUE,FALSE,COMPLETE,TRUE
San Marcos Springs,2021,2021-05-01,31,137.74193548387098,31,100,TRUE,COMPLETE,TRUE,FALSE,COMPLETE,TRUE
San Marcos Springs,2021,2021-06-01,30,171,30,100,TRUE,COMPLETE,TRUE,FALSE,COMPLETE,TRUE
San Marcos Springs,2021,2021-07-01,31,168.2258064516129,31,100,TRUE,COMPLETE,TRUE,FALSE,COMPLETE,TRUE
San Marcos Springs,2021,2021-08-01,31,160.06451612903226,31,100,TRUE,COMPLETE,TRUE,FALSE,COMPLETE,TRUE
San Marcos Springs,2021,2021-09-01,30,146.5,30,100,TRUE,COMPLETE,TRUE,FALSE,COMPLETE,TRUE
San Marcos Springs,2021,2021-10-01,31,178.8709677419355,31,100,TRUE,COMPLETE,TRUE,FALSE,COMPLETE,TRUE
San Marcos Springs,2021,2021-11-01,30,205.4,30,100,TRUE,COMPLETE,TRUE,FALSE,COMPLETE,TRUE
San Marcos Springs,2021,2021-12-01,31,176.32258064516128,31,100,TRUE,COMPLETE,TRUE,FALSE,COMPLETE,TRUE
San Marcos Springs,2022,2022-01-01,31,159.67741935483872,31,100,TRUE,COMPLETE,TRUE,FALSE,COMPLETE,TRUE
San Marcos Springs,2022,2022-02-01,28,169.17857142857142,28,100,TRUE,COMPLETE,TRUE,FALSE,COMPLETE,TRUE
San Marcos Springs,2022,2022-03-01,31,169.70967741935485,31,100,TRUE,COMPLETE,TRUE,FALSE,COMPLETE,TRUE
San Marcos Springs,2022,2022-04-01,30,146.73333333333332,30,100,TRUE,COMPLETE,TRUE,FALSE,COMPLETE,TRUE
San Marcos Springs,2022,2022-05-01,31,128.51612903225808,31,100,TRUE,COMPLETE,TRUE,FALSE,COMPLETE,TRUE
San Marcos Springs,2022,2022-06-01,30,108,30,100,TRUE,COMPLETE,TRUE,FALSE,COMPLETE,TRUE
San Marcos Springs,2022,2022-07-01,31,100.19354838709677,31,100,TRUE,COMPLETE,TRUE,FALSE,COMPLETE,TRUE
San Marcos Springs,2022,2022-08-01,31,90.74193548387096,31,100,TRUE,COMPLETE,TRUE,FALSE,COMPLETE,TRUE
San Marcos Springs,2022,2022-09-01,30,87.83333333333333,30,100,TRUE,COMPLETE,TRUE,FALSE,COMPLETE,TRUE
San Marcos Springs,2022,2022-10-01,31,84.61290322580645,31,100,TRUE,COMPLETE,TRUE,FALSE,COMPLETE,TRUE
San Marcos Springs,2022,2022-11-01,30,87.66666666666667,30,100,TRUE,COMPLETE,TRUE,FALSE,COMPLETE,TRUE
San Marcos Springs,2022,2022-12-01,31,87.09677419354838,31,100,TRUE,COMPLETE,TRUE,FALSE,COMPLETE,TRUE
San Marcos Springs,2023,2023-01-01,31,89.74193548387096,31,100,TRUE,"PARTIAL, RETAINED",TRUE,FALSE,COMPLETE,TRUE
San Marcos Springs,2023,2023-02-01,28,90.5,28,100,TRUE,"PARTIAL, RETAINED",TRUE,FALSE,COMPLETE,TRUE
San Marcos Springs,2023,2023-03-01,31,84.93548387096774,31,100,TRUE,"PARTIAL, RETAINED",TRUE,FALSE,COMPLETE,TRUE
San Marcos Springs,2023,2023-04-01,30,87.5,30,100,TRUE,"PARTIAL, RETAINED",TRUE,FALSE,COMPLETE,TRUE
San Marcos Springs,2023,2023-05-01,30,99.76666666666667,31,96.7741935483871,FALSE,"PARTIAL, RETAINED",TRUE,FALSE,"PARTIAL, USABLE",TRUE
San Marcos Springs,2023,2023-06-01,30,89.4,30,100,TRUE,"PARTIAL, RETAINED",TRUE,FALSE,COMPLETE,TRUE
San Marcos Springs,2023,2023-07-01,31,86.41935483870968,31,100,TRUE,"PARTIAL, RETAINED",TRUE,FALSE,COMPLETE,TRUE
San Marcos Springs,2023,2023-08-01,31,73.83870967741936,31,100,TRUE,"PARTIAL, RETAINED",TRUE,FALSE,COMPLETE,TRUE
San Marcos Springs,2023,2023-09-01,30,69,30,100,TRUE,"PARTIAL, RETAINED",TRUE,FALSE,COMPLETE,TRUE
San Marcos Springs,2023,2023-10-01,31,78.74193548387096,31,100,TRUE,"PARTIAL, RETAINED",TRUE,FALSE,COMPLETE,TRUE
San Marcos Springs,2023,2023-11-01,30,87.86666666666666,30,100,TRUE,"PARTIAL, RETAINED",TRUE,FALSE,COMPLETE,TRUE
San Marcos Springs,2023,2023-12-01,31,84.6774193548387,31,100,TRUE,"PARTIAL, RETAINED",TRUE,FALSE,COMPLETE,TRUE
San Marcos Springs,2024,2024-01-01,31,105.06451612903226,31,100,TRUE,COMPLETE,TRUE,FALSE,COMPLETE,TRUE
San Marcos Springs,2024,2024-02-01,29,168.17241379310346,29,100,TRUE,COMPLETE,TRUE,FALSE,COMPLETE,TRUE
San Marcos Springs,2024,2024-03-01,31,150.6451612903226,31,100,TRUE,COMPLETE,TRUE,FALSE,COMPLETE,TRUE
San Marcos Springs,2024,2024-04-01,30,124.5,30,100,TRUE,COMPLETE,TRUE,FALSE,COMPLETE,TRUE
San Marcos Springs,2024,2024-05-01,31,128.74193548387098,31,100,TRUE,COMPLETE,TRUE,FALSE,COMPLETE,TRUE
San Marcos Springs,2024,2024-06-01,30,111.8,30,100,TRUE,COMPLETE,TRUE,FALSE,COMPLETE,TRUE
San Marcos Springs,2024,2024-07-01,31,107.80645161290323,31,100,TRUE,COMPLETE,TRUE,FALSE,COMPLETE,TRUE
San Marcos Springs,2024,2024-08-01,31,100.35483870967742,31,100,TRUE,COMPLETE,TRUE,FALSE,COMPLETE,TRUE
San Marcos Springs,2024,2024-09-01,30,92.03333333333333,30,100,TRUE,COMPLETE,TRUE,FALSE,COMPLETE,TRUE
San Marcos Springs,2024,2024-10-01,31,87.38709677419355,31,100,TRUE,COMPLETE,TRUE,FALSE,COMPLETE,TRUE
San Marcos Springs,2024,2024-11-01,30,81.8,30,100,TRUE,COMPLETE,TRUE,FALSE,COMPLETE,TRUE
San Marcos Springs,2024,2024-12-01,31,83.70967741935483,31,100,TRUE,COMPLETE,TRUE,FALSE,COMPLETE,TRUE
San Marcos Springs,2025,2025-01-01,31,83.19354838709677,31,100,TRUE,COMPLETE,TRUE,FALSE,COMPLETE,TRUE
San Marcos Springs,2025,2025-02-01,28,84.64285714285714,28,100,TRUE,COMPLETE,TRUE,FALSE,COMPLETE,TRUE
San Marcos Springs,2025,2025-03-01,31,85.61290322580645,31,100,TRUE,COMPLETE,TRUE,FALSE,COMPLETE,TRUE
San Marcos Springs,2025,2025-04-01,30,86.7,30,100,TRUE,COMPLETE,TRUE,FALSE,COMPLETE,TRUE
San Marcos Springs,2025,2025-05-01,31,84.6774193548387,31,100,TRUE,COMPLETE,TRUE,FALSE,COMPLETE,TRUE
San Marcos Springs,2025,2025-06-01,30,96.03333333333333,30,100,TRUE,COMPLETE,TRUE,FALSE,COMPLETE,TRUE
San Marcos Springs,2025,2025-07-01,31,104.35483870967742,31,100,TRUE,COMPLETE,TRUE,FALSE,COMPLETE,TRUE
San Marcos Springs,2025,2025-08-01,31,100.25806451612904,31,100,TRUE,COMPLETE,TRUE,FALSE,COMPLETE,TRUE
San Marcos Springs,2025,2025-09-01,30,91.5,30,100,TRUE,COMPLETE,TRUE,FALSE,COMPLETE,TRUE
San Marcos Springs,2025,2025-10-01,31,88.54838709677419,31,100,TRUE,COMPLETE,TRUE,FALSE,COMPLETE,TRUE
San Marcos Springs,2025,2025-11-01,30,85.73333333333333,30,100,TRUE,COMPLETE,TRUE,FALSE,COMPLETE,TRUE
San Marcos Springs,2025,2025-12-01,31,81.03225806451613,31,100,TRUE,COMPLETE,TRUE,FALSE,COMPLETE,TRUE
San Marcos Springs,2026,2026-01-01,31,83.70967741935483,31,100,TRUE,CURRENT YEAR - COMPLETE THROUGH DATA END,TRUE,FALSE,COMPLETE,TRUE
San Marcos Springs,2026,2026-02-01,28,80.42857142857143,28,100,TRUE,CURRENT YEAR - COMPLETE THROUGH DATA END,TRUE,FALSE,COMPLETE,TRUE
San Marcos Springs,2026,2026-03-01,31,76.3225806451613,31,100,TRUE,CURRENT YEAR - COMPLETE THROUGH DATA END,TRUE,FALSE,COMPLETE,TRUE
San Marcos Springs,2026,2026-04-01,30,78.13333333333334,30,100,TRUE,CURRENT YEAR - COMPLETE THROUGH DATA END,TRUE,FALSE,COMPLETE,TRUE
San Marcos Springs,2026,2026-05-01,31,88.09677419354838,31,100,TRUE,CURRENT YEAR - COMPLETE THROUGH DATA END,TRUE,FALSE,COMPLETE,TRUE
San Marcos Springs,2026,2026-06-01,30,94.06666666666666,30,100,TRUE,CURRENT YEAR - COMPLETE THROUGH DATA END,TRUE,FALSE,COMPLETE,TRUE
San Marcos Springs,2026,2026-07-01,31,112.87096774193549,31,100,TRUE,CURRENT YEAR - COMPLETE THROUGH DATA END,TRUE,FALSE,COMPLETE,TRUE
