station,window_months,window_start_month,window_end_month,rolling_mean_cfs,partial_months_in_window,unusable_months_in_window
Comal Springs,3,1931-11-01,1932-01-01,NA,NA,NA
Comal Springs,3,1931-12-01,1932-02-01,NA,NA,NA
Comal Springs,3,1932-01-01,1932-03-01,318.21505376344084,0,0
Comal Springs,3,1932-02-01,1932-04-01,313.0406212664277,1,0
Comal Springs,3,1932-03-01,1932-05-01,310.82556750298687,1,0
Comal Springs,3,1932-04-01,1932-06-01,305.7219832735962,1,0
Comal Springs,3,1932-05-01,1932-07-01,315.2405017921147,0,0
Comal Springs,3,1932-06-01,1932-08-01,329.57383512544806,0,0
Comal Springs,3,1932-07-01,1932-09-01,338.5895439377086,1,0
Comal Springs,3,1932-08-01,1932-10-01,335.3852428624397,1,0
Comal Springs,3,1932-09-01,1932-11-01,325.65585218143616,1,0
Comal Springs,3,1932-10-01,1932-12-01,319.90501792114696,0,0
Comal Springs,3,1932-11-01,1933-01-01,315.7437275985663,0,0
Comal Springs,3,1932-12-01,1933-02-01,309.9857910906298,0,0
Comal Springs,3,1933-01-01,1933-03-01,306.42665130568355,0,0
Comal Springs,3,1933-02-01,1933-04-01,316.09224270353303,0,0
Comal Springs,3,1933-03-01,1933-05-01,324.3322580645161,0,0
Comal Springs,3,1933-04-01,1933-06-01,322.44874551971327,0,0
Comal Springs,3,1933-05-01,1933-07-01,314.6218637992832,0,0
Comal Springs,3,1933-06-01,1933-08-01,308.4820788530466,0,0
Comal Springs,3,1933-07-01,1933-09-01,311.02652329749105,0,0
Comal Springs,3,1933-08-01,1933-10-01,302.81146953405016,0,0
Comal Springs,3,1933-09-01,1933-11-01,300.76917562724014,0,0
Comal Springs,3,1933-10-01,1933-12-01,299.47383512544803,0,0
Comal Springs,3,1933-11-01,1934-01-01,308.31254480286736,0,0
Comal Springs,3,1933-12-01,1934-02-01,310.3379416282642,0,0
Comal Springs,3,1934-01-01,1934-03-01,317.3809523809524,0,0
Comal Springs,3,1934-02-01,1934-04-01,321.3619559651818,0,0
Comal Springs,3,1934-03-01,1934-05-01,328.79820788530463,0,0
Comal Springs,3,1934-04-01,1934-06-01,327.294982078853,0,0
Comal Springs,3,1934-05-01,1934-07-01,328.4537634408602,0,0
Comal Springs,3,1934-06-01,1934-08-01,327.658064516129,0,0
Comal Springs,3,1934-07-01,1934-09-01,318.96917562724013,0,0
Comal Springs,3,1934-08-01,1934-10-01,309.0874551971326,0,0
Comal Springs,3,1934-09-01,1934-11-01,296.1659498207885,0,0
Comal Springs,3,1934-10-01,1934-12-01,292.0247311827957,0,0
Comal Springs,3,1934-11-01,1935-01-01,289.4225806451613,0,0
Comal Springs,3,1934-12-01,1935-02-01,292.3701996927803,0,0
Comal Springs,3,1935-01-01,1935-03-01,294.9615975422427,0,0
Comal Springs,3,1935-02-01,1935-04-01,296.0866871479775,0,0
Comal Springs,3,1935-03-01,1935-05-01,300.65197132616487,0,0
Comal Springs,3,1935-04-01,1935-06-01,313.81290322580645,0,0
Comal Springs,3,1935-05-01,1935-07-01,327.51577060931896,0,0
Comal Springs,3,1935-06-01,1935-08-01,338.3222222222222,0,0
Comal Springs,3,1935-07-01,1935-09-01,339.8666666666667,0,0
Comal Springs,3,1935-08-01,1935-10-01,340.0709677419355,0,0
Comal Springs,3,1935-09-01,1935-11-01,344.6405017921147,0,0
Comal Springs,3,1935-10-01,1935-12-01,355.4082437275986,0,0
Comal Springs,3,1935-11-01,1936-01-01,366.5802867383512,0,0
Comal Springs,3,1935-12-01,1936-02-01,371.2350760103819,0,0
Comal Springs,3,1936-01-01,1936-03-01,366.72969966629586,0,0
Comal Springs,3,1936-02-01,1936-04-01,352.93937708565073,0,0
Comal Springs,3,1936-03-01,1936-05-01,343.26344086021504,0,0
Comal Springs,3,1936-04-01,1936-06-01,353.578853046595,0,0
Comal Springs,3,1936-05-01,1936-07-01,364.43369175627237,0,0
Comal Springs,3,1936-06-01,1936-08-01,370.4874551971326,0,0
Comal Springs,3,1936-07-01,1936-09-01,362.8318996415771,0,0
Comal Springs,3,1936-08-01,1936-10-01,362.55232974910393,0,0
Comal Springs,3,1936-09-01,1936-11-01,363.44193548387096,0,0
Comal Springs,3,1936-10-01,1936-12-01,359.94336917562725,0,0
Comal Springs,3,1936-11-01,1937-01-01,354.24444444444447,0,0
Comal Springs,3,1936-12-01,1937-02-01,350.9047619047619,0,0
Comal Springs,3,1937-01-01,1937-03-01,354.0445468509985,0,0
Comal Springs,3,1937-02-01,1937-04-01,363.0126472094214,0,0
Comal Springs,3,1937-03-01,1937-05-01,367.74229390681006,0,0
Comal Springs,3,1937-04-01,1937-06-01,372.84551971326164,0,0
Comal Springs,3,1937-05-01,1937-07-01,367.6516129032258,0,0
Comal Springs,3,1937-06-01,1937-08-01,359.52258064516127,0,0
Comal Springs,3,1937-07-01,1937-09-01,345.68924731182796,0,0
Comal Springs,3,1937-08-01,1937-10-01,332.28064516129035,0,0
Comal Springs,3,1937-09-01,1937-11-01,323.5863799283154,0,0
Comal Springs,3,1937-10-01,1937-12-01,319.0046594982079,0,0
Comal Springs,3,1937-11-01,1938-01-01,321.06917562724016,0,0
Comal Springs,3,1937-12-01,1938-02-01,326.0913978494624,0,0
Comal Springs,3,1938-01-01,1938-03-01,328.15591397849465,0,0
Comal Springs,3,1938-02-01,1938-04-01,334.1494623655914,0,0
Comal Springs,3,1938-03-01,1938-05-01,346.48817204301076,0,0
Comal Springs,3,1938-04-01,1938-06-01,358.42759856630823,0,0
Comal Springs,3,1938-05-01,1938-07-01,361.6706093189964,0,0
Comal Springs,3,1938-06-01,1938-08-01,353.27275985663084,0,0
Comal Springs,3,1938-07-01,1938-09-01,348.6283154121864,0,0
Comal Springs,3,1938-08-01,1938-10-01,343.9186379928315,0,0
Comal Springs,3,1938-09-01,1938-11-01,342.82222222222225,0,0
Comal Springs,3,1938-10-01,1938-12-01,335.8068100358423,0,0
Comal Springs,3,1938-11-01,1939-01-01,330.4197132616487,0,0
Comal Springs,3,1938-12-01,1939-02-01,327.02764976958525,0,0
Comal Springs,3,1939-01-01,1939-03-01,323.43625192012286,0,0
Comal Springs,3,1939-02-01,1939-04-01,320.8900153609831,0,0
Comal Springs,3,1939-03-01,1939-05-01,312.8301075268817,0,0
Comal Springs,3,1939-04-01,1939-06-01,307.43691756272403,0,0
Comal Springs,3,1939-05-01,1939-07-01,291.31648745519715,0,0
Comal Springs,3,1939-06-01,1939-08-01,286.1551971326165,0,0
Comal Springs,3,1939-07-01,1939-09-01,287.23297491039426,0,0
Comal Springs,3,1939-08-01,1939-10-01,293.8673835125448,0,0
Comal Springs,3,1939-09-01,1939-11-01,289.347311827957,0,0
Comal Springs,3,1939-10-01,1939-12-01,282.27562724014336,0,0
Comal Springs,3,1939-11-01,1940-01-01,281.5874551971326,0,0
Comal Springs,3,1939-12-01,1940-02-01,285.7096774193548,0,0
Comal Springs,3,1940-01-01,1940-03-01,285.55913978494624,0,0
Comal Springs,3,1940-02-01,1940-04-01,282.5888888888889,0,0
Comal Springs,3,1940-03-01,1940-05-01,274.48136200716846,0,0
Comal Springs,3,1940-04-01,1940-06-01,271.5258064516129,0,0
Comal Springs,3,1940-05-01,1940-07-01,274.2487455197133,0,0
Comal Springs,3,1940-06-01,1940-08-01,278.36702508960576,0,0
Comal Springs,3,1940-07-01,1940-09-01,278.17813620071684,0,0
Comal Springs,3,1940-08-01,1940-10-01,274.10286738351255,0,0
Comal Springs,3,1940-09-01,1940-11-01,272.51433691756273,0,0
Comal Springs,3,1940-10-01,1940-12-01,276.8200716845878,0,0
Comal Springs,3,1940-11-01,1941-01-01,285.1964157706093,0,0
Comal Springs,3,1940-12-01,1941-02-01,298.32181259600617,0,0
Comal Springs,3,1941-01-01,1941-03-01,309.4831029185868,0,0
Comal Springs,3,1941-02-01,1941-04-01,322.89242191500256,0,0
Comal Springs,3,1941-03-01,1941-05-01,348.9146953405018,0,0
Comal Springs,3,1941-04-01,1941-06-01,366.25878136200714,0,0
Comal Springs,3,1941-05-01,1941-07-01,372.97849462365593,0,0
Comal Springs,3,1941-06-01,1941-08-01,363.4731182795699,0,0
Comal Springs,3,1941-07-01,1941-09-01,352.384229390681,0,0
Comal Springs,3,1941-08-01,1941-10-01,350.9971326164875,0,0
Comal Springs,3,1941-09-01,1941-11-01,345.210394265233,0,0
Comal Springs,3,1941-10-01,1941-12-01,343.10573476702507,0,0
Comal Springs,3,1941-11-01,1942-01-01,338.09498207885304,0,0
Comal Springs,3,1941-12-01,1942-02-01,334.781490015361,0,0
Comal Springs,3,1942-01-01,1942-03-01,334.92127496159753,0,0
Comal Springs,3,1942-02-01,1942-04-01,334.9105222734255,0,0
Comal Springs,3,1942-03-01,1942-05-01,328.4193548387097,0,0
Comal Springs,3,1942-04-01,1942-06-01,322.4620071684588,0,0
Comal Springs,3,1942-05-01,1942-07-01,318.22544802867384,0,0
Comal Springs,3,1942-06-01,1942-08-01,320.22544802867384,0,0
Comal Springs,3,1942-07-01,1942-09-01,333.0476702508961,0,0
Comal Springs,3,1942-08-01,1942-10-01,353.7035842293907,0,0
Comal Springs,3,1942-09-01,1942-11-01,382.69713261648747,0,0
Comal Springs,3,1942-10-01,1942-12-01,402.8,0,0
Comal Springs,3,1942-11-01,1943-01-01,409.56344086021505,0,0
Comal Springs,3,1942-12-01,1943-02-01,403.9896313364055,0,0
Comal Springs,3,1943-01-01,1943-03-01,389.6778033794163,0,0
Comal Springs,3,1943-02-01,1943-04-01,372.2727854582693,0,0
Comal Springs,3,1943-03-01,1943-05-01,353.6164874551971,0,0
Comal Springs,3,1943-04-01,1943-06-01,338.26989247311826,0,0
Comal Springs,3,1943-05-01,1943-07-01,328.88996415770606,0,0
Comal Springs,3,1943-06-01,1943-08-01,323.4706093189964,0,0
Comal Springs,3,1943-07-01,1943-09-01,321.59283154121863,0,0
Comal Springs,3,1943-08-01,1943-10-01,314.59283154121863,0,0
Comal Springs,3,1943-09-01,1943-11-01,314.15340501792116,0,0
Comal Springs,3,1943-10-01,1943-12-01,311.5068100358423,0,0
Comal Springs,3,1943-11-01,1944-01-01,320.2810035842294,0,0
Comal Springs,3,1943-12-01,1944-02-01,326.4089729328884,0,0
Comal Springs,3,1944-01-01,1944-03-01,341.34445680385613,0,0
Comal Springs,3,1944-02-01,1944-04-01,357.7501915708812,0,0
Comal Springs,3,1944-03-01,1944-05-01,373.44874551971327,0,0
Comal Springs,3,1944-04-01,1944-06-01,379.69318996415774,0,0
Comal Springs,3,1944-05-01,1944-07-01,370.56702508960575,0,0
Comal Springs,3,1944-06-01,1944-08-01,352.5777777777778,0,0
Comal Springs,3,1944-07-01,1944-09-01,337.68888888888887,0,0
Comal Springs,3,1944-08-01,1944-10-01,327.80716845878135,0,0
Comal Springs,3,1944-09-01,1944-11-01,323.1587813620072,0,0
Comal Springs,3,1944-10-01,1944-12-01,322.2978494623656,0,0
Comal Springs,3,1944-11-01,1945-01-01,328.8677419354839,0,0
Comal Springs,3,1944-12-01,1945-02-01,351.110599078341,0,0
Comal Springs,3,1945-01-01,1945-03-01,368.8095238095238,0,0
Comal Springs,3,1945-02-01,1945-04-01,388.99196108550944,0,0
Comal Springs,3,1945-03-01,1945-05-01,400.42974910394264,0,0
Comal Springs,3,1945-04-01,1945-06-01,397.26953405017923,0,0
Comal Springs,3,1945-05-01,1945-07-01,377.63548387096773,0,0
Comal Springs,3,1945-06-01,1945-08-01,353.3344086021505,0,0
Comal Springs,3,1945-07-01,1945-09-01,340.4121863799283,0,0
Comal Springs,3,1945-08-01,1945-10-01,336.34767025089604,0,0
Comal Springs,3,1945-09-01,1945-11-01,333.0014336917563,0,0
Comal Springs,3,1945-10-01,1945-12-01,333.3741935483871,0,0
Comal Springs,3,1945-11-01,1946-01-01,330.0516129032258,0,0
Comal Springs,3,1945-12-01,1946-02-01,323.79685099846387,0,0
Comal Springs,3,1946-01-01,1946-03-01,324.2807219662058,0,0
Comal Springs,3,1946-02-01,1946-04-01,326.22409114183307,0,0
Comal Springs,3,1946-03-01,1946-05-01,337.2551971326165,0,0
Comal Springs,3,1946-04-01,1946-06-01,346.80967741935484,0,0
Comal Springs,3,1946-05-01,1946-07-01,361.60824372759856,0,0
Comal Springs,3,1946-06-01,1946-08-01,365.47921146953405,0,0
Comal Springs,3,1946-07-01,1946-09-01,366.4236559139785,0,0
Comal Springs,3,1946-08-01,1946-10-01,372.71397849462363,0,0
Comal Springs,3,1946-09-01,1946-11-01,387.14444444444445,0,0
Comal Springs,3,1946-10-01,1946-12-01,397.19390681003586,0,0
Comal Springs,3,1946-11-01,1947-01-01,403.51648745519714,0,0
Comal Springs,3,1946-12-01,1947-02-01,405.8506144393241,0,0
Comal Springs,3,1947-01-01,1947-03-01,408.2054531490015,0,0
Comal Springs,3,1947-02-01,1947-04-01,402.0717613927291,0,0
Comal Springs,3,1947-03-01,1947-05-01,388.5007168458781,0,0
Comal Springs,3,1947-04-01,1947-06-01,368.12974910394263,0,0
Comal Springs,3,1947-05-01,1947-07-01,346.3817204301075,0,0
Comal Springs,3,1947-06-01,1947-08-01,331.89784946236557,0,0
Comal Springs,3,1947-07-01,1947-09-01,323.47562724014335,0,0
Comal Springs,3,1947-08-01,1947-10-01,318.0455197132617,0,0
Comal Springs,3,1947-09-01,1947-11-01,313.44408602150537,0,0
Comal Springs,3,1947-10-01,1947-12-01,310.0007168458781,0,0
Comal Springs,3,1947-11-01,1948-01-01,307.5383512544803,0,0
Comal Springs,3,1947-12-01,1948-02-01,307.32072673340747,0,0
Comal Springs,3,1948-01-01,1948-03-01,303.26696329254725,0,0
Comal Springs,3,1948-02-01,1948-04-01,300.1407984179953,0,0
Comal Springs,3,1948-03-01,1948-05-01,292.1749103942652,0,0
Comal Springs,3,1948-04-01,1948-06-01,285.7164874551971,0,0
Comal Springs,3,1948-05-01,1948-07-01,275.98243727598566,0,0
Comal Springs,3,1948-06-01,1948-08-01,266.6275985663082,0,0
Comal Springs,3,1948-07-01,1948-09-01,260.205376344086,0,0
Comal Springs,3,1948-08-01,1948-10-01,257.26989247311826,0,0
Comal Springs,3,1948-09-01,1948-11-01,258.69713261648747,0,0
Comal Springs,3,1948-10-01,1948-12-01,258.0401433691756,0,0
Comal Springs,3,1948-11-01,1949-01-01,258.48100358422937,0,0
Comal Springs,3,1948-12-01,1949-02-01,252.90322580645162,0,0
Comal Springs,3,1949-01-01,1949-03-01,257.83870967741933,0,0
Comal Springs,3,1949-02-01,1949-04-01,266.5784946236559,0,0
Comal Springs,3,1949-03-01,1949-05-01,289.4494623655914,0,0
Comal Springs,3,1949-04-01,1949-06-01,304.10430107526884,0,0
Comal Springs,3,1949-05-01,1949-07-01,312.89139784946235,0,0
Comal Springs,3,1949-06-01,1949-08-01,310.55806451612904,0,0
Comal Springs,3,1949-07-01,1949-09-01,301.4247311827957,0,0
Comal Springs,3,1949-08-01,1949-10-01,291.53225806451616,0,0
Comal Springs,3,1949-09-01,1949-11-01,283.5057347670251,0,0
Comal Springs,3,1949-10-01,1949-12-01,282.41433691756276,0,0
Comal Springs,3,1949-11-01,1950-01-01,283.14551971326165,0,0
Comal Springs,3,1949-12-01,1950-02-01,284.28917050691246,0,0
Comal Springs,3,1950-01-01,1950-03-01,282.56874039938555,0,0
Comal Springs,3,1950-02-01,1950-04-01,279.2873783922171,0,0
Comal Springs,3,1950-03-01,1950-05-01,274.01971326164875,0,0
Comal Springs,3,1950-04-01,1950-06-01,269.88709677419354,0,0
Comal Springs,3,1950-05-01,1950-07-01,263.55555555555554,0,0
Comal Springs,3,1950-06-01,1950-08-01,255.67383512544805,0,0
Comal Springs,3,1950-07-01,1950-09-01,249.1516129032258,0,0
Comal Springs,3,1950-08-01,1950-10-01,247.34516129032258,0,0
Comal Springs,3,1950-09-01,1950-11-01,245.56200716845876,0,0
Comal Springs,3,1950-10-01,1950-12-01,241.63620071684588,0,0
Comal Springs,3,1950-11-01,1951-01-01,235.48566308243727,0,0
Comal Springs,3,1950-12-01,1951-02-01,230.10867895545314,0,0
Comal Springs,3,1951-01-01,1951-03-01,225.571044546851,0,0
Comal Springs,3,1951-02-01,1951-04-01,220.47068612391192,0,0
Comal Springs,3,1951-03-01,1951-05-01,217.4910394265233,0,0
Comal Springs,3,1951-04-01,1951-06-01,214.3100358422939,0,0
Comal Springs,3,1951-05-01,1951-07-01,205.08781362007167,0,0
Comal Springs,3,1951-06-01,1951-08-01,192.79749103942652,0,0
Comal Springs,3,1951-07-01,1951-09-01,181.3530465949821,0,0
Comal Springs,3,1951-08-01,1951-10-01,179.82616487455198,0,0
Comal Springs,3,1951-09-01,1951-11-01,184.21756272401433,0,0
Comal Springs,3,1951-10-01,1951-12-01,192.17634408602152,0,0
Comal Springs,3,1951-11-01,1952-01-01,194.88602150537636,0,0
Comal Springs,3,1951-12-01,1952-02-01,191.6377456433074,0,0
Comal Springs,3,1952-01-01,1952-03-01,184.1431219873934,0,0
Comal Springs,3,1952-02-01,1952-04-01,181.693659621802,0,0
Comal Springs,3,1952-03-01,1952-05-01,181.26021505376343,0,0
Comal Springs,3,1952-04-01,1952-06-01,180.59605734767024,0,0
Comal Springs,3,1952-05-01,1952-07-01,172.70143369175628,0,0
Comal Springs,3,1952-06-01,1952-08-01,156.4111111111111,0,0
Comal Springs,3,1952-07-01,1952-09-01,154.67777777777778,0,0
Comal Springs,3,1952-08-01,1952-10-01,165.52724014336917,0,0
Comal Springs,3,1952-09-01,1952-11-01,188.06594982078852,0,0
Comal Springs,3,1952-10-01,1952-12-01,205.31290322580645,0,0
Comal Springs,3,1952-11-01,1953-01-01,217.6462365591398,0,0
Comal Springs,3,1952-12-01,1953-02-01,226.77956989247312,0,0
Comal Springs,3,1953-01-01,1953-03-01,225.17741935483872,0,0
Comal Springs,3,1953-02-01,1953-04-01,217.98924731182797,0,0
Comal Springs,3,1953-03-01,1953-05-01,209.7258064516129,0,0
Comal Springs,3,1953-04-01,1953-06-01,194.80322580645162,0,0
Comal Springs,3,1953-05-01,1953-07-01,172.79784946236558,0,0
Comal Springs,3,1953-06-01,1953-08-01,147.17419354838708,0,0
Comal Springs,3,1953-07-01,1953-09-01,150.25197132616486,0,0
Comal Springs,3,1953-08-01,1953-10-01,167.6283154121864,0,0
Comal Springs,3,1953-09-01,1953-11-01,194.1931899641577,0,0
Comal Springs,3,1953-10-01,1953-12-01,196.3068100358423,0,0
Comal Springs,3,1953-11-01,1954-01-01,200.13476702508962,0,0
Comal Springs,3,1953-12-01,1954-02-01,200.0522273425499,0,0
Comal Springs,3,1954-01-01,1954-03-01,194.12749615975423,0,0
Comal Springs,3,1954-02-01,1954-04-01,174.52857142857144,0,0
Comal Springs,3,1954-03-01,1954-05-01,156.05698924731183,0,0
Comal Springs,3,1954-04-01,1954-06-01,138.77921146953406,0,0
Comal Springs,3,1954-05-01,1954-07-01,124.62544802867384,0,0
Comal Springs,3,1954-06-01,1954-08-01,102.79749103942653,0,0
Comal Springs,3,1954-07-01,1954-09-01,88.60860215053764,0,0
Comal Springs,3,1954-08-01,1954-10-01,89.88817204301075,0,0
Comal Springs,3,1954-09-01,1954-11-01,103.3258064516129,0,0
Comal Springs,3,1954-10-01,1954-12-01,120.54516129032258,0,0
Comal Springs,3,1954-11-01,1955-01-01,129.88924731182794,0,0
Comal Springs,3,1954-12-01,1955-02-01,136.25115207373273,0,0
Comal Springs,3,1955-01-01,1955-03-01,136.16513056835637,0,0
Comal Springs,3,1955-02-01,1955-04-01,125.6952380952381,0,0
Comal Springs,3,1955-03-01,1955-05-01,109.11075268817204,0,0
Comal Springs,3,1955-04-01,1955-06-01,95.31075268817204,0,0
Comal Springs,3,1955-05-01,1955-07-01,81.83440860215053,0,0
Comal Springs,3,1955-06-01,1955-08-01,68.13548387096775,0,0
Comal Springs,3,1955-07-01,1955-09-01,57.002150537634414,0,0
Comal Springs,3,1955-08-01,1955-10-01,54.93763440860215,0,0
Comal Springs,3,1955-09-01,1955-11-01,61.603584229390684,0,0
Comal Springs,3,1955-10-01,1955-12-01,73.61218637992832,0,0
Comal Springs,3,1955-11-01,1956-01-01,84.37562724014337,0,0
Comal Springs,3,1955-12-01,1956-02-01,91.52428624397479,0,0
Comal Springs,3,1956-01-01,1956-03-01,84.52428624397479,0,0
Comal Springs,3,1956-02-01,1956-04-01,68.02392782103571,0,0
Comal Springs,3,1956-03-01,1956-05-01,46.15555555555555,0,0
Comal Springs,3,1956-04-01,1956-06-01,24.31362007168459,0,0
Comal Springs,3,1956-05-01,1956-07-01,10.491397849462366,0,0
Comal Springs,3,1956-06-01,1956-08-01,1.2333333333333334,0,0
Comal Springs,3,1956-07-01,1956-09-01,0,0,0
Comal Springs,3,1956-08-01,1956-10-01,0,0,0
Comal Springs,3,1956-09-01,1956-11-01,7.166666666666667,0,0
Comal Springs,3,1956-10-01,1956-12-01,19.026881720430108,0,0
Comal Springs,3,1956-11-01,1957-01-01,36.08064516129032,0,0
Comal Springs,3,1956-12-01,1957-02-01,45.43778801843318,0,0
Comal Springs,3,1957-01-01,1957-03-01,55.373271889400925,0,0
Comal Springs,3,1957-02-01,1957-04-01,72.91950844854071,0,0
Comal Springs,3,1957-03-01,1957-05-01,117.61075268817204,0,0
Comal Springs,3,1957-04-01,1957-06-01,175.0372759856631,0,0
Comal Springs,3,1957-05-01,1957-07-01,192.7168458781362,0,0
Comal Springs,3,1957-06-01,1957-08-01,162.1469534050179,0,0
Comal Springs,3,1957-07-01,1957-09-01,123.25806451612904,0,0
Comal Springs,3,1957-08-01,1957-10-01,135.70967741935485,0,0
Comal Springs,3,1957-09-01,1957-11-01,183.6867383512545,0,0
Comal Springs,3,1957-10-01,1957-12-01,227.4179211469534,0,0
Comal Springs,3,1957-11-01,1958-01-01,254.7942652329749,0,0
Comal Springs,3,1957-12-01,1958-02-01,278.6244239631336,0,0
Comal Springs,3,1958-01-01,1958-03-01,307.35560675883255,0,0
Comal Springs,3,1958-02-01,1958-04-01,328.0814132104455,0,0
Comal Springs,3,1958-03-01,1958-05-01,340.69354838709677,0,0
Comal Springs,3,1958-04-01,1958-06-01,331.84229390681,0,0
Comal Springs,3,1958-05-01,1958-07-01,319.5358422939068,0,0
Comal Springs,3,1958-06-01,1958-08-01,292.60035842293905,0,0
Comal Springs,3,1958-07-01,1958-09-01,282.27813620071686,0,0
Comal Springs,3,1958-08-01,1958-10-01,290.39641577060934,0,0
Comal Springs,3,1958-09-01,1958-11-01,313.5673835125448,0,0
Comal Springs,3,1958-10-01,1958-12-01,332.7408602150538,0,0
Comal Springs,3,1958-11-01,1959-01-01,335.7086021505376,0,0
Comal Springs,3,1958-12-01,1959-02-01,336.9324116743471,0,0
Comal Springs,3,1959-01-01,1959-03-01,335.6958525345622,0,0
Comal Springs,3,1959-02-01,1959-04-01,333.74961597542244,0,0
Comal Springs,3,1959-03-01,1959-05-01,328.68817204301075,0,0
Comal Springs,3,1959-04-01,1959-06-01,316.9623655913978,0,0
Comal Springs,3,1959-05-01,1959-07-01,307.68279569892474,0,0
Comal Springs,3,1959-06-01,1959-08-01,296.4569892473118,0,0
Comal Springs,3,1959-07-01,1959-09-01,292.1347670250896,0,0
Comal Springs,3,1959-08-01,1959-10-01,293.1347670250896,0,0
Comal Springs,3,1959-09-01,1959-11-01,299.95376344086026,0,0
Comal Springs,3,1959-10-01,1959-12-01,309.72222222222223,0,0
Comal Springs,3,1959-11-01,1960-01-01,316.5716845878136,0,0
Comal Springs,3,1959-12-01,1960-02-01,322.2977382276604,0,0
Comal Springs,3,1960-01-01,1960-03-01,325.4697812384131,0,0
Comal Springs,3,1960-02-01,1960-04-01,324.54433320973925,0,0
Comal Springs,3,1960-03-01,1960-05-01,321.3003584229391,0,0
Comal Springs,3,1960-04-01,1960-06-01,308.8931899641577,0,0
Comal Springs,3,1960-05-01,1960-07-01,300.4530465949821,0,0
Comal Springs,3,1960-06-01,1960-08-01,293.85089605734765,0,0
Comal Springs,3,1960-07-01,1960-09-01,297.5397849462366,0,0
Comal Springs,3,1960-08-01,1960-10-01,302.43225806451613,0,0
Comal Springs,3,1960-09-01,1960-11-01,318.4967741935484,0,0
Comal Springs,3,1960-10-01,1960-12-01,337.2258064516129,0,0
Comal Springs,3,1960-11-01,1961-01-01,353.752688172043,0,0
Comal Springs,3,1960-12-01,1961-02-01,361.01459293394777,0,0
Comal Springs,3,1961-01-01,1961-03-01,363.573732718894,0,0
Comal Springs,3,1961-02-01,1961-04-01,358.1167434715822,0,0
Comal Springs,3,1961-03-01,1961-05-01,342.63978494623655,0,0
Comal Springs,3,1961-04-01,1961-06-01,325.89605734767025,0,0
Comal Springs,3,1961-05-01,1961-07-01,319.6218637992832,0,0
Comal Springs,3,1961-06-01,1961-08-01,319.90143369175627,0,0
Comal Springs,3,1961-07-01,1961-09-01,319.7236559139785,0,0
Comal Springs,3,1961-08-01,1961-10-01,319.39032258064515,0,0
Comal Springs,3,1961-09-01,1961-11-01,322.7591397849462,0,0
Comal Springs,3,1961-10-01,1961-12-01,327.5408602150538,0,0
Comal Springs,3,1961-11-01,1962-01-01,327.03548387096777,0,0
Comal Springs,3,1961-12-01,1962-02-01,320.81643625192015,0,0
Comal Springs,3,1962-01-01,1962-03-01,312.98847926267285,0,0
Comal Springs,3,1962-02-01,1962-04-01,303.7236047107015,0,0
Comal Springs,3,1962-03-01,1962-05-01,294.70286738351257,0,0
Comal Springs,3,1962-04-01,1962-06-01,282.76021505376343,0,0
Comal Springs,3,1962-05-01,1962-07-01,263.62724014336914,0,0
Comal Springs,3,1962-06-01,1962-08-01,235.14336917562724,0,0
Comal Springs,3,1962-07-01,1962-09-01,219.76559139784945,0,0
Comal Springs,3,1962-08-01,1962-10-01,218.05591397849463,0,0
Comal Springs,3,1962-09-01,1962-11-01,232.96845878136202,0,0
Comal Springs,3,1962-10-01,1962-12-01,247.75125448028675,0,0
Comal Springs,3,1962-11-01,1963-01-01,259.10609318996416,0,0
Comal Springs,3,1962-12-01,1963-02-01,265.50768049155147,0,0
Comal Springs,3,1963-01-01,1963-03-01,264.23886328725035,0,0
Comal Springs,3,1963-02-01,1963-04-01,257.3822324628776,0,0
Comal Springs,3,1963-03-01,1963-05-01,246.41218637992833,0,0
Comal Springs,3,1963-04-01,1963-06-01,225.30931899641578,0,0
Comal Springs,3,1963-05-01,1963-07-01,202.71433691756272,0,0
Comal Springs,3,1963-06-01,1963-08-01,171.4777777777778,0,0
Comal Springs,3,1963-07-01,1963-09-01,153.86666666666667,0,0
Comal Springs,3,1963-08-01,1963-10-01,150.22150537634408,0,0
Comal Springs,3,1963-09-01,1963-11-01,168.45985663082436,0,0
Comal Springs,3,1963-10-01,1963-12-01,188.1415770609319,0,0
Comal Springs,3,1963-11-01,1964-01-01,202.80824372759858,0,0
Comal Springs,3,1963-12-01,1964-02-01,215.2584352984798,0,0
Comal Springs,3,1964-01-01,1964-03-01,222.4627363737486,0,0
Comal Springs,3,1964-02-01,1964-04-01,223.25843529847978,0,0
Comal Springs,3,1964-03-01,1964-05-01,210.74193548387098,0,0
Comal Springs,3,1964-04-01,1964-06-01,198.4336917562724,0,0
Comal Springs,3,1964-05-01,1964-07-01,179.93906810035844,0,0
Comal Springs,3,1964-06-01,1964-08-01,158.1326164874552,0,0
Comal Springs,3,1964-07-01,1964-09-01,142.18817204301075,0,0
Comal Springs,3,1964-08-01,1964-10-01,146.15591397849462,0,0
Comal Springs,3,1964-09-01,1964-11-01,171.25089605734766,0,0
Comal Springs,3,1964-10-01,1964-12-01,193.4390681003584,0,0
Comal Springs,3,1964-11-01,1965-01-01,206.7831541218638,0,0
Comal Springs,3,1964-12-01,1965-02-01,224.35061443932412,0,0
Comal Springs,3,1965-01-01,1965-03-01,244.56566820276495,0,0
Comal Springs,3,1965-02-01,1965-04-01,265.5262416794675,0,0
Comal Springs,3,1965-03-01,1965-05-01,281.7025089605735,0,0
Comal Springs,3,1965-04-01,1965-06-01,298.06594982078855,0,0
Comal Springs,3,1965-05-01,1965-07-01,294.89032258064515,0,0
Comal Springs,3,1965-06-01,1965-08-01,269.13763440860214,0,0
Comal Springs,3,1965-07-01,1965-09-01,231.7931899641577,0,0
Comal Springs,3,1965-08-01,1965-10-01,225.4383512544803,0,0
Comal Springs,3,1965-09-01,1965-11-01,237.99175627240143,0,0
Comal Springs,3,1965-10-01,1965-12-01,269.26308243727595,0,0
Comal Springs,3,1965-11-01,1966-01-01,289.4458781362007,0,0
Comal Springs,3,1965-12-01,1966-02-01,304.9331797235023,0,0
Comal Springs,3,1966-01-01,1966-03-01,307.0837173579109,0,0
Comal Springs,3,1966-02-01,1966-04-01,302.08694316436254,0,0
Comal Springs,3,1966-03-01,1966-05-01,298.76666666666665,0,0
Comal Springs,3,1966-04-01,1966-06-01,286.4448028673835,0,0
Comal Springs,3,1966-05-01,1966-07-01,268.5491039426523,0,0
Comal Springs,3,1966-06-01,1966-08-01,239.38781362007168,0,0
Comal Springs,3,1966-07-01,1966-09-01,229.43225806451613,0,0
Comal Springs,3,1966-08-01,1966-10-01,233.29247311827956,0,0
Comal Springs,3,1966-09-01,1966-11-01,243.84229390681003,0,0
Comal Springs,3,1966-10-01,1966-12-01,244.47455197132615,0,0
Comal Springs,3,1966-11-01,1967-01-01,243.27025089605735,0,0
Comal Springs,3,1966-12-01,1967-02-01,237.17818740399386,0,0
Comal Springs,3,1967-01-01,1967-03-01,226.76958525345623,0,0
Comal Springs,3,1967-02-01,1967-04-01,210.38714797747056,0,0
Comal Springs,3,1967-03-01,1967-05-01,187.8326164874552,0,0
Comal Springs,3,1967-04-01,1967-06-01,153.1200716845878,0,0
Comal Springs,3,1967-05-01,1967-07-01,116.4057347670251,0,0
Comal Springs,3,1967-06-01,1967-08-01,89.91111111111111,0,0
Comal Springs,3,1967-07-01,1967-09-01,108.44444444444444,0,0
Comal Springs,3,1967-08-01,1967-10-01,151.7885304659498,0,0
Comal Springs,3,1967-09-01,1967-11-01,205.99641577060933,0,0
Comal Springs,3,1967-10-01,1967-12-01,236.67025089605735,0,0
Comal Springs,3,1967-11-01,1968-01-01,260.5304659498208,0,0
Comal Springs,3,1967-12-01,1968-02-01,295.3159065628476,0,0
Comal Springs,3,1968-01-01,1968-03-01,327.15461624026693,0,0
Comal Springs,3,1968-02-01,1968-04-01,349.34242986033865,0,0
Comal Springs,3,1968-03-01,1968-05-01,351.9512544802867,0,0
Comal Springs,3,1968-04-01,1968-06-01,348.54982078853044,0,0
Comal Springs,3,1968-05-01,1968-07-01,336.663082437276,0,0
Comal Springs,3,1968-06-01,1968-08-01,315.43727598566306,0,0
Comal Springs,3,1968-07-01,1968-09-01,298.84838709677416,0,0
Comal Springs,3,1968-08-01,1968-10-01,292.81612903225806,0,0
Comal Springs,3,1968-09-01,1968-11-01,294.3032258064516,0,0
Comal Springs,3,1968-10-01,1968-12-01,300.1,0,0
Comal Springs,3,1968-11-01,1969-01-01,301.7451612903226,0,0
Comal Springs,3,1968-12-01,1969-02-01,306.2403993855607,0,0
Comal Springs,3,1969-01-01,1969-03-01,311.01459293394777,0,0
Comal Springs,3,1969-02-01,1969-04-01,315.14398361495137,0,0
Comal Springs,3,1969-03-01,1969-05-01,324.86057347670254,0,0
Comal Springs,3,1969-04-01,1969-06-01,321.5340501792115,0,0
Comal Springs,3,1969-05-01,1969-07-01,303.8777777777778,0,0
Comal Springs,3,1969-06-01,1969-08-01,264.3293906810036,0,0
Comal Springs,3,1969-07-01,1969-09-01,246.2516129032258,0,0
Comal Springs,3,1969-08-01,1969-10-01,247.3268817204301,0,0
Comal Springs,3,1969-09-01,1969-11-01,269.8745519713262,0,0
Comal Springs,3,1969-10-01,1969-12-01,285.2035842293907,0,0
Comal Springs,3,1969-11-01,1970-01-01,298.0853046594982,0,0
Comal Springs,3,1969-12-01,1970-02-01,307.28609831029183,0,0
Comal Springs,3,1970-01-01,1970-03-01,318.9527649769585,0,0
Comal Springs,3,1970-02-01,1970-04-01,328.9409370199693,0,0
Comal Springs,3,1970-03-01,1970-05-01,335.6655913978494,0,0
Comal Springs,3,1970-04-01,1970-06-01,339.3254480286738,0,0
Comal Springs,3,1970-05-01,1970-07-01,327.315770609319,0,0
Comal Springs,3,1970-06-01,1970-08-01,307.60609318996416,0,0
Comal Springs,3,1970-07-01,1970-09-01,279.0394265232975,0,0
Comal Springs,3,1970-08-01,1970-10-01,274.48028673835125,0,0
Comal Springs,3,1970-09-01,1970-11-01,279.39784946236557,0,0
Comal Springs,3,1970-10-01,1970-12-01,287.30465949820785,0,0
Comal Springs,3,1970-11-01,1971-01-01,284.1863799283154,0,0
Comal Springs,3,1970-12-01,1971-02-01,270.9086021505376,0,0
Comal Springs,3,1971-01-01,1971-03-01,250.5537634408602,0,0
Comal Springs,3,1971-02-01,1971-04-01,221.84086021505377,0,0
Comal Springs,3,1971-03-01,1971-05-01,193.3301075268817,0,0
Comal Springs,3,1971-04-01,1971-06-01,157.0336917562724,0,0
Comal Springs,3,1971-05-01,1971-07-01,132.9831541218638,0,0
Comal Springs,3,1971-06-01,1971-08-01,142.2089605734767,0,0
Comal Springs,3,1971-07-01,1971-09-01,179.74229390681003,0,0
Comal Springs,3,1971-08-01,1971-10-01,226.78530465949822,0,0
Comal Springs,3,1971-09-01,1971-11-01,260.3813620071685,0,0
Comal Springs,3,1971-10-01,1971-12-01,289.47777777777776,0,0
Comal Springs,3,1971-11-01,1972-01-01,310.19820788530467,0,0
Comal Springs,3,1971-12-01,1972-02-01,318.62847608453836,0,0
Comal Springs,3,1972-01-01,1972-03-01,313.3381535038932,0,0
Comal Springs,3,1972-02-01,1972-04-01,292.5696947225312,0,0
Comal Springs,3,1972-03-01,1972-05-01,294.97347670250895,0,0
Comal Springs,3,1972-04-01,1972-06-01,306.11182795698926,0,0
Comal Springs,3,1972-05-01,1972-07-01,322.94480286738354,0,0
Comal Springs,3,1972-06-01,1972-08-01,316.310394265233,0,0
Comal Springs,3,1972-07-01,1972-09-01,304.07706093189967,0,0
Comal Springs,3,1972-08-01,1972-10-01,301.48566308243727,0,0
Comal Springs,3,1972-09-01,1972-11-01,305.98602150537636,0,0
Comal Springs,3,1972-10-01,1972-12-01,314.4143369175627,0,0
Comal Springs,3,1972-11-01,1973-01-01,321.89820788530466,0,0
Comal Springs,3,1972-12-01,1973-02-01,323.8990015360983,0,0
Comal Springs,3,1973-01-01,1973-03-01,329.2323348694316,0,0
Comal Springs,3,1973-02-01,1973-04-01,338.2402201740911,0,0
Comal Springs,3,1973-03-01,1973-05-01,352.0401433691756,0,0
Comal Springs,3,1973-04-01,1973-06-01,357.51182795698924,0,0
Comal Springs,3,1973-05-01,1973-07-01,377.1383512544803,0,0
Comal Springs,3,1973-06-01,1973-08-01,385.9878136200717,0,0
Comal Springs,3,1973-07-01,1973-09-01,398.84336917562723,0,0
Comal Springs,3,1973-08-01,1973-10-01,416.9616487455197,0,0
Comal Springs,3,1973-09-01,1973-11-01,436.0336917562724,0,0
Comal Springs,3,1973-10-01,1973-12-01,450.58817204301073,0,0
Comal Springs,3,1973-11-01,1974-01-01,439.0505376344086,0,0
Comal Springs,3,1973-12-01,1974-02-01,431.031490015361,0,0
Comal Springs,3,1974-01-01,1974-03-01,419.4293394777266,0,0
Comal Springs,3,1974-02-01,1974-04-01,402.3888376856119,0,0
Comal Springs,3,1974-03-01,1974-05-01,387.23906810035845,0,0
Comal Springs,3,1974-04-01,1974-06-01,373.1645161290323,0,0
Comal Springs,3,1974-05-01,1974-07-01,356.1727598566308,0,0
Comal Springs,3,1974-06-01,1974-08-01,336.968458781362,0,0
Comal Springs,3,1974-07-01,1974-09-01,337.568458781362,0,0
Comal Springs,3,1974-08-01,1974-10-01,352.63297491039424,0,0
Comal Springs,3,1974-09-01,1974-11-01,376.06164874551973,0,0
Comal Springs,3,1974-10-01,1974-12-01,391.5792114695341,0,0
Comal Springs,3,1974-11-01,1975-01-01,400.0845878136201,0,0
Comal Springs,3,1974-12-01,1975-02-01,408.855222734255,0,0
Comal Springs,3,1975-01-01,1975-03-01,409.865975422427,0,0
Comal Springs,3,1975-02-01,1975-04-01,411.3100614439324,0,0
Comal Springs,3,1975-03-01,1975-05-01,413.2935483870968,0,0
Comal Springs,3,1975-04-01,1975-06-01,421.5652329749104,0,0
Comal Springs,3,1975-05-01,1975-07-01,422.4652329749104,0,0
Comal Springs,3,1975-06-01,1975-08-01,406.11039426523297,0,0
Comal Springs,3,1975-07-01,1975-09-01,382.89928315412186,0,0
Comal Springs,3,1975-08-01,1975-10-01,368.8670250896057,0,0
Comal Springs,3,1975-09-01,1975-11-01,363.9010752688172,0,0
Comal Springs,3,1975-10-01,1975-12-01,361.8189964157706,0,0
Comal Springs,3,1975-11-01,1976-01-01,356.94802867383515,0,0
Comal Springs,3,1975-12-01,1976-02-01,347.65109380793473,0,0
Comal Springs,3,1976-01-01,1976-03-01,333.5328142380423,0,0
Comal Springs,3,1976-02-01,1976-04-01,326.8582622667161,0,0
Comal Springs,3,1976-03-01,1976-05-01,349.52974910394266,0,0
Comal Springs,3,1976-04-01,1976-06-01,376.5078853046595,0,0
Comal Springs,3,1976-05-01,1976-07-01,393.0856630824373,0,0
Comal Springs,3,1976-06-01,1976-08-01,375.97813620071685,0,0
Comal Springs,3,1976-07-01,1976-09-01,359.40035842293906,0,0
Comal Springs,3,1976-08-01,1976-10-01,359.4326164874552,0,0
Comal Springs,3,1976-09-01,1976-11-01,377.33225806451617,0,0
Comal Springs,3,1976-10-01,1976-12-01,399.77060931899643,0,0
Comal Springs,3,1976-11-01,1977-01-01,414.4910394265233,0,0
Comal Springs,3,1976-12-01,1977-02-01,424.64976958525347,0,0
Comal Springs,3,1977-01-01,1977-03-01,421.72503840245776,0,0
Comal Springs,3,1977-02-01,1977-04-01,427.4056835637481,0,0
Comal Springs,3,1977-03-01,1977-05-01,428.71290322580643,0,0
Comal Springs,3,1977-04-01,1977-06-01,428.7215053763441,0,0
Comal Springs,3,1977-05-01,1977-07-01,407.73978494623657,0,0
Comal Springs,3,1977-06-01,1977-08-01,375.85806451612905,0,0
Comal Springs,3,1977-07-01,1977-09-01,352.7136200716846,0,0
Comal Springs,3,1977-08-01,1977-10-01,338.14372759856633,0,0
Comal Springs,3,1977-09-01,1977-11-01,343.89283154121864,0,0
Comal Springs,3,1977-10-01,1977-12-01,352.82437275985666,0,0
Comal Springs,3,1977-11-01,1978-01-01,359.6415770609319,0,0
Comal Springs,3,1977-12-01,1978-02-01,355.5860215053764,0,0
Comal Springs,3,1978-01-01,1978-03-01,344.5860215053764,0,0
Comal Springs,3,1978-02-01,1978-04-01,332.59820788530465,0,0
Comal Springs,3,1978-03-01,1978-05-01,315.3777777777778,0,0
Comal Springs,3,1978-04-01,1978-06-01,300.9129032258064,0,0
Comal Springs,3,1978-05-01,1978-07-01,275.25555555555553,0,0
Comal Springs,3,1978-06-01,1978-08-01,276.373835125448,0,0
Comal Springs,3,1978-07-01,1978-09-01,281.0516129032258,0,0
Comal Springs,3,1978-08-01,1978-10-01,314.2236559139785,0,0
Comal Springs,3,1978-09-01,1978-11-01,331.93691756272403,0,0
Comal Springs,3,1978-10-01,1978-12-01,356.02508960573476,0,0
Comal Springs,3,1978-11-01,1979-01-01,377.9068100358423,0,0
Comal Springs,3,1978-12-01,1979-02-01,398.4385560675883,0,0
Comal Springs,3,1979-01-01,1979-03-01,401.2557603686636,0,0
Comal Springs,3,1979-02-01,1979-04-01,395.9037890424987,0,0
Comal Springs,3,1979-03-01,1979-05-01,390.50824372759854,0,0
Comal Springs,3,1979-04-01,1979-06-01,407.0806451612903,0,0
Comal Springs,3,1979-05-01,1979-07-01,416.636917562724,0,0
Comal Springs,3,1979-06-01,1979-08-01,425.14229390681004,0,0
Comal Springs,3,1979-07-01,1979-09-01,415.26451612903224,0,0
Comal Springs,3,1979-08-01,1979-10-01,398.4258064516129,0,0
Comal Springs,3,1979-09-01,1979-11-01,372.5064516129032,0,0
Comal Springs,3,1979-10-01,1979-12-01,355.4139784946237,0,0
Comal Springs,3,1979-11-01,1980-01-01,353.6290322580645,0,0
Comal Springs,3,1979-12-01,1980-02-01,354.7267334074898,0,0
Comal Springs,3,1980-01-01,1980-03-01,345.32888394512423,0,0
Comal Springs,3,1980-02-01,1980-04-01,324.9296007910024,0,0
Comal Springs,3,1980-03-01,1980-05-01,310.6222222222222,0,0
Comal Springs,3,1980-04-01,1980-06-01,294.96810035842293,0,0
Comal Springs,3,1980-05-01,1980-07-01,260.8405017921147,0,0
Comal Springs,3,1980-06-01,1980-08-01,227.67921146953404,0,0
Comal Springs,3,1980-07-01,1980-09-01,213.75698924731182,0,0
Comal Springs,3,1980-08-01,1980-10-01,233.8752688172043,0,0
Comal Springs,3,1980-09-01,1980-11-01,256.668458781362,0,0
Comal Springs,3,1980-10-01,1980-12-01,276.0405017921147,0,0
Comal Springs,3,1980-11-01,1981-01-01,288.8469534050179,0,0
Comal Springs,3,1980-12-01,1981-02-01,296.13901689708143,0,0
Comal Springs,3,1981-01-01,1981-03-01,296.1067588325653,0,0
Comal Springs,3,1981-02-01,1981-04-01,290.80962621607785,0,0
Comal Springs,3,1981-03-01,1981-05-01,288.19749103942655,0,0
Comal Springs,3,1981-04-01,1981-06-01,306.3021505376344,0,0
Comal Springs,3,1981-05-01,1981-07-01,324.2874551971326,0,0
Comal Springs,3,1981-06-01,1981-08-01,331.0508960573477,0,0
Comal Springs,3,1981-07-01,1981-09-01,320.02867383512546,0,0
Comal Springs,3,1981-08-01,1981-10-01,311.2974910394265,0,0
Comal Springs,3,1981-09-01,1981-11-01,319.64301075268816,0,0
Comal Springs,3,1981-10-01,1981-12-01,326.76487455197133,0,0
Comal Springs,3,1981-11-01,1982-01-01,332.4960573476703,0,0
Comal Springs,3,1981-12-01,1982-02-01,325.43970814132103,0,0
Comal Springs,3,1982-01-01,1982-03-01,312.5472350230415,0,0
Comal Springs,3,1982-02-01,1982-04-01,300.32859703020995,0,0
Comal Springs,3,1982-03-01,1982-05-01,301.52329749103944,0,0
Comal Springs,3,1982-04-01,1982-06-01,302.09390681003583,0,0
Comal Springs,3,1982-05-01,1982-07-01,291.12974910394263,0,0
Comal Springs,3,1982-06-01,1982-08-01,260.3232974910394,0,0
Comal Springs,3,1982-07-01,1982-09-01,231.43440860215054,0,0
Comal Springs,3,1982-08-01,1982-10-01,221.047311827957,0,0
Comal Springs,3,1982-09-01,1982-11-01,226.9820788530466,0,0
Comal Springs,3,1982-10-01,1982-12-01,244.3326164874552,0,0
Comal Springs,3,1982-11-01,1983-01-01,261.0745519713262,0,0
Comal Springs,3,1982-12-01,1983-02-01,269.3586789554531,0,0
Comal Springs,3,1983-01-01,1983-03-01,267.81029185867897,0,0
Comal Springs,3,1983-02-01,1983-04-01,262.0307219662058,0,0
Comal Springs,3,1983-03-01,1983-05-01,251.6290322580645,0,0
Comal Springs,3,1983-04-01,1983-06-01,246.46021505376345,0,0
Comal Springs,3,1983-05-01,1983-07-01,233.14301075268818,0,0
Comal Springs,3,1983-06-01,1983-08-01,223.80967741935484,0,0
Comal Springs,3,1983-07-01,1983-09-01,205.55412186379928,0,0
Comal Springs,3,1983-08-01,1983-10-01,200.95197132616488,0,0
Comal Springs,3,1983-09-01,1983-11-01,205.09175627240143,0,0
Comal Springs,3,1983-10-01,1983-12-01,216.7956989247312,0,0
Comal Springs,3,1983-11-01,1984-01-01,222.76344086021507,0,0
Comal Springs,3,1983-12-01,1984-02-01,221.79792361883574,0,0
Comal Springs,3,1984-01-01,1984-03-01,213.5076010381906,0,0
Comal Springs,3,1984-02-01,1984-04-01,186.7703250525275,0,0
Comal Springs,3,1984-03-01,1984-05-01,146.8756272401434,0,0
Comal Springs,3,1984-04-01,1984-06-01,105.82867383512546,0,0
Comal Springs,3,1984-05-01,1984-07-01,68.94229390681004,0,0
Comal Springs,3,1984-06-01,1984-08-01,48.114336917562724,0,0
Comal Springs,3,1984-07-01,1984-09-01,36.08100358422939,0,0
Comal Springs,3,1984-08-01,1984-10-01,60.25304659498208,0,0
Comal Springs,3,1984-09-01,1984-11-01,98.65232974910394,0,0
Comal Springs,3,1984-10-01,1984-12-01,140.34551971326164,0,0
Comal Springs,3,1984-11-01,1985-01-01,174.02293906810036,0,0
Comal Springs,3,1984-12-01,1985-02-01,198.13325652841783,0,0
Comal Springs,3,1985-01-01,1985-03-01,223.8536866359447,0,0
Comal Springs,3,1985-02-01,1985-04-01,241.12393753200206,0,0
Comal Springs,3,1985-03-01,1985-05-01,246.51756272401434,0,0
Comal Springs,3,1985-04-01,1985-06-01,245.69283154121865,0,0
Comal Springs,3,1985-05-01,1985-07-01,249.20752688172044,0,0
Comal Springs,3,1985-06-01,1985-08-01,244.01397849462367,0,0
Comal Springs,3,1985-07-01,1985-09-01,235.5584229390681,0,0
Comal Springs,3,1985-08-01,1985-10-01,232.52616487455197,0,0
Comal Springs,3,1985-09-01,1985-11-01,256.98243727598566,0,0
Comal Springs,3,1985-10-01,1985-12-01,294.01541218637993,0,0
Comal Springs,3,1985-11-01,1986-01-01,314.84336917562723,0,0
Comal Springs,3,1985-12-01,1986-02-01,321.437019969278,0,0
Comal Springs,3,1986-01-01,1986-03-01,311.2542242703533,0,0
Comal Springs,3,1986-02-01,1986-04-01,292.07716333845366,0,0
Comal Springs,3,1986-03-01,1986-05-01,267.79068100358427,0,0
Comal Springs,3,1986-04-01,1986-06-01,272.7071684587814,0,0
Comal Springs,3,1986-05-01,1986-07-01,282.131541218638,0,0
Comal Springs,3,1986-06-01,1986-08-01,280.23906810035845,0,0
Comal Springs,3,1986-07-01,1986-09-01,262.194623655914,0,0
Comal Springs,3,1986-08-01,1986-10-01,255.96881720430108,0,0
Comal Springs,3,1986-09-01,1986-11-01,279.14301075268816,0,0
Comal Springs,3,1986-10-01,1986-12-01,303.8838709677419,0,0
Comal Springs,3,1986-11-01,1987-01-01,330.7978494623656,0,0
Comal Springs,3,1986-12-01,1987-02-01,344.94546850998466,0,0
Comal Springs,3,1987-01-01,1987-03-01,357.6228878648234,0,0
Comal Springs,3,1987-02-01,1987-04-01,354.29923195084484,0,0
Comal Springs,3,1987-03-01,1987-05-01,347.7086021505376,0,0
Comal Springs,3,1987-04-01,1987-06-01,358.0347670250896,0,0
Comal Springs,3,1987-05-01,1987-07-01,370.85304659498206,0,0
Comal Springs,3,1987-06-01,1987-08-01,379.9068100358423,0,0
Comal Springs,3,1987-07-01,1987-09-01,363.8845878136201,0,0
Comal Springs,3,1987-08-01,1987-10-01,354.28243727598567,0,0
Comal Springs,3,1987-09-01,1987-11-01,355.92724014336915,0,0
Comal Springs,3,1987-10-01,1987-12-01,362.1716845878136,0,0
Comal Springs,3,1987-11-01,1988-01-01,365.3759856630824,0,0
Comal Springs,3,1987-12-01,1988-02-01,361.22617723396365,0,0
Comal Springs,3,1988-01-01,1988-03-01,349.81757508342605,0,0
Comal Springs,3,1988-02-01,1988-04-01,335.6527005314547,0,0
Comal Springs,3,1988-03-01,1988-05-01,315.6200716845878,0,0
Comal Springs,3,1988-04-01,1988-06-01,287.9620071684588,0,0
Comal Springs,3,1988-05-01,1988-07-01,259.39569892473116,0,0
Comal Springs,3,1988-06-01,1988-08-01,242.1698924731183,0,0
Comal Springs,3,1988-07-01,1988-09-01,231.02544802867385,0,0
Comal Springs,3,1988-08-01,1988-10-01,228.43405017921148,0,0
Comal Springs,3,1988-09-01,1988-11-01,227.03118279569892,0,0
Comal Springs,3,1988-10-01,1988-12-01,234.22078853046594,0,0
Comal Springs,3,1988-11-01,1989-01-01,240.66164874551973,0,0
Comal Springs,3,1988-12-01,1989-02-01,248.04339477726575,0,0
Comal Springs,3,1989-01-01,1989-03-01,250.14016897081413,0,0
Comal Springs,3,1989-02-01,1989-04-01,245.94590373783922,0,0
Comal Springs,3,1989-03-01,1989-05-01,224.56917562724016,0,0
Comal Springs,3,1989-04-01,1989-06-01,180.97168458781363,0,0
Comal Springs,3,1989-05-01,1989-07-01,132.3594982078853,0,0
Comal Springs,3,1989-06-01,1989-08-01,93.63906810035843,0,0
Comal Springs,3,1989-07-01,1989-09-01,80.9168458781362,0,0
Comal Springs,3,1989-08-01,1989-10-01,83.7663082437276,0,0
Comal Springs,3,1989-09-01,1989-11-01,106.4483870967742,0,0
Comal Springs,3,1989-10-01,1989-12-01,135.64982078853046,0,0
Comal Springs,3,1989-11-01,1990-01-01,161.15519713261648,0,0
Comal Springs,3,1989-12-01,1990-02-01,170.79646697388634,0,0
Comal Springs,3,1990-01-01,1990-03-01,180.6889400921659,0,0
Comal Springs,3,1990-02-01,1990-04-01,193.7573988735279,0,0
Comal Springs,3,1990-03-01,1990-05-01,209.11146953405017,0,0
Comal Springs,3,1990-04-01,1990-06-01,178.46200716845877,0,0
Comal Springs,3,1990-05-01,1990-07-01,143.40430107526882,0,0
Comal Springs,3,1990-06-01,1990-08-01,124.85591397849463,0,0
Comal Springs,3,1990-07-01,1990-09-01,146.28924731182795,0,0
Comal Springs,3,1990-08-01,1990-10-01,170.6010752688172,0,0
Comal Springs,3,1990-09-01,1990-11-01,184.40967741935484,0,0
Comal Springs,3,1990-10-01,1990-12-01,198.05591397849463,0,0
Comal Springs,3,1990-11-01,1991-01-01,212.3784946236559,0,0
Comal Springs,3,1990-12-01,1991-02-01,226.83563748079877,0,0
Comal Springs,3,1991-01-01,1991-03-01,237.12596006144395,0,0
Comal Springs,3,1991-02-01,1991-04-01,248.1937019969278,0,0
Comal Springs,3,1991-03-01,1991-05-01,261.26129032258063,0,0
Comal Springs,3,1991-04-01,1991-06-01,261.64695340501794,0,0
Comal Springs,3,1991-05-01,1991-07-01,254.97706093189964,0,0
Comal Springs,3,1991-06-01,1991-08-01,223.2673835125448,0,0
Comal Springs,3,1991-07-01,1991-09-01,211.13405017921147,0,0
Comal Springs,3,1991-08-01,1991-10-01,200.7146953405018,0,0
Comal Springs,3,1991-09-01,1991-11-01,207.51075268817203,0,0
Comal Springs,3,1991-10-01,1991-12-01,230.0863799283154,0,0
Comal Springs,3,1991-11-01,1992-01-01,284.4304659498208,0,0
Comal Springs,3,1991-12-01,1992-02-01,362.32740081572115,0,0
Comal Springs,3,1992-01-01,1992-03-01,430.4779384501298,0,0
Comal Springs,3,1992-02-01,1992-04-01,465.3786552960079,0,0
Comal Springs,3,1992-03-01,1992-05-01,468.6749103942652,0,0
Comal Springs,3,1992-04-01,1992-06-01,470.2043010752688,0,0
Comal Springs,3,1992-05-01,1992-07-01,467.34659498207884,0,0
Comal Springs,3,1992-06-01,1992-08-01,470.31433691756274,0,0
Comal Springs,3,1992-07-01,1992-09-01,452.2921146953405,0,0
Comal Springs,3,1992-08-01,1992-10-01,433.5179211469534,0,0
Comal Springs,3,1992-09-01,1992-11-01,416.2903225806452,0,0
Comal Springs,3,1992-10-01,1992-12-01,414.22401433691755,0,0
Comal Springs,3,1992-11-01,1993-01-01,417.3637992831541,0,0
Comal Springs,3,1992-12-01,1993-02-01,418.46697388632873,0,0
Comal Springs,3,1993-01-01,1993-03-01,415.7142857142857,0,0
Comal Springs,3,1993-02-01,1993-04-01,411.0397337429595,0,0
Comal Springs,3,1993-03-01,1993-05-01,410.38996415770606,0,0
Comal Springs,3,1993-04-01,1993-06-01,410.74229390681,0,0
Comal Springs,3,1993-05-01,1993-07-01,409.01899641577063,0,0
Comal Springs,3,1993-06-01,1993-08-01,390.2878136200717,0,0
Comal Springs,3,1993-07-01,1993-09-01,365.68781362007167,0,0
Comal Springs,3,1993-08-01,1993-10-01,346.3222222222222,0,0
Comal Springs,3,1993-09-01,1993-11-01,344.3,0,0
Comal Springs,3,1993-10-01,1993-12-01,349.2035842293907,0,0
Comal Springs,3,1993-11-01,1994-01-01,352.84874551971325,0,0
Comal Springs,3,1993-12-01,1994-02-01,351.35906298003073,0,0
Comal Springs,3,1994-01-01,1994-03-01,346.36981566820276,0,0
Comal Springs,3,1994-02-01,1994-04-01,339.2357654889913,0,0
Comal Springs,3,1994-03-01,1994-05-01,337.82293906810037,0,0
Comal Springs,3,1994-04-01,1994-06-01,330.3641577060932,0,0
Comal Springs,3,1994-05-01,1994-07-01,311.76702508960574,0,0
Comal Springs,3,1994-06-01,1994-08-01,282.57347670250897,0,0
Comal Springs,3,1994-07-01,1994-09-01,267.06236559139785,0,0
Comal Springs,3,1994-08-01,1994-10-01,274.20215053763445,0,0
Comal Springs,3,1994-09-01,1994-11-01,291.67598566308243,0,0
Comal Springs,3,1994-10-01,1994-12-01,306.7534050179212,0,0
Comal Springs,3,1994-11-01,1995-01-01,316.0007168458781,0,0
Comal Springs,3,1994-12-01,1995-02-01,315.9189708141321,0,0
Comal Springs,3,1995-01-01,1995-03-01,312.56413210445464,0,0
Comal Springs,3,1995-02-01,1995-04-01,306.11861239119304,0,0
Comal Springs,3,1995-03-01,1995-05-01,294.88781362007165,0,0
Comal Springs,3,1995-04-01,1995-06-01,287.93189964157705,0,0
Comal Springs,3,1995-05-01,1995-07-01,279.3774193548387,0,0
Comal Springs,3,1995-06-01,1995-08-01,268.89354838709676,0,0
Comal Springs,3,1995-07-01,1995-09-01,252.5268817204301,0,0
Comal Springs,3,1995-08-01,1995-10-01,241.58064516129033,0,0
Comal Springs,3,1995-09-01,1995-11-01,246.8326164874552,0,0
Comal Springs,3,1995-10-01,1995-12-01,257.19820788530467,0,0
Comal Springs,3,1995-11-01,1996-01-01,263.2627240143369,0,0
Comal Springs,3,1995-12-01,1996-02-01,256.4631071560994,0,0
Comal Springs,3,1996-01-01,1996-03-01,241.75342973674452,0,0
Comal Springs,3,1996-02-01,1996-04-01,222.8896304535904,0,0
Comal Springs,3,1996-03-01,1996-05-01,198.57706093189964,0,0
Comal Springs,3,1996-04-01,1996-06-01,161.54336917562722,0,0
Comal Springs,3,1996-05-01,1996-07-01,122.83727598566308,0,0
Comal Springs,3,1996-06-01,1996-08-01,100.38566308243728,0,0
Comal Springs,3,1996-07-01,1996-09-01,113.09677419354838,0,0
Comal Springs,3,1996-08-01,1996-10-01,137.5268817204301,0,0
Comal Springs,3,1996-09-01,1996-11-01,161.3795698924731,0,0
Comal Springs,3,1996-10-01,1996-12-01,175.1,0,0
Comal Springs,3,1996-11-01,1997-01-01,185.36881720430108,0,0
Comal Springs,3,1996-12-01,1997-02-01,196.81643625192012,0,0
Comal Springs,3,1997-01-01,1997-03-01,207.6336405529954,0,0
Comal Springs,3,1997-02-01,1997-04-01,226.263031233999,0,0
Comal Springs,3,1997-03-01,1997-05-01,244.16702508960574,0,0
Comal Springs,3,1997-04-01,1997-06-01,264.47383512544803,0,0
Comal Springs,3,1997-05-01,1997-07-01,282.01648745519714,0,0
Comal Springs,3,1997-06-01,1997-08-01,290.60788530465953,0,0
Comal Springs,3,1997-07-01,1997-09-01,285.47455197132615,0,0
Comal Springs,3,1997-08-01,1997-10-01,276.0874551971326,0,0
Comal Springs,3,1997-09-01,1997-11-01,276.17777777777775,0,0
Comal Springs,3,1997-10-01,1997-12-01,285.0795698924731,0,0
Comal Springs,3,1997-11-01,1998-01-01,296.01505376344085,0,0
Comal Springs,3,1997-12-01,1998-02-01,309.0245775729647,0,0
Comal Springs,3,1998-01-01,1998-03-01,321.2718894009217,0,0
Comal Springs,3,1998-02-01,1998-04-01,326.2030721966206,0,0
Comal Springs,3,1998-03-01,1998-05-01,308.4258064516129,0,0
Comal Springs,3,1998-04-01,1998-06-01,268.84336917562723,0,0
Comal Springs,3,1998-05-01,1998-07-01,226.09498207885306,0,0
Comal Springs,3,1998-06-01,1998-08-01,205.76164874551972,0,0
Comal Springs,3,1998-07-01,1998-09-01,220.36164874551972,0,0
Comal Springs,3,1998-08-01,1998-10-01,261.2541218637993,0,0
Comal Springs,3,1998-09-01,1998-11-01,334.9996415770609,0,0
Comal Springs,3,1998-10-01,1998-12-01,390.64874551971326,0,0
Comal Springs,3,1998-11-01,1999-01-01,422.97132616487454,0,0
Comal Springs,3,1998-12-01,1999-02-01,412.86021505376345,0,0
Comal Springs,3,1999-01-01,1999-03-01,399.9247311827957,0,0
Comal Springs,3,1999-02-01,1999-04-01,385.98028673835125,0,0
Comal Springs,3,1999-03-01,1999-05-01,372.90501792114696,0,0
Comal Springs,3,1999-04-01,1999-06-01,355.28028673835126,0,0
Comal Springs,3,1999-05-01,1999-07-01,346.9774193548387,0,0
Comal Springs,3,1999-06-01,1999-08-01,332.89139784946235,0,0
Comal Springs,3,1999-07-01,1999-09-01,321.0025089605735,0,0
Comal Springs,3,1999-08-01,1999-10-01,299.873476702509,0,0
Comal Springs,3,1999-09-01,1999-11-01,293.2903225806452,0,0
Comal Springs,3,1999-10-01,1999-12-01,294.0405017921147,0,0
Comal Springs,3,1999-11-01,2000-01-01,299.9867383512545,0,0
Comal Springs,3,1999-12-01,2000-02-01,302.2139414163886,0,0
Comal Springs,3,2000-01-01,2000-03-01,299.78383388950687,0,0
Comal Springs,3,2000-02-01,2000-04-01,291.60283030527745,0,0
Comal Springs,3,2000-03-01,2000-05-01,273.52867383512546,0,0
Comal Springs,3,2000-04-01,2000-06-01,261.2752688172043,0,0
Comal Springs,3,2000-05-01,2000-07-01,241.9078853046595,0,0
Comal Springs,3,2000-06-01,2000-08-01,217.6068100358423,0,0
Comal Springs,3,2000-07-01,2000-09-01,187.5179211469534,0,0
Comal Springs,3,2000-08-01,2000-10-01,186.67921146953404,0,0
Comal Springs,3,2000-09-01,2000-11-01,235.6494623655914,0,0
Comal Springs,3,2000-10-01,2000-12-01,296.97025089605734,0,0
Comal Springs,3,2000-11-01,2001-01-01,342.57240143369177,0,0
Comal Springs,3,2000-12-01,2001-02-01,353.6136712749616,0,0
Comal Springs,3,2001-01-01,2001-03-01,356.02227342549924,0,0
Comal Springs,3,2001-02-01,2001-04-01,355.5595494111623,0,0
Comal Springs,3,2001-03-01,2001-05-01,357.38673835125445,0,0
Comal Springs,3,2001-04-01,2001-06-01,347.43512544802866,0,0
Comal Springs,3,2001-05-01,2001-07-01,329.5322580645161,0,0
Comal Springs,3,2001-06-01,2001-08-01,294.1236559139785,0,0
Comal Springs,3,2001-07-01,2001-09-01,293.7347670250896,0,0
Comal Springs,3,2001-08-01,2001-10-01,307.2508960573477,0,0
Comal Springs,3,2001-09-01,2001-11-01,342.23548387096776,0,0
Comal Springs,3,2001-10-01,2001-12-01,369.55448028673834,0,0
Comal Springs,3,2001-11-01,2002-01-01,386.65125448028675,0,0
Comal Springs,3,2001-12-01,2002-02-01,394.61712749615975,0,0
Comal Springs,3,2002-01-01,2002-03-01,382.5203533026114,0,0
Comal Springs,3,2002-02-01,2002-04-01,371.3325396825397,0,0
Comal Springs,3,2002-03-01,2002-05-01,350.9089605734767,0,0
Comal Springs,3,2002-04-01,2002-06-01,320.5756272401434,0,0
Comal Springs,3,2002-05-01,2002-07-01,330.40860215053766,0,0
Comal Springs,3,2002-06-01,2002-08-01,349.3010752688172,0,0
Comal Springs,3,2002-07-01,2002-09-01,384.34551971326164,0,0
Comal Springs,3,2002-08-01,2002-10-01,387.7111111111111,0,0
Comal Springs,3,2002-09-01,2002-11-01,408.00967741935483,0,0
Comal Springs,3,2002-10-01,2002-12-01,430.2985663082437,0,0
Comal Springs,3,2002-11-01,2003-01-01,447.3308243727599,0,0
Comal Springs,3,2002-12-01,2003-02-01,445.9562211981567,0,0
Comal Springs,3,2003-01-01,2003-03-01,436.6766513056836,0,0
Comal Springs,3,2003-02-01,2003-04-01,423.39027137736815,0,0
Comal Springs,3,2003-03-01,2003-05-01,404.31577060931903,0,0
Comal Springs,3,2003-04-01,2003-06-01,386.5508960573477,0,0
Comal Springs,3,2003-05-01,2003-07-01,375.82652329749106,0,0
Comal Springs,3,2003-06-01,2003-08-01,369.5792114695341,0,0
Comal Springs,3,2003-07-01,2003-09-01,370.67921146953404,0,0
Comal Springs,3,2003-08-01,2003-10-01,371.65770609319,0,0
Comal Springs,3,2003-09-01,2003-11-01,372.5652329749104,0,0
Comal Springs,3,2003-10-01,2003-12-01,369.1655913978494,0,0
Comal Springs,3,2003-11-01,2004-01-01,360.6602150537634,0,0
Comal Springs,3,2003-12-01,2004-02-01,358.1475713756025,0,0
Comal Springs,3,2004-01-01,2004-03-01,355.05079718205417,0,0
Comal Springs,3,2004-02-01,2004-04-01,358.57982944011866,0,0
Comal Springs,3,2004-03-01,2004-05-01,356.1741935483871,0,0
Comal Springs,3,2004-04-01,2004-06-01,365.9928315412186,0,0
Comal Springs,3,2004-05-01,2004-07-01,372.5390681003584,0,0
Comal Springs,3,2004-06-01,2004-08-01,380.97992831541217,0,0
Comal Springs,3,2004-07-01,2004-09-01,372.76881720430106,0,0
Comal Springs,3,2004-08-01,2004-10-01,375.0698924731183,0,0
Comal Springs,3,2004-09-01,2004-11-01,401.61397849462367,0,0
Comal Springs,3,2004-10-01,2004-12-01,434.8774193548387,0,0
Comal Springs,3,2004-11-01,2005-01-01,451.694623655914,0,0
Comal Springs,3,2004-12-01,2005-02-01,449.6255760368664,0,0
Comal Springs,3,2005-01-01,2005-03-01,450.14170506912444,0,0
Comal Springs,3,2005-02-01,2005-04-01,451.6994111623144,0,0
Comal Springs,3,2005-03-01,2005-05-01,443.9663082437276,0,0
Comal Springs,3,2005-04-01,2005-06-01,423.7534050179211,0,0
Comal Springs,3,2005-05-01,2005-07-01,396.84086021505374,0,0
Comal Springs,3,2005-06-01,2005-08-01,375.60430107526884,0,0
Comal Springs,3,2005-07-01,2005-09-01,362.77096774193546,0,0
Comal Springs,3,2005-08-01,2005-10-01,362.28709677419357,0,0
Comal Springs,3,2005-09-01,2005-11-01,360.7924731182796,0,0
Comal Springs,3,2005-10-01,2005-12-01,356.1182795698925,0,0
Comal Springs,3,2005-11-01,2006-01-01,345.18279569892474,0,0
Comal Springs,3,2005-12-01,2006-02-01,332.0042242703533,0,0
Comal Springs,3,2006-01-01,2006-03-01,317.0149769585253,0,0
Comal Springs,3,2006-02-01,2006-04-01,308.20243215565796,0,0
Comal Springs,3,2006-03-01,2006-05-01,299.294982078853,0,0
Comal Springs,3,2006-04-01,2006-06-01,282.8362007168459,0,0
Comal Springs,3,2006-05-01,2006-07-01,262.27240143369175,0,0
Comal Springs,3,2006-06-01,2006-08-01,236.41218637992833,0,0
Comal Springs,3,2006-07-01,2006-09-01,229.25663082437276,0,0
Comal Springs,3,2006-08-01,2006-10-01,231.20286738351254,0,0
Comal Springs,3,2006-09-01,2006-11-01,245.98243727598566,0,0
Comal Springs,3,2006-10-01,2006-12-01,256.241935483871,0,0
Comal Springs,3,2006-11-01,2007-01-01,266.994623655914,0,0
Comal Springs,3,2006-12-01,2007-02-01,274.744623655914,0,0
Comal Springs,3,2007-01-01,2007-03-01,279.3682795698925,0,0
Comal Springs,3,2007-02-01,2007-04-01,290.67759856630823,0,0
Comal Springs,3,2007-03-01,2007-05-01,304.55663082437275,0,0
Comal Springs,3,2007-04-01,2007-06-01,314.35125448028674,0,0
Comal Springs,3,2007-05-01,2007-07-01,346.39677419354837,0,0
Comal Springs,3,2007-06-01,2007-08-01,389.3,0,0
Comal Springs,3,2007-07-01,2007-09-01,435.4555555555556,0,0
Comal Springs,3,2007-08-01,2007-10-01,440.5093189964158,0,0
Comal Springs,3,2007-09-01,2007-11-01,429.39928315412186,0,0
Comal Springs,3,2007-10-01,2007-12-01,419.4706093189964,0,0
Comal Springs,3,2007-11-01,2008-01-01,412.2448028673835,0,0
Comal Springs,3,2007-12-01,2008-02-01,403.6214312198739,0,0
Comal Springs,3,2008-01-01,2008-03-01,389.78272154245457,0,0
Comal Springs,3,2008-02-01,2008-04-01,375.0981337288345,0,0
Comal Springs,3,2008-03-01,2008-05-01,357.57347670250897,0,0
Comal Springs,3,2008-04-01,2008-06-01,327.7075268817204,0,0
Comal Springs,3,2008-05-01,2008-07-01,299.8974910394265,0,0
Comal Springs,3,2008-06-01,2008-08-01,285.43512544802866,0,0
Comal Springs,3,2008-07-01,2008-09-01,290.90179211469535,0,0
Comal Springs,3,2008-08-01,2008-10-01,294.80501792114694,0,0
Comal Springs,3,2008-09-01,2008-11-01,291.32652329749106,0,0
Comal Springs,3,2008-10-01,2008-12-01,287.5752688172043,0,0
Comal Springs,3,2008-11-01,2009-01-01,288.4462365591398,0,0
Comal Springs,3,2008-12-01,2009-02-01,286.75576036866363,0,0
Comal Springs,3,2009-01-01,2009-03-01,280.605222734255,0,0
Comal Springs,3,2009-02-01,2009-04-01,271.0743983614951,0,0
Comal Springs,3,2009-03-01,2009-05-01,254.65197132616487,0,0
Comal Springs,3,2009-04-01,2009-06-01,230.9537634408602,0,0
Comal Springs,3,2009-05-01,2009-07-01,198.60286738351255,0,0
Comal Springs,3,2009-06-01,2009-08-01,177.35555555555555,0,0
Comal Springs,3,2009-07-01,2009-09-01,176.0222222222222,0,0
Comal Springs,3,2009-08-01,2009-10-01,209.65663082437277,0,0
Comal Springs,3,2009-09-01,2009-11-01,252.37240143369175,0,0
Comal Springs,3,2009-10-01,2009-12-01,291.30716845878135,0,0
Comal Springs,3,2009-11-01,2010-01-01,310.9415770609319,0,0
Comal Springs,3,2009-12-01,2010-02-01,332.01459293394777,0,0
Comal Springs,3,2010-01-01,2010-03-01,350.1973886328725,0,0
Comal Springs,3,2010-02-01,2010-04-01,357.9905785970302,0,0
Comal Springs,3,2010-03-01,2010-05-01,354.48136200716846,0,0
Comal Springs,3,2010-04-01,2010-06-01,357.19713261648747,0,0
Comal Springs,3,2010-05-01,2010-07-01,355.14587813620074,0,0
Comal Springs,3,2010-06-01,2010-08-01,345.5652329749104,0,0
Comal Springs,3,2010-07-01,2010-09-01,334.00967741935483,0,0
Comal Springs,3,2010-08-01,2010-10-01,333.1279569892473,0,0
Comal Springs,3,2010-09-01,2010-11-01,336.8670250896057,0,0
Comal Springs,3,2010-10-01,2010-12-01,331.3412186379928,0,0
Comal Springs,3,2010-11-01,2011-01-01,323.3089605734767,0,0
Comal Springs,3,2010-12-01,2011-02-01,318.69546850998466,0,0
Comal Springs,3,2011-01-01,2011-03-01,309.5019201228879,0,0
Comal Springs,3,2011-02-01,2011-04-01,293.0115975422427,0,0
Comal Springs,3,2011-03-01,2011-05-01,264.5956989247312,0,0
Comal Springs,3,2011-04-01,2011-06-01,226.8594982078853,0,0
Comal Springs,3,2011-05-01,2011-07-01,196.3820788530466,0,0
Comal Springs,3,2011-06-01,2011-08-01,175.6831541218638,0,0
Comal Springs,3,2011-07-01,2011-09-01,170.73870967741937,0,0
Comal Springs,3,2011-08-01,2011-10-01,176.19032258064516,0,0
Comal Springs,3,2011-09-01,2011-11-01,185.32974910394265,0,0
Comal Springs,3,2011-10-01,2011-12-01,200.6878136200717,0,0
Comal Springs,3,2011-11-01,2012-01-01,211.73082437275986,0,0
Comal Springs,3,2011-12-01,2012-02-01,231.7649239896181,0,0
Comal Springs,3,2012-01-01,2012-03-01,249.95847237671487,0,0
Comal Springs,3,2012-02-01,2012-04-01,261.9190458534174,0,0
Comal Springs,3,2012-03-01,2012-05-01,254.06810035842295,0,0
Comal Springs,3,2012-04-01,2012-06-01,236.3720430107527,0,0
Comal Springs,3,2012-05-01,2012-07-01,215.09964157706094,0,0
Comal Springs,3,2012-06-01,2012-08-01,195.1641577060932,0,0
Comal Springs,3,2012-07-01,2012-09-01,179.51971326164875,0,0
Comal Springs,3,2012-08-01,2012-10-01,183.3799283154122,0,0
Comal Springs,3,2012-09-01,2012-11-01,192.2989247311828,0,0
Comal Springs,3,2012-10-01,2012-12-01,205.2953405017921,0,0
Comal Springs,3,2012-11-01,2013-01-01,209.3706093189964,0,0
Comal Springs,3,2012-12-01,2013-02-01,215.6674347158218,0,0
Comal Springs,3,2013-01-01,2013-03-01,214.4846390168971,0,0
Comal Springs,3,2013-02-01,2013-04-01,206.08822324628775,0,0
Comal Springs,3,2013-03-01,2013-05-01,197.87240143369175,0,0
Comal Springs,3,2013-04-01,2013-06-01,197.21433691756272,0,0
Comal Springs,3,2013-05-01,2013-07-01,187.72903225806454,0,0
Comal Springs,3,2013-06-01,2013-08-01,164.80430107526882,0,0
Comal Springs,3,2013-07-01,2013-09-01,137.35985663082437,0,0
Comal Springs,3,2013-08-01,2013-10-01,130.0372759856631,0,0
Comal Springs,3,2013-09-01,2013-11-01,144.01433691756273,0,0
Comal Springs,3,2013-10-01,2013-12-01,157.85878136200716,0,0
Comal Springs,3,2013-11-01,2014-01-01,165.95555555555555,0,0
Comal Springs,3,2013-12-01,2014-02-01,166.26190476190476,0,0
Comal Springs,3,2014-01-01,2014-03-01,164.0468509984639,0,0
Comal Springs,3,2014-02-01,2014-04-01,155.90240655401945,0,0
Comal Springs,3,2014-03-01,2014-05-01,142.0921146953405,0,0
Comal Springs,3,2014-04-01,2014-06-01,137.77383512544804,0,0
Comal Springs,3,2014-05-01,2014-07-01,129.0258064516129,0,0
Comal Springs,3,2014-06-01,2014-08-01,114.33763440860216,0,0
Comal Springs,3,2014-07-01,2014-09-01,91.84874551971326,0,0
Comal Springs,3,2014-08-01,2014-10-01,81.99928315412187,0,0
Comal Springs,3,2014-09-01,2014-11-01,96.00250896057348,0,0
Comal Springs,3,2014-10-01,2014-12-01,116.37956989247311,0,0
Comal Springs,3,2014-11-01,2015-01-01,135.31505376344086,0,0
Comal Springs,3,2014-12-01,2015-02-01,155.58410138248848,0,0
Comal Springs,3,2015-01-01,2015-03-01,175.39055299539172,0,0
Comal Springs,3,2015-02-01,2015-04-01,193.0747823860727,0,0
Comal Springs,3,2015-03-01,2015-05-01,213.5336917562724,0,0
Comal Springs,3,2015-04-01,2015-06-01,256.58351254480283,0,0
Comal Springs,3,2015-05-01,2015-07-01,301.8025089605735,0,0
Comal Springs,3,2015-06-01,2015-08-01,308.77025089605735,0,0
Comal Springs,3,2015-07-01,2015-09-01,272.8258064516129,0,0
Comal Springs,3,2015-08-01,2015-10-01,231.2021505376344,0,0
Comal Springs,3,2015-09-01,2015-11-01,240.32867383512544,0,0
Comal Springs,3,2015-10-01,2015-12-01,271.0942652329749,0,0
Comal Springs,3,2015-11-01,2016-01-01,308.68566308243726,0,0
Comal Springs,3,2015-12-01,2016-02-01,307.4875787912495,0,0
Comal Springs,3,2016-01-01,2016-03-01,303.7241379310345,0,0
Comal Springs,3,2016-02-01,2016-04-01,297.37073291311333,0,0
Comal Springs,3,2016-03-01,2016-05-01,311.36702508960576,0,0
Comal Springs,3,2016-04-01,2016-06-01,340.1204301075269,0,0
Comal Springs,3,2016-05-01,2016-07-01,353.5060931899642,0,0
Comal Springs,3,2016-06-01,2016-08-01,361.2587813620072,0,0
Comal Springs,3,2016-07-01,2016-09-01,358.6587813620072,0,0
Comal Springs,3,2016-08-01,2016-10-01,367.121146953405,0,0
Comal Springs,3,2016-09-01,2016-11-01,371.80358422939065,0,0
Comal Springs,3,2016-10-01,2016-12-01,378.05878136200715,0,0
Comal Springs,3,2016-11-01,2017-01-01,385.8329749103943,0,0
Comal Springs,3,2016-12-01,2017-02-01,400.213133640553,0,0
Comal Springs,3,2017-01-01,2017-03-01,407.32066052227344,0,0
Comal Springs,3,2017-02-01,2017-04-01,413.64288274449564,0,0
Comal Springs,3,2017-03-01,2017-05-01,402.3759856630824,0,0
Comal Springs,3,2017-04-01,2017-06-01,379.76881720430106,0,0
Comal Springs,3,2017-05-01,2017-07-01,339.64014336917563,0,0
Comal Springs,3,2017-06-01,2017-08-01,302.4573476702509,0,0
Comal Springs,3,2017-07-01,2017-09-01,281.40179211469535,0,0
Comal Springs,3,2017-08-01,2017-10-01,281.93942652329747,0,0
Comal Springs,3,2017-09-01,2017-11-01,290.6978494623656,0,0
Comal Springs,3,2017-10-01,2017-12-01,292.2853046594982,0,0
Comal Springs,3,2017-11-01,2018-01-01,296.02724014336917,0,0
Comal Springs,3,2017-12-01,2018-02-01,295.93279569892474,0,0
Comal Springs,3,2018-01-01,2018-03-01,296.4489247311828,0,0
Comal Springs,3,2018-02-01,2018-04-01,293.3424731182796,0,0
Comal Springs,3,2018-03-01,2018-05-01,284.6784946236559,0,0
Comal Springs,3,2018-04-01,2018-06-01,258.9971326164875,0,0
Comal Springs,3,2018-05-01,2018-07-01,233.20035842293908,0,0
Comal Springs,3,2018-06-01,2018-08-01,204.25412186379927,0,0
Comal Springs,3,2018-07-01,2018-09-01,215.9652329749104,0,0
Comal Springs,3,2018-08-01,2018-10-01,257.2448028673835,0,0
Comal Springs,3,2018-09-01,2018-11-01,317.60501792114695,0,0
Comal Springs,3,2018-10-01,2018-12-01,360.05913978494624,0,0
Comal Springs,3,2018-11-01,2019-01-01,374.3494623655914,0,0
Comal Springs,3,2018-12-01,2019-02-01,379.9447004608295,0,0
Comal Springs,3,2019-01-01,2019-03-01,380.83717357910905,0,0
Comal Springs,3,2019-02-01,2019-04-01,373.44183307731697,0,0
Comal Springs,3,2019-03-01,2019-05-01,372.93799283154124,0,0
Comal Springs,3,2019-04-01,2019-06-01,370.6136200716846,0,0
Comal Springs,3,2019-05-01,2019-07-01,365.92293906810033,0,0
Comal Springs,3,2019-06-01,2019-08-01,339.1702508960573,0,0
Comal Springs,3,2019-07-01,2019-09-01,315.85913978494625,0,0
Comal Springs,3,2019-08-01,2019-10-01,298.85913978494625,0,0
Comal Springs,3,2019-09-01,2019-11-01,307.97598566308244,0,0
Comal Springs,3,2019-10-01,2019-12-01,311.7620071684588,0,0
Comal Springs,3,2019-11-01,2020-01-01,318.68673835125446,0,0
Comal Springs,3,2019-12-01,2020-02-01,317.7081942899518,0,0
Comal Springs,3,2020-01-01,2020-03-01,314.6114200964034,0,0
Comal Springs,3,2020-02-01,2020-04-01,312.1773699171919,0,0
Comal Springs,3,2020-03-01,2020-05-01,301.2541218637993,0,0
Comal Springs,3,2020-04-01,2020-06-01,292.19820788530467,0,0
Comal Springs,3,2020-05-01,2020-07-01,275.1698924731183,0,0
Comal Springs,3,2020-06-01,2020-08-01,259.77204301075267,0,0
Comal Springs,3,2020-07-01,2020-09-01,255.70537634408603,0,0
Comal Springs,3,2020-08-01,2020-10-01,260.3827956989247,0,0
Comal Springs,3,2020-09-01,2020-11-01,262.7379928315412,0,0
Comal Springs,3,2020-10-01,2020-12-01,260.4197132616487,0,0
Comal Springs,3,2020-11-01,2021-01-01,259.88207885304655,0,0
Comal Springs,3,2020-12-01,2021-02-01,262.9900153609831,0,0
Comal Springs,3,2021-01-01,2021-03-01,260.35560675883255,0,0
Comal Springs,3,2021-02-01,2021-04-01,241.72191500256017,0,0
Comal Springs,3,2021-03-01,2021-05-01,245.0652329749104,0,0
Comal Springs,3,2021-04-01,2021-06-01,260.1290322580645,0,0
Comal Springs,3,2021-05-01,2021-07-01,285.30035842293904,0,0
Comal Springs,3,2021-06-01,2021-08-01,291.1068100358423,0,0
Comal Springs,3,2021-07-01,2021-09-01,280.57347670250897,0,0
Comal Springs,3,2021-08-01,2021-10-01,273.22939068100357,0,0
Comal Springs,3,2021-09-01,2021-11-01,273.0494623655914,0,0
Comal Springs,3,2021-10-01,2021-12-01,278.4652329749104,0,0
Comal Springs,3,2021-11-01,2022-01-01,280.0458781362007,0,0
Comal Springs,3,2021-12-01,2022-02-01,278.94508448540705,0,0
Comal Springs,3,2022-01-01,2022-03-01,274.6440092165899,0,0
Comal Springs,3,2022-02-01,2022-04-01,257.61390168970814,0,0
Comal Springs,3,2022-03-01,2022-05-01,226.3247311827957,0,0
Comal Springs,3,2022-04-01,2022-06-01,184.8100358422939,0,0
Comal Springs,3,2022-05-01,2022-07-01,149.15197132616487,0,0
Comal Springs,3,2022-06-01,2022-08-01,120.49605734767025,0,0
Comal Springs,3,2022-07-01,2022-09-01,111.69605734767025,0,0
Comal Springs,3,2022-08-01,2022-10-01,105.4594982078853,0,0
Comal Springs,3,2022-09-01,2022-11-01,110.70537634408602,0,0
Comal Springs,3,2022-10-01,2022-12-01,114.18136200716846,0,0
Comal Springs,3,2022-11-01,2023-01-01,123.78351254480286,0,0
Comal Springs,3,2022-12-01,2023-02-01,125.45890937019969,0,0
Comal Springs,3,2023-01-01,2023-03-01,121.95353302611367,0,0
Comal Springs,3,2023-02-01,2023-04-01,124.74600614439323,0,0
Comal Springs,3,2023-03-01,2023-05-01,139.53440860215053,0,0
Comal Springs,3,2023-04-01,2023-06-01,154.59713261648744,0,0
Comal Springs,3,2023-05-01,2023-07-01,141.28853046594983,0,0
Comal Springs,3,2023-06-01,2023-08-01,106.31003584229391,0,0
Comal Springs,3,2023-07-01,2023-09-01,76.14336917562724,0,0
Comal Springs,3,2023-08-01,2023-10-01,74.46594982078852,0,0
Comal Springs,3,2023-09-01,2023-11-01,92.01397849462366,0,0
Comal Springs,3,2023-10-01,2023-12-01,111.82759856630824,0,0
Comal Springs,3,2023-11-01,2024-01-01,133.33297491039426,0,0
Comal Springs,3,2023-12-01,2024-02-01,154.8038561364479,0,0
Comal Springs,3,2024-01-01,2024-03-01,164.70708194289952,0,0
Comal Springs,3,2024-02-01,2024-04-01,163.5432826597454,0,0
Comal Springs,3,2024-03-01,2024-05-01,145.75017921146954,0,0
Comal Springs,3,2024-04-01,2024-06-01,123.1888888888889,0,0
Comal Springs,3,2024-05-01,2024-07-01,106.66451612903225,0,0
Comal Springs,3,2024-06-01,2024-08-01,97.0516129032258,0,0
Comal Springs,3,2024-07-01,2024-09-01,95.74050179211469,0,0
Comal Springs,3,2024-08-01,2024-10-01,83.61146953405017,0,0
Comal Springs,3,2024-09-01,2024-11-01,73.23548387096774,0,0
Comal Springs,3,2024-10-01,2024-12-01,64.11863799283154,0,0
Comal Springs,3,2024-11-01,2025-01-01,66.78530465949821,0,0
Comal Springs,3,2024-12-01,2025-02-01,73.10752688172043,0,0
Comal Springs,3,2025-01-01,2025-03-01,77.3225806451613,0,0
Comal Springs,3,2025-02-01,2025-04-01,75.70931899641577,0,0
Comal Springs,3,2025-03-01,2025-05-01,67.19318996415771,0,0
Comal Springs,3,2025-04-01,2025-06-01,81.28387096774193,0,0
Comal Springs,3,2025-05-01,2025-07-01,105.99390681003584,0,0
Comal Springs,3,2025-06-01,2025-08-01,115.67132616487456,0,0
Comal Springs,3,2025-07-01,2025-09-01,107.77132616487455,0,0
Comal Springs,3,2025-08-01,2025-10-01,82.73906810035842,0,0
Comal Springs,3,2025-09-01,2025-11-01,74.38888888888889,0,0
Comal Springs,3,2025-10-01,2025-12-01,68.18745519713262,0,0
Comal Springs,3,2025-11-01,2026-01-01,70.71433691756272,0,0
Comal Springs,3,2025-12-01,2026-02-01,72.784178187404,0,0
Comal Springs,3,2026-01-01,2026-03-01,69.3863287250384,0,0
Comal Springs,3,2026-02-01,2026-04-01,70.60389144905274,0,0
Comal Springs,3,2026-03-01,2026-05-01,96.16379928315412,0,0
Comal Springs,3,2026-04-01,2026-06-01,131.02974910394266,0,0
Comal Springs,3,2026-05-01,2026-07-01,168.55412186379928,0,0
Comal Springs,6,1931-08-01,1932-01-01,NA,NA,NA
Comal Springs,6,1931-09-01,1932-02-01,NA,NA,NA
Comal Springs,6,1931-10-01,1932-03-01,NA,NA,NA
Comal Springs,6,1931-11-01,1932-04-01,NA,NA,NA
Comal Springs,6,1931-12-01,1932-05-01,NA,NA,NA
Comal Springs,6,1932-01-01,1932-06-01,311.9685185185185,1,0
Comal Springs,6,1932-02-01,1932-07-01,314.1405615292712,1,0
Comal Springs,6,1932-03-01,1932-08-01,320.19970131421746,1,0
Comal Springs,6,1932-04-01,1932-09-01,322.1557636056524,2,0
Comal Springs,6,1932-05-01,1932-10-01,325.3128723272772,1,0
Comal Springs,6,1932-06-01,1932-11-01,327.6148436534421,1,0
Comal Springs,6,1932-07-01,1932-12-01,329.24728092942775,1,0
Comal Springs,6,1932-08-01,1933-01-01,325.564485230503,1,0
Comal Springs,6,1932-09-01,1933-02-01,317.820821636033,1,0
Comal Springs,6,1932-10-01,1933-03-01,313.16583461341526,0,0
Comal Springs,6,1932-11-01,1933-04-01,315.91798515104966,0,0
Comal Springs,6,1932-12-01,1933-05-01,317.15902457757295,0,0
Comal Springs,6,1933-01-01,1933-06-01,314.4376984126984,0,0
Comal Springs,6,1933-02-01,1933-07-01,315.3570532514081,0,0
Comal Springs,6,1933-03-01,1933-08-01,316.40716845878137,0,0
Comal Springs,6,1933-04-01,1933-09-01,316.73763440860216,0,0
Comal Springs,6,1933-05-01,1933-10-01,308.71666666666664,0,0
Comal Springs,6,1933-06-01,1933-11-01,304.62562724014333,0,0
Comal Springs,6,1933-07-01,1933-12-01,305.2501792114695,0,0
Comal Springs,6,1933-08-01,1934-01-01,305.56200716845876,0,0
Comal Springs,6,1933-09-01,1934-02-01,305.5535586277522,0,0
Comal Springs,6,1933-10-01,1934-03-01,308.4273937532002,0,0
Comal Springs,6,1933-11-01,1934-04-01,314.83725038402457,0,0
Comal Springs,6,1933-12-01,1934-05-01,319.5680747567844,0,0
Comal Springs,6,1934-01-01,1934-06-01,322.3379672299027,0,0
Comal Springs,6,1934-02-01,1934-07-01,324.907859703021,0,0
Comal Springs,6,1934-03-01,1934-08-01,328.22813620071685,0,0
Comal Springs,6,1934-04-01,1934-09-01,323.1320788530466,0,0
Comal Springs,6,1934-05-01,1934-10-01,318.77060931899643,0,0
Comal Springs,6,1934-06-01,1934-11-01,311.9120071684588,0,0
Comal Springs,6,1934-07-01,1934-12-01,305.4969534050179,0,0
Comal Springs,6,1934-08-01,1935-01-01,299.25501792114693,0,0
Comal Springs,6,1934-09-01,1935-02-01,294.2680747567844,0,0
Comal Springs,6,1934-10-01,1935-03-01,293.4931643625192,0,0
Comal Springs,6,1934-11-01,1935-04-01,292.7546338965694,0,0
Comal Springs,6,1934-12-01,1935-05-01,296.5110855094726,0,0
Comal Springs,6,1935-01-01,1935-06-01,304.3872503840246,0,0
Comal Springs,6,1935-02-01,1935-07-01,311.8012288786482,0,0
Comal Springs,6,1935-03-01,1935-08-01,319.48709677419356,0,0
Comal Springs,6,1935-04-01,1935-09-01,326.83978494623653,0,0
Comal Springs,6,1935-05-01,1935-10-01,333.7933691756272,0,0
Comal Springs,6,1935-06-01,1935-11-01,341.48136200716846,0,0
Comal Springs,6,1935-07-01,1935-12-01,347.6374551971326,0,0
Comal Springs,6,1935-08-01,1936-01-01,353.3256272401434,0,0
Comal Springs,6,1935-09-01,1936-02-01,357.93778890124827,0,0
Comal Springs,6,1935-10-01,1936-03-01,361.0689716969472,0,0
Comal Springs,6,1935-11-01,1936-04-01,359.759831912001,0,0
Comal Springs,6,1935-12-01,1936-05-01,357.2492584352985,0,0
Comal Springs,6,1936-01-01,1936-06-01,360.1542763564454,0,0
Comal Springs,6,1936-02-01,1936-07-01,358.68653442096155,0,0
Comal Springs,6,1936-03-01,1936-08-01,356.8754480286738,0,0
Comal Springs,6,1936-04-01,1936-09-01,358.205376344086,0,0
Comal Springs,6,1936-05-01,1936-10-01,363.4930107526882,0,0
Comal Springs,6,1936-06-01,1936-11-01,366.9646953405018,0,0
Comal Springs,6,1936-07-01,1936-12-01,361.38763440860214,0,0
Comal Springs,6,1936-08-01,1937-01-01,358.3983870967742,0,0
Comal Springs,6,1936-09-01,1937-02-01,357.1733486943165,0,0
Comal Springs,6,1936-10-01,1937-03-01,356.99395801331286,0,0
Comal Springs,6,1936-11-01,1937-04-01,358.62854582693296,0,0
Comal Springs,6,1936-12-01,1937-05-01,359.32352790578597,0,0
Comal Springs,6,1937-01-01,1937-06-01,363.44503328213005,0,0
Comal Springs,6,1937-02-01,1937-07-01,365.3321300563236,0,0
Comal Springs,6,1937-03-01,1937-08-01,363.6324372759857,0,0
Comal Springs,6,1937-04-01,1937-09-01,359.2673835125448,0,0
Comal Springs,6,1937-05-01,1937-10-01,349.9661290322581,0,0
Comal Springs,6,1937-06-01,1937-11-01,341.55448028673834,0,0
Comal Springs,6,1937-07-01,1937-12-01,332.3469534050179,0,0
Comal Springs,6,1937-08-01,1938-01-01,326.6749103942652,0,0
Comal Springs,6,1937-09-01,1938-02-01,324.8388888888889,0,0
Comal Springs,6,1937-10-01,1938-03-01,323.5802867383513,0,0
Comal Springs,6,1937-11-01,1938-04-01,327.60931899641577,0,0
Comal Springs,6,1937-12-01,1938-05-01,336.2897849462366,0,0
Comal Springs,6,1938-01-01,1938-06-01,343.2917562724014,0,0
Comal Springs,6,1938-02-01,1938-07-01,347.9100358422939,0,0
Comal Springs,6,1938-03-01,1938-08-01,349.8804659498208,0,0
Comal Springs,6,1938-04-01,1938-09-01,353.5279569892473,0,0
Comal Springs,6,1938-05-01,1938-10-01,352.794623655914,0,0
Comal Springs,6,1938-06-01,1938-11-01,348.0474910394265,0,0
Comal Springs,6,1938-07-01,1938-12-01,342.21756272401433,0,0
Comal Springs,6,1938-08-01,1939-01-01,337.1691756272401,0,0
Comal Springs,6,1938-09-01,1939-02-01,334.92493599590375,0,0
Comal Springs,6,1938-10-01,1939-03-01,329.6215309779826,0,0
Comal Springs,6,1938-11-01,1939-04-01,325.6548643113159,0,0
Comal Springs,6,1938-12-01,1939-05-01,319.9288786482335,0,0
Comal Springs,6,1939-01-01,1939-06-01,315.4365847414234,0,0
Comal Springs,6,1939-02-01,1939-07-01,306.1032514080901,0,0
Comal Springs,6,1939-03-01,1939-08-01,299.4926523297491,0,0
Comal Springs,6,1939-04-01,1939-09-01,297.3349462365591,0,0
Comal Springs,6,1939-05-01,1939-10-01,292.591935483871,0,0
Comal Springs,6,1939-06-01,1939-11-01,287.7512544802867,0,0
Comal Springs,6,1939-07-01,1939-12-01,284.7543010752688,0,0
Comal Springs,6,1939-08-01,1940-01-01,287.72741935483873,0,0
Comal Springs,6,1939-09-01,1940-02-01,287.5284946236559,0,0
Comal Springs,6,1939-10-01,1940-03-01,283.9173835125448,0,0
Comal Springs,6,1939-11-01,1940-04-01,282.08817204301073,0,0
Comal Springs,6,1939-12-01,1940-05-01,280.09551971326164,0,0
Comal Springs,6,1940-01-01,1940-06-01,278.5424731182796,0,0
Comal Springs,6,1940-02-01,1940-07-01,278.4188172043011,0,0
Comal Springs,6,1940-03-01,1940-08-01,276.4241935483871,0,0
Comal Springs,6,1940-04-01,1940-09-01,274.85197132616486,0,0
Comal Springs,6,1940-05-01,1940-10-01,274.1758064516129,0,0
Comal Springs,6,1940-06-01,1940-11-01,275.44068100358425,0,0
Comal Springs,6,1940-07-01,1940-12-01,277.4991039426523,0,0
Comal Springs,6,1940-08-01,1941-01-01,279.64964157706095,0,0
Comal Springs,6,1940-09-01,1941-02-01,285.41807475678445,0,0
Comal Springs,6,1940-10-01,1941-03-01,293.1515873015873,0,0
Comal Springs,6,1940-11-01,1941-04-01,304.04441884280595,0,0
Comal Springs,6,1940-12-01,1941-05-01,323.61825396825395,0,0
Comal Springs,6,1941-01-01,1941-06-01,337.87094214029696,0,0
Comal Springs,6,1941-02-01,1941-07-01,347.9354582693292,0,0
Comal Springs,6,1941-03-01,1941-08-01,356.19390681003586,0,0
Comal Springs,6,1941-04-01,1941-09-01,359.3215053763441,0,0
Comal Springs,6,1941-05-01,1941-10-01,361.9878136200717,0,0
Comal Springs,6,1941-06-01,1941-11-01,354.3417562724014,0,0
Comal Springs,6,1941-07-01,1941-12-01,347.74498207885307,0,0
Comal Springs,6,1941-08-01,1942-01-01,344.5460573476703,0,0
Comal Springs,6,1941-09-01,1942-02-01,339.99594214029696,0,0
Comal Springs,6,1941-10-01,1942-03-01,339.0135048643113,0,0
Comal Springs,6,1941-11-01,1942-04-01,336.50275217613927,0,0
Comal Springs,6,1941-12-01,1942-05-01,331.60042242703537,0,0
Comal Springs,6,1942-01-01,1942-06-01,328.6916410650282,0,0
Comal Springs,6,1942-02-01,1942-07-01,326.5679851510497,0,0
Comal Springs,6,1942-03-01,1942-08-01,324.32240143369177,0,0
Comal Springs,6,1942-04-01,1942-09-01,327.7548387096774,0,0
Comal Springs,6,1942-05-01,1942-10-01,335.9645161290323,0,0
Comal Springs,6,1942-06-01,1942-11-01,351.4612903225806,0,0
Comal Springs,6,1942-07-01,1942-12-01,367.923835125448,0,0
Comal Springs,6,1942-08-01,1943-01-01,381.6335125448029,0,0
Comal Springs,6,1942-09-01,1943-02-01,393.3433819764465,0,0
Comal Springs,6,1942-10-01,1943-03-01,396.23890168970814,0,0
Comal Springs,6,1942-11-01,1943-04-01,390.9181131592422,0,0
Comal Springs,6,1942-12-01,1943-05-01,378.8030593958013,0,0
Comal Springs,6,1943-01-01,1943-06-01,363.9738479262673,0,0
Comal Springs,6,1943-02-01,1943-07-01,350.5813748079877,0,0
Comal Springs,6,1943-03-01,1943-08-01,338.54354838709673,0,0
Comal Springs,6,1943-04-01,1943-09-01,329.93136200716845,0,0
Comal Springs,6,1943-05-01,1943-10-01,321.7413978494624,0,0
Comal Springs,6,1943-06-01,1943-11-01,318.81200716845876,0,0
Comal Springs,6,1943-07-01,1943-12-01,316.54982078853044,0,0
Comal Springs,6,1943-08-01,1944-01-01,317.43691756272403,0,0
Comal Springs,6,1943-09-01,1944-02-01,320.28118897540475,0,0
Comal Springs,6,1943-10-01,1944-03-01,326.4256334198492,0,0
Comal Springs,6,1943-11-01,1944-04-01,339.0155975775553,0,0
Comal Springs,6,1943-12-01,1944-05-01,349.9288592263008,0,0
Comal Springs,6,1944-01-01,1944-06-01,360.5188233840069,0,0
Comal Springs,6,1944-02-01,1944-07-01,364.1586083302435,0,0
Comal Springs,6,1944-03-01,1944-08-01,363.0132616487455,0,0
Comal Springs,6,1944-04-01,1944-09-01,358.6910394265233,0,0
Comal Springs,6,1944-05-01,1944-10-01,349.18709677419355,0,0
Comal Springs,6,1944-06-01,1944-11-01,337.8682795698925,0,0
Comal Springs,6,1944-07-01,1944-12-01,329.9933691756272,0,0
Comal Springs,6,1944-08-01,1945-01-01,328.3374551971326,0,0
Comal Springs,6,1944-09-01,1945-02-01,337.1346902201741,0,0
Comal Springs,6,1944-10-01,1945-03-01,345.5536866359447,0,0
Comal Springs,6,1944-11-01,1945-04-01,358.9298515104967,0,0
Comal Springs,6,1944-12-01,1945-05-01,375.7701740911418,0,0
Comal Springs,6,1945-01-01,1945-06-01,383.0395289298515,0,0
Comal Springs,6,1945-02-01,1945-07-01,383.3137224782386,0,0
Comal Springs,6,1945-03-01,1945-08-01,376.8820788530466,0,0
Comal Springs,6,1945-04-01,1945-09-01,368.84086021505374,0,0
Comal Springs,6,1945-05-01,1945-10-01,356.9915770609319,0,0
Comal Springs,6,1945-06-01,1945-11-01,343.1679211469534,0,0
Comal Springs,6,1945-07-01,1945-12-01,336.8931899641577,0,0
Comal Springs,6,1945-08-01,1946-01-01,333.1996415770609,0,0
Comal Springs,6,1945-09-01,1946-02-01,328.3991423451101,0,0
Comal Springs,6,1945-10-01,1946-03-01,328.82745775729643,0,0
Comal Springs,6,1945-11-01,1946-04-01,328.13785202252944,0,0
Comal Springs,6,1945-12-01,1946-05-01,330.5260240655402,0,0
Comal Springs,6,1946-01-01,1946-06-01,335.54519969278033,0,0
Comal Springs,6,1946-02-01,1946-07-01,343.9161674347158,0,0
Comal Springs,6,1946-03-01,1946-08-01,351.3672043010753,0,0
Comal Springs,6,1946-04-01,1946-09-01,356.6166666666667,0,0
Comal Springs,6,1946-05-01,1946-10-01,367.1611111111111,0,0
Comal Springs,6,1946-06-01,1946-11-01,376.31182795698925,0,0
Comal Springs,6,1946-07-01,1946-12-01,381.80878136200715,0,0
Comal Springs,6,1946-08-01,1947-01-01,388.1152329749104,0,0
Comal Springs,6,1946-09-01,1947-02-01,396.4975294418843,0,0
Comal Springs,6,1946-10-01,1947-03-01,402.6996799795187,0,0
Comal Springs,6,1946-11-01,1947-04-01,402.7941244239631,0,0
Comal Springs,6,1946-12-01,1947-05-01,397.17566564260113,0,0
Comal Springs,6,1947-01-01,1947-06-01,388.1676011264721,0,0
Comal Springs,6,1947-02-01,1947-07-01,374.22674091141835,0,0
Comal Springs,6,1947-03-01,1947-08-01,360.1992831541219,0,0
Comal Springs,6,1947-04-01,1947-09-01,345.802688172043,0,0
Comal Springs,6,1947-05-01,1947-10-01,332.2136200716846,0,0
Comal Springs,6,1947-06-01,1947-11-01,322.6709677419355,0,0
Comal Springs,6,1947-07-01,1947-12-01,316.73817204301076,0,0
Comal Springs,6,1947-08-01,1948-01-01,312.791935483871,0,0
Comal Springs,6,1947-09-01,1948-02-01,310.38240637745645,0,0
Comal Springs,6,1947-10-01,1948-03-01,306.6338400692127,0,0
Comal Springs,6,1947-11-01,1948-04-01,303.8395748362378,0,0
Comal Springs,6,1947-12-01,1948-05-01,299.74781856383635,0,0
Comal Springs,6,1948-01-01,1948-06-01,294.4917253738722,0,0
Comal Springs,6,1948-02-01,1948-07-01,288.0616178469905,0,0
Comal Springs,6,1948-03-01,1948-08-01,279.40125448028675,0,0
Comal Springs,6,1948-04-01,1948-09-01,272.9609318996416,0,0
Comal Springs,6,1948-05-01,1948-10-01,266.626164874552,0,0
Comal Springs,6,1948-06-01,1948-11-01,262.6623655913979,0,0
Comal Springs,6,1948-07-01,1948-12-01,259.1227598566308,0,0
Comal Springs,6,1948-08-01,1949-01-01,257.8754480286738,0,0
Comal Springs,6,1948-09-01,1949-02-01,255.80017921146953,0,0
Comal Springs,6,1948-10-01,1949-03-01,257.93942652329747,0,0
Comal Springs,6,1948-11-01,1949-04-01,262.52974910394266,0,0
Comal Springs,6,1948-12-01,1949-05-01,271.1763440860215,0,0
Comal Springs,6,1949-01-01,1949-06-01,280.9715053763441,0,0
Comal Springs,6,1949-02-01,1949-07-01,289.73494623655915,0,0
Comal Springs,6,1949-03-01,1949-08-01,300.0037634408602,0,0
Comal Springs,6,1949-04-01,1949-09-01,302.76451612903224,0,0
Comal Springs,6,1949-05-01,1949-10-01,302.2118279569893,0,0
Comal Springs,6,1949-06-01,1949-11-01,297.03189964157707,0,0
Comal Springs,6,1949-07-01,1949-12-01,291.9195340501792,0,0
Comal Springs,6,1949-08-01,1950-01-01,287.3388888888889,0,0
Comal Springs,6,1949-09-01,1950-02-01,283.89745263696875,0,0
Comal Springs,6,1949-10-01,1950-03-01,282.49153865847416,0,0
Comal Springs,6,1949-11-01,1950-04-01,281.2164490527394,0,0
Comal Springs,6,1949-12-01,1950-05-01,279.1544418842806,0,0
Comal Springs,6,1950-01-01,1950-06-01,276.22791858678954,0,0
Comal Springs,6,1950-02-01,1950-07-01,271.4214669738863,0,0
Comal Springs,6,1950-03-01,1950-08-01,264.8467741935484,0,0
Comal Springs,6,1950-04-01,1950-09-01,259.51935483870966,0,0
Comal Springs,6,1950-05-01,1950-10-01,255.45035842293908,0,0
Comal Springs,6,1950-06-01,1950-11-01,250.6179211469534,0,0
Comal Springs,6,1950-07-01,1950-12-01,245.39390681003584,0,0
Comal Springs,6,1950-08-01,1951-01-01,241.4154121863799,0,0
Comal Springs,6,1950-09-01,1951-02-01,237.83534306195597,0,0
Comal Springs,6,1950-10-01,1951-03-01,233.60362263184842,0,0
Comal Springs,6,1950-11-01,1951-04-01,227.9781746031746,0,0
Comal Springs,6,1950-12-01,1951-05-01,223.79985919098823,0,0
Comal Springs,6,1951-01-01,1951-06-01,219.94054019457246,0,0
Comal Springs,6,1951-02-01,1951-07-01,212.7792498719918,0,0
Comal Springs,6,1951-03-01,1951-08-01,205.1442652329749,0,0
Comal Springs,6,1951-04-01,1951-09-01,197.831541218638,0,0
Comal Springs,6,1951-05-01,1951-10-01,192.4569892473118,0,0
Comal Springs,6,1951-06-01,1951-11-01,188.50752688172042,0,0
Comal Springs,6,1951-07-01,1951-12-01,186.7646953405018,0,0
Comal Springs,6,1951-08-01,1952-01-01,187.35609318996416,0,0
Comal Springs,6,1951-09-01,1952-02-01,187.92765418366088,0,0
Comal Springs,6,1951-10-01,1952-03-01,188.15973303670745,0,0
Comal Springs,6,1951-11-01,1952-04-01,188.28984056358917,0,0
Comal Springs,6,1951-12-01,1952-05-01,186.4489803485354,0,0
Comal Springs,6,1952-01-01,1952-06-01,182.3695896675318,0,0
Comal Springs,6,1952-02-01,1952-07-01,177.19754665677914,0,0
Comal Springs,6,1952-03-01,1952-08-01,168.83566308243726,0,0
Comal Springs,6,1952-04-01,1952-09-01,167.63691756272402,0,0
Comal Springs,6,1952-05-01,1952-10-01,169.11433691756272,0,0
Comal Springs,6,1952-06-01,1952-11-01,172.23853046594982,0,0
Comal Springs,6,1952-07-01,1952-12-01,179.9953405017921,0,0
Comal Springs,6,1952-08-01,1953-01-01,191.58673835125447,0,0
Comal Springs,6,1952-09-01,1953-02-01,207.42275985663082,0,0
Comal Springs,6,1952-10-01,1953-03-01,215.24516129032259,0,0
Comal Springs,6,1952-11-01,1953-04-01,217.81774193548387,0,0
Comal Springs,6,1952-12-01,1953-05-01,218.252688172043,0,0
Comal Springs,6,1953-01-01,1953-06-01,209.99032258064517,0,0
Comal Springs,6,1953-02-01,1953-07-01,195.39354838709676,0,0
Comal Springs,6,1953-03-01,1953-08-01,178.45,0,0
Comal Springs,6,1953-04-01,1953-09-01,172.52759856630826,0,0
Comal Springs,6,1953-05-01,1953-10-01,170.213082437276,0,0
Comal Springs,6,1953-06-01,1953-11-01,170.6836917562724,0,0
Comal Springs,6,1953-07-01,1953-12-01,173.27939068100358,0,0
Comal Springs,6,1953-08-01,1954-01-01,183.881541218638,0,0
Comal Springs,6,1953-09-01,1954-02-01,197.1227086533538,0,0
Comal Springs,6,1953-10-01,1954-03-01,195.21715309779825,0,0
Comal Springs,6,1953-11-01,1954-04-01,187.3316692268305,0,0
Comal Springs,6,1953-12-01,1954-05-01,178.0546082949309,0,0
Comal Springs,6,1954-01-01,1954-06-01,166.45335381464415,0,0
Comal Springs,6,1954-02-01,1954-07-01,149.57700972862264,0,0
Comal Springs,6,1954-03-01,1954-08-01,129.42724014336918,0,0
Comal Springs,6,1954-04-01,1954-09-01,113.69390681003584,0,0
Comal Springs,6,1954-05-01,1954-10-01,107.25681003584229,0,0
Comal Springs,6,1954-06-01,1954-11-01,103.06164874551972,0,0
Comal Springs,6,1954-07-01,1954-12-01,104.57688172043011,0,0
Comal Springs,6,1954-08-01,1955-01-01,109.88870967741936,0,0
Comal Springs,6,1954-09-01,1955-02-01,119.78847926267281,0,0
Comal Springs,6,1954-10-01,1955-03-01,128.35514592933947,0,0
Comal Springs,6,1954-11-01,1955-04-01,127.79224270353302,0,0
Comal Springs,6,1954-12-01,1955-05-01,122.68095238095238,0,0
Comal Springs,6,1955-01-01,1955-06-01,115.73794162826421,0,0
Comal Springs,6,1955-02-01,1955-07-01,103.7648233486943,0,0
Comal Springs,6,1955-03-01,1955-08-01,88.6231182795699,0,0
Comal Springs,6,1955-04-01,1955-09-01,76.15645161290323,0,0
Comal Springs,6,1955-05-01,1955-10-01,68.38602150537635,0,0
Comal Springs,6,1955-06-01,1955-11-01,64.86953405017921,0,0
Comal Springs,6,1955-07-01,1955-12-01,65.30716845878136,0,0
Comal Springs,6,1955-08-01,1956-01-01,69.65663082437275,0,0
Comal Springs,6,1955-09-01,1956-02-01,76.56393523668274,0,0
Comal Springs,6,1955-10-01,1956-03-01,79.06823631195155,0,0
Comal Springs,6,1955-11-01,1956-04-01,76.19977753058954,0,0
Comal Springs,6,1955-12-01,1956-05-01,68.83992089976518,0,0
Comal Springs,6,1956-01-01,1956-06-01,54.418953157829684,0,0
Comal Springs,6,1956-02-01,1956-07-01,39.25766283524904,0,0
Comal Springs,6,1956-03-01,1956-08-01,23.694444444444443,0,0
Comal Springs,6,1956-04-01,1956-09-01,12.156810035842295,0,0
Comal Springs,6,1956-05-01,1956-10-01,5.245698924731183,0,0
Comal Springs,6,1956-06-01,1956-11-01,4.2,0,0
Comal Springs,6,1956-07-01,1956-12-01,9.513440860215054,0,0
Comal Springs,6,1956-08-01,1957-01-01,18.04032258064516,0,0
Comal Springs,6,1956-09-01,1957-02-01,26.302227342549923,0,0
Comal Springs,6,1956-10-01,1957-03-01,37.20007680491551,0,0
Comal Springs,6,1956-11-01,1957-04-01,54.500076804915516,0,0
Comal Springs,6,1956-12-01,1957-05-01,81.52427035330261,0,0
Comal Springs,6,1957-01-01,1957-06-01,115.205273937532,0,0
Comal Springs,6,1957-02-01,1957-07-01,132.81817716333845,0,0
Comal Springs,6,1957-03-01,1957-08-01,139.878853046595,0,0
Comal Springs,6,1957-04-01,1957-09-01,149.14767025089606,0,0
Comal Springs,6,1957-05-01,1957-10-01,164.21326164874552,0,0
Comal Springs,6,1957-06-01,1957-11-01,172.9168458781362,0,0
Comal Springs,6,1957-07-01,1957-12-01,175.33799283154121,0,0
Comal Springs,6,1957-08-01,1958-01-01,195.25197132616486,0,0
Comal Springs,6,1957-09-01,1958-02-01,231.15558115719406,0,0
Comal Springs,6,1957-10-01,1958-03-01,267.386763952893,0,0
Comal Springs,6,1957-11-01,1958-04-01,291.4378392217102,0,0
Comal Springs,6,1957-12-01,1958-05-01,309.6589861751152,0,0
Comal Springs,6,1958-01-01,1958-06-01,319.5989503328213,0,0
Comal Springs,6,1958-02-01,1958-07-01,323.8086277521761,0,0
Comal Springs,6,1958-03-01,1958-08-01,316.64695340501794,0,0
Comal Springs,6,1958-04-01,1958-09-01,307.06021505376344,0,0
Comal Springs,6,1958-05-01,1958-10-01,304.96612903225804,0,0
Comal Springs,6,1958-06-01,1958-11-01,303.0838709677419,0,0
Comal Springs,6,1958-07-01,1958-12-01,307.5094982078853,0,0
Comal Springs,6,1958-08-01,1959-01-01,313.05250896057345,0,0
Comal Springs,6,1958-09-01,1959-02-01,325.24989759344595,0,0
Comal Springs,6,1958-10-01,1959-03-01,334.21835637480797,0,0
Comal Springs,6,1958-11-01,1959-04-01,334.72910906298,0,0
Comal Springs,6,1958-12-01,1959-05-01,332.81029185867897,0,0
Comal Springs,6,1959-01-01,1959-06-01,326.32910906298,0,0
Comal Springs,6,1959-02-01,1959-07-01,320.71620583717356,0,0
Comal Springs,6,1959-03-01,1959-08-01,312.5725806451613,0,0
Comal Springs,6,1959-04-01,1959-09-01,304.5485663082437,0,0
Comal Springs,6,1959-05-01,1959-10-01,300.4087813620072,0,0
Comal Springs,6,1959-06-01,1959-11-01,298.20537634408606,0,0
Comal Springs,6,1959-07-01,1959-12-01,300.9284946236559,0,0
Comal Springs,6,1959-08-01,1960-01-01,304.85322580645163,0,0
Comal Springs,6,1959-09-01,1960-02-01,311.1257508342603,0,0
Comal Springs,6,1959-10-01,1960-03-01,317.59600173031765,0,0
Comal Springs,6,1959-11-01,1960-04-01,320.5580088987764,0,0
Comal Springs,6,1959-12-01,1960-05-01,321.79904832529974,0,0
Comal Springs,6,1960-01-01,1960-06-01,317.1814856012854,0,0
Comal Springs,6,1960-02-01,1960-07-01,312.49868990236064,0,0
Comal Springs,6,1960-03-01,1960-08-01,307.5756272401434,0,0
Comal Springs,6,1960-04-01,1960-09-01,303.2164874551971,0,0
Comal Springs,6,1960-05-01,1960-10-01,301.4426523297491,0,0
Comal Springs,6,1960-06-01,1960-11-01,306.173835125448,0,0
Comal Springs,6,1960-07-01,1960-12-01,317.3827956989247,0,0
Comal Springs,6,1960-08-01,1961-01-01,328.0924731182796,0,0
Comal Springs,6,1960-09-01,1961-02-01,339.7556835637481,0,0
Comal Springs,6,1960-10-01,1961-03-01,350.39976958525347,0,0
Comal Springs,6,1960-11-01,1961-04-01,355.9347158218126,0,0
Comal Springs,6,1960-12-01,1961-05-01,351.8271889400922,0,0
Comal Springs,6,1961-01-01,1961-06-01,344.7348950332821,0,0
Comal Springs,6,1961-02-01,1961-07-01,338.8693036354327,0,0
Comal Springs,6,1961-03-01,1961-08-01,331.27060931899643,0,0
Comal Springs,6,1961-04-01,1961-09-01,322.80985663082436,0,0
Comal Springs,6,1961-05-01,1961-10-01,319.5060931899642,0,0
Comal Springs,6,1961-06-01,1961-11-01,321.3302867383513,0,0
Comal Springs,6,1961-07-01,1961-12-01,323.6322580645161,0,0
Comal Springs,6,1961-08-01,1962-01-01,323.2129032258065,0,0
Comal Springs,6,1961-09-01,1962-02-01,321.78778801843316,0,0
Comal Springs,6,1961-10-01,1962-03-01,320.2646697388633,0,0
Comal Springs,6,1961-11-01,1962-04-01,315.37954429083464,0,0
Comal Springs,6,1961-12-01,1962-05-01,307.75965181771636,0,0
Comal Springs,6,1962-01-01,1962-06-01,297.87434715821814,0,0
Comal Springs,6,1962-02-01,1962-07-01,283.67542242703536,0,0
Comal Springs,6,1962-03-01,1962-08-01,264.9231182795699,0,0
Comal Springs,6,1962-04-01,1962-09-01,251.26290322580644,0,0
Comal Springs,6,1962-05-01,1962-10-01,240.84157706093188,0,0
Comal Springs,6,1962-06-01,1962-11-01,234.05591397849463,0,0
Comal Springs,6,1962-07-01,1962-12-01,233.7584229390681,0,0
Comal Springs,6,1962-08-01,1963-01-01,238.5810035842294,0,0
Comal Springs,6,1962-09-01,1963-02-01,249.23806963645671,0,0
Comal Springs,6,1962-10-01,1963-03-01,255.99505888376856,0,0
Comal Springs,6,1962-11-01,1963-04-01,258.2441628264209,0,0
Comal Springs,6,1962-12-01,1963-05-01,255.95993343573988,0,0
Comal Springs,6,1963-01-01,1963-06-01,244.77409114183308,0,0
Comal Springs,6,1963-02-01,1963-07-01,230.04828469022019,0,0
Comal Springs,6,1963-03-01,1963-08-01,208.94498207885306,0,0
Comal Springs,6,1963-04-01,1963-09-01,189.58799283154121,0,0
Comal Springs,6,1963-05-01,1963-10-01,176.46792114695342,0,0
Comal Springs,6,1963-06-01,1963-11-01,169.96881720430108,0,0
Comal Springs,6,1963-07-01,1963-12-01,171.0041218637993,0,0
Comal Springs,6,1963-08-01,1964-01-01,176.51487455197133,0,0
Comal Springs,6,1963-09-01,1964-02-01,191.8591459646521,0,0
Comal Springs,6,1963-10-01,1964-03-01,205.30215671734027,0,0
Comal Springs,6,1963-11-01,1964-04-01,213.03333951303918,0,0
Comal Springs,6,1963-12-01,1964-05-01,213.0001853911754,0,0
Comal Springs,6,1964-01-01,1964-06-01,210.44821406501052,0,0
Comal Springs,6,1964-02-01,1964-07-01,201.5987516994191,0,0
Comal Springs,6,1964-03-01,1964-08-01,184.4372759856631,0,0
Comal Springs,6,1964-04-01,1964-09-01,170.3109318996416,0,0
Comal Springs,6,1964-05-01,1964-10-01,163.04749103942652,0,0
Comal Springs,6,1964-06-01,1964-11-01,164.69175627240145,0,0
Comal Springs,6,1964-07-01,1964-12-01,167.8136200716846,0,0
Comal Springs,6,1964-08-01,1965-01-01,176.46953405017922,0,0
Comal Springs,6,1964-09-01,1965-02-01,197.8007552483359,0,0
Comal Springs,6,1964-10-01,1965-03-01,219.00236815156168,0,0
Comal Springs,6,1964-11-01,1965-04-01,236.15469790066564,0,0
Comal Springs,6,1964-12-01,1965-05-01,253.0265616999488,0,0
Comal Springs,6,1965-01-01,1965-06-01,271.31580901177676,0,0
Comal Springs,6,1965-02-01,1965-07-01,280.2082821300563,0,0
Comal Springs,6,1965-03-01,1965-08-01,275.4200716845878,0,0
Comal Springs,6,1965-04-01,1965-09-01,264.9295698924731,0,0
Comal Springs,6,1965-05-01,1965-10-01,260.1643369175627,0,0
Comal Springs,6,1965-06-01,1965-11-01,253.5646953405018,0,0
Comal Springs,6,1965-07-01,1965-12-01,250.52813620071686,0,0
Comal Springs,6,1965-08-01,1966-01-01,257.4421146953405,0,0
Comal Springs,6,1965-09-01,1966-02-01,271.4624679979519,0,0
Comal Springs,6,1965-10-01,1966-03-01,288.17339989759347,0,0
Comal Springs,6,1965-11-01,1966-04-01,295.7664106502816,0,0
Comal Springs,6,1965-12-01,1966-05-01,301.8499231950845,0,0
Comal Springs,6,1966-01-01,1966-06-01,296.7642601126472,0,0
Comal Springs,6,1966-02-01,1966-07-01,285.31802355350743,0,0
Comal Springs,6,1966-03-01,1966-08-01,269.0772401433692,0,0
Comal Springs,6,1966-04-01,1966-09-01,257.93853046594984,0,0
Comal Springs,6,1966-05-01,1966-10-01,250.92078853046593,0,0
Comal Springs,6,1966-06-01,1966-11-01,241.61505376344087,0,0
Comal Springs,6,1966-07-01,1966-12-01,236.95340501792114,0,0
Comal Springs,6,1966-08-01,1967-01-01,238.28136200716847,0,0
Comal Springs,6,1966-09-01,1967-02-01,240.51024065540196,0,0
Comal Springs,6,1966-10-01,1967-03-01,235.6220686123912,0,0
Comal Springs,6,1966-11-01,1967-04-01,226.82869943676394,0,0
Comal Springs,6,1966-12-01,1967-05-01,212.50540194572454,0,0
Comal Springs,6,1967-01-01,1967-06-01,189.944828469022,0,0
Comal Springs,6,1967-02-01,1967-07-01,163.39644137224784,0,0
Comal Springs,6,1967-03-01,1967-08-01,138.87186379928315,0,0
Comal Springs,6,1967-04-01,1967-09-01,130.78225806451613,0,0
Comal Springs,6,1967-05-01,1967-10-01,134.09713261648744,0,0
Comal Springs,6,1967-06-01,1967-11-01,147.95376344086023,0,0
Comal Springs,6,1967-07-01,1967-12-01,172.5573476702509,0,0
Comal Springs,6,1967-08-01,1968-01-01,206.1594982078853,0,0
Comal Springs,6,1967-09-01,1968-02-01,250.65616116672845,0,0
Comal Springs,6,1967-10-01,1968-03-01,281.91243356816216,0,0
Comal Springs,6,1967-11-01,1968-04-01,304.9364479050797,0,0
Comal Springs,6,1967-12-01,1968-05-01,323.6335805215672,0,0
Comal Springs,6,1968-01-01,1968-06-01,337.8522185143987,0,0
Comal Springs,6,1968-02-01,1968-07-01,343.0027561488073,0,0
Comal Springs,6,1968-03-01,1968-08-01,333.6942652329749,0,0
Comal Springs,6,1968-04-01,1968-09-01,323.6991039426523,0,0
Comal Springs,6,1968-05-01,1968-10-01,314.739605734767,0,0
Comal Springs,6,1968-06-01,1968-11-01,304.8702508960573,0,0
Comal Springs,6,1968-07-01,1968-12-01,299.4741935483871,0,0
Comal Springs,6,1968-08-01,1969-01-01,297.2806451612903,0,0
Comal Springs,6,1968-09-01,1969-02-01,300.27181259600616,0,0
Comal Springs,6,1968-10-01,1969-03-01,305.55729646697387,0,0
Comal Springs,6,1968-11-01,1969-04-01,308.444572452637,0,0
Comal Springs,6,1968-12-01,1969-05-01,315.5504864311316,0,0
Comal Springs,6,1969-01-01,1969-06-01,316.2743215565796,0,0
Comal Springs,6,1969-02-01,1969-07-01,309.51088069636455,0,0
Comal Springs,6,1969-03-01,1969-08-01,294.59498207885304,0,0
Comal Springs,6,1969-04-01,1969-09-01,283.89283154121864,0,0
Comal Springs,6,1969-05-01,1969-10-01,275.60232974910394,0,0
Comal Springs,6,1969-06-01,1969-11-01,267.10197132616486,0,0
Comal Springs,6,1969-07-01,1969-12-01,265.72759856630825,0,0
Comal Springs,6,1969-08-01,1970-01-01,272.7060931899642,0,0
Comal Springs,6,1969-09-01,1970-02-01,288.580325140809,0,0
Comal Springs,6,1969-10-01,1970-03-01,302.0781746031746,0,0
Comal Springs,6,1969-11-01,1970-04-01,313.51312083973374,0,0
Comal Springs,6,1969-12-01,1970-05-01,321.47584485407066,0,0
Comal Springs,6,1970-01-01,1970-06-01,329.13910650281616,0,0
Comal Springs,6,1970-02-01,1970-07-01,328.12835381464413,0,0
Comal Springs,6,1970-03-01,1970-08-01,321.6358422939068,0,0
Comal Springs,6,1970-04-01,1970-09-01,309.18243727598565,0,0
Comal Springs,6,1970-05-01,1970-10-01,300.89802867383514,0,0
Comal Springs,6,1970-06-01,1970-11-01,293.5019713261649,0,0
Comal Springs,6,1970-07-01,1970-12-01,283.1720430107527,0,0
Comal Springs,6,1970-08-01,1971-01-01,279.3333333333333,0,0
Comal Springs,6,1970-09-01,1971-02-01,275.1532258064516,0,0
Comal Springs,6,1970-10-01,1971-03-01,268.92921146953404,0,0
Comal Springs,6,1970-11-01,1971-04-01,253.01362007168458,0,0
Comal Springs,6,1970-12-01,1971-05-01,232.11935483870968,0,0
Comal Springs,6,1971-01-01,1971-06-01,203.7937275985663,0,0
Comal Springs,6,1971-02-01,1971-07-01,177.41200716845879,0,0
Comal Springs,6,1971-03-01,1971-08-01,167.7695340501792,0,0
Comal Springs,6,1971-04-01,1971-09-01,168.38799283154123,0,0
Comal Springs,6,1971-05-01,1971-10-01,179.884229390681,0,0
Comal Springs,6,1971-06-01,1971-11-01,201.2951612903226,0,0
Comal Springs,6,1971-07-01,1971-12-01,234.6100358422939,0,0
Comal Springs,6,1971-08-01,1972-01-01,268.4917562724014,0,0
Comal Springs,6,1971-09-01,1972-02-01,289.5049190458534,0,0
Comal Springs,6,1971-10-01,1972-03-01,301.40796564083547,0,0
Comal Springs,6,1971-11-01,1972-04-01,301.3839513039179,0,0
Comal Springs,6,1971-12-01,1972-05-01,306.8009763935237,0,0
Comal Springs,6,1972-01-01,1972-06-01,309.7249907304412,0,0
Comal Springs,6,1972-02-01,1972-07-01,307.7572487949574,0,0
Comal Springs,6,1972-03-01,1972-08-01,305.64193548387095,0,0
Comal Springs,6,1972-04-01,1972-09-01,305.09444444444443,0,0
Comal Springs,6,1972-05-01,1972-10-01,312.2152329749104,0,0
Comal Springs,6,1972-06-01,1972-11-01,311.14820788530466,0,0
Comal Springs,6,1972-07-01,1972-12-01,309.2456989247312,0,0
Comal Springs,6,1972-08-01,1973-01-01,311.69193548387096,0,0
Comal Springs,6,1972-09-01,1973-02-01,314.9425115207373,0,0
Comal Springs,6,1972-10-01,1973-03-01,321.8233358934972,0,0
Comal Springs,6,1972-11-01,1973-04-01,330.0692140296979,0,0
Comal Springs,6,1972-12-01,1973-05-01,337.96957245263695,0,0
Comal Springs,6,1973-01-01,1973-06-01,343.3720814132104,0,0
Comal Springs,6,1973-02-01,1973-07-01,357.6892857142857,0,0
Comal Springs,6,1973-03-01,1973-08-01,369.01397849462364,0,0
Comal Springs,6,1973-04-01,1973-09-01,378.17759856630823,0,0
Comal Springs,6,1973-05-01,1973-10-01,397.05,0,0
Comal Springs,6,1973-06-01,1973-11-01,411.01075268817203,0,0
Comal Springs,6,1973-07-01,1973-12-01,424.715770609319,0,0
Comal Springs,6,1973-08-01,1974-01-01,428.0060931899642,0,0
Comal Springs,6,1973-09-01,1974-02-01,433.5325908858167,0,0
Comal Springs,6,1973-10-01,1974-03-01,435.0087557603687,0,0
Comal Springs,6,1973-11-01,1974-04-01,420.71968766001027,0,0
Comal Springs,6,1973-12-01,1974-05-01,409.13527905785975,0,0
Comal Springs,6,1974-01-01,1974-06-01,396.29692780337945,0,0
Comal Springs,6,1974-02-01,1974-07-01,379.28079877112134,0,0
Comal Springs,6,1974-03-01,1974-08-01,362.10376344086023,0,0
Comal Springs,6,1974-04-01,1974-09-01,355.3664874551971,0,0
Comal Springs,6,1974-05-01,1974-10-01,354.40286738351256,0,0
Comal Springs,6,1974-06-01,1974-11-01,356.51505376344085,0,0
Comal Springs,6,1974-07-01,1974-12-01,364.573835125448,0,0
Comal Springs,6,1974-08-01,1975-01-01,376.35878136200716,0,0
Comal Springs,6,1974-09-01,1975-02-01,392.45843573988736,0,0
Comal Springs,6,1974-10-01,1975-03-01,400.7225934459805,0,0
Comal Springs,6,1974-11-01,1975-04-01,405.69732462877624,0,0
Comal Springs,6,1974-12-01,1975-05-01,411.07438556067586,0,0
Comal Springs,6,1975-01-01,1975-06-01,415.7156041986687,0,0
Comal Springs,6,1975-02-01,1975-07-01,416.8876472094214,0,0
Comal Springs,6,1975-03-01,1975-08-01,409.7019713261649,0,0
Comal Springs,6,1975-04-01,1975-09-01,402.23225806451615,0,0
Comal Springs,6,1975-05-01,1975-10-01,395.666129032258,0,0
Comal Springs,6,1975-06-01,1975-11-01,385.0057347670251,0,0
Comal Springs,6,1975-07-01,1975-12-01,372.35913978494625,0,0
Comal Springs,6,1975-08-01,1976-01-01,362.9075268817204,0,0
Comal Springs,6,1975-09-01,1976-02-01,355.776084538376,0,0
Comal Springs,6,1975-10-01,1976-03-01,347.67590532690645,0,0
Comal Springs,6,1975-11-01,1976-04-01,341.9031454702756,0,0
Comal Springs,6,1975-12-01,1976-05-01,348.5904214559387,0,0
Comal Springs,6,1976-01-01,1976-06-01,355.0203497713509,0,0
Comal Springs,6,1976-02-01,1976-07-01,359.9719626745767,0,0
Comal Springs,6,1976-03-01,1976-08-01,362.7539426523297,0,0
Comal Springs,6,1976-04-01,1976-09-01,367.9541218637993,0,0
Comal Springs,6,1976-05-01,1976-10-01,376.2591397849462,0,0
Comal Springs,6,1976-06-01,1976-11-01,376.6551971326165,0,0
Comal Springs,6,1976-07-01,1976-12-01,379.5854838709678,0,0
Comal Springs,6,1976-08-01,1977-01-01,386.9618279569893,0,0
Comal Springs,6,1976-09-01,1977-02-01,400.9910138248848,0,0
Comal Springs,6,1976-10-01,1977-03-01,410.74782386072707,0,0
Comal Springs,6,1976-11-01,1977-04-01,420.9483614951357,0,0
Comal Springs,6,1976-12-01,1977-05-01,426.68133640553,0,0
Comal Springs,6,1977-01-01,1977-06-01,425.2232718894009,0,0
Comal Springs,6,1977-02-01,1977-07-01,417.5727342549923,0,0
Comal Springs,6,1977-03-01,1977-08-01,402.28548387096777,0,0
Comal Springs,6,1977-04-01,1977-09-01,390.71756272401433,0,0
Comal Springs,6,1977-05-01,1977-10-01,372.94175627240145,0,0
Comal Springs,6,1977-06-01,1977-11-01,359.8754480286739,0,0
Comal Springs,6,1977-07-01,1977-12-01,352.76899641577063,0,0
Comal Springs,6,1977-08-01,1978-01-01,348.8926523297491,0,0
Comal Springs,6,1977-09-01,1978-02-01,349.7394265232975,0,0
Comal Springs,6,1977-10-01,1978-03-01,348.7051971326165,0,0
Comal Springs,6,1977-11-01,1978-04-01,346.1198924731183,0,0
Comal Springs,6,1977-12-01,1978-05-01,335.48189964157706,0,0
Comal Springs,6,1978-01-01,1978-06-01,322.7494623655914,0,0
Comal Springs,6,1978-02-01,1978-07-01,303.9268817204301,0,0
Comal Springs,6,1978-03-01,1978-08-01,295.8758064516129,0,0
Comal Springs,6,1978-04-01,1978-09-01,290.98225806451615,0,0
Comal Springs,6,1978-05-01,1978-10-01,294.739605734767,0,0
Comal Springs,6,1978-06-01,1978-11-01,304.155376344086,0,0
Comal Springs,6,1978-07-01,1978-12-01,318.5383512544803,0,0
Comal Springs,6,1978-08-01,1979-01-01,346.0652329749104,0,0
Comal Springs,6,1978-09-01,1979-02-01,365.1877368151562,0,0
Comal Springs,6,1978-10-01,1979-03-01,378.6404249871992,0,0
Comal Springs,6,1978-11-01,1979-04-01,386.9052995391705,0,0
Comal Springs,6,1978-12-01,1979-05-01,394.4733998975934,0,0
Comal Springs,6,1979-01-01,1979-06-01,404.16820276497697,0,0
Comal Springs,6,1979-02-01,1979-07-01,406.2703533026114,0,0
Comal Springs,6,1979-03-01,1979-08-01,407.8252688172043,0,0
Comal Springs,6,1979-04-01,1979-09-01,411.1725806451613,0,0
Comal Springs,6,1979-05-01,1979-10-01,407.53136200716847,0,0
Comal Springs,6,1979-06-01,1979-11-01,398.82437275985666,0,0
Comal Springs,6,1979-07-01,1979-12-01,385.339247311828,0,0
Comal Springs,6,1979-08-01,1980-01-01,376.0274193548387,0,0
Comal Springs,6,1979-09-01,1980-02-01,363.61659251019654,0,0
Comal Springs,6,1979-10-01,1980-03-01,350.37143121987395,0,0
Comal Springs,6,1979-11-01,1980-04-01,339.27931652453344,0,0
Comal Springs,6,1979-12-01,1980-05-01,332.674477814856,0,0
Comal Springs,6,1980-01-01,1980-06-01,320.14849215177355,0,0
Comal Springs,6,1980-02-01,1980-07-01,292.8850512915585,0,0
Comal Springs,6,1980-03-01,1980-08-01,269.15071684587815,0,0
Comal Springs,6,1980-04-01,1980-09-01,254.36254480286738,0,0
Comal Springs,6,1980-05-01,1980-10-01,247.3578853046595,0,0
Comal Springs,6,1980-06-01,1980-11-01,242.17383512544802,0,0
Comal Springs,6,1980-07-01,1980-12-01,244.89874551971326,0,0
Comal Springs,6,1980-08-01,1981-01-01,261.3611111111111,0,0
Comal Springs,6,1980-09-01,1981-02-01,276.4037378392217,0,0
Comal Springs,6,1980-10-01,1981-03-01,286.07363031234,0,0
Comal Springs,6,1980-11-01,1981-04-01,289.82828981054786,0,0
Comal Springs,6,1980-12-01,1981-05-01,292.16825396825396,0,0
Comal Springs,6,1981-01-01,1981-06-01,301.20445468509985,0,0
Comal Springs,6,1981-02-01,1981-07-01,307.54854070660525,0,0
Comal Springs,6,1981-03-01,1981-08-01,309.6241935483871,0,0
Comal Springs,6,1981-04-01,1981-09-01,313.16541218637997,0,0
Comal Springs,6,1981-05-01,1981-10-01,317.7924731182796,0,0
Comal Springs,6,1981-06-01,1981-11-01,325.3469534050179,0,0
Comal Springs,6,1981-07-01,1981-12-01,323.39677419354837,0,0
Comal Springs,6,1981-08-01,1982-01-01,321.89677419354837,0,0
Comal Springs,6,1981-09-01,1982-02-01,322.5413594470046,0,0
Comal Springs,6,1981-10-01,1982-03-01,319.6560547875064,0,0
Comal Springs,6,1981-11-01,1982-04-01,316.4123271889401,0,0
Comal Springs,6,1981-12-01,1982-05-01,313.48150281618024,0,0
Comal Springs,6,1982-01-01,1982-06-01,307.32057091653866,0,0
Comal Springs,6,1982-02-01,1982-07-01,295.7291730670763,0,0
Comal Springs,6,1982-03-01,1982-08-01,280.9232974910394,0,0
Comal Springs,6,1982-04-01,1982-09-01,266.7641577060932,0,0
Comal Springs,6,1982-05-01,1982-10-01,256.0885304659498,0,0
Comal Springs,6,1982-06-01,1982-11-01,243.652688172043,0,0
Comal Springs,6,1982-07-01,1982-12-01,237.88351254480287,0,0
Comal Springs,6,1982-08-01,1983-01-01,241.06093189964156,0,0
Comal Springs,6,1982-09-01,1983-02-01,248.17037890424987,0,0
Comal Springs,6,1982-10-01,1983-03-01,256.0714541730671,0,0
Comal Springs,6,1982-11-01,1983-04-01,261.552636968766,0,0
Comal Springs,6,1982-12-01,1983-05-01,260.4938556067588,0,0
Comal Springs,6,1983-01-01,1983-06-01,257.1352534562212,0,0
Comal Springs,6,1983-02-01,1983-07-01,247.58686635944701,0,0
Comal Springs,6,1983-03-01,1983-08-01,237.71935483870968,0,0
Comal Springs,6,1983-04-01,1983-09-01,226.00716845878136,0,0
Comal Springs,6,1983-05-01,1983-10-01,217.04749103942652,0,0
Comal Springs,6,1983-06-01,1983-11-01,214.45071684587813,0,0
Comal Springs,6,1983-07-01,1983-12-01,211.17491039426523,0,0
Comal Springs,6,1983-08-01,1984-01-01,211.85770609318996,0,0
Comal Springs,6,1983-09-01,1984-02-01,213.44483994561858,0,0
Comal Springs,6,1983-10-01,1984-03-01,215.15164998146088,0,0
Comal Springs,6,1983-11-01,1984-04-01,204.7668829563713,0,0
Comal Springs,6,1983-12-01,1984-05-01,184.33677542948956,0,0
Comal Springs,6,1984-01-01,1984-06-01,159.66813743665801,0,0
Comal Springs,6,1984-02-01,1984-07-01,127.85630947966877,0,0
Comal Springs,6,1984-03-01,1984-08-01,97.49498207885306,0,0
Comal Springs,6,1984-04-01,1984-09-01,70.95483870967742,0,0
Comal Springs,6,1984-05-01,1984-10-01,64.59767025089606,0,0
Comal Springs,6,1984-06-01,1984-11-01,73.38333333333334,0,0
Comal Springs,6,1984-07-01,1984-12-01,88.21326164874552,0,0
Comal Springs,6,1984-08-01,1985-01-01,117.13799283154123,0,0
Comal Springs,6,1984-09-01,1985-02-01,148.39279313876088,0,0
Comal Springs,6,1984-10-01,1985-03-01,182.09960317460317,0,0
Comal Springs,6,1984-11-01,1985-04-01,207.5734383000512,0,0
Comal Springs,6,1984-12-01,1985-05-01,222.32540962621607,0,0
Comal Springs,6,1985-01-01,1985-06-01,234.77325908858168,0,0
Comal Springs,6,1985-02-01,1985-07-01,245.16573220686124,0,0
Comal Springs,6,1985-03-01,1985-08-01,245.265770609319,0,0
Comal Springs,6,1985-04-01,1985-09-01,240.6256272401434,0,0
Comal Springs,6,1985-05-01,1985-10-01,240.8668458781362,0,0
Comal Springs,6,1985-06-01,1985-11-01,250.49820788530465,0,0
Comal Springs,6,1985-07-01,1985-12-01,264.786917562724,0,0
Comal Springs,6,1985-08-01,1986-01-01,273.6847670250896,0,0
Comal Springs,6,1985-09-01,1986-02-01,289.20972862263187,0,0
Comal Springs,6,1985-10-01,1986-03-01,302.6348182283666,0,0
Comal Springs,6,1985-11-01,1986-04-01,303.4602662570405,0,0
Comal Springs,6,1985-12-01,1986-05-01,294.61385048643115,0,0
Comal Springs,6,1986-01-01,1986-06-01,291.98069636456734,0,0
Comal Springs,6,1986-02-01,1986-07-01,287.10435227854583,0,0
Comal Springs,6,1986-03-01,1986-08-01,274.01487455197133,0,0
Comal Springs,6,1986-04-01,1986-09-01,267.4508960573477,0,0
Comal Springs,6,1986-05-01,1986-10-01,269.0501792114695,0,0
Comal Springs,6,1986-06-01,1986-11-01,279.6910394265233,0,0
Comal Springs,6,1986-07-01,1986-12-01,283.039247311828,0,0
Comal Springs,6,1986-08-01,1987-01-01,293.3833333333333,0,0
Comal Springs,6,1986-09-01,1987-02-01,312.0442396313364,0,0
Comal Springs,6,1986-10-01,1987-03-01,330.75337941628266,0,0
Comal Springs,6,1986-11-01,1987-04-01,342.5485407066052,0,0
Comal Springs,6,1986-12-01,1987-05-01,346.32703533026114,0,0
Comal Springs,6,1987-01-01,1987-06-01,357.82882744495646,0,0
Comal Springs,6,1987-02-01,1987-07-01,362.57613927291345,0,0
Comal Springs,6,1987-03-01,1987-08-01,363.80770609318995,0,0
Comal Springs,6,1987-04-01,1987-09-01,360.9596774193548,0,0
Comal Springs,6,1987-05-01,1987-10-01,362.56774193548387,0,0
Comal Springs,6,1987-06-01,1987-11-01,367.9170250896057,0,0
Comal Springs,6,1987-07-01,1987-12-01,363.02813620071686,0,0
Comal Springs,6,1987-08-01,1988-01-01,359.8292114695341,0,0
Comal Springs,6,1987-09-01,1988-02-01,358.57670868866643,0,0
Comal Springs,6,1987-10-01,1988-03-01,355.99462983561983,0,0
Comal Springs,6,1987-11-01,1988-04-01,350.5143430972686,0,0
Comal Springs,6,1987-12-01,1988-05-01,338.42312445927575,0,0
Comal Springs,6,1988-01-01,1988-06-01,318.8897911259424,0,0
Comal Springs,6,1988-02-01,1988-07-01,297.5241997280929,0,0
Comal Springs,6,1988-03-01,1988-08-01,278.89498207885305,0,0
Comal Springs,6,1988-04-01,1988-09-01,259.4937275985663,0,0
Comal Springs,6,1988-05-01,1988-10-01,243.91487455197134,0,0
Comal Springs,6,1988-06-01,1988-11-01,234.6005376344086,0,0
Comal Springs,6,1988-07-01,1988-12-01,232.6231182795699,0,0
Comal Springs,6,1988-08-01,1989-01-01,234.5478494623656,0,0
Comal Springs,6,1988-09-01,1989-02-01,237.53728878648235,0,0
Comal Springs,6,1988-10-01,1989-03-01,242.18047875064005,0,0
Comal Springs,6,1988-11-01,1989-04-01,243.30377624167946,0,0
Comal Springs,6,1988-12-01,1989-05-01,236.30628520225295,0,0
Comal Springs,6,1989-01-01,1989-06-01,215.5559267793139,0,0
Comal Springs,6,1989-02-01,1989-07-01,189.15270097286225,0,0
Comal Springs,6,1989-03-01,1989-08-01,159.1041218637993,0,0
Comal Springs,6,1989-04-01,1989-09-01,130.9442652329749,0,0
Comal Springs,6,1989-05-01,1989-10-01,108.06290322580645,0,0
Comal Springs,6,1989-06-01,1989-11-01,100.0437275985663,0,0
Comal Springs,6,1989-07-01,1989-12-01,108.28333333333333,0,0
Comal Springs,6,1989-08-01,1990-01-01,122.46075268817205,0,0
Comal Springs,6,1989-09-01,1990-02-01,138.62242703533025,0,0
Comal Springs,6,1989-10-01,1990-03-01,158.1693804403482,0,0
Comal Springs,6,1989-11-01,1990-04-01,177.4562980030722,0,0
Comal Springs,6,1989-12-01,1990-05-01,189.95396825396824,0,0
Comal Springs,6,1990-01-01,1990-06-01,179.57547363031233,0,0
Comal Springs,6,1990-02-01,1990-07-01,168.58084997439835,0,0
Comal Springs,6,1990-03-01,1990-08-01,166.9836917562724,0,0
Comal Springs,6,1990-04-01,1990-09-01,162.37562724014336,0,0
Comal Springs,6,1990-05-01,1990-10-01,157.002688172043,0,0
Comal Springs,6,1990-06-01,1990-11-01,154.63279569892472,0,0
Comal Springs,6,1990-07-01,1990-12-01,172.1725806451613,0,0
Comal Springs,6,1990-08-01,1991-01-01,191.48978494623657,0,0
Comal Springs,6,1990-09-01,1991-02-01,205.62265745007682,0,0
Comal Springs,6,1990-10-01,1991-03-01,217.5909370199693,0,0
Comal Springs,6,1990-11-01,1991-04-01,230.28609831029186,0,0
Comal Springs,6,1990-12-01,1991-05-01,244.0484639016897,0,0
Comal Springs,6,1991-01-01,1991-06-01,249.38645673323094,0,0
Comal Springs,6,1991-02-01,1991-07-01,251.58538146441373,0,0
Comal Springs,6,1991-03-01,1991-08-01,242.26433691756273,0,0
Comal Springs,6,1991-04-01,1991-09-01,236.3905017921147,0,0
Comal Springs,6,1991-05-01,1991-10-01,227.84587813620072,0,0
Comal Springs,6,1991-06-01,1991-11-01,215.38906810035843,0,0
Comal Springs,6,1991-07-01,1991-12-01,220.61021505376345,0,0
Comal Springs,6,1991-08-01,1992-01-01,242.57258064516128,0,0
Comal Springs,6,1991-09-01,1992-02-01,284.9190767519466,0,0
Comal Springs,6,1991-10-01,1992-03-01,330.28215918922257,0,0
Comal Springs,6,1991-11-01,1992-04-01,374.90456062291435,0,0
Comal Springs,6,1991-12-01,1992-05-01,415.5011556049932,0,0
Comal Springs,6,1992-01-01,1992-06-01,450.3411197626993,0,0
Comal Springs,6,1992-02-01,1992-07-01,466.36262513904336,0,0
Comal Springs,6,1992-03-01,1992-08-01,469.494623655914,0,0
Comal Springs,6,1992-04-01,1992-09-01,461.2482078853047,0,0
Comal Springs,6,1992-05-01,1992-10-01,450.43225806451613,0,0
Comal Springs,6,1992-06-01,1992-11-01,443.30232974910393,0,0
Comal Springs,6,1992-07-01,1992-12-01,433.258064516129,0,0
Comal Springs,6,1992-08-01,1993-01-01,425.44086021505376,0,0
Comal Springs,6,1992-09-01,1993-02-01,417.37864823348696,0,0
Comal Springs,6,1992-10-01,1993-03-01,414.9691500256016,0,0
Comal Springs,6,1992-11-01,1993-04-01,414.20176651305684,0,0
Comal Springs,6,1992-12-01,1993-05-01,414.4284690220174,0,0
Comal Springs,6,1993-01-01,1993-06-01,413.2282898105479,0,0
Comal Springs,6,1993-02-01,1993-07-01,410.0293650793651,0,0
Comal Springs,6,1993-03-01,1993-08-01,400.3388888888889,0,0
Comal Springs,6,1993-04-01,1993-09-01,388.21505376344084,0,0
Comal Springs,6,1993-05-01,1993-10-01,377.6706093189964,0,0
Comal Springs,6,1993-06-01,1993-11-01,367.2939068100358,0,0
Comal Springs,6,1993-07-01,1993-12-01,357.4456989247312,0,0
Comal Springs,6,1993-08-01,1994-01-01,349.5854838709677,0,0
Comal Springs,6,1993-09-01,1994-02-01,347.82953149001537,0,0
Comal Springs,6,1993-10-01,1994-03-01,347.7866999487967,0,0
Comal Springs,6,1993-11-01,1994-04-01,346.0422555043523,0,0
Comal Springs,6,1993-12-01,1994-05-01,344.5910010240656,0,0
Comal Springs,6,1994-01-01,1994-06-01,338.36698668714797,0,0
Comal Springs,6,1994-02-01,1994-07-01,325.5013952892985,0,0
Comal Springs,6,1994-03-01,1994-08-01,310.19820788530467,0,0
Comal Springs,6,1994-04-01,1994-09-01,298.7132616487455,0,0
Comal Springs,6,1994-05-01,1994-10-01,292.98458781362007,0,0
Comal Springs,6,1994-06-01,1994-11-01,287.1247311827957,0,0
Comal Springs,6,1994-07-01,1994-12-01,286.9078853046595,0,0
Comal Springs,6,1994-08-01,1995-01-01,295.10143369175626,0,0
Comal Springs,6,1994-09-01,1995-02-01,303.79747823860725,0,0
Comal Springs,6,1994-10-01,1995-03-01,309.6587685611879,0,0
Comal Springs,6,1994-11-01,1995-04-01,311.0596646185356,0,0
Comal Springs,6,1994-12-01,1995-05-01,305.4033922171019,0,0
Comal Springs,6,1995-01-01,1995-06-01,300.24801587301585,0,0
Comal Springs,6,1995-02-01,1995-07-01,292.74801587301585,0,0
Comal Springs,6,1995-03-01,1995-08-01,281.89068100358423,0,0
Comal Springs,6,1995-04-01,1995-09-01,270.22939068100357,0,0
Comal Springs,6,1995-05-01,1995-10-01,260.47903225806454,0,0
Comal Springs,6,1995-06-01,1995-11-01,257.863082437276,0,0
Comal Springs,6,1995-07-01,1995-12-01,254.86254480286738,0,0
Comal Springs,6,1995-08-01,1996-01-01,252.42168458781362,0,0
Comal Springs,6,1995-09-01,1996-02-01,251.6478618217773,0,0
Comal Springs,6,1995-10-01,1996-03-01,249.4758188110246,0,0
Comal Springs,6,1995-11-01,1996-04-01,243.07617723396368,0,0
Comal Springs,6,1995-12-01,1996-05-01,227.5200840439995,0,0
Comal Springs,6,1996-01-01,1996-06-01,201.64839945618587,0,0
Comal Springs,6,1996-02-01,1996-07-01,172.86345321962673,0,0
Comal Springs,6,1996-03-01,1996-08-01,149.48136200716846,0,0
Comal Springs,6,1996-04-01,1996-09-01,137.32007168458782,0,0
Comal Springs,6,1996-05-01,1996-10-01,130.1820788530466,0,0
Comal Springs,6,1996-06-01,1996-11-01,130.8826164874552,0,0
Comal Springs,6,1996-07-01,1996-12-01,144.0983870967742,0,0
Comal Springs,6,1996-08-01,1997-01-01,161.44784946236558,0,0
Comal Springs,6,1996-09-01,1997-02-01,179.09800307219663,0,0
Comal Springs,6,1996-10-01,1997-03-01,191.3668202764977,0,0
Comal Springs,6,1996-11-01,1997-04-01,205.81592421915002,0,0
Comal Springs,6,1996-12-01,1997-05-01,220.49173067076293,0,0
Comal Springs,6,1997-01-01,1997-06-01,236.05373783922172,0,0
Comal Springs,6,1997-02-01,1997-07-01,254.13975934459808,0,0
Comal Springs,6,1997-03-01,1997-08-01,267.3874551971326,0,0
Comal Springs,6,1997-04-01,1997-09-01,274.9741935483871,0,0
Comal Springs,6,1997-05-01,1997-10-01,279.0519713261649,0,0
Comal Springs,6,1997-06-01,1997-11-01,283.39283154121864,0,0
Comal Springs,6,1997-07-01,1997-12-01,285.27706093189965,0,0
Comal Springs,6,1997-08-01,1998-01-01,286.05125448028673,0,0
Comal Springs,6,1997-09-01,1998-02-01,292.6011776753712,0,0
Comal Springs,6,1997-10-01,1998-03-01,303.1757296466974,0,0
Comal Springs,6,1997-11-01,1998-04-01,311.10906298003073,0,0
Comal Springs,6,1997-12-01,1998-05-01,308.7251920122888,0,0
Comal Springs,6,1998-01-01,1998-06-01,295.0576292882745,0,0
Comal Springs,6,1998-02-01,1998-07-01,276.1490271377368,0,0
Comal Springs,6,1998-03-01,1998-08-01,257.0937275985663,0,0
Comal Springs,6,1998-04-01,1998-09-01,244.6025089605735,0,0
Comal Springs,6,1998-05-01,1998-10-01,243.67455197132617,0,0
Comal Springs,6,1998-06-01,1998-11-01,270.3806451612903,0,0
Comal Springs,6,1998-07-01,1998-12-01,305.5051971326165,0,0
Comal Springs,6,1998-08-01,1999-01-01,342.1127240143369,0,0
Comal Springs,6,1998-09-01,1999-02-01,373.9299283154122,0,0
Comal Springs,6,1998-10-01,1999-03-01,395.2867383512545,0,0
Comal Springs,6,1998-11-01,1999-04-01,404.4758064516129,0,0
Comal Springs,6,1998-12-01,1999-05-01,392.8826164874552,0,0
Comal Springs,6,1999-01-01,1999-06-01,377.60250896057346,0,0
Comal Springs,6,1999-02-01,1999-07-01,366.47885304659496,0,0
Comal Springs,6,1999-03-01,1999-08-01,352.89820788530466,0,0
Comal Springs,6,1999-04-01,1999-09-01,338.14139784946235,0,0
Comal Springs,6,1999-05-01,1999-10-01,323.4254480286738,0,0
Comal Springs,6,1999-06-01,1999-11-01,313.09086021505374,0,0
Comal Springs,6,1999-07-01,1999-12-01,307.52150537634407,0,0
Comal Springs,6,1999-08-01,2000-01-01,299.9301075268817,0,0
Comal Springs,6,1999-09-01,2000-02-01,297.75213199851686,0,0
Comal Springs,6,1999-10-01,2000-03-01,296.91216784081075,0,0
Comal Springs,6,1999-11-01,2000-04-01,295.79478432826596,0,0
Comal Springs,6,1999-12-01,2000-05-01,287.871307625757,0,0
Comal Springs,6,2000-01-01,2000-06-01,280.5295513533556,0,0
Comal Springs,6,2000-02-01,2000-07-01,266.75535780496847,0,0
Comal Springs,6,2000-03-01,2000-08-01,245.56774193548387,0,0
Comal Springs,6,2000-04-01,2000-09-01,224.39659498207885,0,0
Comal Springs,6,2000-05-01,2000-10-01,214.29354838709676,0,0
Comal Springs,6,2000-06-01,2000-11-01,226.62813620071685,0,0
Comal Springs,6,2000-07-01,2000-12-01,242.24408602150538,0,0
Comal Springs,6,2000-08-01,2001-01-01,264.6258064516129,0,0
Comal Springs,6,2000-09-01,2001-02-01,294.6315668202765,0,0
Comal Springs,6,2000-10-01,2001-03-01,326.4962621607783,0,0
Comal Springs,6,2000-11-01,2001-04-01,349.065975422427,0,0
Comal Springs,6,2000-12-01,2001-05-01,355.50020481310804,0,0
Comal Springs,6,2001-01-01,2001-06-01,351.7286994367639,0,0
Comal Springs,6,2001-02-01,2001-07-01,342.54590373783924,0,0
Comal Springs,6,2001-03-01,2001-08-01,325.7551971326165,0,0
Comal Springs,6,2001-04-01,2001-09-01,320.5849462365591,0,0
Comal Springs,6,2001-05-01,2001-10-01,318.3915770609319,0,0
Comal Springs,6,2001-06-01,2001-11-01,318.1795698924731,0,0
Comal Springs,6,2001-07-01,2001-12-01,331.64462365591396,0,0
Comal Springs,6,2001-08-01,2002-01-01,346.9510752688172,0,0
Comal Springs,6,2001-09-01,2002-02-01,368.4263056835638,0,0
Comal Springs,6,2001-10-01,2002-03-01,376.03741679467487,0,0
Comal Springs,6,2001-11-01,2002-04-01,378.99189708141324,0,0
Comal Springs,6,2001-12-01,2002-05-01,372.7630440348182,0,0
Comal Springs,6,2002-01-01,2002-06-01,351.5479902713774,0,0
Comal Springs,6,2002-02-01,2002-07-01,350.87057091653867,0,0
Comal Springs,6,2002-03-01,2002-08-01,350.10501792114695,0,0
Comal Springs,6,2002-04-01,2002-09-01,352.4605734767025,0,0
Comal Springs,6,2002-05-01,2002-10-01,359.05985663082436,0,0
Comal Springs,6,2002-06-01,2002-11-01,378.655376344086,0,0
Comal Springs,6,2002-07-01,2002-12-01,407.3220430107527,0,0
Comal Springs,6,2002-08-01,2003-01-01,417.52096774193546,0,0
Comal Springs,6,2002-09-01,2003-02-01,426.9829493087558,0,0
Comal Springs,6,2002-10-01,2003-03-01,433.48760880696364,0,0
Comal Springs,6,2002-11-01,2003-04-01,435.360547875064,0,0
Comal Springs,6,2002-12-01,2003-05-01,425.13599590373786,0,0
Comal Springs,6,2003-01-01,2003-06-01,411.6137736815156,0,0
Comal Springs,6,2003-02-01,2003-07-01,399.6083973374296,0,0
Comal Springs,6,2003-03-01,2003-08-01,386.94749103942655,0,0
Comal Springs,6,2003-04-01,2003-09-01,378.61505376344087,0,0
Comal Springs,6,2003-05-01,2003-10-01,373.7421146953405,0,0
Comal Springs,6,2003-06-01,2003-11-01,371.0722222222222,0,0
Comal Springs,6,2003-07-01,2003-12-01,369.92240143369173,0,0
Comal Springs,6,2003-08-01,2004-01-01,366.1589605734767,0,0
Comal Springs,6,2003-09-01,2004-02-01,365.35640217525645,0,0
Comal Springs,6,2003-10-01,2004-03-01,362.1081942899518,0,0
Comal Springs,6,2003-11-01,2004-04-01,359.62002224694106,0,0
Comal Springs,6,2003-12-01,2004-05-01,357.1608824619948,0,0
Comal Springs,6,2004-01-01,2004-06-01,360.5218143616364,0,0
Comal Springs,6,2004-02-01,2004-07-01,365.55944877023853,0,0
Comal Springs,6,2004-03-01,2004-08-01,368.5770609318996,0,0
Comal Springs,6,2004-04-01,2004-09-01,369.38082437275983,0,0
Comal Springs,6,2004-05-01,2004-10-01,373.80448028673834,0,0
Comal Springs,6,2004-06-01,2004-11-01,391.2969534050179,0,0
Comal Springs,6,2004-07-01,2004-12-01,403.8231182795699,0,0
Comal Springs,6,2004-08-01,2005-01-01,413.3822580645161,0,0
Comal Springs,6,2004-09-01,2005-02-01,425.61977726574503,0,0
Comal Springs,6,2004-10-01,2005-03-01,442.5095622119816,0,0
Comal Springs,6,2004-11-01,2005-04-01,451.6970174091142,0,0
Comal Springs,6,2004-12-01,2005-05-01,446.795942140297,0,0
Comal Springs,6,2005-01-01,2005-06-01,436.9475550435228,0,0
Comal Springs,6,2005-02-01,2005-07-01,424.2701356886841,0,0
Comal Springs,6,2005-03-01,2005-08-01,409.7853046594982,0,0
Comal Springs,6,2005-04-01,2005-09-01,393.2621863799283,0,0
Comal Springs,6,2005-05-01,2005-10-01,379.56397849462365,0,0
Comal Springs,6,2005-06-01,2005-11-01,368.1983870967742,0,0
Comal Springs,6,2005-07-01,2005-12-01,359.444623655914,0,0
Comal Springs,6,2005-08-01,2006-01-01,353.73494623655915,0,0
Comal Springs,6,2005-09-01,2006-02-01,346.39834869431644,0,0
Comal Springs,6,2005-10-01,2006-03-01,336.56662826420893,0,0
Comal Springs,6,2005-11-01,2006-04-01,326.69261392729135,0,0
Comal Springs,6,2005-12-01,2006-05-01,315.64960317460316,0,0
Comal Springs,6,2006-01-01,2006-06-01,299.9255888376856,0,0
Comal Springs,6,2006-02-01,2006-07-01,285.23741679467486,0,0
Comal Springs,6,2006-03-01,2006-08-01,267.85358422939066,0,0
Comal Springs,6,2006-04-01,2006-09-01,256.0464157706093,0,0
Comal Springs,6,2006-05-01,2006-10-01,246.73763440860216,0,0
Comal Springs,6,2006-06-01,2006-11-01,241.19731182795698,0,0
Comal Springs,6,2006-07-01,2006-12-01,242.74928315412185,0,0
Comal Springs,6,2006-08-01,2007-01-01,249.09874551971325,0,0
Comal Springs,6,2006-09-01,2007-02-01,260.3635304659498,0,0
Comal Springs,6,2006-10-01,2007-03-01,267.8051075268817,0,0
Comal Springs,6,2006-11-01,2007-04-01,278.8361111111111,0,0
Comal Springs,6,2006-12-01,2007-05-01,289.65062724014336,0,0
Comal Springs,6,2007-01-01,2007-06-01,296.8597670250896,0,0
Comal Springs,6,2007-02-01,2007-07-01,318.5371863799283,0,0
Comal Springs,6,2007-03-01,2007-08-01,346.92831541218635,0,0
Comal Springs,6,2007-04-01,2007-09-01,374.90340501792116,0,0
Comal Springs,6,2007-05-01,2007-10-01,393.4530465949821,0,0
Comal Springs,6,2007-06-01,2007-11-01,409.34964157706094,0,0
Comal Springs,6,2007-07-01,2007-12-01,427.463082437276,0,0
Comal Springs,6,2007-08-01,2008-01-01,426.3770609318996,0,0
Comal Springs,6,2007-09-01,2008-02-01,416.5103571869979,0,0
Comal Springs,6,2007-10-01,2008-03-01,404.6266654307255,0,0
Comal Springs,6,2007-11-01,2008-04-01,393.671468298109,0,0
Comal Springs,6,2007-12-01,2008-05-01,380.59745396119143,0,0
Comal Springs,6,2008-01-01,2008-06-01,358.7451242120875,0,0
Comal Springs,6,2008-02-01,2008-07-01,337.4978123841305,0,0
Comal Springs,6,2008-03-01,2008-08-01,321.5043010752688,0,0
Comal Springs,6,2008-04-01,2008-09-01,309.30465949820785,0,0
Comal Springs,6,2008-05-01,2008-10-01,297.35125448028674,0,0
Comal Springs,6,2008-06-01,2008-11-01,288.38082437275983,0,0
Comal Springs,6,2008-07-01,2008-12-01,289.2385304659498,0,0
Comal Springs,6,2008-08-01,2009-01-01,291.6256272401434,0,0
Comal Springs,6,2008-09-01,2009-02-01,289.04114183307735,0,0
Comal Springs,6,2008-10-01,2009-03-01,284.09024577572967,0,0
Comal Springs,6,2008-11-01,2009-04-01,279.7603174603175,0,0
Comal Springs,6,2008-12-01,2009-05-01,270.70386584741425,0,0
Comal Springs,6,2009-01-01,2009-06-01,255.77949308755763,0,0
Comal Springs,6,2009-02-01,2009-07-01,234.83863287250384,0,0
Comal Springs,6,2009-03-01,2009-08-01,216.0037634408602,0,0
Comal Springs,6,2009-04-01,2009-09-01,203.48799283154122,0,0
Comal Springs,6,2009-05-01,2009-10-01,204.12974910394266,0,0
Comal Springs,6,2009-06-01,2009-11-01,214.86397849462367,0,0
Comal Springs,6,2009-07-01,2009-12-01,233.6646953405018,0,0
Comal Springs,6,2009-08-01,2010-01-01,260.2991039426523,0,0
Comal Springs,6,2009-09-01,2010-02-01,292.1934971838198,0,0
Comal Springs,6,2009-10-01,2010-03-01,320.7522785458269,0,0
Comal Springs,6,2009-11-01,2010-04-01,334.46607782898104,0,0
Comal Springs,6,2009-12-01,2010-05-01,343.2479774705581,0,0
Comal Springs,6,2010-01-01,2010-06-01,353.69726062468,0,0
Comal Springs,6,2010-02-01,2010-07-01,356.5682283666155,0,0
Comal Springs,6,2010-03-01,2010-08-01,350.02329749103944,0,0
Comal Springs,6,2010-04-01,2010-09-01,345.60340501792115,0,0
Comal Springs,6,2010-05-01,2010-10-01,344.136917562724,0,0
Comal Springs,6,2010-06-01,2010-11-01,341.21612903225804,0,0
Comal Springs,6,2010-07-01,2010-12-01,332.6754480286738,0,0
Comal Springs,6,2010-08-01,2011-01-01,328.218458781362,0,0
Comal Springs,6,2010-09-01,2011-02-01,327.7812467997952,0,0
Comal Springs,6,2010-10-01,2011-03-01,320.42156938044036,0,0
Comal Springs,6,2010-11-01,2011-04-01,308.1602790578597,0,0
Comal Springs,6,2010-12-01,2011-05-01,291.6455837173579,0,0
Comal Springs,6,2011-01-01,2011-06-01,268.1807091653866,0,0
Comal Springs,6,2011-02-01,2011-07-01,244.69683819764464,0,0
Comal Springs,6,2011-03-01,2011-08-01,220.1394265232975,0,0
Comal Springs,6,2011-04-01,2011-09-01,198.79910394265232,0,0
Comal Springs,6,2011-05-01,2011-10-01,186.28620071684588,0,0
Comal Springs,6,2011-06-01,2011-11-01,180.50645161290322,0,0
Comal Springs,6,2011-07-01,2011-12-01,185.71326164874552,0,0
Comal Springs,6,2011-08-01,2012-01-01,193.9605734767025,0,0
Comal Springs,6,2011-09-01,2012-02-01,208.54733654678037,0,0
Comal Springs,6,2011-10-01,2012-03-01,225.32314299839328,0,0
Comal Springs,6,2011-11-01,2012-04-01,236.82493511308863,0,0
Comal Springs,6,2011-12-01,2012-05-01,242.9165121740205,0,0
Comal Springs,6,2012-01-01,2012-06-01,243.1652576937338,0,0
Comal Springs,6,2012-02-01,2012-07-01,238.50934371523917,0,0
Comal Springs,6,2012-03-01,2012-08-01,224.61612903225807,0,0
Comal Springs,6,2012-04-01,2012-09-01,207.94587813620072,0,0
Comal Springs,6,2012-05-01,2012-10-01,199.23978494623657,0,0
Comal Springs,6,2012-06-01,2012-11-01,193.731541218638,0,0
Comal Springs,6,2012-07-01,2012-12-01,192.40752688172043,0,0
Comal Springs,6,2012-08-01,2013-01-01,196.3752688172043,0,0
Comal Springs,6,2012-09-01,2013-02-01,203.9831797235023,0,0
Comal Springs,6,2012-10-01,2013-03-01,209.8899897593446,0,0
Comal Springs,6,2012-11-01,2013-04-01,207.7294162826421,0,0
Comal Springs,6,2012-12-01,2013-05-01,206.7699180747568,0,0
Comal Springs,6,2013-01-01,2013-06-01,205.8494879672299,0,0
Comal Springs,6,2013-02-01,2013-07-01,196.90862775217613,0,0
Comal Springs,6,2013-03-01,2013-08-01,181.3383512544803,0,0
Comal Springs,6,2013-04-01,2013-09-01,167.28709677419354,0,0
Comal Springs,6,2013-05-01,2013-10-01,158.8831541218638,0,0
Comal Springs,6,2013-06-01,2013-11-01,154.40931899641578,0,0
Comal Springs,6,2013-07-01,2013-12-01,147.60931899641577,0,0
Comal Springs,6,2013-08-01,2014-01-01,147.99641577060933,0,0
Comal Springs,6,2013-09-01,2014-02-01,155.13812083973374,0,0
Comal Springs,6,2013-10-01,2014-03-01,160.95281618023554,0,0
Comal Springs,6,2013-11-01,2014-04-01,160.9289810547875,0,0
Comal Springs,6,2013-12-01,2014-05-01,154.17700972862264,0,0
Comal Springs,6,2014-01-01,2014-06-01,150.91034306195596,0,0
Comal Springs,6,2014-02-01,2014-07-01,142.46410650281618,0,0
Comal Springs,6,2014-03-01,2014-08-01,128.21487455197132,0,0
Comal Springs,6,2014-04-01,2014-09-01,114.81129032258065,0,0
Comal Springs,6,2014-05-01,2014-10-01,105.51254480286738,0,0
Comal Springs,6,2014-06-01,2014-11-01,105.17007168458781,0,0
Comal Springs,6,2014-07-01,2014-12-01,104.1141577060932,0,0
Comal Springs,6,2014-08-01,2015-01-01,108.65716845878137,0,0
Comal Springs,6,2014-09-01,2015-02-01,125.79330517153099,0,0
Comal Springs,6,2014-10-01,2015-03-01,145.88506144393241,0,0
Comal Springs,6,2014-11-01,2015-04-01,164.19491807475677,0,0
Comal Springs,6,2014-12-01,2015-05-01,184.55889656938044,0,0
Comal Springs,6,2015-01-01,2015-06-01,215.98703277009727,0,0
Comal Springs,6,2015-02-01,2015-07-01,247.4386456733231,0,0
Comal Springs,6,2015-03-01,2015-08-01,261.15197132616487,0,0
Comal Springs,6,2015-04-01,2015-09-01,264.7046594982079,0,0
Comal Springs,6,2015-05-01,2015-10-01,266.5023297491039,0,0
Comal Springs,6,2015-06-01,2015-11-01,274.5494623655914,0,0
Comal Springs,6,2015-07-01,2015-12-01,271.9600358422939,0,0
Comal Springs,6,2015-08-01,2016-01-01,269.94390681003586,0,0
Comal Springs,6,2015-09-01,2016-02-01,273.9081263131875,0,0
Comal Springs,6,2015-10-01,2016-03-01,287.4092015820047,0,0
Comal Springs,6,2015-11-01,2016-04-01,303.0281979977753,0,0
Comal Springs,6,2015-12-01,2016-05-01,309.42730194042764,0,0
Comal Springs,6,2016-01-01,2016-06-01,321.9222840192807,0,0
Comal Springs,6,2016-02-01,2016-07-01,325.43841305153876,0,0
Comal Springs,6,2016-03-01,2016-08-01,336.31290322580645,0,0
Comal Springs,6,2016-04-01,2016-09-01,349.38960573476703,0,0
Comal Springs,6,2016-05-01,2016-10-01,360.31362007168457,0,0
Comal Springs,6,2016-06-01,2016-11-01,366.5311827956989,0,0
Comal Springs,6,2016-07-01,2016-12-01,368.35878136200716,0,0
Comal Springs,6,2016-08-01,2017-01-01,376.47706093189964,0,0
Comal Springs,6,2016-09-01,2017-02-01,386.00835893497185,0,0
Comal Springs,6,2016-10-01,2017-03-01,392.6897209421403,0,0
Comal Springs,6,2016-11-01,2017-04-01,399.73792882744493,0,0
Comal Springs,6,2016-12-01,2017-05-01,401.29455965181774,0,0
Comal Springs,6,2017-01-01,2017-06-01,393.54473886328725,0,0
Comal Springs,6,2017-02-01,2017-07-01,376.6415130568356,0,0
Comal Springs,6,2017-03-01,2017-08-01,352.4166666666667,0,0
Comal Springs,6,2017-04-01,2017-09-01,330.5853046594982,0,0
Comal Springs,6,2017-05-01,2017-10-01,310.7897849462366,0,0
Comal Springs,6,2017-06-01,2017-11-01,296.57759856630827,0,0
Comal Springs,6,2017-07-01,2017-12-01,286.8435483870968,0,0
Comal Springs,6,2017-08-01,2018-01-01,288.98333333333335,0,0
Comal Springs,6,2017-09-01,2018-02-01,293.31532258064516,0,0
Comal Springs,6,2017-10-01,2018-03-01,294.3671146953405,0,0
Comal Springs,6,2017-11-01,2018-04-01,294.68485663082436,0,0
Comal Springs,6,2017-12-01,2018-05-01,290.30564516129033,0,0
Comal Springs,6,2018-01-01,2018-06-01,277.72302867383513,0,0
Comal Springs,6,2018-02-01,2018-07-01,263.27141577060934,0,0
Comal Springs,6,2018-03-01,2018-08-01,244.4663082437276,0,0
Comal Springs,6,2018-04-01,2018-09-01,237.48118279569894,0,0
Comal Springs,6,2018-05-01,2018-10-01,245.2225806451613,0,0
Comal Springs,6,2018-06-01,2018-11-01,260.9295698924731,0,0
Comal Springs,6,2018-07-01,2018-12-01,288.0121863799283,0,0
Comal Springs,6,2018-08-01,2019-01-01,315.7971326164875,0,0
Comal Springs,6,2018-09-01,2019-02-01,348.77485919098825,0,0
Comal Springs,6,2018-10-01,2019-03-01,370.4481566820277,0,0
Comal Springs,6,2018-11-01,2019-04-01,373.89564772145417,0,0
Comal Springs,6,2018-12-01,2019-05-01,376.44134664618537,0,0
Comal Springs,6,2019-01-01,2019-06-01,375.72539682539684,0,0
Comal Springs,6,2019-02-01,2019-07-01,369.68238607270865,0,0
Comal Springs,6,2019-03-01,2019-08-01,356.0541218637993,0,0
Comal Springs,6,2019-04-01,2019-09-01,343.2363799283154,0,0
Comal Springs,6,2019-05-01,2019-10-01,332.3910394265233,0,0
Comal Springs,6,2019-06-01,2019-11-01,323.5731182795699,0,0
Comal Springs,6,2019-07-01,2019-12-01,313.81057347670253,0,0
Comal Springs,6,2019-08-01,2020-01-01,308.77293906810036,0,0
Comal Springs,6,2019-09-01,2020-02-01,312.8420899765171,0,0
Comal Springs,6,2019-10-01,2020-03-01,313.18671363243106,0,0
Comal Springs,6,2019-11-01,2020-04-01,315.4320541342232,0,0
Comal Springs,6,2019-12-01,2020-05-01,309.48115807687554,0,0
Comal Springs,6,2020-01-01,2020-06-01,303.40481399085405,0,0
Comal Springs,6,2020-02-01,2020-07-01,293.6736311951551,0,0
Comal Springs,6,2020-03-01,2020-08-01,280.513082437276,0,0
Comal Springs,6,2020-04-01,2020-09-01,273.95179211469537,0,0
Comal Springs,6,2020-05-01,2020-10-01,267.77634408602154,0,0
Comal Springs,6,2020-06-01,2020-11-01,261.255017921147,0,0
Comal Springs,6,2020-07-01,2020-12-01,258.06254480286736,0,0
Comal Springs,6,2020-08-01,2021-01-01,260.13243727598564,0,0
Comal Springs,6,2020-09-01,2021-02-01,262.86400409626214,0,0
Comal Springs,6,2020-10-01,2021-03-01,260.38766001024067,0,0
Comal Springs,6,2020-11-01,2021-04-01,250.80199692780337,0,0
Comal Springs,6,2020-12-01,2021-05-01,254.02762416794673,0,0
Comal Springs,6,2021-01-01,2021-06-01,260.24231950844853,0,0
Comal Springs,6,2021-02-01,2021-07-01,263.5111367127496,0,0
Comal Springs,6,2021-03-01,2021-08-01,268.0860215053763,0,0
Comal Springs,6,2021-04-01,2021-09-01,270.35125448028674,0,0
Comal Springs,6,2021-05-01,2021-10-01,279.26487455197133,0,0
Comal Springs,6,2021-06-01,2021-11-01,282.0781362007168,0,0
Comal Springs,6,2021-07-01,2021-12-01,279.51935483870966,0,0
Comal Springs,6,2021-08-01,2022-01-01,276.63763440860214,0,0
Comal Springs,6,2021-09-01,2022-02-01,275.9972734254992,0,0
Comal Springs,6,2021-10-01,2022-03-01,276.5546210957501,0,0
Comal Springs,6,2021-11-01,2022-04-01,268.8298899129544,0,0
Comal Springs,6,2021-12-01,2022-05-01,252.6349078341014,0,0
Comal Springs,6,2022-01-01,2022-06-01,229.72702252944188,0,0
Comal Springs,6,2022-02-01,2022-07-01,203.3829365079365,0,0
Comal Springs,6,2022-03-01,2022-08-01,173.41039426523298,0,0
Comal Springs,6,2022-04-01,2022-09-01,148.25304659498207,0,0
Comal Springs,6,2022-05-01,2022-10-01,127.30573476702509,0,0
Comal Springs,6,2022-06-01,2022-11-01,115.60071684587814,0,0
Comal Springs,6,2022-07-01,2022-12-01,112.93870967741935,0,0
Comal Springs,6,2022-08-01,2023-01-01,114.62150537634409,0,0
Comal Springs,6,2022-09-01,2023-02-01,118.08214285714286,0,0
Comal Springs,6,2022-10-01,2023-03-01,118.06744751664107,0,0
Comal Springs,6,2022-11-01,2023-04-01,124.26475934459805,0,0
Comal Springs,6,2022-12-01,2023-05-01,132.4966589861751,0,0
Comal Springs,6,2023-01-01,2023-06-01,138.27533282130057,0,0
Comal Springs,6,2023-02-01,2023-07-01,133.01726830517154,0,0
Comal Springs,6,2023-03-01,2023-08-01,122.92222222222222,0,0
Comal Springs,6,2023-04-01,2023-09-01,115.37025089605734,0,0
Comal Springs,6,2023-05-01,2023-10-01,107.87724014336918,0,0
Comal Springs,6,2023-06-01,2023-11-01,99.16200716845879,0,0
Comal Springs,6,2023-07-01,2023-12-01,93.98548387096774,0,0
Comal Springs,6,2023-08-01,2024-01-01,103.8994623655914,0,0
Comal Springs,6,2023-09-01,2024-02-01,123.40891731553577,0,0
Comal Springs,6,2023-10-01,2024-03-01,138.26734025460388,0,0
Comal Springs,6,2023-11-01,2024-04-01,148.43812878506984,0,0
Comal Springs,6,2023-12-01,2024-05-01,150.2770176739587,0,0
Comal Springs,6,2024-01-01,2024-06-01,143.9479854158942,0,0
Comal Springs,6,2024-02-01,2024-07-01,135.10389939438883,0,0
Comal Springs,6,2024-03-01,2024-08-01,121.40089605734767,0,0
Comal Springs,6,2024-04-01,2024-09-01,109.46469534050179,0,0
Comal Springs,6,2024-05-01,2024-10-01,95.13799283154121,0,0
Comal Springs,6,2024-06-01,2024-11-01,85.14354838709677,0,0
Comal Springs,6,2024-07-01,2024-12-01,79.92956989247311,0,0
Comal Springs,6,2024-08-01,2025-01-01,75.1983870967742,0,0
Comal Springs,6,2024-09-01,2025-02-01,73.17150537634409,0,0
Comal Springs,6,2024-10-01,2025-03-01,70.72060931899641,0,0
Comal Springs,6,2024-11-01,2025-04-01,71.24731182795699,0,0
Comal Springs,6,2024-12-01,2025-05-01,70.15035842293906,0,0
Comal Springs,6,2025-01-01,2025-06-01,79.30322580645162,0,0
Comal Springs,6,2025-02-01,2025-07-01,90.8516129032258,0,0
Comal Springs,6,2025-03-01,2025-08-01,91.43225806451613,0,0
Comal Springs,6,2025-04-01,2025-09-01,94.52759856630824,0,0
Comal Springs,6,2025-05-01,2025-10-01,94.36648745519713,0,0
Comal Springs,6,2025-06-01,2025-11-01,95.03010752688172,0,0
Comal Springs,6,2025-07-01,2025-12-01,87.97939068100358,0,0
Comal Springs,6,2025-08-01,2026-01-01,76.72670250896057,0,0
Comal Springs,6,2025-09-01,2026-02-01,73.58653353814644,0,0
Comal Springs,6,2025-10-01,2026-03-01,68.7868919610855,0,0
Comal Springs,6,2025-11-01,2026-04-01,70.65911418330774,0,0
Comal Springs,6,2025-12-01,2026-05-01,84.47398873527905,0,0
Comal Springs,6,2026-01-01,2026-06-01,100.20803891449053,0,0
Comal Springs,6,2026-02-01,2026-07-01,119.579006656426,0,0
Comal Springs,9,1931-05-01,1932-01-01,NA,NA,NA
Comal Springs,9,1931-06-01,1932-02-01,NA,NA,NA
Comal Springs,9,1931-07-01,1932-03-01,NA,NA,NA
Comal Springs,9,1931-08-01,1932-04-01,NA,NA,NA
Comal Springs,9,1931-09-01,1932-05-01,NA,NA,NA
Comal Springs,9,1931-10-01,1932-06-01,NA,NA,NA
Comal Springs,9,1931-11-01,1932-07-01,NA,NA,NA
Comal Springs,9,1931-12-01,1932-08-01,NA,NA,NA
Comal Springs,9,1932-01-01,1932-09-01,320.84219365824856,2,0
Comal Springs,9,1932-02-01,1932-10-01,321.2221219736607,2,0
Comal Springs,9,1932-03-01,1932-11-01,322.018418269957,2,0
Comal Springs,9,1932-04-01,1932-12-01,321.40551504415055,2,0
Comal Springs,9,1932-05-01,1933-01-01,322.1231574177069,1,0
Comal Springs,9,1932-06-01,1933-02-01,321.73849279917135,1,0
Comal Springs,9,1932-07-01,1933-03-01,321.6404043881797,1,0
Comal Springs,9,1932-08-01,1933-04-01,322.40707105484637,1,0
Comal Springs,9,1932-09-01,1933-05-01,319.9913004455274,1,0
Comal Springs,9,1932-10-01,1933-06-01,316.2601382488479,0,0
Comal Springs,9,1932-11-01,1933-07-01,315.48594470046083,0,0
Comal Springs,9,1932-12-01,1933-08-01,314.2667093360642,0,0
Comal Springs,9,1933-01-01,1933-09-01,313.3006400409626,0,0
Comal Springs,9,1933-02-01,1933-10-01,311.1751920122888,0,0
Comal Springs,9,1933-03-01,1933-11-01,311.19450418160096,0,0
Comal Springs,9,1933-04-01,1933-12-01,310.98303464755077,0,0
Comal Springs,9,1933-05-01,1934-01-01,308.5819593787336,0,0
Comal Springs,9,1933-06-01,1934-02-01,306.52973203618365,0,0
Comal Springs,9,1933-07-01,1934-03-01,309.2937702679638,0,0
Comal Springs,9,1933-08-01,1934-04-01,310.82865676736645,0,0
Comal Springs,9,1933-09-01,1934-05-01,313.3017750469363,0,0
Comal Springs,9,1933-10-01,1934-06-01,314.7165898617512,0,0
Comal Springs,9,1933-11-01,1934-07-01,319.37608806963647,0,0
Comal Springs,9,1933-12-01,1934-08-01,322.2647380098993,0,0
Comal Springs,9,1934-01-01,1934-09-01,321.2150366956819,0,0
Comal Springs,9,1934-02-01,1934-10-01,319.6343915343915,0,0
Comal Springs,9,1934-03-01,1934-11-01,317.5407407407407,0,0
Comal Springs,9,1934-04-01,1934-12-01,312.76296296296294,0,0
Comal Springs,9,1934-05-01,1935-01-01,308.9879330943847,0,0
Comal Springs,9,1934-06-01,1935-02-01,305.39807134323263,0,0
Comal Springs,9,1934-07-01,1935-03-01,301.98516811742616,0,0
Comal Springs,9,1934-08-01,1935-04-01,298.19890766342377,0,0
Comal Springs,9,1934-09-01,1935-05-01,296.39604027991123,0,0
Comal Springs,9,1934-10-01,1935-06-01,300.2664106502816,0,0
Comal Springs,9,1934-11-01,1935-07-01,304.3416794674859,0,0
Comal Springs,9,1934-12-01,1935-08-01,310.44813108038915,0,0
Comal Springs,9,1935-01-01,1935-09-01,316.2137224782386,0,0
Comal Springs,9,1935-02-01,1935-10-01,321.2244751664106,0,0
Comal Springs,9,1935-03-01,1935-11-01,327.8715651135006,0,0
Comal Springs,9,1935-04-01,1935-12-01,336.3626045400239,0,0
Comal Springs,9,1935-05-01,1936-01-01,344.72234169653524,0,0
Comal Springs,9,1935-06-01,1936-02-01,351.39926667490624,0,0
Comal Springs,9,1935-07-01,1936-03-01,354.0015366868537,0,0
Comal Springs,9,1935-08-01,1936-04-01,353.19687718864583,0,0
Comal Springs,9,1935-09-01,1936-05-01,353.0463395542372,0,0
Comal Springs,9,1935-10-01,1936-06-01,358.57226548016314,0,0
Comal Springs,9,1935-11-01,1936-07-01,361.31778519342475,0,0
Comal Springs,9,1935-12-01,1936-08-01,361.66199068924317,0,0
Comal Springs,9,1936-01-01,1936-09-01,361.0468174514893,0,0
Comal Springs,9,1936-02-01,1936-10-01,359.9751328636757,0,0
Comal Springs,9,1936-03-01,1936-11-01,359.06427718040624,0,0
Comal Springs,9,1936-04-01,1936-12-01,358.7847072879331,0,0
Comal Springs,9,1936-05-01,1937-01-01,360.4101553166069,0,0
Comal Springs,9,1936-06-01,1937-02-01,361.61138419525514,0,0
Comal Springs,9,1936-07-01,1937-03-01,358.9399385560676,0,0
Comal Springs,9,1936-08-01,1937-04-01,359.9364738009899,0,0
Comal Springs,9,1936-09-01,1937-05-01,360.6963304318143,0,0
Comal Springs,9,1936-10-01,1937-06-01,362.2778119132958,0,0
Comal Springs,9,1936-11-01,1937-07-01,361.6362348523639,0,0
Comal Springs,9,1936-12-01,1937-08-01,359.3898788189111,0,0
Comal Springs,9,1937-01-01,1937-09-01,357.526437958696,0,0
Comal Springs,9,1937-02-01,1937-10-01,354.3149684246458,0,0
Comal Springs,9,1937-03-01,1937-11-01,350.2837514934289,0,0
Comal Springs,9,1937-04-01,1937-12-01,345.84647550776583,0,0
Comal Springs,9,1937-05-01,1938-01-01,340.3338112305854,0,0
Comal Springs,9,1937-06-01,1938-02-01,336.40011947431304,0,0
Comal Springs,9,1937-07-01,1938-03-01,330.9499402628435,0,0
Comal Springs,9,1937-08-01,1938-04-01,329.1664277180406,0,0
Comal Springs,9,1937-09-01,1938-05-01,332.0553166069295,0,0
Comal Springs,9,1937-10-01,1938-06-01,335.19605734767026,0,0
Comal Springs,9,1937-11-01,1938-07-01,338.963082437276,0,0
Comal Springs,9,1937-12-01,1938-08-01,341.95077658303467,0,0
Comal Springs,9,1938-01-01,1938-09-01,345.0706093189964,0,0
Comal Springs,9,1938-02-01,1938-10-01,346.5795698924731,0,0
Comal Springs,9,1938-03-01,1938-11-01,347.52771804062127,0,0
Comal Springs,9,1938-04-01,1938-12-01,347.620908004779,0,0
Comal Springs,9,1938-05-01,1939-01-01,345.3363201911589,0,0
Comal Springs,9,1938-06-01,1939-02-01,341.04087728281274,0,0
Comal Springs,9,1938-07-01,1939-03-01,335.95712578938384,0,0
Comal Springs,9,1938-08-01,1939-04-01,331.7427888718211,0,0
Comal Springs,9,1938-09-01,1939-05-01,327.5599931728964,0,0
Comal Springs,9,1938-10-01,1939-06-01,322.22665983956307,0,0
Comal Springs,9,1938-11-01,1939-07-01,314.20873869260964,0,0
Comal Springs,9,1938-12-01,1939-08-01,308.67098480969446,0,0
Comal Springs,9,1939-01-01,1939-09-01,306.0353814644137,0,0
Comal Springs,9,1939-02-01,1939-10-01,302.0246287762417,0,0
Comal Springs,9,1939-03-01,1939-11-01,296.11087216248507,0,0
Comal Springs,9,1939-04-01,1939-12-01,292.31517323775387,0,0
Comal Springs,9,1939-05-01,1940-01-01,288.9237753882915,0,0
Comal Springs,9,1939-06-01,1940-02-01,287.07072879330946,0,0
Comal Springs,9,1939-07-01,1940-03-01,285.02258064516127,0,0
Comal Springs,9,1939-08-01,1940-04-01,286.01457586618875,0,0
Comal Springs,9,1939-09-01,1940-05-01,283.1794504181601,0,0
Comal Springs,9,1939-10-01,1940-06-01,279.7868578255675,0,0
Comal Springs,9,1939-11-01,1940-07-01,279.47502986857825,0,0
Comal Springs,9,1939-12-01,1940-08-01,279.51935483870966,0,0
Comal Springs,9,1940-01-01,1940-09-01,278.421027479092,0,0
Comal Springs,9,1940-02-01,1940-10-01,276.98016726403824,0,0
Comal Springs,9,1940-03-01,1940-11-01,275.120908004779,0,0
Comal Springs,9,1940-04-01,1940-12-01,275.5080047789725,0,0
Comal Springs,9,1940-05-01,1941-01-01,277.84934289127835,0,0
Comal Springs,9,1940-06-01,1941-02-01,283.06772486772485,0,0
Comal Springs,9,1940-07-01,1941-03-01,288.16043693463047,0,0
Comal Springs,9,1940-08-01,1941-04-01,294.06390168970813,0,0
Comal Springs,9,1940-09-01,1941-05-01,306.5836149513569,0,0
Comal Springs,9,1940-10-01,1941-06-01,317.5206519883939,0,0
Comal Springs,9,1940-11-01,1941-07-01,327.02244410308924,0,0
Comal Springs,9,1940-12-01,1941-08-01,336.9032087386926,0,0
Comal Springs,9,1941-01-01,1941-09-01,342.70870455709166,0,0
Comal Springs,9,1941-02-01,1941-10-01,348.95601638504866,0,0
Comal Springs,9,1941-03-01,1941-11-01,352.5327359617682,0,0
Comal Springs,9,1941-04-01,1941-12-01,353.9162485065711,0,0
Comal Springs,9,1941-05-01,1942-01-01,354.02353643966546,0,0
Comal Springs,9,1941-06-01,1942-02-01,347.82166752005463,0,0
Comal Springs,9,1941-07-01,1942-03-01,343.4704130397679,0,0
Comal Springs,9,1941-08-01,1942-04-01,341.334212322922,0,0
Comal Springs,9,1941-09-01,1942-05-01,336.1370797064346,0,0
Comal Springs,9,1941-10-01,1942-06-01,333.4963389656938,0,0
Comal Springs,9,1941-11-01,1942-07-01,330.41031746031746,0,0
Comal Springs,9,1941-12-01,1942-08-01,327.8087642942482,0,0
Comal Springs,9,1942-01-01,1942-09-01,330.1436507936508,0,0
Comal Springs,9,1942-02-01,1942-10-01,335.61318484383,0,0
Comal Springs,9,1942-03-01,1942-11-01,343.7806451612903,0,0
Comal Springs,9,1942-04-01,1942-12-01,352.76989247311826,0,0
Comal Springs,9,1942-05-01,1943-01-01,360.4974910394265,0,0
Comal Springs,9,1942-06-01,1943-02-01,368.97073732718894,0,0
Comal Springs,9,1942-07-01,1943-03-01,375.1751578767708,0,0
Comal Springs,9,1942-08-01,1943-04-01,378.51327018262504,0,0
Comal Springs,9,1942-09-01,1943-05-01,380.1010838026967,0,0
Comal Springs,9,1942-10-01,1943-06-01,376.9158986175115,0,0
Comal Springs,9,1942-11-01,1943-07-01,370.2420634920635,0,0
Comal Springs,9,1942-12-01,1943-08-01,360.3589093701997,0,0
Comal Springs,9,1943-01-01,1943-09-01,349.84684246458437,0,0
Comal Springs,9,1943-02-01,1943-10-01,338.5851937190647,0,0
Comal Springs,9,1943-03-01,1943-11-01,330.4135005973716,0,0
Comal Springs,9,1943-04-01,1943-12-01,323.7898446833931,0,0
Comal Springs,9,1943-05-01,1944-01-01,321.25459976105134,0,0
Comal Springs,9,1943-06-01,1944-02-01,321.3443290899353,0,0
Comal Springs,9,1943-07-01,1944-03-01,324.8146994603057,0,0
Comal Springs,9,1943-08-01,1944-04-01,330.87467556544306,0,0
Comal Springs,9,1943-09-01,1944-05-01,338.0037078235076,0,0
Comal Springs,9,1943-10-01,1944-06-01,344.1814856012854,0,0
Comal Springs,9,1943-11-01,1944-07-01,349.5327400815721,0,0
Comal Springs,9,1943-12-01,1944-08-01,350.81183207679317,0,0
Comal Springs,9,1944-01-01,1944-09-01,352.9088452189676,0,0
Comal Springs,9,1944-02-01,1944-10-01,352.04146170642275,0,0
Comal Springs,9,1944-03-01,1944-11-01,349.72843488649943,0,0
Comal Springs,9,1944-04-01,1944-12-01,346.5599761051374,0,0
Comal Springs,9,1944-05-01,1945-01-01,342.4139784946237,0,0
Comal Springs,9,1944-06-01,1945-02-01,342.2823860727087,0,0
Comal Springs,9,1944-07-01,1945-03-01,342.93208738692607,0,0
Comal Springs,9,1944-08-01,1945-04-01,348.55562382659156,0,0
Comal Springs,9,1944-09-01,1945-05-01,358.2330431814303,0,0
Comal Springs,9,1944-10-01,1945-06-01,362.7923024406895,0,0
Comal Springs,9,1944-11-01,1945-07-01,365.1650622973204,0,0
Comal Springs,9,1944-12-01,1945-08-01,368.2915855948114,0,0
Comal Springs,9,1945-01-01,1945-09-01,368.8304147465438,0,0
Comal Springs,9,1945-02-01,1945-10-01,367.6583717357911,0,0
Comal Springs,9,1945-03-01,1945-11-01,362.2551971326165,0,0
Comal Springs,9,1945-04-01,1945-12-01,357.01863799283154,0,0
Comal Springs,9,1945-05-01,1946-01-01,348.0115890083632,0,0
Comal Springs,9,1945-06-01,1946-02-01,336.71089776412356,0,0
Comal Springs,9,1945-07-01,1946-03-01,332.6890339648404,0,0
Comal Springs,9,1945-08-01,1946-04-01,330.87445809865164,0,0
Comal Springs,9,1945-09-01,1946-05-01,331.3511606076122,0,0
Comal Springs,9,1945-10-01,1946-06-01,334.8215309779826,0,0
Comal Springs,9,1945-11-01,1946-07-01,339.29464925755246,0,0
Comal Springs,9,1945-12-01,1946-08-01,342.17708653353816,0,0
Comal Springs,9,1946-01-01,1946-09-01,345.83801843317974,0,0
Comal Springs,9,1946-02-01,1946-10-01,353.5154377880184,0,0
Comal Springs,9,1946-03-01,1946-11-01,363.2929510155317,0,0
Comal Springs,9,1946-04-01,1946-12-01,370.14241338112305,0,0
Comal Springs,9,1946-05-01,1947-01-01,379.2795698924731,0,0
Comal Springs,9,1946-06-01,1947-02-01,386.15809011776753,0,0
Comal Springs,9,1946-07-01,1947-03-01,390.607671957672,0,0
Comal Springs,9,1946-08-01,1947-04-01,392.7674091141833,0,0
Comal Springs,9,1946-09-01,1947-05-01,393.83192524321555,0,0
Comal Springs,9,1946-10-01,1947-06-01,391.17636968766,0,0
Comal Springs,9,1946-11-01,1947-07-01,383.9899897593446,0,0
Comal Springs,9,1946-12-01,1947-08-01,375.41639358252263,0,0
Comal Springs,9,1947-01-01,1947-09-01,366.6036098310292,0,0
Comal Springs,9,1947-02-01,1947-10-01,355.49966717869944,0,0
Comal Springs,9,1947-03-01,1947-11-01,344.6142174432497,0,0
Comal Springs,9,1947-04-01,1947-12-01,333.86869772998807,0,0
Comal Springs,9,1947-05-01,1948-01-01,323.9885304659498,0,0
Comal Springs,9,1947-06-01,1948-02-01,317.55422073909284,0,0
Comal Springs,9,1947-07-01,1948-03-01,312.2477691261896,0,0
Comal Springs,9,1947-08-01,1948-04-01,308.5748897952457,0,0
Comal Springs,9,1947-09-01,1948-05-01,304.313241049726,0,0
Comal Springs,9,1947-10-01,1948-06-01,299.6613891978742,0,0
Comal Springs,9,1947-11-01,1948-07-01,294.55386231615375,0,0
Comal Springs,9,1947-12-01,1948-08-01,288.70774523132695,0,0
Comal Springs,9,1948-01-01,1948-09-01,283.0629423639435,0,0
Comal Springs,9,1948-02-01,1948-10-01,277.79770938903306,0,0
Comal Springs,9,1948-03-01,1948-11-01,272.499880525687,0,0
Comal Springs,9,1948-04-01,1948-12-01,267.9873357228196,0,0
Comal Springs,9,1948-05-01,1949-01-01,263.9111111111111,0,0
Comal Springs,9,1948-06-01,1949-02-01,259.4093189964158,0,0
Comal Springs,9,1948-07-01,1949-03-01,258.694743130227,0,0
Comal Springs,9,1948-08-01,1949-04-01,260.77646356033455,0,0
Comal Springs,9,1948-09-01,1949-05-01,267.01660692951015,0,0
Comal Springs,9,1948-10-01,1949-06-01,273.3277180406213,0,0
Comal Springs,9,1948-11-01,1949-07-01,279.31696535244924,0,0
Comal Springs,9,1948-12-01,1949-08-01,284.3035842293907,0,0
Comal Springs,9,1949-01-01,1949-09-01,287.789247311828,0,0
Comal Springs,9,1949-02-01,1949-10-01,290.3340501792115,0,0
Comal Springs,9,1949-03-01,1949-11-01,294.5044205495818,0,0
Comal Springs,9,1949-04-01,1949-12-01,295.98112305854244,0,0
Comal Springs,9,1949-05-01,1950-01-01,295.85639187574674,0,0
Comal Springs,9,1949-06-01,1950-02-01,292.78432326335553,0,0
Comal Springs,9,1949-07-01,1950-03-01,288.802602833248,0,0
Comal Springs,9,1949-08-01,1950-04-01,284.65505205666494,0,0
Comal Springs,9,1949-09-01,1950-05-01,280.6048728451954,0,0
Comal Springs,9,1949-10-01,1950-06-01,278.29005803038064,0,0
Comal Springs,9,1949-11-01,1950-07-01,275.3294845536781,0,0
Comal Springs,9,1949-12-01,1950-08-01,271.32757296466974,0,0
Comal Springs,9,1950-01-01,1950-09-01,267.20248335893496,0,0
Comal Springs,9,1950-02-01,1950-10-01,263.3960317460317,0,0
Comal Springs,9,1950-03-01,1950-11-01,258.4185185185185,0,0
Comal Springs,9,1950-04-01,1950-12-01,253.55830346475508,0,0
Comal Springs,9,1950-05-01,1951-01-01,248.79545997610515,0,0
Comal Springs,9,1950-06-01,1951-02-01,243.78150708311998,0,0
Comal Springs,9,1950-07-01,1951-03-01,238.7862860556409,0,0
Comal Springs,9,1950-08-01,1951-04-01,234.43383683222393,0,0
Comal Springs,9,1950-09-01,1951-05-01,231.05390851681173,0,0
Comal Springs,9,1950-10-01,1951-06-01,227.17242703533026,0,0
Comal Springs,9,1950-11-01,1951-07-01,220.34805427547363,0,0
Comal Springs,9,1950-12-01,1951-08-01,213.46573647380097,0,0
Comal Springs,9,1951-01-01,1951-09-01,207.07804232804233,0,0
Comal Springs,9,1951-02-01,1951-10-01,201.7948882061785,0,0
Comal Springs,9,1951-03-01,1951-11-01,198.16869772998805,0,0
Comal Springs,9,1951-04-01,1951-12-01,195.94647550776583,0,0
Comal Springs,9,1951-05-01,1952-01-01,193.26666666666668,0,0
Comal Springs,9,1951-06-01,1952-02-01,189.55093313558274,0,0
Comal Springs,9,1951-07-01,1952-03-01,185.89083755613234,0,0
Comal Springs,9,1951-08-01,1952-04-01,185.4686153339101,0,0
Comal Springs,9,1951-09-01,1952-05-01,185.70517447369505,0,0
Comal Springs,9,1951-10-01,1952-06-01,185.6385078070284,0,0
Comal Springs,9,1951-11-01,1952-07-01,183.09370493964488,0,0
Comal Springs,9,1951-12-01,1952-08-01,176.43635726939397,0,0
Comal Springs,9,1952-01-01,1952-09-01,173.1389857042805,0,0
Comal Springs,9,1952-02-01,1952-10-01,173.3074444856425,0,0
Comal Springs,9,1952-03-01,1952-11-01,175.2457586618877,0,0
Comal Springs,9,1952-04-01,1952-12-01,180.19557945041817,0,0
Comal Springs,9,1952-05-01,1953-01-01,185.2916367980884,0,0
Comal Springs,9,1952-06-01,1953-02-01,190.4188769414576,0,0
Comal Springs,9,1952-07-01,1953-03-01,195.05603345280764,0,0
Comal Springs,9,1952-08-01,1953-04-01,200.38757467144563,0,0
Comal Springs,9,1952-09-01,1953-05-01,208.1904420549582,0,0
Comal Springs,9,1952-10-01,1953-06-01,208.43118279569893,0,0
Comal Springs,9,1952-11-01,1953-07-01,202.8111111111111,0,0
Comal Springs,9,1952-12-01,1953-08-01,194.55985663082438,0,0
Comal Springs,9,1953-01-01,1953-09-01,190.07753882915173,0,0
Comal Springs,9,1953-02-01,1953-10-01,186.13847072879332,0,0
Comal Springs,9,1953-03-01,1953-11-01,183.69772998805257,0,0
Comal Springs,9,1953-04-01,1953-12-01,180.45400238948625,0,0
Comal Springs,9,1953-05-01,1954-01-01,180.18697729988054,0,0
Comal Springs,9,1953-06-01,1954-02-01,180.47320361836492,0,0
Comal Springs,9,1953-07-01,1954-03-01,180.22875917392045,0,0
Comal Springs,9,1953-08-01,1954-04-01,180.76388462194913,0,0
Comal Springs,9,1953-09-01,1954-05-01,183.43413551800649,0,0
Comal Springs,9,1953-10-01,1954-06-01,176.40450588837686,0,0
Comal Springs,9,1953-11-01,1954-07-01,166.42959549411162,0,0
Comal Springs,9,1953-12-01,1954-08-01,152.9689025430961,0,0
Comal Springs,9,1954-01-01,1954-09-01,140.50510325994196,0,0
Comal Springs,9,1954-02-01,1954-10-01,129.68073050008533,0,0
Comal Springs,9,1954-03-01,1954-11-01,120.72676224611709,0,0
Comal Springs,9,1954-04-01,1954-12-01,115.97765830346475,0,0
Comal Springs,9,1954-05-01,1955-01-01,114.80095579450418,0,0
Comal Springs,9,1954-06-01,1955-02-01,114.12481652159072,0,0
Comal Springs,9,1954-07-01,1955-03-01,115.1062980030722,0,0
Comal Springs,9,1954-08-01,1955-04-01,115.15755248335893,0,0
Comal Springs,9,1954-09-01,1955-05-01,116.22923707117255,0,0
Comal Springs,9,1954-10-01,1955-06-01,117.34034818228366,0,0
Comal Springs,9,1954-11-01,1955-07-01,112.47296466973886,0,0
Comal Springs,9,1954-12-01,1955-08-01,104.49912954429084,0,0
Comal Springs,9,1955-01-01,1955-09-01,96.15934459805428,0,0
Comal Springs,9,1955-02-01,1955-10-01,87.48909370199692,0,0
Comal Springs,9,1955-03-01,1955-11-01,79.61660692951016,0,0
Comal Springs,9,1955-04-01,1955-12-01,75.30836320191159,0,0
Comal Springs,9,1955-05-01,1956-01-01,73.71589008363202,0,0
Comal Springs,9,1955-06-01,1956-02-01,73.75445144811107,0,0
Comal Springs,9,1955-07-01,1956-03-01,71.71287438717917,0,0
Comal Springs,9,1955-08-01,1956-04-01,69.11239648992708,0,0
Comal Springs,9,1955-09-01,1956-05-01,66.42780867630701,0,0
Comal Springs,9,1955-10-01,1956-06-01,60.816697565195895,0,0
Comal Springs,9,1955-11-01,1956-07-01,54.29698430354715,0,0
Comal Springs,9,1955-12-01,1956-08-01,46.304391710954555,0,0
Comal Springs,9,1956-01-01,1956-09-01,36.27930210521979,0,0
Comal Springs,9,1956-02-01,1956-10-01,26.17177522349936,0,0
Comal Springs,9,1956-03-01,1956-11-01,18.185185185185183,0,0
Comal Springs,9,1956-04-01,1956-12-01,14.446833930704898,0,0
Comal Springs,9,1956-05-01,1957-01-01,15.524014336917563,0,0
Comal Springs,9,1956-06-01,1957-02-01,17.945929339477726,0,0
Comal Springs,9,1956-07-01,1957-03-01,24.80005120327701,0,0
Comal Springs,9,1956-08-01,1957-04-01,36.333384536610346,0,0
Comal Springs,9,1956-09-01,1957-05-01,56.738402457757296,0,0
Comal Springs,9,1956-10-01,1957-06-01,83.14580986516471,0,0
Comal Springs,9,1956-11-01,1957-07-01,100.57233316265574,0,0
Comal Springs,9,1956-12-01,1957-08-01,108.39849803720772,0,0
Comal Springs,9,1957-01-01,1957-09-01,117.88953746373102,0,0
Comal Springs,9,1957-02-01,1957-10-01,133.78201058201057,0,0
Comal Springs,9,1957-03-01,1957-11-01,154.4814814814815,0,0
Comal Springs,9,1957-04-01,1957-12-01,175.23775388291517,0,0
Comal Springs,9,1957-05-01,1958-01-01,194.40692951015532,0,0
Comal Springs,9,1957-06-01,1958-02-01,208.152705239802,0,0
Comal Springs,9,1957-07-01,1958-03-01,219.34386414063832,0,0
Comal Springs,9,1957-08-01,1958-04-01,239.5284519542584,0,0
Comal Springs,9,1957-09-01,1958-05-01,267.66823690049495,0,0
Comal Springs,9,1957-10-01,1958-06-01,288.87194060419864,0,0
Comal Springs,9,1957-11-01,1958-07-01,300.80384024577575,0,0
Comal Springs,9,1957-12-01,1958-08-01,303.9727769243898,0,0
Comal Springs,9,1958-01-01,1958-09-01,307.1586789554531,0,0
Comal Springs,9,1958-02-01,1958-10-01,312.67122375832054,0,0
Comal Springs,9,1958-03-01,1958-11-01,315.6204301075269,0,0
Comal Springs,9,1958-04-01,1958-12-01,315.6204301075269,0,0
Comal Springs,9,1958-05-01,1959-01-01,315.2136200716846,0,0
Comal Springs,9,1958-06-01,1959-02-01,314.36671786994367,0,0
Comal Springs,9,1958-07-01,1959-03-01,316.90494965011095,0,0
Comal Springs,9,1958-08-01,1959-04-01,319.9515446321898,0,0
Comal Springs,9,1958-09-01,1959-05-01,326.39598907663424,0,0
Comal Springs,9,1958-10-01,1959-06-01,328.4663594470046,0,0
Comal Springs,9,1958-11-01,1959-07-01,325.7136712749616,0,0
Comal Springs,9,1958-12-01,1959-08-01,320.69252432155656,0,0
Comal Springs,9,1959-01-01,1959-09-01,314.9309950503499,0,0
Comal Springs,9,1959-02-01,1959-10-01,311.52239289981225,0,0
Comal Springs,9,1959-03-01,1959-11-01,308.3663082437276,0,0
Comal Springs,9,1959-04-01,1959-12-01,306.27311827956987,0,0
Comal Springs,9,1959-05-01,1960-01-01,305.7964157706093,0,0
Comal Springs,9,1959-06-01,1960-02-01,306.23616363861083,0,0
Comal Springs,9,1959-07-01,1960-03-01,309.10892349524164,0,0
Comal Springs,9,1959-08-01,1960-04-01,311.4169282742142,0,0
Comal Springs,9,1959-09-01,1960-05-01,314.5172866971532,0,0
Comal Springs,9,1959-10-01,1960-06-01,314.695064474931,0,0
Comal Springs,9,1959-11-01,1960-07-01,313.85635479751164,0,0
Comal Springs,9,1959-12-01,1960-08-01,312.4829975693157,0,0
Comal Springs,9,1960-01-01,1960-09-01,310.6342520496024,0,0
Comal Springs,9,1960-02-01,1960-10-01,309.14321262307914,0,0
Comal Springs,9,1960-03-01,1960-11-01,311.21600955794503,0,0
Comal Springs,9,1960-04-01,1960-12-01,314.55292712066904,0,0
Comal Springs,9,1960-05-01,1961-01-01,318.8793309438471,0,0
Comal Springs,9,1960-06-01,1961-02-01,324.45408772828125,0,0
Comal Springs,9,1960-07-01,1961-03-01,332.77977470558113,0,0
Comal Springs,9,1960-08-01,1961-04-01,338.1005632360471,0,0
Comal Springs,9,1960-09-01,1961-05-01,340.71705069124425,0,0
Comal Springs,9,1960-10-01,1961-06-01,342.2318655060591,0,0
Comal Springs,9,1960-11-01,1961-07-01,343.83043181430276,0,0
Comal Springs,9,1960-12-01,1961-08-01,341.1852705239802,0,0
Comal Springs,9,1961-01-01,1961-09-01,336.3978153268476,0,0
Comal Springs,9,1961-02-01,1961-10-01,332.3763099505035,0,0
Comal Springs,9,1961-03-01,1961-11-01,328.43345280764635,0,0
Comal Springs,9,1961-04-01,1961-12-01,324.3868578255675,0,0
Comal Springs,9,1961-05-01,1962-01-01,322.01589008363203,0,0
Comal Springs,9,1961-06-01,1962-02-01,321.15900324287423,0,0
Comal Springs,9,1961-07-01,1962-03-01,320.08433179723505,0,0
Comal Springs,9,1961-08-01,1962-04-01,316.71647038743816,0,0
Comal Springs,9,1961-09-01,1962-05-01,312.7594811401263,0,0
Comal Springs,9,1961-10-01,1962-06-01,307.76318484383,0,0
Comal Springs,9,1961-11-01,1962-07-01,298.1287762416795,0,0
Comal Springs,9,1961-12-01,1962-08-01,283.5542242703533,0,0
Comal Springs,9,1962-01-01,1962-09-01,271.83809523809526,0,0
Comal Springs,9,1962-02-01,1962-10-01,261.8022529441884,0,0
Comal Springs,9,1962-03-01,1962-11-01,254.2715651135006,0,0
Comal Springs,9,1962-04-01,1962-12-01,250.09235364396653,0,0
Comal Springs,9,1962-05-01,1963-01-01,246.92974910394264,0,0
Comal Springs,9,1962-06-01,1963-02-01,244.53983614951358,0,0
Comal Springs,9,1962-07-01,1963-03-01,243.91856972179554,0,0
Comal Springs,9,1962-08-01,1963-04-01,244.84807987711213,0,0
Comal Springs,9,1962-09-01,1963-05-01,248.29610855094725,0,0
Comal Springs,9,1962-10-01,1963-06-01,245.76647892131763,0,0
Comal Springs,9,1962-11-01,1963-07-01,239.7342208568015,0,0
Comal Springs,9,1962-12-01,1963-08-01,227.79921488308585,0,0
Comal Springs,9,1963-01-01,1963-09-01,214.4716163167776,0,0
Comal Springs,9,1963-02-01,1963-10-01,203.43935825226148,0,0
Comal Springs,9,1963-03-01,1963-11-01,195.44994026284348,0,0
Comal Springs,9,1963-04-01,1963-12-01,189.1058542413381,0,0
Comal Springs,9,1963-05-01,1964-01-01,185.24802867383514,0,0
Comal Springs,9,1963-06-01,1964-02-01,185.06535656902733,0,0
Comal Springs,9,1963-07-01,1964-03-01,188.15699336711572,0,0
Comal Springs,9,1963-08-01,1964-04-01,192.09606146747416,0,0
Comal Springs,9,1963-09-01,1964-05-01,198.15340913772505,0,0
Comal Springs,9,1963-10-01,1964-06-01,203.0126683969843,0,0
Comal Springs,9,1963-11-01,1964-07-01,202.00191570881228,0,0
Comal Springs,9,1963-12-01,1964-08-01,194.710995756602,0,0
Comal Springs,9,1964-01-01,1964-09-01,187.6948667243439,0,0
Comal Springs,9,1964-02-01,1964-10-01,183.11780579244427,0,0
Comal Springs,9,1964-03-01,1964-11-01,180.04181600955795,0,0
Comal Springs,9,1964-04-01,1964-12-01,178.02031063321385,0,0
Comal Springs,9,1964-05-01,1965-01-01,177.62604540023895,0,0
Comal Springs,9,1964-06-01,1965-02-01,184.57804232804233,0,0
Comal Springs,9,1964-07-01,1965-03-01,193.39763611537805,0,0
Comal Springs,9,1964-08-01,1965-04-01,206.15510325994197,0,0
Comal Springs,9,1964-09-01,1965-05-01,225.7680064857484,0,0
Comal Springs,9,1964-10-01,1965-06-01,245.3568953746373,0,0
Comal Springs,9,1964-11-01,1965-07-01,255.7332394606588,0,0
Comal Springs,9,1964-12-01,1965-08-01,258.3969192694999,0,0
Comal Springs,9,1965-01-01,1965-09-01,258.1416026625704,0,0
Comal Springs,9,1965-02-01,1965-10-01,261.9516385048643,0,0
Comal Springs,9,1965-03-01,1965-11-01,262.94396654719236,0,0
Comal Springs,9,1965-04-01,1965-12-01,266.3740740740741,0,0
Comal Springs,9,1965-05-01,1966-01-01,269.9248506571087,0,0
Comal Springs,9,1965-06-01,1966-02-01,270.68752346816865,0,0
Comal Springs,9,1965-07-01,1966-03-01,269.3799965864482,0,0
Comal Springs,9,1965-08-01,1966-04-01,272.3237241850145,0,0
Comal Springs,9,1965-09-01,1966-05-01,280.56386755419015,0,0
Comal Springs,9,1965-10-01,1966-06-01,287.59720088752346,0,0
Comal Springs,9,1965-11-01,1966-07-01,286.69397508107187,0,0
Comal Springs,9,1965-12-01,1966-08-01,281.02922000341357,0,0
Comal Springs,9,1966-01-01,1966-09-01,274.32025942993687,0,0
Comal Springs,9,1966-02-01,1966-10-01,267.97617340843146,0,0
Comal Springs,9,1966-03-01,1966-11-01,260.6655913978495,0,0
Comal Springs,9,1966-04-01,1966-12-01,253.4505376344086,0,0
Comal Springs,9,1966-05-01,1967-01-01,248.3706093189964,0,0
Comal Springs,9,1966-06-01,1967-02-01,240.13609831029186,0,0
Comal Springs,9,1966-07-01,1967-03-01,233.55879842976617,0,0
Comal Springs,9,1966-08-01,1967-04-01,228.98329066393583,0,0
Comal Springs,9,1966-09-01,1967-05-01,222.9510325994197,0,0
Comal Springs,9,1966-10-01,1967-06-01,208.12140296979007,0,0
Comal Springs,9,1966-11-01,1967-07-01,190.021044546851,0,0
Comal Springs,9,1966-12-01,1967-08-01,171.64063833418672,0,0
Comal Springs,9,1967-01-01,1967-09-01,162.77803379416284,0,0
Comal Springs,9,1967-02-01,1967-10-01,159.52713773681515,0,0
Comal Springs,9,1967-03-01,1967-11-01,161.24671445639189,0,0
Comal Springs,9,1967-04-01,1967-12-01,166.07825567502988,0,0
Comal Springs,9,1967-05-01,1968-01-01,176.2415770609319,0,0
Comal Springs,9,1967-06-01,1968-02-01,197.074477814856,0,0
Comal Springs,9,1967-07-01,1968-03-01,224.0897705269229,0,0
Comal Springs,9,1967-08-01,1968-04-01,253.8871420920364,0,0
Comal Springs,9,1967-09-01,1968-05-01,284.4211922712479,0,0
Comal Springs,9,1967-10-01,1968-06-01,304.1248959749516,0,0
Comal Springs,9,1967-11-01,1968-07-01,315.5119927491451,0,0
Comal Springs,9,1967-12-01,1968-08-01,320.90147900959914,0,0
Comal Springs,9,1968-01-01,1968-09-01,324.85094137519053,0,0
Comal Springs,9,1968-02-01,1968-10-01,326.27388044329086,0,0
Comal Springs,9,1968-03-01,1968-11-01,320.56391875746715,0,0
Comal Springs,9,1968-04-01,1968-12-01,315.8327359617682,0,0
Comal Springs,9,1968-05-01,1969-01-01,310.40812425328556,0,0
Comal Springs,9,1968-06-01,1969-02-01,305.3269670592251,0,0
Comal Springs,9,1968-07-01,1969-03-01,303.320993343574,0,0
Comal Springs,9,1968-08-01,1969-04-01,303.2350913125107,0,0
Comal Springs,9,1968-09-01,1969-05-01,308.46806622290495,0,0
Comal Springs,9,1968-10-01,1969-06-01,310.88288103771976,0,0
Comal Springs,9,1968-11-01,1969-07-01,306.92230756101725,0,0
Comal Springs,9,1968-12-01,1969-08-01,298.4767878477556,0,0
Comal Springs,9,1969-01-01,1969-09-01,292.93341867212837,0,0
Comal Springs,9,1969-02-01,1969-10-01,288.78288103771973,0,0
Comal Springs,9,1969-03-01,1969-11-01,286.35483870967744,0,0
Comal Springs,9,1969-04-01,1969-12-01,284.3297491039427,0,0
Comal Springs,9,1969-05-01,1970-01-01,283.09665471923535,0,0
Comal Springs,9,1969-06-01,1970-02-01,280.49668032087385,0,0
Comal Springs,9,1969-07-01,1970-03-01,283.46932070319167,0,0
Comal Springs,9,1969-08-01,1970-04-01,291.4510411332992,0,0
Comal Springs,9,1969-09-01,1970-05-01,304.2754138931558,0,0
Comal Springs,9,1969-10-01,1970-06-01,314.49393241167434,0,0
Comal Springs,9,1969-11-01,1970-07-01,318.11400409626214,0,0
Comal Springs,9,1969-12-01,1970-08-01,316.8525942993685,0,0
Comal Springs,9,1970-01-01,1970-09-01,312.4392131763099,0,0
Comal Springs,9,1970-02-01,1970-10-01,310.24566478921315,0,0
Comal Springs,9,1970-03-01,1970-11-01,307.55651135005974,0,0
Comal Springs,9,1970-04-01,1970-12-01,301.88984468339305,0,0
Comal Springs,9,1970-05-01,1971-01-01,295.3274790919952,0,0
Comal Springs,9,1970-06-01,1971-02-01,285.97084826762244,0,0
Comal Springs,9,1970-07-01,1971-03-01,272.29928315412184,0,0
Comal Springs,9,1970-08-01,1971-04-01,260.1691756272401,0,0
Comal Springs,9,1970-09-01,1971-05-01,247.87885304659497,0,0
Comal Springs,9,1970-10-01,1971-06-01,231.63070489844682,0,0
Comal Springs,9,1970-11-01,1971-07-01,213.00346475507766,0,0
Comal Springs,9,1970-12-01,1971-08-01,202.14922341696536,0,0
Comal Springs,9,1971-01-01,1971-09-01,195.77658303464756,0,0
Comal Springs,9,1971-02-01,1971-10-01,193.86977299880525,0,0
Comal Springs,9,1971-03-01,1971-11-01,198.64014336917563,0,0
Comal Springs,9,1971-04-01,1971-12-01,208.75125448028675,0,0
Comal Springs,9,1971-05-01,1972-01-01,223.32222222222222,0,0
Comal Springs,9,1971-06-01,1972-02-01,240.40626622172783,0,0
Comal Springs,9,1971-07-01,1972-03-01,260.8527417294937,0,0
Comal Springs,9,1971-08-01,1972-04-01,276.517735755778,0,0
Comal Springs,9,1971-09-01,1972-05-01,291.32777159807193,0,0
Comal Springs,9,1971-10-01,1972-06-01,302.9759197462201,0,0
Comal Springs,9,1971-11-01,1972-07-01,308.5709018250731,0,0
Comal Springs,9,1971-12-01,1972-08-01,309.9707823507601,0,0
Comal Springs,9,1972-01-01,1972-09-01,307.8423474642607,0,0
Comal Springs,9,1972-02-01,1972-10-01,305.66672022411734,0,0
Comal Springs,9,1972-03-01,1972-11-01,305.7566308243728,0,0
Comal Springs,9,1972-04-01,1972-12-01,308.2010752688172,0,0
Comal Springs,9,1972-05-01,1973-01-01,315.44289127837516,0,0
Comal Springs,9,1972-06-01,1973-02-01,315.3984724355692,0,0
Comal Springs,9,1972-07-01,1973-03-01,315.907910906298,0,0
Comal Springs,9,1972-08-01,1973-04-01,320.54136371394435,0,0
Comal Springs,9,1972-09-01,1973-05-01,327.3083888035501,0,0
Comal Springs,9,1972-10-01,1973-06-01,333.7194999146612,0,0
Comal Springs,9,1972-11-01,1973-07-01,345.7589264379587,0,0
Comal Springs,9,1972-12-01,1973-08-01,353.9756528417819,0,0
Comal Springs,9,1973-01-01,1973-09-01,361.8625106673494,0,0
Comal Springs,9,1973-02-01,1973-10-01,377.4467400580304,0,0
Comal Springs,9,1973-03-01,1973-11-01,391.35388291517324,0,0
Comal Springs,9,1973-04-01,1973-12-01,402.31445639187575,0,0
Comal Springs,9,1973-05-01,1974-01-01,411.0501792114695,0,0
Comal Springs,9,1973-06-01,1974-02-01,417.684331797235,0,0
Comal Springs,9,1973-07-01,1974-03-01,422.9536268987882,0,0
Comal Springs,9,1973-08-01,1974-04-01,419.46700802184677,0,0
Comal Springs,9,1973-09-01,1974-05-01,418.1014166239973,0,0
Comal Springs,9,1973-10-01,1974-06-01,414.3940092165899,0,0
Comal Springs,9,1973-11-01,1974-07-01,399.20404505888376,0,0
Comal Springs,9,1973-12-01,1974-08-01,385.07967229902715,0,0
Comal Springs,9,1974-01-01,1974-09-01,376.720771462707,0,0
Comal Springs,9,1974-02-01,1974-10-01,370.39819081754564,0,0
Comal Springs,9,1974-03-01,1974-11-01,366.7563918757467,0,0
Comal Springs,9,1974-04-01,1974-12-01,367.43739545997613,0,0
Comal Springs,9,1974-05-01,1975-01-01,369.6301075268817,0,0
Comal Springs,9,1974-06-01,1975-02-01,373.96177675371223,0,0
Comal Springs,9,1974-07-01,1975-03-01,379.671215224441,0,0
Comal Springs,9,1974-08-01,1975-04-01,388.00920805598224,0,0
Comal Springs,9,1974-09-01,1975-05-01,399.4034732889572,0,0
Comal Springs,9,1974-10-01,1975-06-01,407.6701399556238,0,0
Comal Springs,9,1974-11-01,1975-07-01,411.286627410821,0,0
Comal Springs,9,1974-12-01,1975-08-01,409.41972179552823,0,0
Comal Springs,9,1975-01-01,1975-09-01,404.7768305171531,0,0
Comal Springs,9,1975-02-01,1975-10-01,400.88077316948284,0,0
Comal Springs,9,1975-03-01,1975-11-01,394.43500597371565,0,0
Comal Springs,9,1975-04-01,1975-12-01,388.7611708482676,0,0
Comal Springs,9,1975-05-01,1976-01-01,382.7600955794504,0,0
Comal Springs,9,1975-06-01,1976-02-01,372.55418778066166,0,0
Comal Springs,9,1975-07-01,1976-03-01,359.41703126931156,0,0
Comal Springs,9,1975-08-01,1976-04-01,350.8911053433857,0,0
Comal Springs,9,1975-09-01,1976-05-01,353.6939727268982,0,0
Comal Springs,9,1975-10-01,1976-06-01,357.2865653194908,0,0
Comal Springs,9,1975-11-01,1976-07-01,358.9639846743295,0,0
Comal Springs,9,1975-12-01,1976-08-01,357.7196597041981,0,0
Comal Springs,9,1976-01-01,1976-09-01,356.4803526552136,0,0
Comal Springs,9,1976-02-01,1976-10-01,359.79218061220286,0,0
Comal Springs,9,1976-03-01,1976-11-01,367.61338112305856,0,0
Comal Springs,9,1976-04-01,1976-12-01,378.55961768219834,0,0
Comal Springs,9,1976-05-01,1977-01-01,389.0031063321386,0,0
Comal Springs,9,1976-06-01,1977-02-01,392.65338795016214,0,0
Comal Springs,9,1976-07-01,1977-03-01,393.6320020481311,0,0
Comal Springs,9,1976-08-01,1977-04-01,400.4431131592422,0,0
Comal Springs,9,1976-09-01,1977-05-01,410.231643625192,0,0
Comal Springs,9,1976-10-01,1977-06-01,416.73905103259943,0,0
Comal Springs,9,1976-11-01,1977-07-01,416.54550264550267,0,0
Comal Springs,9,1976-12-01,1977-08-01,409.74024577572965,0,0
Comal Springs,9,1977-01-01,1977-09-01,401.0533879501622,0,0
Comal Springs,9,1977-02-01,1977-10-01,391.0963987028503,0,0
Comal Springs,9,1977-03-01,1977-11-01,382.82126642771806,0,0
Comal Springs,9,1977-04-01,1977-12-01,378.0864994026284,0,0
Comal Springs,9,1977-05-01,1978-01-01,368.5083632019116,0,0
Comal Springs,9,1977-06-01,1978-02-01,358.44563918757467,0,0
Comal Springs,9,1977-07-01,1978-03-01,350.0413381123059,0,0
Comal Springs,9,1977-08-01,1978-04-01,343.4611708482676,0,0
Comal Springs,9,1977-09-01,1978-05-01,338.28554360812427,0,0
Comal Springs,9,1977-10-01,1978-06-01,332.77443249701315,0,0
Comal Springs,9,1977-11-01,1978-07-01,322.4984468339307,0,0
Comal Springs,9,1977-12-01,1978-08-01,315.77921146953406,0,0
Comal Springs,9,1978-01-01,1978-09-01,308.85017921146954,0,0
Comal Springs,9,1978-02-01,1978-10-01,307.35913978494625,0,0
Comal Springs,9,1978-03-01,1978-11-01,307.89617682198326,0,0
Comal Springs,9,1978-04-01,1978-12-01,312.663201911589,0,0
Comal Springs,9,1978-05-01,1979-01-01,322.4620071684588,0,0
Comal Springs,9,1978-06-01,1979-02-01,335.5831029185868,0,0
Comal Springs,9,1978-07-01,1979-03-01,346.11082095920807,0,0
Comal Springs,9,1978-08-01,1979-04-01,362.67808499743984,0,0
Comal Springs,9,1978-09-01,1979-05-01,373.6279057859703,0,0
Comal Springs,9,1978-10-01,1979-06-01,388.1204983785629,0,0
Comal Springs,9,1978-11-01,1979-07-01,396.815838880355,0,0
Comal Springs,9,1978-12-01,1979-08-01,404.6963645673323,0,0
Comal Springs,9,1979-01-01,1979-09-01,407.8669738863287,0,0
Comal Springs,9,1979-02-01,1979-10-01,403.65550435227857,0,0
Comal Springs,9,1979-03-01,1979-11-01,396.05232974910393,0,0
Comal Springs,9,1979-04-01,1979-12-01,392.5863799283154,0,0
Comal Springs,9,1979-05-01,1980-01-01,389.56391875746715,0,0
Comal Springs,9,1979-06-01,1980-02-01,384.125159642401,0,0
Comal Springs,9,1979-07-01,1980-03-01,372.0024595229267,0,0
Comal Springs,9,1979-08-01,1980-04-01,358.99481316689327,0,0
Comal Springs,9,1979-09-01,1980-05-01,345.9518024142051,0,0
Comal Springs,9,1979-10-01,1980-06-01,331.90365426605695,0,0
Comal Springs,9,1979-11-01,1980-07-01,313.1330449470605,0,0
Comal Springs,9,1979-12-01,1980-08-01,297.6760556997487,0,0
Comal Springs,9,1980-01-01,1980-09-01,284.6846578502863,0,0
Comal Springs,9,1980-02-01,1980-10-01,273.2151238001071,0,0
Comal Springs,9,1980-03-01,1980-11-01,264.9899641577061,0,0
Comal Springs,9,1980-04-01,1980-12-01,261.5885304659498,0,0
Comal Springs,9,1980-05-01,1981-01-01,261.18757467144565,0,0
Comal Springs,9,1980-06-01,1981-02-01,260.16222904932584,0,0
Comal Springs,9,1980-07-01,1981-03-01,261.9680832906639,0,0
Comal Springs,9,1980-08-01,1981-04-01,271.1772828127667,0,0
Comal Springs,9,1980-09-01,1981-05-01,280.33498890595666,0,0
Comal Springs,9,1980-10-01,1981-06-01,292.81647038743813,0,0
Comal Springs,9,1980-11-01,1981-07-01,301.3146782727428,0,0
Comal Springs,9,1980-12-01,1981-08-01,305.12913466461856,0,0
Comal Springs,9,1981-01-01,1981-09-01,307.47919440177503,0,0
Comal Springs,9,1981-02-01,1981-10-01,308.7981908175457,0,0
Comal Springs,9,1981-03-01,1981-11-01,312.9637992831541,0,0
Comal Springs,9,1981-04-01,1981-12-01,317.69856630824376,0,0
Comal Springs,9,1981-05-01,1982-01-01,322.6936678614098,0,0
Comal Springs,9,1981-06-01,1982-02-01,325.3778716504523,0,0
Comal Springs,9,1981-07-01,1982-03-01,319.78026113671274,0,0
Comal Springs,9,1981-08-01,1982-04-01,314.70738180576893,0,0
Comal Springs,9,1981-09-01,1982-05-01,315.53533879501623,0,0
Comal Springs,9,1981-10-01,1982-06-01,313.8020054616829,0,0
Comal Springs,9,1981-11-01,1982-07-01,307.9848011606076,0,0
Comal Springs,9,1981-12-01,1982-08-01,295.7621010411333,0,0
Comal Springs,9,1982-01-01,1982-09-01,282.0251834784093,0,0
Comal Springs,9,1982-02-01,1982-10-01,270.8352193207032,0,0
Comal Springs,9,1982-03-01,1982-11-01,262.94289127837516,0,0
Comal Springs,9,1982-04-01,1982-12-01,259.2869772998805,0,0
Comal Springs,9,1982-05-01,1983-01-01,257.7505376344086,0,0
Comal Springs,9,1982-06-01,1983-02-01,252.22135176651304,0,0
Comal Springs,9,1982-07-01,1983-03-01,247.85910564942822,0,0
Comal Springs,9,1982-08-01,1983-04-01,248.05086192182966,0,0
Comal Springs,9,1982-09-01,1983-05-01,249.32326335552142,0,0
Comal Springs,9,1982-10-01,1983-06-01,252.86770779996587,0,0
Comal Springs,9,1982-11-01,1983-07-01,252.08276156340673,0,0
Comal Springs,9,1982-12-01,1983-08-01,248.2657962109575,0,0
Comal Springs,9,1983-01-01,1983-09-01,239.9415429254139,0,0
Comal Springs,9,1983-02-01,1983-10-01,232.04190134835298,0,0
Comal Springs,9,1983-03-01,1983-11-01,226.84348864994027,0,0
Comal Springs,9,1983-04-01,1983-12-01,222.93667861409799,0,0
Comal Springs,9,1983-05-01,1984-01-01,218.95280764635604,0,0
Comal Springs,9,1983-06-01,1984-02-01,216.89978577019735,0,0
Comal Springs,9,1983-07-01,1984-03-01,211.95247394224035,0,0
Comal Springs,9,1983-08-01,1984-04-01,203.4952457463025,0,0
Comal Springs,9,1983-09-01,1984-05-01,191.25510237712686,0,0
Comal Springs,9,1983-10-01,1984-06-01,178.7106579326824,0,0
Comal Springs,9,1983-11-01,1984-07-01,159.49201993985088,0,0
Comal Springs,9,1983-12-01,1984-08-01,138.92929592551394,0,0
Comal Springs,9,1984-01-01,1984-09-01,118.47242615251514,0,0
Comal Springs,9,1984-02-01,1984-10-01,105.32188851810653,0,0
Comal Springs,9,1984-03-01,1984-11-01,97.88076463560334,0,0
Comal Springs,9,1984-04-01,1984-12-01,94.08506571087216,0,0
Comal Springs,9,1984-05-01,1985-01-01,101.07275985663082,0,0
Comal Springs,9,1984-06-01,1985-02-01,114.96664106502817,0,0
Comal Springs,9,1984-07-01,1985-03-01,133.42673664447858,0,0
Comal Springs,9,1984-08-01,1985-04-01,158.46664106502817,0,0
Comal Springs,9,1984-09-01,1985-05-01,181.1010496671787,0,0
Comal Springs,9,1984-10-01,1985-06-01,203.297345963475,0,0
Comal Springs,9,1984-11-01,1985-07-01,221.45146782727429,0,0
Comal Springs,9,1984-12-01,1985-08-01,229.55493258235194,0,0
Comal Springs,9,1985-01-01,1985-09-01,235.03498037207714,0,0
Comal Springs,9,1985-02-01,1985-10-01,240.9525430960915,0,0
Comal Springs,9,1985-03-01,1985-11-01,249.17132616487456,0,0
Comal Springs,9,1985-04-01,1985-12-01,258.4222222222222,0,0
Comal Springs,9,1985-05-01,1986-01-01,265.52568697729987,0,0
Comal Springs,9,1985-06-01,1986-02-01,274.1444785799625,0,0
Comal Springs,9,1985-07-01,1986-03-01,280.27601979860043,0,0
Comal Springs,9,1985-08-01,1986-04-01,279.815565796211,0,0
Comal Springs,9,1985-09-01,1986-05-01,282.0700460829493,0,0
Comal Springs,9,1985-10-01,1986-06-01,292.6589349718382,0,0
Comal Springs,9,1985-11-01,1986-07-01,296.35069124423967,0,0
Comal Springs,9,1985-12-01,1986-08-01,289.82225635774023,0,0
Comal Springs,9,1986-01-01,1986-09-01,282.0520054616829,0,0
Comal Springs,9,1986-02-01,1986-10-01,276.7258405871309,0,0
Comal Springs,9,1986-03-01,1986-11-01,275.7242532855436,0,0
Comal Springs,9,1986-04-01,1986-12-01,279.5952210274791,0,0
Comal Springs,9,1986-05-01,1987-01-01,289.6327359617682,0,0
Comal Springs,9,1986-06-01,1987-02-01,301.4425157876771,0,0
Comal Springs,9,1986-07-01,1987-03-01,307.9004608294931,0,0
Comal Springs,9,1986-08-01,1987-04-01,313.68863287250383,0,0
Comal Springs,9,1986-09-01,1987-05-01,323.9323604710701,0,0
Comal Springs,9,1986-10-01,1987-06-01,339.847175285885,0,0
Comal Springs,9,1986-11-01,1987-07-01,351.98337600273084,0,0
Comal Springs,9,1986-12-01,1987-08-01,357.52029356545484,0,0
Comal Springs,9,1987-01-01,1987-09-01,359.847414234511,0,0
Comal Springs,9,1987-02-01,1987-10-01,359.8115719406042,0,0
Comal Springs,9,1987-03-01,1987-11-01,361.18088410991635,0,0
Comal Springs,9,1987-04-01,1987-12-01,361.3636798088411,0,0
Comal Springs,9,1987-05-01,1988-01-01,363.5038231780167,0,0
Comal Springs,9,1987-06-01,1988-02-01,365.6867424710584,0,0
Comal Springs,9,1987-07-01,1988-03-01,358.62461582828655,0,0
Comal Springs,9,1987-08-01,1988-04-01,351.7703744901743,0,0
Comal Springs,9,1987-09-01,1988-05-01,344.25782968730687,0,0
Comal Springs,9,1987-10-01,1988-06-01,333.3170889465662,0,0
Comal Springs,9,1987-11-01,1988-07-01,320.1414617064228,0,0
Comal Springs,9,1987-12-01,1988-08-01,306.33871379722325,0,0
Comal Springs,9,1988-01-01,1988-09-01,289.60167676018625,0,0
Comal Springs,9,1988-02-01,1988-10-01,274.4941498784658,0,0
Comal Springs,9,1988-03-01,1988-11-01,261.60704898446835,0,0
Comal Springs,9,1988-04-01,1988-12-01,251.0694145758662,0,0
Comal Springs,9,1988-05-01,1989-01-01,242.8304659498208,0,0
Comal Springs,9,1988-06-01,1989-02-01,239.081490015361,0,0
Comal Springs,9,1988-07-01,1989-03-01,238.46213517665132,0,0
Comal Springs,9,1988-08-01,1989-04-01,238.34720088752346,0,0
Comal Springs,9,1988-09-01,1989-05-01,233.21458440006828,0,0
Comal Springs,9,1988-10-01,1989-06-01,221.77754736303123,0,0
Comal Springs,9,1988-11-01,1989-07-01,206.32235023041474,0,0
Comal Springs,9,1988-12-01,1989-08-01,188.7505461682881,0,0
Comal Springs,9,1989-01-01,1989-09-01,170.676233145588,0,0
Comal Springs,9,1989-02-01,1989-10-01,154.02390339648403,0,0
Comal Springs,9,1989-03-01,1989-11-01,141.55221027479092,0,0
Comal Springs,9,1989-04-01,1989-12-01,132.51278375149343,0,0
Comal Springs,9,1989-05-01,1990-01-01,125.76033452807647,0,0
Comal Springs,9,1989-06-01,1990-02-01,123.62797405700631,0,0
Comal Springs,9,1989-07-01,1990-03-01,132.41853558627753,0,0
Comal Springs,9,1989-08-01,1990-04-01,146.226301416624,0,0
Comal Springs,9,1989-09-01,1990-05-01,162.11877453490357,0,0
Comal Springs,9,1989-10-01,1990-06-01,164.93358934971837,0,0
Comal Springs,9,1989-11-01,1990-07-01,166.10563236047108,0,0
Comal Springs,9,1989-12-01,1990-08-01,168.25461682881038,0,0
Comal Springs,9,1990-01-01,1990-09-01,168.48006485748422,0,0
Comal Springs,9,1990-02-01,1990-10-01,169.2542584058713,0,0
Comal Springs,9,1990-03-01,1990-11-01,172.79235364396655,0,0
Comal Springs,9,1990-04-01,1990-12-01,174.2690561529271,0,0
Comal Springs,9,1990-05-01,1991-01-01,175.46129032258065,0,0
Comal Springs,9,1990-06-01,1991-02-01,178.70040962621607,0,0
Comal Springs,9,1990-07-01,1991-03-01,193.8237071172555,0,0
Comal Springs,9,1990-08-01,1991-04-01,210.39109062980032,0,0
Comal Springs,9,1990-09-01,1991-05-01,224.1688684075781,0,0
Comal Springs,9,1990-10-01,1991-06-01,232.2762758149855,0,0
Comal Springs,9,1990-11-01,1991-07-01,238.51641918416112,0,0
Comal Springs,9,1990-12-01,1991-08-01,237.12143710530808,0,0
Comal Springs,9,1991-01-01,1991-09-01,236.63565454855777,0,0
Comal Springs,9,1991-02-01,1991-10-01,234.6284860897764,0,0
Comal Springs,9,1991-03-01,1991-11-01,230.67980884109917,0,0
Comal Springs,9,1991-04-01,1991-12-01,234.28912783751494,0,0
Comal Springs,9,1991-05-01,1992-01-01,246.7074074074074,0,0
Comal Springs,9,1991-06-01,1992-02-01,264.36851233881265,0,0
Comal Springs,9,1991-07-01,1992-03-01,290.5661228525522,0,0
Comal Springs,9,1991-08-01,1992-04-01,316.8412721954435,0,0
Comal Springs,9,1991-09-01,1992-05-01,346.17102129938615,0,0
Comal Springs,9,1991-10-01,1992-06-01,376.922873151238,0,0
Comal Springs,9,1991-11-01,1992-07-01,405.7185720759692,0,0
Comal Springs,9,1991-12-01,1992-08-01,433.7722160425164,0,0
Comal Springs,9,1992-01-01,1992-09-01,450.99145140691303,0,0
Comal Springs,9,1992-02-01,1992-10-01,455.41439047501336,0,0
Comal Springs,9,1992-03-01,1992-11-01,451.75985663082434,0,0
Comal Springs,9,1992-04-01,1992-12-01,445.57347670250897,0,0
Comal Springs,9,1992-05-01,1993-01-01,439.4094384707288,0,0
Comal Springs,9,1992-06-01,1993-02-01,435.02387779484553,0,0
Comal Springs,9,1992-07-01,1993-03-01,427.41013824884794,0,0
Comal Springs,9,1992-08-01,1993-04-01,420.6404847243557,0,0
Comal Springs,9,1992-09-01,1993-05-01,415.0490868748933,0,0
Comal Springs,9,1992-10-01,1993-06-01,413.5601979860044,0,0
Comal Springs,9,1992-11-01,1993-07-01,412.4741764806281,0,0
Comal Springs,9,1992-12-01,1993-08-01,406.3815838880355,0,0
Comal Springs,9,1993-01-01,1993-09-01,397.3814644137225,0,0
Comal Springs,9,1993-02-01,1993-10-01,388.7936507936508,0,0
Comal Springs,9,1993-03-01,1993-11-01,381.6592592592593,0,0
Comal Springs,9,1993-04-01,1993-12-01,375.2112305854241,0,0
Comal Springs,9,1993-05-01,1994-01-01,369.39665471923536,0,0
Comal Springs,9,1993-06-01,1994-02-01,361.9822922000341,0,0
Comal Springs,9,1993-07-01,1994-03-01,353.7537378392217,0,0
Comal Springs,9,1993-08-01,1994-04-01,346.1355777436423,0,0
Comal Springs,9,1993-09-01,1994-05-01,344.49400068271035,0,0
Comal Springs,9,1993-10-01,1994-06-01,341.9791858678955,0,0
Comal Springs,9,1993-11-01,1994-07-01,334.61717869943675,0,0
Comal Springs,9,1993-12-01,1994-08-01,323.91849291688004,0,0
Comal Springs,9,1994-01-01,1994-09-01,314.5987796552313,0,0
Comal Springs,9,1994-02-01,1994-10-01,308.4016470387438,0,0
Comal Springs,9,1994-03-01,1994-11-01,304.02413381123057,0,0
Comal Springs,9,1994-04-01,1994-12-01,301.39330943847074,0,0
Comal Springs,9,1994-05-01,1995-01-01,300.65663082437277,0,0
Comal Springs,9,1994-06-01,1995-02-01,296.7228110599078,0,0
Comal Springs,9,1994-07-01,1995-03-01,295.4599675712579,0,0
Comal Springs,9,1994-08-01,1995-04-01,298.77382659156854,0,0
Comal Springs,9,1994-09-01,1995-05-01,300.82759003242876,0,0
Comal Springs,9,1994-10-01,1995-06-01,302.4164789213176,0,0
Comal Springs,9,1994-11-01,1995-07-01,300.4989161973033,0,0
Comal Springs,9,1994-12-01,1995-08-01,293.23344427376685,0,0
Comal Springs,9,1995-01-01,1995-09-01,284.3409711554873,0,0
Comal Springs,9,1995-02-01,1995-10-01,275.69222563577404,0,0
Comal Springs,9,1995-03-01,1995-11-01,270.2046594982079,0,0
Comal Springs,9,1995-04-01,1995-12-01,265.8856630824373,0,0
Comal Springs,9,1995-05-01,1996-01-01,261.4069295101553,0,0
Comal Springs,9,1995-06-01,1996-02-01,257.3964240102171,0,0
Comal Springs,9,1995-07-01,1996-03-01,250.49283978082644,0,0
Comal Springs,9,1995-08-01,1996-04-01,242.57766654307255,0,0
Comal Springs,9,1995-09-01,1996-05-01,233.95759485848473,0,0
Comal Springs,9,1995-10-01,1996-06-01,220.16500226589216,0,0
Comal Springs,9,1995-11-01,1996-07-01,202.99654348453015,0,0
Comal Springs,9,1995-12-01,1996-08-01,185.14194372347876,0,0
Comal Springs,9,1996-01-01,1996-09-01,172.13119103530673,0,0
Comal Springs,9,1996-02-01,1996-10-01,161.08459605322787,0,0
Comal Springs,9,1996-03-01,1996-11-01,153.44743130227002,0,0
Comal Springs,9,1996-04-01,1996-12-01,149.91338112305854,0,0
Comal Springs,9,1996-05-01,1997-01-01,148.57765830346474,0,0
Comal Springs,9,1996-06-01,1997-02-01,152.8605564089435,0,0
Comal Springs,9,1996-07-01,1997-03-01,165.2768049155146,0,0
Comal Springs,9,1996-08-01,1997-04-01,183.05291005291005,0,0
Comal Springs,9,1996-09-01,1997-05-01,200.78767707799966,0,0
Comal Springs,9,1996-10-01,1997-06-01,215.73582522614782,0,0
Comal Springs,9,1996-11-01,1997-07-01,231.21611196449908,0,0
Comal Springs,9,1996-12-01,1997-08-01,243.86378221539513,0,0
Comal Springs,9,1997-01-01,1997-09-01,252.5273425499232,0,0
Comal Springs,9,1997-02-01,1997-10-01,261.45565796210957,0,0
Comal Springs,9,1997-03-01,1997-11-01,270.31756272401435,0,0
Comal Springs,9,1997-04-01,1997-12-01,278.3426523297491,0,0
Comal Springs,9,1997-05-01,1998-01-01,284.7063321385902,0,0
Comal Springs,9,1997-06-01,1998-02-01,291.93674688513397,0,0
Comal Springs,9,1997-07-01,1998-03-01,297.2753370882403,0,0
Comal Springs,9,1997-08-01,1998-04-01,299.43519371906467,0,0
Comal Springs,9,1997-09-01,1998-05-01,297.87605393411843,0,0
Comal Springs,9,1997-10-01,1998-06-01,291.731609489674,0,0
Comal Springs,9,1997-11-01,1998-07-01,282.7710360129715,0,0
Comal Springs,9,1997-12-01,1998-08-01,274.4040109233658,0,0
Comal Springs,9,1998-01-01,1998-09-01,270.1589691073562,0,0
Comal Springs,9,1998-02-01,1998-10-01,271.18405871309096,0,0
Comal Springs,9,1998-03-01,1998-11-01,283.06236559139785,0,0
Comal Springs,9,1998-04-01,1998-12-01,293.2845878136201,0,0
Comal Springs,9,1998-05-01,1999-01-01,303.44014336917564,0,0
Comal Springs,9,1998-06-01,1999-02-01,317.873835125448,0,0
Comal Springs,9,1998-07-01,1999-03-01,336.97837514934287,0,0
Comal Springs,9,1998-08-01,1999-04-01,356.7352449223417,0,0
Comal Springs,9,1998-09-01,1999-05-01,373.5882915173238,0,0
Comal Springs,9,1998-10-01,1999-06-01,381.9512544802867,0,0
Comal Springs,9,1998-11-01,1999-07-01,385.30967741935484,0,0
Comal Springs,9,1998-12-01,1999-08-01,372.88554360812424,0,0
Comal Springs,9,1999-01-01,1999-09-01,358.7358422939068,0,0
Comal Springs,9,1999-02-01,1999-10-01,344.27706093189965,0,0
Comal Springs,9,1999-03-01,1999-11-01,333.0289127837515,0,0
Comal Springs,9,1999-04-01,1999-12-01,323.4410991636798,0,0
Comal Springs,9,1999-05-01,2000-01-01,315.6125448028674,0,0
Comal Springs,9,1999-06-01,2000-02-01,309.4652206154987,0,0
Comal Springs,9,1999-07-01,2000-03-01,304.94228154739835,0,0
Comal Springs,9,1999-08-01,2000-04-01,297.15434845301365,0,0
Comal Springs,9,1999-09-01,2000-05-01,289.67764594405304,0,0
Comal Springs,9,1999-10-01,2000-06-01,285.0332014996086,0,0
Comal Springs,9,1999-11-01,2000-07-01,277.8324846537305,0,0
Comal Springs,9,1999-12-01,2000-08-01,264.4498084291188,0,0
Comal Springs,9,2000-01-01,2000-09-01,249.52567461788817,0,0
Comal Springs,9,2000-02-01,2000-10-01,240.06330902649034,0,0
Comal Springs,9,2000-03-01,2000-11-01,242.26164874551972,0,0
Comal Springs,9,2000-04-01,2000-12-01,248.5878136200717,0,0
Comal Springs,9,2000-05-01,2001-01-01,257.0531660692951,0,0
Comal Springs,9,2000-06-01,2001-02-01,268.95664789213174,0,0
Comal Springs,9,2000-07-01,2001-03-01,280.17014848950333,0,0
Comal Springs,9,2000-08-01,2001-04-01,294.93705410479606,0,0
Comal Springs,9,2000-09-01,2001-05-01,315.54995733060247,0,0
Comal Springs,9,2000-10-01,2001-06-01,333.4758832565284,0,0
Comal Springs,9,2000-11-01,2001-07-01,342.5547363031234,0,0
Comal Springs,9,2000-12-01,2001-08-01,335.04135518006484,0,0
Comal Springs,9,2001-01-01,2001-09-01,332.3973886328725,0,0
Comal Springs,9,2001-02-01,2001-10-01,330.7809011776754,0,0
Comal Springs,9,2001-03-01,2001-11-01,331.2486260454002,0,0
Comal Springs,9,2001-04-01,2001-12-01,336.90812425328556,0,0
Comal Springs,9,2001-05-01,2002-01-01,341.14480286738353,0,0
Comal Springs,9,2001-06-01,2002-02-01,343.65875576036865,0,0
Comal Springs,9,2001-07-01,2002-03-01,348.6032002048131,0,0
Comal Springs,9,2001-08-01,2002-04-01,355.07823007339135,0,0
Comal Springs,9,2001-09-01,2002-05-01,362.58719064686807,0,0
Comal Springs,9,2001-10-01,2002-06-01,357.55015360983106,0,0
Comal Springs,9,2001-11-01,2002-07-01,362.79746543778805,0,0
Comal Springs,9,2001-12-01,2002-08-01,364.9423877794846,0,0
Comal Springs,9,2002-01-01,2002-09-01,362.4805000853388,0,0
Comal Springs,9,2002-02-01,2002-10-01,363.15075098139613,0,0
Comal Springs,9,2002-03-01,2002-11-01,369.40657108721626,0,0
Comal Springs,9,2002-04-01,2002-12-01,378.40657108721626,0,0
Comal Springs,9,2002-05-01,2003-01-01,388.48351254480286,0,0
Comal Springs,9,2002-06-01,2003-02-01,401.0889912954429,0,0
Comal Springs,9,2002-07-01,2003-03-01,417.1069124423963,0,0
Comal Springs,9,2002-08-01,2003-04-01,419.4774022870797,0,0
Comal Springs,9,2002-09-01,2003-05-01,419.4272230756102,0,0
Comal Springs,9,2002-10-01,2003-06-01,417.842037890425,0,0
Comal Springs,9,2002-11-01,2003-07-01,415.515873015873,0,0
Comal Springs,9,2002-12-01,2003-08-01,406.61706775900325,0,0
Comal Springs,9,2003-01-01,2003-09-01,397.9689196108551,0,0
Comal Springs,9,2003-02-01,2003-10-01,390.2915002560164,0,0
Comal Springs,9,2003-03-01,2003-11-01,382.15340501792116,0,0
Comal Springs,9,2003-04-01,2003-12-01,375.4652329749104,0,0
Comal Springs,9,2003-05-01,2004-01-01,369.3814814814815,0,0
Comal Springs,9,2003-06-01,2004-02-01,366.76400527334897,0,0
Comal Springs,9,2003-07-01,2004-03-01,364.96520001647923,0,0
Comal Springs,9,2003-08-01,2004-04-01,363.63258352902403,0,0
Comal Springs,9,2003-09-01,2004-05-01,362.2956659663,0,0
Comal Springs,9,2003-10-01,2004-06-01,363.4030733737074,0,0
Comal Springs,9,2003-11-01,2004-07-01,363.92637086474684,0,0
Comal Springs,9,2003-12-01,2004-08-01,365.10056441313395,0,0
Comal Springs,9,2004-01-01,2004-09-01,364.6041486425246,0,0
Comal Springs,9,2004-02-01,2004-10-01,368.72959667119846,0,0
Comal Springs,9,2004-03-01,2004-11-01,379.589366786141,0,0
Comal Springs,9,2004-04-01,2004-12-01,391.2130227001195,0,0
Comal Springs,9,2004-05-01,2005-01-01,399.76786140979686,0,0
Comal Springs,9,2004-06-01,2005-02-01,410.73982761563406,0,0
Comal Springs,9,2004-07-01,2005-03-01,419.2626472094214,0,0
Comal Springs,9,2004-08-01,2005-04-01,426.15464243044886,0,0
Comal Springs,9,2004-09-01,2005-05-01,431.7352875917392,0,0
Comal Springs,9,2004-10-01,2005-06-01,436.2575098139614,0,0
Comal Springs,9,2004-11-01,2005-07-01,433.41163167776074,0,0
Comal Springs,9,2004-12-01,2005-08-01,423.0653951186209,0,0
Comal Springs,9,2005-01-01,2005-09-01,412.2220259429937,0,0
Comal Springs,9,2005-02-01,2005-10-01,403.60912271718723,0,0
Comal Springs,9,2005-03-01,2005-11-01,393.4543608124253,0,0
Comal Springs,9,2005-04-01,2005-12-01,380.8808841099164,0,0
Comal Springs,9,2005-05-01,2006-01-01,368.10358422939066,0,0
Comal Springs,9,2005-06-01,2006-02-01,356.1336661546339,0,0
Comal Springs,9,2005-07-01,2006-03-01,345.3014080901178,0,0
Comal Springs,9,2005-08-01,2006-04-01,338.5574415429254,0,0
Comal Springs,9,2005-09-01,2006-05-01,330.69722648916195,0,0
Comal Springs,9,2005-10-01,2006-06-01,318.65648574842123,0,0
Comal Springs,9,2005-11-01,2006-07-01,305.21920976275817,0,0
Comal Springs,9,2005-12-01,2006-08-01,289.23713090971154,0,0
Comal Springs,9,2006-01-01,2006-09-01,276.36926949991465,0,0
Comal Springs,9,2006-02-01,2006-10-01,267.2259003242874,0,0
Comal Springs,9,2006-03-01,2006-11-01,260.56320191158903,0,0
Comal Springs,9,2006-04-01,2006-12-01,256.1115890083632,0,0
Comal Springs,9,2006-05-01,2007-01-01,253.48996415770608,0,0
Comal Springs,9,2006-06-01,2007-02-01,252.37974910394266,0,0
Comal Springs,9,2006-07-01,2007-03-01,254.95561529271205,0,0
Comal Springs,9,2006-08-01,2007-04-01,262.9583632019116,0,0
Comal Springs,9,2006-09-01,2007-05-01,275.09456391875744,0,0
Comal Springs,9,2006-10-01,2007-06-01,283.3204898446834,0,0
Comal Springs,9,2006-11-01,2007-07-01,301.3563321385902,0,0
Comal Springs,9,2006-12-01,2007-08-01,322.8670848267622,0,0
Comal Springs,9,2007-01-01,2007-09-01,343.05836320191156,0,0
Comal Springs,9,2007-02-01,2007-10-01,359.19456391875747,0,0
Comal Springs,9,2007-03-01,2007-11-01,374.4186379928315,0,0
Comal Springs,9,2007-04-01,2007-12-01,389.7591397849462,0,0
Comal Springs,9,2007-05-01,2008-01-01,399.7169653524492,0,0
Comal Springs,9,2007-06-01,2008-02-01,407.44023812466526,0,0
Comal Springs,9,2007-07-01,2008-03-01,414.90296213900217,0,0
Comal Springs,9,2007-08-01,2008-04-01,409.2840851975446,0,0
Comal Springs,9,2007-09-01,2008-05-01,396.8647303588349,0,0
Comal Springs,9,2007-10-01,2008-06-01,378.98695258105715,0,0
Comal Springs,9,2007-11-01,2008-07-01,362.4134758785482,0,0
Comal Springs,9,2007-12-01,2008-08-01,348.8766777901372,0,0
Comal Springs,9,2008-01-01,2008-09-01,336.1306801796234,0,0
Comal Springs,9,2008-02-01,2008-10-01,323.26688089646933,0,0
Comal Springs,9,2008-03-01,2008-11-01,311.44504181600956,0,0
Comal Springs,9,2008-04-01,2008-12-01,302.06152927120667,0,0
Comal Springs,9,2008-05-01,2009-01-01,294.38291517323773,0,0
Comal Springs,9,2008-06-01,2009-02-01,287.83913637139443,0,0
Comal Springs,9,2008-07-01,2009-03-01,286.36076122205156,0,0
Comal Springs,9,2008-08-01,2009-04-01,284.7752176139273,0,0
Comal Springs,9,2008-09-01,2009-05-01,277.5780849974399,0,0
Comal Springs,9,2008-10-01,2009-06-01,266.3780849974398,0,0
Comal Springs,9,2008-11-01,2009-07-01,252.7078341013825,0,0
Comal Springs,9,2008-12-01,2009-08-01,239.58776241679467,0,0
Comal Springs,9,2009-01-01,2009-09-01,229.19373613244582,0,0
Comal Springs,9,2009-02-01,2009-10-01,226.44463218979348,0,0
Comal Springs,9,2009-03-01,2009-11-01,228.12664277180406,0,0
Comal Springs,9,2009-04-01,2009-12-01,232.7610513739546,0,0
Comal Springs,9,2009-05-01,2010-01-01,239.7336917562724,0,0
Comal Springs,9,2009-06-01,2010-02-01,253.9141833077317,0,0
Comal Springs,9,2009-07-01,2010-03-01,272.5089264379587,0,0
Comal Springs,9,2009-08-01,2010-04-01,292.86292882744493,0,0
Comal Springs,9,2009-09-01,2010-05-01,312.95611879160265,0,0
Comal Springs,9,2009-10-01,2010-06-01,332.9005632360471,0,0
Comal Springs,9,2009-11-01,2010-07-01,341.3593445980543,0,0
Comal Springs,9,2009-12-01,2010-08-01,344.0203959720089,0,0
Comal Springs,9,2010-01-01,2010-09-01,347.1347328895716,0,0
Comal Springs,9,2010-02-01,2010-10-01,348.7548045741594,0,0
Comal Springs,9,2010-03-01,2010-11-01,345.6378733572282,0,0
Comal Springs,9,2010-04-01,2010-12-01,340.84934289127835,0,0
Comal Springs,9,2010-05-01,2011-01-01,337.1942652329749,0,0
Comal Springs,9,2010-06-01,2011-02-01,333.70924219150027,0,0
Comal Springs,9,2010-07-01,2011-03-01,324.95093872674516,0,0
Comal Springs,9,2010-08-01,2011-04-01,316.48283836832223,0,0
Comal Springs,9,2010-09-01,2011-05-01,306.7193975081072,0,0
Comal Springs,9,2010-10-01,2011-06-01,289.234212322922,0,0
Comal Springs,9,2010-11-01,2011-07-01,270.90087898958865,0,0
Comal Springs,9,2010-12-01,2011-08-01,252.9914405188599,0,0
Comal Springs,9,2011-01-01,2011-09-01,235.7000426693975,0,0
Comal Springs,9,2011-02-01,2011-10-01,221.86133299197814,0,0
Comal Springs,9,2011-03-01,2011-11-01,208.53620071684588,0,0
Comal Springs,9,2011-04-01,2011-12-01,199.42867383512544,0,0
Comal Springs,9,2011-05-01,2012-01-01,194.76774193548388,0,0
Comal Springs,9,2011-06-01,2012-02-01,197.59260907180817,0,0
Comal Springs,9,2011-07-01,2012-03-01,207.12833189140198,0,0
Comal Springs,9,2011-08-01,2012-04-01,216.61339760227412,0,0
Comal Springs,9,2011-09-01,2012-05-01,223.72092448399457,0,0
Comal Springs,9,2011-10-01,2012-06-01,229.00610966917975,0,0
Comal Springs,9,2011-11-01,2012-07-01,229.5831706010794,0,0
Comal Springs,9,2011-12-01,2012-08-01,226.99906068471142,0,0
Comal Springs,9,2012-01-01,2012-09-01,221.9500762163721,0,0
Comal Springs,9,2012-02-01,2012-10-01,220.13287191529685,0,0
Comal Springs,9,2012-03-01,2012-11-01,213.84372759856632,0,0
Comal Springs,9,2012-04-01,2012-12-01,207.06236559139785,0,0
Comal Springs,9,2012-05-01,2013-01-01,202.61672640382318,0,0
Comal Springs,9,2012-06-01,2013-02-01,201.04350571769928,0,0
Comal Springs,9,2012-07-01,2013-03-01,199.76656426011266,0,0
Comal Springs,9,2012-08-01,2013-04-01,199.61292029356545,0,0
Comal Springs,9,2012-09-01,2013-05-01,201.9462536268988,0,0
Comal Springs,9,2012-10-01,2013-06-01,205.66477214541732,0,0
Comal Springs,9,2012-11-01,2013-07-01,201.0626216077829,0,0
Comal Springs,9,2012-12-01,2013-08-01,192.78137907492746,0,0
Comal Springs,9,2013-01-01,2013-09-01,183.01961085509473,0,0
Comal Springs,9,2013-02-01,2013-10-01,174.61817716333846,0,0
Comal Springs,9,2013-03-01,2013-11-01,168.89701314217444,0,0
Comal Springs,9,2013-04-01,2013-12-01,164.14432497013144,0,0
Comal Springs,9,2013-05-01,2014-01-01,161.24062126642772,0,0
Comal Springs,9,2013-06-01,2014-02-01,158.36018091824545,0,0
Comal Springs,9,2013-07-01,2014-03-01,153.0884963304318,0,0
Comal Springs,9,2013-08-01,2014-04-01,150.63174603174602,0,0
Comal Springs,9,2013-09-01,2014-05-01,150.789452124936,0,0
Comal Springs,9,2013-10-01,2014-06-01,153.22648916197303,0,0
Comal Springs,9,2013-11-01,2014-07-01,150.29458952039596,0,0
Comal Springs,9,2013-12-01,2014-08-01,140.89721795528249,0,0
Comal Springs,9,2014-01-01,2014-09-01,131.2231438812084,0,0
Comal Springs,9,2014-02-01,2014-10-01,122.30916538658474,0,0
Comal Springs,9,2014-03-01,2014-11-01,117.47741935483872,0,0
Comal Springs,9,2014-04-01,2014-12-01,115.33405017921147,0,0
Comal Springs,9,2014-05-01,2015-01-01,115.44671445639187,0,0
Comal Springs,9,2014-06-01,2015-02-01,121.97474825055471,0,0
Comal Springs,9,2014-07-01,2015-03-01,127.87295613585937,0,0
Comal Springs,9,2014-08-01,2015-04-01,136.7963731012118,0,0
Comal Springs,9,2014-09-01,2015-05-01,155.04010069977812,0,0
Comal Springs,9,2014-10-01,2015-06-01,182.78454514422256,0,0
Comal Springs,9,2014-11-01,2015-07-01,210.06411503669568,0,0
Comal Springs,9,2014-12-01,2015-08-01,225.9626813449394,0,0
Comal Springs,9,2015-01-01,2015-09-01,234.93329066393582,0,0
Comal Springs,9,2015-02-01,2015-10-01,242.02648062809354,0,0
Comal Springs,9,2015-03-01,2015-11-01,254.21087216248506,0,0
Comal Springs,9,2015-04-01,2015-12-01,266.8345280764636,0,0
Comal Springs,9,2015-05-01,2016-01-01,280.56344086021505,0,0
Comal Springs,9,2015-06-01,2016-02-01,285.5288345074774,0,0
Comal Springs,9,2015-07-01,2016-03-01,282.5480698718741,0,0
Comal Springs,9,2015-08-01,2016-04-01,279.08618217772835,0,0
Comal Springs,9,2015-09-01,2016-05-01,286.3944259053269,0,0
Comal Springs,9,2015-10-01,2016-06-01,304.9796110905121,0,0
Comal Springs,9,2015-11-01,2016-07-01,319.8541630618383,0,0
Comal Springs,9,2015-12-01,2016-08-01,326.7044617476208,0,0
Comal Springs,9,2016-01-01,2016-09-01,334.16778313352285,0,0
Comal Springs,9,2016-02-01,2016-10-01,339.33265768549415,0,0
Comal Springs,9,2016-03-01,2016-11-01,348.1431302270012,0,0
Comal Springs,9,2016-04-01,2016-12-01,358.94599761051376,0,0
Comal Springs,9,2016-05-01,2017-01-01,368.82007168458784,0,0
Comal Springs,9,2016-06-01,2017-02-01,377.75849974398363,0,0
Comal Springs,9,2016-07-01,2017-03-01,381.34607441542926,0,0
Comal Springs,9,2016-08-01,2017-04-01,388.865668202765,0,0
Comal Springs,9,2016-09-01,2017-05-01,391.4642345110087,0,0
Comal Springs,9,2016-10-01,2017-06-01,388.38275302952724,0,0
Comal Springs,9,2016-11-01,2017-07-01,379.7053336746885,0,0
Comal Springs,9,2016-12-01,2017-08-01,368.34882232462877,0,0
Comal Springs,9,2017-01-01,2017-09-01,356.1637566137566,0,0
Comal Springs,9,2017-02-01,2017-10-01,345.0741508789896,0,0
Comal Springs,9,2017-03-01,2017-11-01,331.8437275985663,0,0
Comal Springs,9,2017-04-01,2017-12-01,317.81863799283155,0,0
Comal Springs,9,2017-05-01,2018-01-01,305.8689366786141,0,0
Comal Springs,9,2017-06-01,2018-02-01,296.3626642771804,0,0
Comal Springs,9,2017-07-01,2018-03-01,290.0453405017921,0,0
Comal Springs,9,2017-08-01,2018-04-01,290.43637992831543,0,0
Comal Springs,9,2017-09-01,2018-05-01,290.43637992831543,0,0
Comal Springs,9,2017-10-01,2018-06-01,282.57712066905617,0,0
Comal Springs,9,2017-11-01,2018-07-01,274.19002389486263,0,0
Comal Springs,9,2017-12-01,2018-08-01,261.62180406212667,0,0
Comal Springs,9,2018-01-01,2018-09-01,257.13709677419354,0,0
Comal Springs,9,2018-02-01,2018-10-01,261.2625448028674,0,0
Comal Springs,9,2018-03-01,2018-11-01,268.8458781362007,0,0
Comal Springs,9,2018-04-01,2018-12-01,278.3405017921147,0,0
Comal Springs,9,2018-05-01,2019-01-01,288.26487455197133,0,0
Comal Springs,9,2018-06-01,2019-02-01,300.60128008192527,0,0
Comal Springs,9,2018-07-01,2019-03-01,318.95384877965523,0,0
Comal Springs,9,2018-08-01,2019-04-01,335.0120327700973,0,0
Comal Springs,9,2018-09-01,2019-05-01,356.82923707117254,0,0
Comal Springs,9,2018-10-01,2019-06-01,370.50331114524664,0,0
Comal Springs,9,2018-11-01,2019-07-01,371.2380781703362,0,0
Comal Springs,9,2018-12-01,2019-08-01,364.01764806280937,0,0
Comal Springs,9,2019-01-01,2019-09-01,355.7699778119133,0,0
Comal Springs,9,2019-02-01,2019-10-01,346.0746373101212,0,0
Comal Springs,9,2019-03-01,2019-11-01,340.02807646356035,0,0
Comal Springs,9,2019-04-01,2019-12-01,332.7449223416965,0,0
Comal Springs,9,2019-05-01,2020-01-01,327.82293906810037,0,0
Comal Springs,9,2019-06-01,2020-02-01,321.61814361636385,0,0
Comal Springs,9,2019-07-01,2020-03-01,314.07752234993615,0,0
Comal Springs,9,2019-08-01,2020-04-01,309.90774935113086,0,0
Comal Springs,9,2019-09-01,2020-05-01,308.9794339389445,0,0
Comal Springs,9,2019-10-01,2020-06-01,306.1905450500556,0,0
Comal Springs,9,2019-11-01,2020-07-01,302.0113335805216,0,0
Comal Springs,9,2019-12-01,2020-08-01,292.91145305483457,0,0
Comal Springs,9,2020-01-01,2020-09-01,287.50500144193137,0,0
Comal Springs,9,2020-02-01,2020-10-01,282.57668602974496,0,0
Comal Springs,9,2020-03-01,2020-11-01,274.5880525686977,0,0
Comal Springs,9,2020-04-01,2020-12-01,269.44109916367984,0,0
Comal Springs,9,2020-05-01,2021-01-01,265.14492234169654,0,0
Comal Springs,9,2020-06-01,2021-02-01,261.83335040109233,0,0
Comal Springs,9,2020-07-01,2021-03-01,258.8268987881891,0,0
Comal Springs,9,2020-08-01,2021-04-01,253.99559651817717,0,0
Comal Springs,9,2020-09-01,2021-05-01,256.9310803891449,0,0
Comal Springs,9,2020-10-01,2021-06-01,260.30145075951526,0,0
Comal Springs,9,2020-11-01,2021-07-01,262.30145075951526,0,0
Comal Springs,9,2020-12-01,2021-08-01,266.3873527905786,0,0
Comal Springs,9,2021-01-01,2021-09-01,267.0193719064687,0,0
Comal Springs,9,2021-02-01,2021-10-01,266.7505547021676,0,0
Comal Springs,9,2021-03-01,2021-11-01,269.7405017921147,0,0
Comal Springs,9,2021-04-01,2021-12-01,273.05591397849463,0,0
Comal Springs,9,2021-05-01,2022-01-01,279.5252090800478,0,0
Comal Springs,9,2021-06-01,2022-02-01,281.03378562894693,0,0
Comal Springs,9,2021-07-01,2022-03-01,277.8942396313364,0,0
Comal Springs,9,2021-08-01,2022-04-01,270.2963901689708,0,0
Comal Springs,9,2021-09-01,2022-05-01,259.43975934459803,0,0
Comal Springs,9,2021-10-01,2022-06-01,245.9730926779314,0,0
Comal Springs,9,2021-11-01,2022-07-01,228.93725038402457,0,0
Comal Springs,9,2021-12-01,2022-08-01,208.58862433862433,0,0
Comal Springs,9,2022-01-01,2022-09-01,190.38336746885133,0,0
Comal Springs,9,2022-02-01,2022-10-01,170.74179040791944,0,0
Comal Springs,9,2022-03-01,2022-11-01,152.50872162485066,0,0
Comal Springs,9,2022-04-01,2022-12-01,136.8958183990442,0,0
Comal Springs,9,2022-05-01,2023-01-01,126.13166069295102,0,0
Comal Springs,9,2022-06-01,2023-02-01,118.88678102065198,0,0
Comal Springs,9,2022-07-01,2023-03-01,115.94365079365079,0,0
Comal Springs,9,2022-08-01,2023-04-01,117.9963389656938,0,0
Comal Springs,9,2022-09-01,2023-05-01,125.23289810547875,0,0
Comal Springs,9,2022-10-01,2023-06-01,130.24400921658986,0,0
Comal Springs,9,2022-11-01,2023-07-01,129.93934971838198,0,0
Comal Springs,9,2022-12-01,2023-08-01,123.76778460488138,0,0
Comal Springs,9,2023-01-01,2023-09-01,117.56467827274278,0,0
Comal Springs,9,2023-02-01,2023-10-01,113.50016214371053,0,0
Comal Springs,9,2023-03-01,2023-11-01,112.61947431302269,0,0
Comal Springs,9,2023-04-01,2023-12-01,114.18936678614098,0,0
Comal Springs,9,2023-05-01,2024-01-01,116.36248506571087,0,0
Comal Springs,9,2023-06-01,2024-02-01,117.70929015778849,0,0
Comal Springs,9,2023-07-01,2024-03-01,117.559349894945,0,0
Comal Springs,9,2023-08-01,2024-04-01,123.78073579697606,0,0
Comal Springs,9,2023-09-01,2024-05-01,130.85600461418036,0,0
Comal Springs,9,2023-10-01,2024-06-01,133.24118979936554,0,0
Comal Springs,9,2023-11-01,2024-07-01,134.5135912330573,0,0
Comal Springs,9,2023-12-01,2024-08-01,132.5352160837144,0,0
Comal Springs,9,2024-01-01,2024-09-01,127.8788242079677,0,0
Comal Springs,9,2024-02-01,2024-10-01,117.93975610760927,0,0
Comal Springs,9,2024-03-01,2024-11-01,105.34575866188769,0,0
Comal Springs,9,2024-04-01,2024-12-01,94.34934289127837,0,0
Comal Springs,9,2024-05-01,2025-01-01,85.68709677419355,0,0
Comal Springs,9,2024-06-01,2025-02-01,81.13154121863799,0,0
Comal Springs,9,2024-07-01,2025-03-01,79.0605734767025,0,0
Comal Springs,9,2024-08-01,2025-04-01,75.36869772998806,0,0
Comal Springs,9,2024-09-01,2025-05-01,71.17873357228196,0,0
Comal Springs,9,2024-10-01,2025-06-01,74.24169653524493,0,0
Comal Springs,9,2024-11-01,2025-07-01,82.82951015531661,0,0
Comal Springs,9,2024-12-01,2025-08-01,85.32401433691756,0,0
Comal Springs,9,2025-01-01,2025-09-01,88.7925925925926,0,0
Comal Springs,9,2025-02-01,2025-10-01,88.14743130227001,0,0
Comal Springs,9,2025-03-01,2025-11-01,85.75113500597372,0,0
Comal Springs,9,2025-04-01,2025-12-01,85.74755077658304,0,0
Comal Springs,9,2025-05-01,2026-01-01,86.48243727598566,0,0
Comal Springs,9,2025-06-01,2026-02-01,87.61479774705582,0,0
Comal Springs,9,2025-07-01,2026-03-01,81.78170336234852,0,0
Comal Springs,9,2025-08-01,2026-04-01,74.6857654889913,0,0
Comal Springs,9,2025-09-01,2026-05-01,81.11228878648234,0,0
Comal Springs,9,2025-10-01,2026-06-01,89.53451100870456,0,0
Comal Springs,9,2025-11-01,2026-07-01,103.29078341013825,0,0
Comal Springs,12,1931-02-01,1932-01-01,NA,NA,NA
Comal Springs,12,1931-03-01,1932-02-01,NA,NA,NA
Comal Springs,12,1931-04-01,1932-03-01,NA,NA,NA
Comal Springs,12,1931-05-01,1932-04-01,NA,NA,NA
Comal Springs,12,1931-06-01,1932-05-01,NA,NA,NA
Comal Springs,12,1931-07-01,1932-06-01,NA,NA,NA
Comal Springs,12,1931-08-01,1932-07-01,NA,NA,NA
Comal Springs,12,1931-09-01,1932-08-01,NA,NA,NA
Comal Springs,12,1931-10-01,1932-09-01,NA,NA,NA
Comal Springs,12,1931-11-01,1932-10-01,NA,NA,NA
Comal Springs,12,1931-12-01,1932-11-01,NA,NA,NA
Comal Springs,12,1932-01-01,1932-12-01,320.60789972397316,2,0
Comal Springs,12,1932-02-01,1933-01-01,319.85252337988715,2,0
Comal Springs,12,1932-03-01,1933-02-01,319.0102614751252,2,0
Comal Springs,12,1932-04-01,1933-03-01,317.6607991095338,2,0
Comal Springs,12,1932-05-01,1933-04-01,320.61542873916346,1,0
Comal Springs,12,1932-06-01,1933-05-01,322.38693411550753,1,0
Comal Springs,12,1932-07-01,1933-06-01,321.8424896710631,1,0
Comal Springs,12,1932-08-01,1933-07-01,320.4607692409556,1,0
Comal Springs,12,1932-09-01,1933-08-01,317.1139950474072,1,0
Comal Springs,12,1932-10-01,1933-09-01,314.9517345110087,0,0
Comal Springs,12,1932-11-01,1933-10-01,312.31732590885815,0,0
Comal Springs,12,1932-12-01,1933-11-01,310.89232590885814,0,0
Comal Springs,12,1933-01-01,1933-12-01,309.843938812084,0,0
Comal Springs,12,1933-02-01,1934-01-01,310.4595302099334,0,0
Comal Springs,12,1933-03-01,1934-02-01,310.9803635432668,0,0
Comal Springs,12,1933-04-01,1934-03-01,312.58251408090115,0,0
Comal Springs,12,1933-05-01,1934-04-01,311.7769585253456,0,0
Comal Springs,12,1933-06-01,1934-05-01,312.0968509984639,0,0
Comal Springs,12,1933-07-01,1934-06-01,313.79407322068613,0,0
Comal Springs,12,1933-08-01,1934-07-01,315.2349334357399,0,0
Comal Springs,12,1933-09-01,1934-08-01,316.8908474142345,0,0
Comal Springs,12,1933-10-01,1934-09-01,315.7797363031234,0,0
Comal Springs,12,1933-11-01,1934-10-01,316.8039298515105,0,0
Comal Springs,12,1933-12-01,1934-11-01,315.7400409626216,0,0
Comal Springs,12,1934-01-01,1934-12-01,313.9174603174603,0,0
Comal Springs,12,1934-02-01,1935-01-01,312.08143881208395,0,0
Comal Springs,12,1934-03-01,1935-02-01,311.24810547875063,0,0
Comal Springs,12,1934-04-01,1935-03-01,308.3126216077829,0,0
Comal Springs,12,1934-05-01,1935-04-01,305.7626216077829,0,0
Comal Springs,12,1934-06-01,1935-05-01,304.2115463389657,0,0
Comal Springs,12,1934-07-01,1935-06-01,304.9421018945212,0,0
Comal Springs,12,1934-08-01,1935-07-01,305.5281233998976,0,0
Comal Springs,12,1934-09-01,1935-08-01,306.877585765489,0,0
Comal Springs,12,1934-10-01,1935-09-01,310.1664746543779,0,0
Comal Springs,12,1934-11-01,1935-10-01,313.2740015360983,0,0
Comal Springs,12,1934-12-01,1935-11-01,318.9962237583205,0,0
Comal Springs,12,1935-01-01,1935-12-01,326.0123527905786,0,0
Comal Springs,12,1935-02-01,1936-01-01,332.5634280593958,0,0
Comal Springs,12,1935-03-01,1936-02-01,338.7124428377209,0,0
Comal Springs,12,1935-04-01,1936-03-01,343.9543783215919,0,0
Comal Springs,12,1935-05-01,1936-04-01,346.7766005438141,0,0
Comal Springs,12,1935-06-01,1936-05-01,349.36531022123347,0,0
Comal Springs,12,1935-07-01,1936-06-01,353.89586577678904,0,0
Comal Springs,12,1935-08-01,1936-07-01,356.00608083055243,0,0
Comal Springs,12,1935-09-01,1936-08-01,357.40661846496107,0,0
Comal Springs,12,1935-10-01,1936-09-01,359.6371740205166,0,0
Comal Springs,12,1935-11-01,1936-10-01,361.6264213323446,0,0
Comal Springs,12,1935-12-01,1936-11-01,362.10697688790015,0,0
Comal Springs,12,1936-01-01,1936-12-01,360.77095538252377,0,0
Comal Springs,12,1936-02-01,1937-01-01,358.5424607588679,0,0
Comal Springs,12,1936-03-01,1937-02-01,357.0243983614951,0,0
Comal Springs,12,1936-04-01,1937-03-01,357.59966717869946,0,0
Comal Springs,12,1936-05-01,1937-04-01,361.06077828981057,0,0
Comal Springs,12,1936-06-01,1937-05-01,363.1441116231439,0,0
Comal Springs,12,1936-07-01,1937-06-01,362.4163338453661,0,0
Comal Springs,12,1936-08-01,1937-07-01,361.8652585765489,0,0
Comal Springs,12,1936-09-01,1937-08-01,360.4028929851511,0,0
Comal Springs,12,1936-10-01,1937-09-01,358.13067076292884,0,0
Comal Springs,12,1936-11-01,1937-10-01,354.2973374295955,0,0
Comal Springs,12,1936-12-01,1937-11-01,350.4390040962622,0,0
Comal Springs,12,1937-01-01,1937-12-01,347.895993343574,0,0
Comal Springs,12,1937-02-01,1938-01-01,346.00352022529444,0,0
Comal Springs,12,1937-03-01,1938-02-01,344.23566308243727,0,0
Comal Springs,12,1937-04-01,1938-03-01,341.423835125448,0,0
Comal Springs,12,1937-05-01,1938-04-01,338.7877240143369,0,0
Comal Springs,12,1937-06-01,1938-05-01,338.9221326164875,0,0
Comal Springs,12,1937-07-01,1938-06-01,337.81935483870967,0,0
Comal Springs,12,1937-08-01,1938-07-01,337.2924731182796,0,0
Comal Springs,12,1937-09-01,1938-08-01,337.35967741935485,0,0
Comal Springs,12,1937-10-01,1938-09-01,338.5541218637993,0,0
Comal Springs,12,1937-11-01,1938-10-01,340.2019713261649,0,0
Comal Springs,12,1937-12-01,1938-11-01,342.1686379928315,0,0
Comal Springs,12,1938-01-01,1938-12-01,342.7546594982079,0,0
Comal Springs,12,1938-02-01,1939-01-01,342.539605734767,0,0
Comal Springs,12,1938-03-01,1939-02-01,342.40270097286225,0,0
Comal Springs,12,1938-04-01,1939-03-01,341.57474398361495,0,0
Comal Springs,12,1938-05-01,1939-04-01,339.22474398361493,0,0
Comal Springs,12,1938-06-01,1939-05-01,333.98818484383,0,0
Comal Springs,12,1938-07-01,1939-06-01,328.8270737327189,0,0
Comal Springs,12,1938-08-01,1939-07-01,321.6362135176651,0,0
Comal Springs,12,1938-09-01,1939-08-01,317.2087941628264,0,0
Comal Springs,12,1938-10-01,1939-09-01,313.47823860727084,0,0
Comal Springs,12,1938-11-01,1939-10-01,309.12339989759346,0,0
Comal Springs,12,1938-12-01,1939-11-01,303.8400665642601,0,0
Comal Springs,12,1939-01-01,1939-12-01,300.0954429083461,0,0
Comal Springs,12,1939-02-01,1940-01-01,296.9153353814644,0,0
Comal Springs,12,1939-03-01,1940-02-01,293.5105734767025,0,0
Comal Springs,12,1939-04-01,1940-03-01,290.626164874552,0,0
Comal Springs,12,1939-05-01,1940-04-01,287.34005376344084,0,0
Comal Springs,12,1939-06-01,1940-05-01,283.9233870967742,0,0
Comal Springs,12,1939-07-01,1940-06-01,281.6483870967742,0,0
Comal Springs,12,1939-08-01,1940-07-01,283.0731182795699,0,0
Comal Springs,12,1939-09-01,1940-08-01,281.9763440860215,0,0
Comal Springs,12,1939-10-01,1940-09-01,279.38467741935483,0,0
Comal Springs,12,1939-11-01,1940-10-01,278.1319892473118,0,0
Comal Springs,12,1939-12-01,1940-11-01,277.76810035842294,0,0
Comal Springs,12,1940-01-01,1940-12-01,278.02078853046595,0,0
Comal Springs,12,1940-02-01,1941-01-01,279.034229390681,0,0
Comal Springs,12,1940-03-01,1941-02-01,280.92113415258575,0,0
Comal Springs,12,1940-04-01,1941-03-01,284.0017793138761,0,0
Comal Springs,12,1940-05-01,1941-04-01,289.1101126472094,0,0
Comal Springs,12,1940-06-01,1941-05-01,299.5294674859191,0,0
Comal Springs,12,1940-07-01,1941-06-01,307.68502304147466,0,0
Comal Springs,12,1940-08-01,1941-07-01,313.7925499231951,0,0
Comal Springs,12,1940-09-01,1941-08-01,320.80599078341015,0,0
Comal Springs,12,1940-10-01,1941-09-01,326.2365463389657,0,0
Comal Springs,12,1940-11-01,1941-10-01,333.0161162314388,0,0
Comal Springs,12,1940-12-01,1941-11-01,338.9800051203277,0,0
Comal Springs,12,1941-01-01,1941-12-01,342.807962109575,0,0
Comal Springs,12,1941-02-01,1942-01-01,346.2407578084997,0,0
Comal Springs,12,1941-03-01,1942-02-01,348.0949244751664,0,0
Comal Springs,12,1941-04-01,1942-03-01,349.1675051203277,0,0
Comal Springs,12,1941-05-01,1942-04-01,349.2452828981055,0,0
Comal Springs,12,1941-06-01,1942-05-01,342.9710893497184,0,0
Comal Springs,12,1941-07-01,1942-06-01,338.2183115719406,0,0
Comal Springs,12,1941-08-01,1942-07-01,335.55702124936,0,0
Comal Springs,12,1941-09-01,1942-08-01,332.15917178699436,0,0
Comal Springs,12,1941-10-01,1942-09-01,333.3841717869944,0,0
Comal Springs,12,1941-11-01,1942-10-01,336.23363415258575,0,0
Comal Springs,12,1941-12-01,1942-11-01,341.53085637480797,0,0
Comal Springs,12,1942-01-01,1942-12-01,348.3077380952381,0,0
Comal Springs,12,1942-02-01,1943-01-01,354.1007488479263,0,0
Comal Springs,12,1942-03-01,1943-02-01,358.83289170506913,0,0
Comal Springs,12,1942-04-01,1943-03-01,361.9968701996928,0,0
Comal Springs,12,1942-05-01,1943-04-01,363.4413146441372,0,0
Comal Springs,12,1942-06-01,1943-05-01,365.13217485919097,0,0
Comal Springs,12,1942-07-01,1943-06-01,365.94884152585763,0,0
Comal Springs,12,1942-08-01,1943-07-01,366.1074436763953,0,0
Comal Springs,12,1942-09-01,1943-08-01,365.9434651817716,0,0
Comal Springs,12,1942-10-01,1943-09-01,363.0851318484383,0,0
Comal Springs,12,1942-11-01,1943-10-01,356.32975550435225,0,0
Comal Springs,12,1942-12-01,1943-11-01,348.80753328213007,0,0
Comal Springs,12,1943-01-01,1943-12-01,340.26183435739887,0,0
Comal Springs,12,1943-02-01,1944-01-01,334.00914618535586,0,0
Comal Springs,12,1943-03-01,1944-02-01,329.41236868125077,0,0
Comal Springs,12,1943-04-01,1944-03-01,328.1784977135088,0,0
Comal Springs,12,1943-05-01,1944-04-01,330.3784977135088,0,0
Comal Springs,12,1943-06-01,1944-05-01,334.3704331973798,0,0
Comal Springs,12,1943-07-01,1944-06-01,338.5343220862687,0,0
Comal Springs,12,1943-08-01,1944-07-01,340.7977629464838,0,0
Comal Springs,12,1943-09-01,1944-08-01,341.64722531207514,0,0
Comal Springs,12,1943-10-01,1944-09-01,342.55833642318623,0,0
Comal Springs,12,1943-11-01,1944-10-01,344.1013471758744,0,0
Comal Springs,12,1943-12-01,1944-11-01,343.89856939809664,0,0
Comal Springs,12,1944-01-01,1944-12-01,345.2560962798171,0,0
Comal Springs,12,1944-02-01,1945-01-01,346.24803176368806,0,0
Comal Springs,12,1944-03-01,1945-02-01,350.0739759344598,0,0
Comal Springs,12,1944-04-01,1945-03-01,352.122363031234,0,0
Comal Springs,12,1944-05-01,1945-04-01,354.0584741423451,0,0
Comal Springs,12,1944-06-01,1945-05-01,356.81922683051715,0,0
Comal Springs,12,1944-07-01,1945-06-01,356.5164490527394,0,0
Comal Springs,12,1944-08-01,1945-07-01,355.8255888376856,0,0
Comal Springs,12,1944-09-01,1945-08-01,357.0083845366103,0,0
Comal Springs,12,1944-10-01,1945-09-01,357.19727342549925,0,0
Comal Springs,12,1944-11-01,1945-10-01,357.9607142857143,0,0
Comal Springs,12,1944-12-01,1945-11-01,359.4690476190476,0,0
Comal Springs,12,1945-01-01,1945-12-01,359.9663594470046,0,0
Comal Springs,12,1945-02-01,1946-01-01,358.2566820276498,0,0
Comal Springs,12,1945-03-01,1946-02-01,352.64061059907834,0,0
Comal Springs,12,1945-04-01,1946-03-01,348.8341589861751,0,0
Comal Springs,12,1945-05-01,1946-04-01,342.56471454173067,0,0
Comal Springs,12,1945-06-01,1946-05-01,336.8469726062468,0,0
Comal Springs,12,1945-07-01,1946-06-01,336.21919482846903,0,0
Comal Springs,12,1945-08-01,1946-07-01,338.55790450588836,0,0
Comal Springs,12,1945-09-01,1946-08-01,339.88317332309265,0,0
Comal Springs,12,1945-10-01,1946-09-01,342.72206221198155,0,0
Comal Springs,12,1945-11-01,1946-10-01,347.64948156682027,0,0
Comal Springs,12,1945-12-01,1946-11-01,353.4189260112647,0,0
Comal Springs,12,1946-01-01,1946-12-01,358.67699052739374,0,0
Comal Springs,12,1946-02-01,1947-01-01,366.01570020481313,0,0
Comal Springs,12,1946-03-01,1947-02-01,373.93236687147976,0,0
Comal Springs,12,1946-04-01,1947-03-01,379.6581733230927,0,0
Comal Springs,12,1946-05-01,1947-04-01,384.97761776753714,0,0
Comal Springs,12,1946-06-01,1947-05-01,386.7437467997952,0,0
Comal Springs,12,1946-07-01,1947-06-01,384.9881912442396,0,0
Comal Springs,12,1946-08-01,1947-07-01,381.17098694316434,0,0
Comal Springs,12,1946-09-01,1947-08-01,378.34840629800306,0,0
Comal Springs,12,1946-10-01,1947-09-01,374.2511840757808,0,0
Comal Springs,12,1946-11-01,1947-10-01,367.5038722478239,0,0
Comal Springs,12,1946-12-01,1947-11-01,359.9233166922683,0,0
Comal Springs,12,1947-01-01,1947-12-01,352.4528865847414,0,0
Comal Springs,12,1947-02-01,1948-01-01,343.50933819764464,0,0
Comal Springs,12,1947-03-01,1948-02-01,335.29084476578913,0,0
Comal Springs,12,1947-04-01,1948-03-01,326.21826412062785,0,0
Comal Springs,12,1947-05-01,1948-04-01,318.0265974539612,0,0
Comal Springs,12,1947-06-01,1948-05-01,311.2093931528859,0,0
Comal Springs,12,1947-07-01,1948-06-01,305.6149487084415,0,0
Comal Springs,12,1947-08-01,1948-07-01,300.42677666543074,0,0
Comal Springs,12,1947-09-01,1948-08-01,294.8918304288716,0,0
Comal Springs,12,1947-10-01,1948-09-01,289.79738598442714,0,0
Comal Springs,12,1947-11-01,1948-10-01,285.2328698553949,0,0
Comal Springs,12,1947-12-01,1948-11-01,281.2050920776171,0,0
Comal Springs,12,1948-01-01,1948-12-01,276.80724261525154,0,0
Comal Springs,12,1948-02-01,1949-01-01,272.96853293783215,0,0
Comal Springs,12,1948-03-01,1949-02-01,267.60071684587814,0,0
Comal Springs,12,1948-04-01,1949-03-01,265.4501792114695,0,0
Comal Springs,12,1948-05-01,1949-04-01,264.5779569892473,0,0
Comal Springs,12,1948-06-01,1949-05-01,266.9193548387097,0,0
Comal Springs,12,1948-07-01,1949-06-01,270.04713261648743,0,0
Comal Springs,12,1948-08-01,1949-07-01,273.8051971326165,0,0
Comal Springs,12,1948-09-01,1949-08-01,277.90197132616487,0,0
Comal Springs,12,1948-10-01,1949-09-01,280.35197132616486,0,0
Comal Springs,12,1948-11-01,1949-10-01,282.370788530466,0,0
Comal Springs,12,1948-12-01,1949-11-01,284.10412186379926,0,0
Comal Springs,12,1949-01-01,1949-12-01,286.44551971326166,0,0
Comal Springs,12,1949-02-01,1950-01-01,288.536917562724,0,0
Comal Springs,12,1949-03-01,1950-02-01,291.9506080389145,0,0
Comal Springs,12,1949-04-01,1950-03-01,292.6280273937532,0,0
Comal Springs,12,1949-05-01,1950-04-01,291.7141385048643,0,0
Comal Springs,12,1949-06-01,1950-05-01,288.0931707629288,0,0
Comal Springs,12,1949-07-01,1950-06-01,284.0737263184844,0,0
Comal Springs,12,1949-08-01,1950-07-01,279.3801779313876,0,0
Comal Springs,12,1949-09-01,1950-08-01,274.3721134152586,0,0
Comal Springs,12,1949-10-01,1950-09-01,271.0054467485919,0,0
Comal Springs,12,1949-11-01,1950-10-01,268.3334037378392,0,0
Comal Springs,12,1949-12-01,1950-11-01,264.886181515617,0,0
Comal Springs,12,1950-01-01,1950-12-01,260.8109126984127,0,0
Comal Springs,12,1950-02-01,1951-01-01,256.4184395801331,0,0
Comal Springs,12,1950-03-01,1951-02-01,251.34105862775218,0,0
Comal Springs,12,1950-04-01,1951-03-01,246.56148873527906,0,0
Comal Springs,12,1950-05-01,1951-04-01,241.71426651305683,0,0
Comal Springs,12,1950-06-01,1951-05-01,237.2088901689708,0,0
Comal Springs,12,1950-07-01,1951-06-01,232.66722350230415,0,0
Comal Springs,12,1950-08-01,1951-07-01,227.09733102918585,0,0
Comal Springs,12,1950-09-01,1951-08-01,221.48980414746543,0,0
Comal Springs,12,1950-10-01,1951-09-01,215.71758192524322,0,0
Comal Springs,12,1950-11-01,1951-10-01,210.21758192524322,0,0
Comal Springs,12,1950-12-01,1951-11-01,206.15369303635433,0,0
Comal Springs,12,1951-01-01,1951-12-01,203.3526177675371,0,0
Comal Springs,12,1951-02-01,1952-01-01,200.06767153097798,0,0
Comal Springs,12,1951-03-01,1952-02-01,196.53595970831788,0,0
Comal Springs,12,1951-04-01,1952-03-01,192.99563712767272,0,0
Comal Springs,12,1951-05-01,1952-04-01,190.3734149054505,0,0
Comal Springs,12,1951-06-01,1952-05-01,187.47825361512793,0,0
Comal Springs,12,1951-07-01,1952-06-01,184.5671425040168,0,0
Comal Springs,12,1951-08-01,1952-07-01,182.27681992337165,0,0
Comal Springs,12,1951-09-01,1952-08-01,178.38165863304906,0,0
Comal Springs,12,1951-10-01,1952-09-01,177.89832529971574,0,0
Comal Springs,12,1951-11-01,1952-10-01,178.70208874057596,0,0
Comal Springs,12,1951-12-01,1952-11-01,179.3437554072426,0,0
Comal Springs,12,1952-01-01,1952-12-01,181.18246508466197,0,0
Comal Springs,12,1952-02-01,1953-01-01,184.39214250401682,0,0
Comal Springs,12,1952-03-01,1953-02-01,188.12921146953406,0,0
Comal Springs,12,1952-04-01,1953-03-01,191.4410394265233,0,0
Comal Springs,12,1952-05-01,1953-04-01,193.4660394265233,0,0
Comal Springs,12,1952-06-01,1953-05-01,195.2456093189964,0,0
Comal Springs,12,1952-07-01,1953-06-01,194.99283154121864,0,0
Comal Springs,12,1952-08-01,1953-07-01,193.49014336917563,0,0
Comal Springs,12,1952-09-01,1953-08-01,192.9363799283154,0,0
Comal Springs,12,1952-10-01,1953-09-01,193.88637992831542,0,0
Comal Springs,12,1952-11-01,1953-10-01,194.01541218637993,0,0
Comal Springs,12,1952-12-01,1953-11-01,194.46818996415772,0,0
Comal Springs,12,1953-01-01,1953-12-01,191.63485663082437,0,0
Comal Springs,12,1953-02-01,1954-01-01,189.63754480286738,0,0
Comal Springs,12,1953-03-01,1954-02-01,187.7863543266769,0,0
Comal Springs,12,1953-04-01,1954-03-01,183.87237583205325,0,0
Comal Springs,12,1953-05-01,1954-04-01,178.77237583205326,0,0
Comal Springs,12,1953-06-01,1954-05-01,174.36915002560164,0,0
Comal Springs,12,1953-07-01,1954-06-01,169.86637224782388,0,0
Comal Springs,12,1953-08-01,1954-07-01,166.7292754736303,0,0
Comal Springs,12,1953-09-01,1954-08-01,163.2749743983615,0,0
Comal Springs,12,1953-10-01,1954-09-01,154.45552995391705,0,0
Comal Springs,12,1953-11-01,1954-10-01,147.2942396313364,0,0
Comal Springs,12,1953-12-01,1954-11-01,140.5581285202253,0,0
Comal Springs,12,1954-01-01,1954-12-01,135.51511776753713,0,0
Comal Springs,12,1954-02-01,1955-01-01,129.732859703021,0,0
Comal Springs,12,1954-03-01,1955-02-01,124.60785970302099,0,0
Comal Springs,12,1954-04-01,1955-03-01,121.02452636968766,0,0
Comal Springs,12,1954-05-01,1955-04-01,117.52452636968766,0,0
Comal Springs,12,1954-06-01,1955-05-01,112.87130056323605,0,0
Comal Springs,12,1954-07-01,1955-06-01,110.15741167434716,0,0
Comal Springs,12,1954-08-01,1955-07-01,106.82676651305684,0,0
Comal Springs,12,1954-09-01,1955-08-01,104.20579877112135,0,0
Comal Springs,12,1954-10-01,1955-09-01,102.25579877112135,0,0
Comal Springs,12,1954-11-01,1955-10-01,98.08913210445469,0,0
Comal Springs,12,1954-12-01,1955-11-01,93.7752432155658,0,0
Comal Springs,12,1955-01-01,1955-12-01,90.52255504352279,0,0
Comal Springs,12,1955-02-01,1956-01-01,86.71072708653354,0,0
Comal Springs,12,1955-03-01,1956-02-01,82.59352675812632,0,0
Comal Springs,12,1955-04-01,1956-03-01,77.61234396242739,0,0
Comal Springs,12,1955-05-01,1956-04-01,72.29289951798295,0,0
Comal Springs,12,1955-06-01,1956-05-01,66.8547274749722,0,0
Comal Springs,12,1955-07-01,1956-06-01,59.863060808305526,0,0
Comal Springs,12,1955-08-01,1956-07-01,54.4571468298109,0,0
Comal Springs,12,1955-09-01,1956-08-01,50.12918984056359,0,0
Comal Springs,12,1955-10-01,1956-09-01,45.612523173896925,0,0
Comal Springs,12,1955-11-01,1956-10-01,40.722738227660365,0,0
Comal Springs,12,1955-12-01,1956-11-01,36.51996044988258,0,0
Comal Springs,12,1956-01-01,1956-12-01,31.96619700902237,0,0
Comal Springs,12,1956-02-01,1957-01-01,28.6489927079471,0,0
Comal Springs,12,1956-03-01,1957-02-01,24.998335893497185,0,0
Comal Springs,12,1956-04-01,1957-03-01,24.678443420378905,0,0
Comal Springs,12,1956-05-01,1957-04-01,29.872887864823348,0,0
Comal Springs,12,1956-06-01,1957-05-01,42.86213517665131,0,0
Comal Springs,12,1956-07-01,1957-06-01,62.35935739887353,0,0
Comal Springs,12,1956-08-01,1957-07-01,75.42924987199181,0,0
Comal Springs,12,1956-09-01,1957-08-01,83.09054019457245,0,0
Comal Springs,12,1956-10-01,1957-09-01,93.17387352790578,0,0
Comal Springs,12,1956-11-01,1957-10-01,109.35666922683052,0,0
Comal Springs,12,1956-12-01,1957-11-01,127.22055811571941,0,0
Comal Springs,12,1957-01-01,1957-12-01,145.2716333845366,0,0
Comal Springs,12,1957-02-01,1958-01-01,164.03507424475166,0,0
Comal Springs,12,1957-03-01,1958-02-01,185.51721710189452,0,0
Comal Springs,12,1957-04-01,1958-03-01,208.26721710189452,0,0
Comal Springs,12,1957-05-01,1958-04-01,227.82555043522785,0,0
Comal Springs,12,1957-06-01,1958-05-01,241.2879160266257,0,0
Comal Springs,12,1957-07-01,1958-06-01,247.46847158218125,0,0
Comal Springs,12,1957-08-01,1958-07-01,259.5302995391705,0,0
Comal Springs,12,1957-09-01,1958-08-01,273.90126728110596,0,0
Comal Springs,12,1957-10-01,1958-09-01,287.2234895033282,0,0
Comal Springs,12,1957-11-01,1958-10-01,298.20198412698414,0,0
Comal Springs,12,1957-12-01,1958-11-01,306.37142857142857,0,0
Comal Springs,12,1958-01-01,1958-12-01,313.5542242703533,0,0
Comal Springs,12,1958-02-01,1959-01-01,318.4305683563748,0,0
Comal Springs,12,1958-03-01,1959-02-01,320.9484254992319,0,0
Comal Springs,12,1958-04-01,1959-03-01,320.63928571428573,0,0
Comal Springs,12,1958-05-01,1959-04-01,319.84761904761905,0,0
Comal Springs,12,1958-06-01,1959-05-01,317.9470814132104,0,0
Comal Springs,12,1958-07-01,1959-06-01,316.91930363543264,0,0
Comal Springs,12,1958-08-01,1959-07-01,316.88435739887353,0,0
Comal Springs,12,1958-09-01,1959-08-01,318.9112391193036,0,0
Comal Springs,12,1958-10-01,1959-09-01,319.38346134152584,0,0
Comal Springs,12,1958-11-01,1959-10-01,317.5689452124936,0,0
Comal Springs,12,1958-12-01,1959-11-01,315.5078341013825,0,0
Comal Springs,12,1959-01-01,1959-12-01,313.628801843318,0,0
Comal Springs,12,1959-02-01,1960-01-01,312.7847158218126,0,0
Comal Springs,12,1959-03-01,1960-02-01,311.84916573971077,0,0
Comal Springs,12,1959-04-01,1960-03-01,311.0722840192807,0,0
Comal Springs,12,1959-05-01,1960-04-01,310.4833951303918,0,0
Comal Springs,12,1959-06-01,1960-05-01,310.0022123346929,0,0
Comal Springs,12,1959-07-01,1960-06-01,309.05499011247065,0,0
Comal Springs,12,1959-08-01,1960-07-01,308.67595785440614,0,0
Comal Springs,12,1959-09-01,1960-08-01,309.35068903720185,0,0
Comal Springs,12,1959-10-01,1960-09-01,310.4062445927574,0,0
Comal Springs,12,1959-11-01,1960-10-01,311.0003306142628,0,0
Comal Springs,12,1959-12-01,1960-11-01,313.9864417253739,0,0
Comal Springs,12,1960-01-01,1960-12-01,317.2821406501051,0,0
Comal Springs,12,1960-02-01,1961-01-01,320.2955815103201,0,0
Comal Springs,12,1960-03-01,1961-02-01,323.66565540194574,0,0
Comal Springs,12,1960-04-01,1961-03-01,326.8081285202253,0,0
Comal Springs,12,1960-05-01,1961-04-01,328.6886840757808,0,0
Comal Springs,12,1960-06-01,1961-05-01,329.0005120327701,0,0
Comal Springs,12,1960-07-01,1961-06-01,331.0588453661034,0,0
Comal Springs,12,1960-08-01,1961-07-01,333.4808883768561,0,0
Comal Springs,12,1960-09-01,1961-08-01,335.51314644137227,0,0
Comal Springs,12,1960-10-01,1961-09-01,336.6048131080389,0,0
Comal Springs,12,1960-11-01,1961-10-01,337.7204045058884,0,0
Comal Springs,12,1960-12-01,1961-11-01,336.57873783922173,0,0
Comal Springs,12,1961-01-01,1961-12-01,334.1835765488991,0,0
Comal Springs,12,1961-02-01,1962-01-01,331.04110343061956,0,0
Comal Springs,12,1961-03-01,1962-02-01,326.5291986687148,0,0
Comal Springs,12,1961-04-01,1962-03-01,321.5372631848438,0,0
Comal Springs,12,1961-05-01,1962-04-01,317.4428187403994,0,0
Comal Springs,12,1961-06-01,1962-05-01,314.5449692780338,0,0
Comal Springs,12,1961-07-01,1962-06-01,310.75330261136713,0,0
Comal Springs,12,1961-08-01,1962-07-01,303.4441628264209,0,0
Comal Springs,12,1961-09-01,1962-08-01,293.35545314900156,0,0
Comal Springs,12,1961-10-01,1962-09-01,285.76378648233487,0,0
Comal Springs,12,1961-11-01,1962-10-01,278.1105606758833,0,0
Comal Springs,12,1961-12-01,1962-11-01,270.9077828981055,0,0
Comal Springs,12,1962-01-01,1962-12-01,265.8163850486431,0,0
Comal Springs,12,1962-02-01,1963-01-01,261.12821300563235,0,0
Comal Springs,12,1962-03-01,1963-02-01,257.0805939580133,0,0
Comal Springs,12,1962-04-01,1963-03-01,253.62898105478752,0,0
Comal Springs,12,1962-05-01,1963-04-01,249.54286994367638,0,0
Comal Springs,12,1962-06-01,1963-05-01,245.00792370711724,0,0
Comal Springs,12,1962-07-01,1963-06-01,239.2662570404506,0,0
Comal Springs,12,1962-08-01,1963-07-01,234.31464413722478,0,0
Comal Springs,12,1962-09-01,1963-08-01,229.0915258576549,0,0
Comal Springs,12,1962-10-01,1963-09-01,222.7915258576549,0,0
Comal Springs,12,1962-11-01,1963-10-01,217.35604198668716,0,0
Comal Springs,12,1962-12-01,1963-11-01,212.96437532002048,0,0
Comal Springs,12,1963-01-01,1963-12-01,207.8891065028162,0,0
Comal Springs,12,1963-02-01,1964-01-01,203.28157962109574,0,0
Comal Springs,12,1963-03-01,1964-02-01,200.40206402175258,0,0
Comal Springs,12,1963-04-01,1964-03-01,197.44507477444074,0,0
Comal Springs,12,1963-05-01,1964-04-01,194.75063032999628,0,0
Comal Springs,12,1963-06-01,1964-05-01,191.48450129773823,0,0
Comal Springs,12,1963-07-01,1964-06-01,190.7261679644049,0,0
Comal Springs,12,1963-08-01,1964-07-01,189.05681312569521,0,0
Comal Springs,12,1963-09-01,1964-08-01,188.14821097515758,0,0
Comal Springs,12,1963-10-01,1964-09-01,187.8065443084909,0,0
Comal Springs,12,1963-11-01,1964-10-01,188.04041527623286,0,0
Comal Springs,12,1963-12-01,1964-11-01,188.8459708317884,0,0
Comal Springs,12,1964-01-01,1964-12-01,189.13091706834754,0,0
Comal Springs,12,1964-02-01,1965-01-01,189.03414287479916,0,0
Comal Springs,12,1964-03-01,1965-02-01,191.1190156169995,0,0
Comal Springs,12,1964-04-01,1965-03-01,194.65665002560164,0,0
Comal Springs,12,1964-05-01,1965-04-01,199.6010944700461,0,0
Comal Springs,12,1964-06-01,1965-05-01,208.85915898617512,0,0
Comal Springs,12,1964-07-01,1965-06-01,219.56471454173067,0,0
Comal Springs,12,1964-08-01,1965-07-01,228.33890809011777,0,0
Comal Springs,12,1964-09-01,1965-08-01,236.61041346646186,0,0
Comal Springs,12,1964-10-01,1965-09-01,241.96596902201742,0,0
Comal Springs,12,1964-11-01,1965-10-01,248.1595174091142,0,0
Comal Springs,12,1964-12-01,1965-11-01,253.29562852022528,0,0
Comal Springs,12,1965-01-01,1965-12-01,260.9219726062468,0,0
Comal Springs,12,1965-02-01,1966-01-01,268.8251984126984,0,0
Comal Springs,12,1965-03-01,1966-02-01,273.44126984126984,0,0
Comal Springs,12,1965-04-01,1966-03-01,276.5514848950333,0,0
Comal Springs,12,1965-05-01,1966-04-01,277.9653737839222,0,0
Comal Springs,12,1965-06-01,1966-05-01,277.70730926779316,0,0
Comal Springs,12,1965-07-01,1966-06-01,273.64619815668203,0,0
Comal Springs,12,1965-08-01,1966-07-01,271.380069124424,0,0
Comal Springs,12,1965-09-01,1966-08-01,270.26985407066053,0,0
Comal Springs,12,1965-10-01,1966-09-01,273.0559651817716,0,0
Comal Springs,12,1965-11-01,1966-10-01,273.3435995903738,0,0
Comal Springs,12,1965-12-01,1966-11-01,271.73248847926266,0,0
Comal Springs,12,1966-01-01,1966-12-01,266.85883256528416,0,0
Comal Springs,12,1966-02-01,1967-01-01,261.7996927803379,0,0
Comal Springs,12,1966-03-01,1967-02-01,254.79374039938557,0,0
Comal Springs,12,1966-04-01,1967-03-01,246.7802995391705,0,0
Comal Springs,12,1966-05-01,1967-04-01,238.87474398361496,0,0
Comal Springs,12,1966-06-01,1967-05-01,227.0602278545827,0,0
Comal Springs,12,1966-07-01,1967-06-01,213.4491167434716,0,0
Comal Springs,12,1966-08-01,1967-07-01,200.83890168970814,0,0
Comal Springs,12,1966-09-01,1967-08-01,189.69105222734254,0,0
Comal Springs,12,1966-10-01,1967-09-01,183.20216333845366,0,0
Comal Springs,12,1966-11-01,1967-10-01,180.4629160266257,0,0
Comal Springs,12,1966-12-01,1967-11-01,180.22958269329237,0,0
Comal Springs,12,1967-01-01,1967-12-01,181.25108806963647,0,0
Comal Springs,12,1967-02-01,1968-01-01,184.77796979006655,0,0
Comal Springs,12,1967-03-01,1968-02-01,194.76401248300581,0,0
Comal Springs,12,1967-04-01,1968-03-01,206.34734581633913,0,0
Comal Springs,12,1967-05-01,1968-04-01,219.51679026078358,0,0
Comal Springs,12,1967-06-01,1968-05-01,235.7936719812137,0,0
Comal Springs,12,1967-07-01,1968-06-01,255.2047830923248,0,0
Comal Springs,12,1967-08-01,1968-07-01,274.5811271783463,0,0
Comal Springs,12,1967-09-01,1968-08-01,292.17521319985167,0,0
Comal Springs,12,1967-10-01,1968-09-01,302.80576875540726,0,0
Comal Springs,12,1967-11-01,1968-10-01,309.83802681992336,0,0
Comal Springs,12,1967-12-01,1968-11-01,314.25191570881225,0,0
Comal Springs,12,1968-01-01,1968-12-01,318.6632060313929,0,0
Comal Springs,12,1968-02-01,1969-01-01,320.1417006550488,0,0
Comal Springs,12,1968-03-01,1969-02-01,316.9830389144905,0,0
Comal Springs,12,1968-04-01,1969-03-01,314.6282002048131,0,0
Comal Springs,12,1968-05-01,1969-04-01,311.592089093702,0,0
Comal Springs,12,1968-06-01,1969-05-01,310.21036866359447,0,0
Comal Springs,12,1968-07-01,1969-06-01,307.87425755248336,0,0
Comal Springs,12,1968-08-01,1969-07-01,303.3957629288274,0,0
Comal Springs,12,1968-09-01,1969-08-01,297.4333973374296,0,0
Comal Springs,12,1968-10-01,1969-09-01,294.7250640040963,0,0
Comal Springs,12,1968-11-01,1969-10-01,292.02345110087043,0,0
Comal Springs,12,1968-12-01,1969-11-01,291.32622887864824,0,0
Comal Springs,12,1969-01-01,1969-12-01,291.00096006144395,0,0
Comal Springs,12,1969-02-01,1970-01-01,291.10848694316434,0,0
Comal Springs,12,1969-03-01,1970-02-01,291.587653609831,0,0
Comal Springs,12,1969-04-01,1970-03-01,292.9855030721966,0,0
Comal Springs,12,1969-05-01,1970-04-01,294.55772529441884,0,0
Comal Springs,12,1969-06-01,1970-05-01,294.2889080901178,0,0
Comal Springs,12,1969-07-01,1970-06-01,297.43335253456223,0,0
Comal Springs,12,1969-08-01,1970-07-01,300.4172235023041,0,0
Comal Springs,12,1969-09-01,1970-08-01,305.1080837173579,0,0
Comal Springs,12,1969-10-01,1970-09-01,305.6303059395801,0,0
Comal Springs,12,1969-11-01,1970-10-01,307.2055747567844,0,0
Comal Springs,12,1969-12-01,1970-11-01,307.4889080901178,0,0
Comal Springs,12,1970-01-01,1970-12-01,306.1555747567844,0,0
Comal Springs,12,1970-02-01,1971-01-01,303.73084357398875,0,0
Comal Springs,12,1970-03-01,1971-02-01,298.39453405017923,0,0
Comal Springs,12,1970-04-01,1971-03-01,289.05582437275984,0,0
Comal Springs,12,1970-05-01,1971-04-01,276.9558243727598,0,0
Comal Springs,12,1970-06-01,1971-05-01,262.81066308243726,0,0
Comal Springs,12,1970-07-01,1971-06-01,243.4828853046595,0,0
Comal Springs,12,1970-08-01,1971-07-01,228.37267025089605,0,0
Comal Springs,12,1970-09-01,1971-08-01,221.4613799283154,0,0
Comal Springs,12,1970-10-01,1971-09-01,218.65860215053763,0,0
Comal Springs,12,1970-11-01,1971-10-01,216.44892473118279,0,0
Comal Springs,12,1970-12-01,1971-11-01,216.70725806451614,0,0
Comal Springs,12,1971-01-01,1971-12-01,219.2018817204301,0,0
Comal Springs,12,1971-02-01,1972-01-01,222.9518817204301,0,0
Comal Springs,12,1971-03-01,1972-02-01,228.63722654801632,0,0
Comal Springs,12,1971-04-01,1972-03-01,234.89797923618835,0,0
Comal Springs,12,1971-05-01,1972-04-01,240.63409034729946,0,0
Comal Springs,12,1971-06-01,1972-05-01,254.0480688419231,0,0
Comal Springs,12,1971-07-01,1972-06-01,272.1675132863676,0,0
Comal Springs,12,1971-08-01,1972-07-01,288.1245025336794,0,0
Comal Springs,12,1971-09-01,1972-08-01,297.5734272648622,0,0
Comal Springs,12,1971-10-01,1972-09-01,303.25120504264,0,0
Comal Springs,12,1971-11-01,1972-10-01,306.7995921394142,0,0
Comal Springs,12,1971-12-01,1972-11-01,308.9745921394142,0,0
Comal Springs,12,1972-01-01,1972-12-01,309.48534482758623,0,0
Comal Springs,12,1972-02-01,1973-01-01,309.7245921394142,0,0
Comal Springs,12,1972-03-01,1973-02-01,310.2922235023042,0,0
Comal Springs,12,1972-04-01,1973-03-01,313.4588901689708,0,0
Comal Springs,12,1972-05-01,1973-04-01,321.14222350230415,0,0
Comal Springs,12,1972-06-01,1973-05-01,324.55889016897083,0,0
Comal Springs,12,1972-07-01,1973-06-01,326.30889016897083,0,0
Comal Springs,12,1972-08-01,1973-07-01,334.69061059907835,0,0
Comal Springs,12,1972-09-01,1973-08-01,341.97824500768047,0,0
Comal Springs,12,1972-10-01,1973-09-01,350.0004672299027,0,0
Comal Springs,12,1972-11-01,1973-10-01,363.55960701484895,0,0
Comal Springs,12,1972-12-01,1973-11-01,374.4901625704045,0,0
Comal Springs,12,1973-01-01,1973-12-01,384.0439260112647,0,0
Comal Springs,12,1973-02-01,1974-01-01,392.84768945212494,0,0
Comal Springs,12,1973-03-01,1974-02-01,401.2732846902202,0,0
Comal Springs,12,1973-04-01,1974-03-01,406.59317716333845,0,0
Comal Springs,12,1973-05-01,1974-04-01,408.88484383000514,0,0
Comal Springs,12,1973-06-01,1974-05-01,410.0730158730159,0,0
Comal Springs,12,1973-07-01,1974-06-01,410.5063492063492,0,0
Comal Springs,12,1973-08-01,1974-07-01,403.64344598054277,0,0
Comal Springs,12,1973-09-01,1974-08-01,397.8181771633385,0,0
Comal Springs,12,1973-10-01,1974-09-01,395.1876216077829,0,0
Comal Springs,12,1973-11-01,1974-10-01,387.5612775217614,0,0
Comal Springs,12,1973-12-01,1974-11-01,382.8251664106503,0,0
Comal Springs,12,1974-01-01,1974-12-01,380.43538146441375,0,0
Comal Springs,12,1974-02-01,1975-01-01,377.8197900665643,0,0
Comal Springs,12,1974-03-01,1975-02-01,377.2810995903738,0,0
Comal Springs,12,1974-04-01,1975-03-01,378.04454045058884,0,0
Comal Springs,12,1974-05-01,1975-04-01,380.0500960061444,0,0
Comal Springs,12,1974-06-01,1975-05-01,383.79471966205836,0,0
Comal Springs,12,1974-07-01,1975-06-01,390.1447196620584,0,0
Comal Springs,12,1974-08-01,1975-07-01,396.6232142857143,0,0
Comal Springs,12,1974-09-01,1975-08-01,401.0802035330261,0,0
Comal Springs,12,1974-10-01,1975-09-01,401.4774257552483,0,0
Comal Springs,12,1974-11-01,1975-10-01,400.68172683051716,0,0
Comal Springs,12,1974-12-01,1975-11-01,398.0400601638505,0,0
Comal Springs,12,1975-01-01,1975-12-01,394.03737199180745,0,0
Comal Springs,12,1975-02-01,1976-01-01,389.8975870455709,0,0
Comal Springs,12,1975-03-01,1976-02-01,382.7390279322704,0,0
Comal Springs,12,1975-04-01,1976-03-01,374.9540816957113,0,0
Comal Springs,12,1975-05-01,1976-04-01,368.7846372512668,0,0
Comal Springs,12,1975-06-01,1976-05-01,366.7980781114819,0,0
Comal Springs,12,1975-07-01,1976-06-01,363.68974477814857,0,0
Comal Springs,12,1975-08-01,1976-07-01,361.43974477814857,0,0
Comal Springs,12,1975-09-01,1976-08-01,359.26501359535285,0,0
Comal Springs,12,1975-10-01,1976-09-01,357.81501359535287,0,0
Comal Springs,12,1975-11-01,1976-10-01,359.0811426276109,0,0
Comal Springs,12,1975-12-01,1976-11-01,362.6228092942776,0,0
Comal Springs,12,1976-01-01,1976-12-01,367.30291682115933,0,0
Comal Springs,12,1976-02-01,1977-01-01,373.46689531578295,0,0
Comal Springs,12,1976-03-01,1977-02-01,381.8724782386073,0,0
Comal Springs,12,1976-04-01,1977-03-01,389.3509728622632,0,0
Comal Springs,12,1976-05-01,1977-04-01,398.60375064004097,0,0
Comal Springs,12,1976-06-01,1977-05-01,401.6682667690732,0,0
Comal Springs,12,1976-07-01,1977-06-01,402.4043778801843,0,0
Comal Springs,12,1976-08-01,1977-07-01,402.2672811059908,0,0
Comal Springs,12,1976-09-01,1977-08-01,401.63824884792626,0,0
Comal Springs,12,1976-10-01,1977-09-01,400.7326932923707,0,0
Comal Springs,12,1976-11-01,1977-10-01,396.9450588837686,0,0
Comal Springs,12,1976-12-01,1977-11-01,393.2783922171019,0,0
Comal Springs,12,1977-01-01,1977-12-01,388.9961341525858,0,0
Comal Springs,12,1977-02-01,1978-01-01,383.2326932923707,0,0
Comal Springs,12,1977-03-01,1978-02-01,376.0124551971326,0,0
Comal Springs,12,1977-04-01,1978-03-01,369.7113799283154,0,0
Comal Springs,12,1977-05-01,1978-04-01,359.53082437275987,0,0
Comal Springs,12,1977-06-01,1978-05-01,347.67867383512544,0,0
Comal Springs,12,1977-07-01,1978-06-01,337.759229390681,0,0
Comal Springs,12,1977-08-01,1978-07-01,326.4097670250896,0,0
Comal Springs,12,1977-09-01,1978-08-01,322.8076164874552,0,0
Comal Springs,12,1977-10-01,1978-09-01,319.8437275985663,0,0
Comal Springs,12,1977-11-01,1978-10-01,320.42974910394264,0,0
Comal Springs,12,1977-12-01,1978-11-01,319.81863799283155,0,0
Comal Springs,12,1978-01-01,1978-12-01,320.64390681003584,0,0
Comal Springs,12,1978-02-01,1979-01-01,324.9960573476703,0,0
Comal Springs,12,1978-03-01,1979-02-01,330.53177163338455,0,0
Comal Springs,12,1978-04-01,1979-03-01,334.81134152585764,0,0
Comal Springs,12,1978-05-01,1979-04-01,340.82245263696876,0,0
Comal Springs,12,1978-06-01,1979-05-01,349.31438812083974,0,0
Comal Springs,12,1978-07-01,1979-06-01,361.35327700972863,0,0
Comal Springs,12,1978-08-01,1979-07-01,376.1677931387609,0,0
Comal Springs,12,1978-09-01,1979-08-01,386.5065028161802,0,0
Comal Springs,12,1978-10-01,1979-09-01,394.90650281618025,0,0
Comal Springs,12,1978-11-01,1979-10-01,397.2183307731695,0,0
Comal Springs,12,1978-12-01,1979-11-01,396.64888632872504,0,0
Comal Springs,12,1979-01-01,1979-12-01,394.7537250384025,0,0
Comal Springs,12,1979-02-01,1980-01-01,391.14888632872504,0,0
Comal Springs,12,1979-03-01,1980-02-01,385.7209306637004,0,0
Comal Springs,12,1979-04-01,1980-03-01,380.77200593251763,0,0
Comal Springs,12,1979-05-01,1980-04-01,373.40533926585096,0,0
Comal Springs,12,1979-06-01,1980-05-01,365.7494252873563,0,0
Comal Springs,12,1979-07-01,1980-06-01,352.74386973180077,0,0
Comal Springs,12,1979-08-01,1980-07-01,334.4562353231986,0,0
Comal Springs,12,1979-09-01,1980-08-01,316.3836546780373,0,0
Comal Springs,12,1979-10-01,1980-09-01,302.36698801137067,0,0
Comal Springs,12,1979-11-01,1980-10-01,293.31860091459646,0,0
Comal Springs,12,1979-12-01,1980-11-01,287.424156470152,0,0
Comal Springs,12,1980-01-01,1980-12-01,282.52361883574343,0,0
Comal Springs,12,1980-02-01,1981-01-01,277.1230812013348,0,0
Comal Springs,12,1980-03-01,1981-02-01,272.7772273425499,0,0
Comal Springs,12,1980-04-01,1981-03-01,270.21808755760367,0,0
Comal Springs,12,1980-05-01,1981-04-01,268.59308755760367,0,0
Comal Springs,12,1980-06-01,1981-05-01,267.171044546851,0,0
Comal Springs,12,1980-07-01,1981-06-01,273.05160010240655,0,0
Comal Springs,12,1980-08-01,1981-07-01,284.45482590885814,0,0
Comal Springs,12,1980-09-01,1981-08-01,293.0139656938044,0,0
Comal Springs,12,1980-10-01,1981-09-01,299.61952124936,0,0
Comal Springs,12,1980-11-01,1981-10-01,303.81038146441375,0,0
Comal Springs,12,1980-12-01,1981-11-01,308.75760368663595,0,0
Comal Springs,12,1981-01-01,1981-12-01,312.30061443932414,0,0
Comal Springs,12,1981-02-01,1982-01-01,314.72265745007684,0,0
Comal Springs,12,1981-03-01,1982-02-01,316.0827764976959,0,0
Comal Springs,12,1981-04-01,1982-03-01,316.4107334869432,0,0
Comal Springs,12,1981-05-01,1982-04-01,317.10240015360984,0,0
Comal Springs,12,1981-06-01,1982-05-01,319.4142281105991,0,0
Comal Springs,12,1981-07-01,1982-06-01,315.35867255504354,0,0
Comal Springs,12,1981-08-01,1982-07-01,308.81297363031234,0,0
Comal Springs,12,1981-09-01,1982-08-01,301.73232846902204,0,0
Comal Springs,12,1981-10-01,1982-09-01,293.2101062467998,0,0
Comal Springs,12,1981-11-01,1982-10-01,286.250428827445,0,0
Comal Springs,12,1981-12-01,1982-11-01,278.56709549411164,0,0
Comal Springs,12,1982-01-01,1982-12-01,272.60204173067075,0,0
Comal Springs,12,1982-02-01,1983-01-01,268.39505248335894,0,0
Comal Springs,12,1982-03-01,1983-02-01,264.54683819764466,0,0
Comal Springs,12,1982-04-01,1983-03-01,261.41780593958015,0,0
Comal Springs,12,1982-05-01,1983-04-01,258.8205837173579,0,0
Comal Springs,12,1982-06-01,1983-05-01,252.07327188940093,0,0
Comal Springs,12,1982-07-01,1983-06-01,247.50938300051203,0,0
Comal Springs,12,1982-08-01,1983-07-01,244.3238991295443,0,0
Comal Springs,12,1982-09-01,1983-08-01,242.94486687147977,0,0
Comal Springs,12,1982-10-01,1983-09-01,241.0393113159242,0,0
Comal Springs,12,1982-11-01,1983-10-01,239.30006400409627,0,0
Comal Springs,12,1982-12-01,1983-11-01,237.4722862263185,0,0
Comal Springs,12,1983-01-01,1983-12-01,234.15508192524322,0,0
Comal Springs,12,1983-02-01,1984-01-01,229.7222862263185,0,0
Comal Springs,12,1983-03-01,1984-02-01,225.58209739216414,0,0
Comal Springs,12,1983-04-01,1984-03-01,220.57940922012114,0,0
Comal Springs,12,1983-05-01,1984-04-01,210.90718699789892,0,0
Comal Springs,12,1983-06-01,1984-05-01,199.39374613768385,0,0
Comal Springs,12,1983-07-01,1984-06-01,185.42152391546162,0,0
Comal Springs,12,1983-08-01,1984-07-01,169.85700778642936,0,0
Comal Springs,12,1983-09-01,1984-08-01,155.46991101223583,0,0
Comal Springs,12,1983-10-01,1984-09-01,143.05324434556914,0,0
Comal Springs,12,1983-11-01,1984-10-01,134.68227660363368,0,0
Comal Springs,12,1983-12-01,1984-11-01,128.86005438141146,0,0
Comal Springs,12,1984-01-01,1984-12-01,123.94069954270176,0,0
Comal Springs,12,1984-02-01,1985-01-01,122.497151155605,0,0
Comal Springs,12,1984-03-01,1985-02-01,122.94388760880696,0,0
Comal Springs,12,1984-04-01,1985-03-01,126.5272209421403,0,0
Comal Springs,12,1984-05-01,1985-04-01,136.08555427547364,0,0
Comal Springs,12,1984-06-01,1985-05-01,147.8543714797747,0,0
Comal Springs,12,1984-07-01,1985-06-01,161.49326036866358,0,0
Comal Springs,12,1984-08-01,1985-07-01,181.15186251920125,0,0
Comal Springs,12,1984-09-01,1985-08-01,196.82928187403994,0,0
Comal Springs,12,1984-10-01,1985-09-01,211.36261520737327,0,0
Comal Springs,12,1984-11-01,1985-10-01,224.2201420890937,0,0
Comal Springs,12,1984-12-01,1985-11-01,236.41180875576038,0,0
Comal Springs,12,1985-01-01,1985-12-01,249.78008832565286,0,0
Comal Springs,12,1985-02-01,1986-01-01,259.4252496159754,0,0
Comal Springs,12,1985-03-01,1986-02-01,267.2377496159754,0,0
Comal Springs,12,1985-04-01,1986-03-01,271.63022273425497,0,0
Comal Springs,12,1985-05-01,1986-04-01,272.16355606758833,0,0
Comal Springs,12,1985-06-01,1986-05-01,272.5560291858679,0,0
Comal Springs,12,1985-07-01,1986-06-01,278.38380696364567,0,0
Comal Springs,12,1985-08-01,1986-07-01,280.3945596518177,0,0
Comal Springs,12,1985-09-01,1986-08-01,281.6123015873016,0,0
Comal Springs,12,1985-10-01,1986-09-01,285.04285714285714,0,0
Comal Springs,12,1985-11-01,1986-10-01,286.255222734255,0,0
Comal Springs,12,1985-12-01,1986-11-01,287.1524449564772,0,0
Comal Springs,12,1986-01-01,1986-12-01,287.50997183819766,0,0
Comal Springs,12,1986-02-01,1987-01-01,290.2438428059396,0,0
Comal Springs,12,1986-03-01,1987-02-01,293.0295570916539,0,0
Comal Springs,12,1986-04-01,1987-03-01,299.10213773681517,0,0
Comal Springs,12,1986-05-01,1987-04-01,305.79935995903736,0,0
Comal Springs,12,1986-06-01,1987-05-01,313.00903737839224,0,0
Comal Springs,12,1986-07-01,1987-06-01,320.4340373783922,0,0
Comal Springs,12,1986-08-01,1987-07-01,327.9797363031234,0,0
Comal Springs,12,1986-09-01,1987-08-01,337.92597286226317,0,0
Comal Springs,12,1986-10-01,1987-09-01,345.85652841781877,0,0
Comal Springs,12,1986-11-01,1987-10-01,352.55814132104456,0,0
Comal Springs,12,1986-12-01,1987-11-01,357.1220302099334,0,0
Comal Springs,12,1987-01-01,1987-12-01,360.42848182283666,0,0
Comal Springs,12,1987-02-01,1988-01-01,361.2026753712238,0,0
Comal Springs,12,1987-03-01,1988-02-01,361.1922073909282,0,0
Comal Springs,12,1987-04-01,1988-03-01,358.4771536274873,0,0
Comal Springs,12,1987-05-01,1988-04-01,356.54104251637625,0,0
Comal Springs,12,1987-06-01,1988-05-01,353.17007477444076,0,0
Comal Springs,12,1987-07-01,1988-06-01,340.95896366332965,0,0
Comal Springs,12,1987-08-01,1988-07-01,328.6767055988135,0,0
Comal Springs,12,1987-09-01,1988-08-01,318.73584538375974,0,0
Comal Springs,12,1987-10-01,1988-09-01,307.74417871709306,0,0
Comal Springs,12,1987-11-01,1988-10-01,297.21460882462,0,0
Comal Springs,12,1987-12-01,1988-11-01,286.5118310468422,0,0
Comal Springs,12,1988-01-01,1988-12-01,275.7564547027562,0,0
Comal Springs,12,1988-02-01,1989-01-01,266.03602459522926,0,0
Comal Springs,12,1988-03-01,1989-02-01,258.21613543266767,0,0
Comal Springs,12,1988-04-01,1989-03-01,250.8371031746032,0,0
Comal Springs,12,1988-05-01,1989-04-01,243.6093253968254,0,0
Comal Springs,12,1988-06-01,1989-05-01,235.45341141833077,0,0
Comal Springs,12,1988-07-01,1989-06-01,224.0895225294419,0,0
Comal Springs,12,1988-08-01,1989-07-01,211.85027521761393,0,0
Comal Springs,12,1988-09-01,1989-08-01,198.3207053251408,0,0
Comal Springs,12,1988-10-01,1989-09-01,186.56237199180748,0,0
Comal Springs,12,1988-11-01,1989-10-01,175.68333973374297,0,0
Comal Springs,12,1988-12-01,1989-11-01,168.17500640040961,0,0
Comal Springs,12,1989-01-01,1989-12-01,161.9196300563236,0,0
Comal Springs,12,1989-02-01,1990-01-01,155.80672683051716,0,0
Comal Springs,12,1989-03-01,1990-02-01,148.86327444956478,0,0
Comal Springs,12,1989-04-01,1990-03-01,144.55682283666155,0,0
Comal Springs,12,1989-05-01,1990-04-01,142.75960061443934,0,0
Comal Springs,12,1989-06-01,1990-05-01,144.99884792626727,0,0
Comal Springs,12,1989-07-01,1990-06-01,143.92940348182285,0,0
Comal Springs,12,1989-08-01,1990-07-01,145.5208013312852,0,0
Comal Springs,12,1989-09-01,1990-08-01,152.80305939580134,0,0
Comal Springs,12,1989-10-01,1990-09-01,160.27250384024578,0,0
Comal Springs,12,1989-11-01,1990-10-01,167.22949308755761,0,0
Comal Springs,12,1989-12-01,1990-11-01,172.29338197644648,0,0
Comal Springs,12,1990-01-01,1990-12-01,175.87402713773682,0,0
Comal Springs,12,1990-02-01,1991-01-01,180.03531746031746,0,0
Comal Springs,12,1990-03-01,1991-02-01,186.3031746031746,0,0
Comal Springs,12,1990-04-01,1991-03-01,189.98328213005632,0,0
Comal Springs,12,1990-05-01,1991-04-01,193.64439324116745,0,0
Comal Springs,12,1990-06-01,1991-05-01,199.34062980030723,0,0
Comal Springs,12,1990-07-01,1991-06-01,210.7795186891961,0,0
Comal Springs,12,1990-08-01,1991-07-01,221.53758320532515,0,0
Comal Springs,12,1990-09-01,1991-08-01,223.94349718381977,0,0
Comal Springs,12,1990-10-01,1991-09-01,226.990719406042,0,0
Comal Springs,12,1990-11-01,1991-10-01,229.06598822324628,0,0
Comal Springs,12,1990-12-01,1991-11-01,229.71876600102408,0,0
Comal Springs,12,1991-01-01,1991-12-01,234.9983358934972,0,0
Comal Springs,12,1991-02-01,1992-01-01,247.0789810547875,0,0
Comal Springs,12,1991-03-01,1992-02-01,263.5917068347547,0,0
Comal Springs,12,1991-04-01,1992-03-01,283.3363304906686,0,0
Comal Springs,12,1991-05-01,1992-04-01,301.3752193795575,0,0
Comal Springs,12,1991-06-01,1992-05-01,315.44511185267584,0,0
Comal Springs,12,1991-07-01,1992-06-01,335.47566740823135,0,0
Comal Springs,12,1991-08-01,1992-07-01,354.4676028921023,0,0
Comal Springs,12,1991-09-01,1992-08-01,377.2068502039303,0,0
Comal Springs,12,1991-10-01,1992-09-01,395.7651835372636,0,0
Comal Springs,12,1991-11-01,1992-10-01,412.6684093437152,0,0
Comal Springs,12,1991-12-01,1992-11-01,429.40174267704856,0,0
Comal Springs,12,1992-01-01,1992-12-01,441.79959213941413,0,0
Comal Springs,12,1992-02-01,1993-01-01,445.90174267704856,0,0
Comal Springs,12,1992-03-01,1993-02-01,443.43663594470047,0,0
Comal Springs,12,1992-04-01,1993-03-01,438.1086789554532,0,0
Comal Springs,12,1992-05-01,1993-04-01,432.3170122887865,0,0
Comal Springs,12,1992-06-01,1993-05-01,428.8653993855607,0,0
Comal Springs,12,1992-07-01,1993-06-01,423.24317716333843,0,0
Comal Springs,12,1992-08-01,1993-07-01,417.7351126472094,0,0
Comal Springs,12,1992-09-01,1993-08-01,408.8587685611879,0,0
Comal Springs,12,1992-10-01,1993-09-01,401.59210189452125,0,0
Comal Springs,12,1992-11-01,1993-10-01,395.9361879160266,0,0
Comal Springs,12,1992-12-01,1993-11-01,390.8611879160266,0,0
Comal Springs,12,1993-01-01,1993-12-01,385.33699436763953,0,0
Comal Springs,12,1993-02-01,1994-01-01,379.8074244751664,0,0
Comal Springs,12,1993-03-01,1994-02-01,374.0842101894521,0,0
Comal Springs,12,1993-04-01,1994-03-01,368.0008768561188,0,0
Comal Springs,12,1993-05-01,1994-04-01,361.85643241167435,0,0
Comal Springs,12,1993-06-01,1994-05-01,355.94245391705067,0,0
Comal Springs,12,1993-07-01,1994-06-01,347.9063428059396,0,0
Comal Springs,12,1993-08-01,1994-07-01,337.5434395801331,0,0
Comal Springs,12,1993-09-01,1994-08-01,329.01386968766,0,0
Comal Springs,12,1993-10-01,1994-09-01,323.2499807987711,0,0
Comal Springs,12,1993-11-01,1994-10-01,319.5134216589862,0,0
Comal Springs,12,1993-12-01,1994-11-01,315.85786610343064,0,0
Comal Springs,12,1994-01-01,1994-12-01,312.63743599590373,0,0
Comal Springs,12,1994-02-01,1995-01-01,310.3014144905274,0,0
Comal Springs,12,1994-03-01,1995-02-01,306.99784306195596,0,0
Comal Springs,12,1994-04-01,1995-03-01,304.1860151049667,0,0
Comal Springs,12,1994-05-01,1995-04-01,302.0221262160778,0,0
Comal Springs,12,1994-06-01,1995-05-01,296.2640616999488,0,0
Comal Springs,12,1994-07-01,1995-06-01,293.57795058883767,0,0
Comal Springs,12,1994-08-01,1995-07-01,293.9247247823861,0,0
Comal Springs,12,1994-09-01,1995-08-01,292.8440796210958,0,0
Comal Springs,12,1994-10-01,1995-09-01,289.94407962109574,0,0
Comal Springs,12,1994-11-01,1995-10-01,285.7693484383,0,0
Comal Springs,12,1994-12-01,1995-11-01,281.6332373271889,0,0
Comal Springs,12,1995-01-01,1995-12-01,277.5552803379416,0,0
Comal Springs,12,1995-02-01,1996-01-01,272.58485023041476,0,0
Comal Springs,12,1995-03-01,1996-02-01,266.7692714126808,0,0
Comal Springs,12,1995-04-01,1996-03-01,259.8526047460141,0,0
Comal Springs,12,1995-05-01,1996-04-01,251.7776047460141,0,0
Comal Springs,12,1995-06-01,1996-05-01,242.69158324063775,0,0
Comal Springs,12,1995-07-01,1996-06-01,228.25547212952662,0,0
Comal Springs,12,1995-08-01,1996-07-01,212.6425689037202,0,0
Comal Springs,12,1995-09-01,1996-08-01,200.56461191447286,0,0
Comal Springs,12,1995-10-01,1996-09-01,193.3979452478062,0,0
Comal Springs,12,1995-11-01,1996-10-01,186.62912804350512,0,0
Comal Springs,12,1995-12-01,1996-11-01,179.20135026572734,0,0
Comal Springs,12,1996-01-01,1996-12-01,172.87339327648004,0,0
Comal Springs,12,1996-02-01,1997-01-01,167.15565134099617,0,0
Comal Springs,12,1996-03-01,1997-02-01,164.28968253968253,0,0
Comal Springs,12,1996-04-01,1997-03-01,164.34344598054275,0,0
Comal Springs,12,1996-05-01,1997-04-01,167.99900153609832,0,0
Comal Springs,12,1996-06-01,1997-05-01,175.68717357910907,0,0
Comal Springs,12,1996-07-01,1997-06-01,190.07606246799796,0,0
Comal Springs,12,1996-08-01,1997-07-01,207.79380440348183,0,0
Comal Springs,12,1996-09-01,1997-08-01,223.24272913466461,0,0
Comal Springs,12,1996-10-01,1997-09-01,233.1705069124424,0,0
Comal Springs,12,1996-11-01,1997-10-01,242.43394777265746,0,0
Comal Springs,12,1996-12-01,1997-11-01,251.9422811059908,0,0
Comal Springs,12,1997-01-01,1997-12-01,260.6653993855607,0,0
Comal Springs,12,1997-02-01,1998-01-01,270.0955069124424,0,0
Comal Springs,12,1997-03-01,1998-02-01,279.99431643625195,0,0
Comal Springs,12,1997-04-01,1998-03-01,289.07496159754226,0,0
Comal Springs,12,1997-05-01,1998-04-01,295.0805171530978,0,0
Comal Springs,12,1997-06-01,1998-05-01,296.0590117767537,0,0
Comal Springs,12,1997-07-01,1998-06-01,290.16734511008707,0,0
Comal Springs,12,1997-08-01,1998-07-01,281.1001408090118,0,0
Comal Springs,12,1997-09-01,1998-08-01,274.84745263696874,0,0
Comal Springs,12,1997-10-01,1998-09-01,273.8891193036354,0,0
Comal Springs,12,1997-11-01,1998-10-01,277.39180747567843,0,0
Comal Springs,12,1997-12-01,1998-11-01,289.55291858678953,0,0
Comal Springs,12,1998-01-01,1998-12-01,300.28141321044546,0,0
Comal Springs,12,1998-02-01,1999-01-01,309.1308755760369,0,0
Comal Springs,12,1998-03-01,1999-02-01,315.51182795698924,0,0
Comal Springs,12,1998-04-01,1999-03-01,319.944623655914,0,0
Comal Springs,12,1998-05-01,1999-04-01,324.07517921146956,0,0
Comal Springs,12,1998-06-01,1999-05-01,331.63163082437273,0,0
Comal Springs,12,1998-07-01,1999-06-01,341.55385304659495,0,0
Comal Springs,12,1998-08-01,1999-07-01,354.2957885304659,0,0
Comal Springs,12,1998-09-01,1999-08-01,363.4140681003584,0,0
Comal Springs,12,1998-10-01,1999-09-01,366.7140681003584,0,0
Comal Springs,12,1998-11-01,1999-10-01,363.9506272401434,0,0
Comal Springs,12,1998-12-01,1999-11-01,352.9867383512545,0,0
Comal Springs,12,1999-01-01,1999-12-01,342.56200716845876,0,0
Comal Springs,12,1999-02-01,2000-01-01,333.2044802867383,0,0
Comal Springs,12,1999-03-01,2000-02-01,325.32516994191076,0,0
Comal Springs,12,1999-04-01,2000-03-01,317.52678284513655,0,0
Comal Springs,12,1999-05-01,2000-04-01,309.6101161784699,0,0
Comal Springs,12,1999-06-01,2000-05-01,300.4810839204054,0,0
Comal Springs,12,1999-07-01,2000-06-01,294.02552836484983,0,0
Comal Springs,12,1999-08-01,2000-07-01,283.3427326659251,0,0
Comal Springs,12,1999-09-01,2000-08-01,271.65993696700036,0,0
Comal Springs,12,1999-10-01,2000-09-01,260.65438141144483,0,0
Comal Springs,12,1999-11-01,2000-10-01,255.04416635768138,0,0
Comal Springs,12,1999-12-01,2000-11-01,257.24972191323695,0,0
Comal Springs,12,2000-01-01,2000-12-01,261.3868186874305,0,0
Comal Springs,12,2000-02-01,2001-01-01,265.6905821282907,0,0
Comal Springs,12,2000-03-01,2001-02-01,270.0996543778802,0,0
Comal Springs,12,2000-04-01,2001-03-01,275.44642857142856,0,0
Comal Springs,12,2000-05-01,2001-04-01,281.6797619047619,0,0
Comal Springs,12,2000-06-01,2001-05-01,291.06417050691243,0,0
Comal Springs,12,2000-07-01,2001-06-01,296.98639272913465,0,0
Comal Springs,12,2000-08-01,2001-07-01,303.58585509472607,0,0
Comal Springs,12,2000-09-01,2001-08-01,310.1933819764465,0,0
Comal Springs,12,2000-10-01,2001-09-01,323.5406041986687,0,0
Comal Springs,12,2000-11-01,2001-10-01,333.72877624167944,0,0
Comal Springs,12,2000-12-01,2001-11-01,336.8398873527906,0,0
Comal Springs,12,2001-01-01,2001-12-01,341.68666154633894,0,0
Comal Springs,12,2001-02-01,2002-01-01,344.7484895033282,0,0
Comal Springs,12,2001-03-01,2002-02-01,347.0907514080901,0,0
Comal Springs,12,2001-04-01,2002-03-01,348.311181515617,0,0
Comal Springs,12,2001-05-01,2002-04-01,348.69173707117255,0,0
Comal Springs,12,2001-06-01,2002-05-01,345.4713069636457,0,0
Comal Springs,12,2001-07-01,2002-06-01,341.5963069636457,0,0
Comal Springs,12,2001-08-01,2002-07-01,348.91082309267796,0,0
Comal Springs,12,2001-09-01,2002-08-01,359.26566180235534,0,0
Comal Springs,12,2001-10-01,2002-09-01,364.2489951356887,0,0
Comal Springs,12,2001-11-01,2002-10-01,369.02587685611877,0,0
Comal Springs,12,2001-12-01,2002-11-01,375.7092101894521,0,0
Comal Springs,12,2002-01-01,2002-12-01,379.43501664106503,0,0
Comal Springs,12,2002-02-01,2003-01-01,384.19576932923707,0,0
Comal Springs,12,2002-03-01,2003-02-01,388.54398361495134,0,0
Comal Springs,12,2002-04-01,2003-03-01,392.97409114183307,0,0
Comal Springs,12,2002-05-01,2003-04-01,397.2102022529442,0,0
Comal Springs,12,2002-06-01,2003-05-01,401.89568612391196,0,0
Comal Springs,12,2002-07-01,2003-06-01,409.46790834613415,0,0
Comal Springs,12,2002-08-01,2003-07-01,408.56468253968256,0,0
Comal Springs,12,2002-09-01,2003-08-01,406.96522017409114,0,0
Comal Springs,12,2002-10-01,2003-09-01,406.05133128520225,0,0
Comal Springs,12,2002-11-01,2003-10-01,404.55133128520225,0,0
Comal Springs,12,2002-12-01,2003-11-01,398.10410906298006,0,0
Comal Springs,12,2003-01-01,2003-12-01,390.7680875576037,0,0
Comal Springs,12,2003-02-01,2004-01-01,382.88367895545315,0,0
Comal Springs,12,2003-03-01,2004-02-01,376.1519466073415,0,0
Comal Springs,12,2003-04-01,2004-03-01,370.36162402669635,0,0
Comal Springs,12,2003-05-01,2004-04-01,366.68106847114075,0,0
Comal Springs,12,2003-06-01,2004-05-01,364.1165523421085,0,0
Comal Springs,12,2003-07-01,2004-06-01,365.22210789766405,0,0
Comal Springs,12,2003-08-01,2004-07-01,365.85920467185764,0,0
Comal Springs,12,2003-09-01,2004-08-01,366.96673155357803,0,0
Comal Springs,12,2003-10-01,2004-09-01,365.7445093313558,0,0
Comal Springs,12,2003-11-01,2004-10-01,366.7122512668397,0,0
Comal Springs,12,2003-12-01,2004-11-01,374.22891793350635,0,0
Comal Springs,12,2004-01-01,2004-12-01,382.1724663206031,0,0
Comal Springs,12,2004-02-01,2005-01-01,389.4708534173773,0,0
Comal Springs,12,2004-03-01,2005-02-01,397.0984190988223,0,0
Comal Springs,12,2004-04-01,2005-03-01,405.94519329237073,0,0
Comal Springs,12,2004-05-01,2005-04-01,412.7507488479263,0,0
Comal Springs,12,2004-06-01,2005-05-01,419.0464477726575,0,0
Comal Springs,12,2004-07-01,2005-06-01,420.3853366615463,0,0
Comal Springs,12,2004-08-01,2005-07-01,418.8261968766001,0,0
Comal Springs,12,2004-09-01,2005-08-01,417.7025409626216,0,0
Comal Springs,12,2004-10-01,2005-09-01,417.8858742959549,0,0
Comal Springs,12,2004-11-01,2005-10-01,415.6304979518689,0,0
Comal Springs,12,2004-12-01,2005-11-01,407.4971646185356,0,0
Comal Springs,12,2005-01-01,2005-12-01,398.19608934971836,0,0
Comal Springs,12,2005-02-01,2006-01-01,389.0025409626216,0,0
Comal Springs,12,2005-03-01,2006-02-01,378.0918266769073,0,0
Comal Springs,12,2005-04-01,2006-03-01,364.9144073220686,0,0
Comal Springs,12,2005-05-01,2006-04-01,353.1282962109575,0,0
Comal Springs,12,2005-06-01,2006-05-01,341.9239951356887,0,0
Comal Springs,12,2005-07-01,2006-06-01,329.6851062467998,0,0
Comal Springs,12,2005-08-01,2006-07-01,319.486181515617,0,0
Comal Springs,12,2005-09-01,2006-08-01,307.1259664618536,0,0
Comal Springs,12,2005-10-01,2006-09-01,296.3065220174091,0,0
Comal Springs,12,2005-11-01,2006-10-01,286.7151241679467,0,0
Comal Springs,12,2005-12-01,2006-11-01,278.4234575012801,0,0
Comal Springs,12,2006-01-01,2006-12-01,271.3374359959037,0,0
Comal Springs,12,2006-02-01,2007-01-01,267.1680811571941,0,0
Comal Springs,12,2006-03-01,2007-02-01,264.1085573476702,0,0
Comal Springs,12,2006-04-01,2007-03-01,261.9257616487455,0,0
Comal Springs,12,2006-05-01,2007-04-01,262.78687275985664,0,0
Comal Springs,12,2006-06-01,2007-05-01,265.4239695340502,0,0
Comal Springs,12,2006-07-01,2007-06-01,269.8045250896057,0,0
Comal Springs,12,2006-08-01,2007-07-01,283.8179659498208,0,0
Comal Springs,12,2006-09-01,2007-08-01,303.6459229390681,0,0
Comal Springs,12,2006-10-01,2007-09-01,321.3542562724014,0,0
Comal Springs,12,2006-11-01,2007-10-01,336.1445788530466,0,0
Comal Springs,12,2006-12-01,2007-11-01,349.50013440860215,0,0
Comal Springs,12,2007-01-01,2007-12-01,362.16142473118276,0,0
Comal Springs,12,2007-02-01,2008-01-01,372.45712365591396,0,0
Comal Springs,12,2007-03-01,2008-02-01,381.7193362995921,0,0
Comal Springs,12,2007-04-01,2008-03-01,389.7650352243233,0,0
Comal Springs,12,2007-05-01,2008-04-01,393.5622574465455,0,0
Comal Springs,12,2007-06-01,2008-05-01,394.9735477691262,0,0
Comal Springs,12,2007-07-01,2008-06-01,393.1041033246817,0,0
Comal Springs,12,2007-08-01,2008-07-01,381.9374366580151,0,0
Comal Springs,12,2007-09-01,2008-08-01,369.00732913113336,0,0
Comal Springs,12,2007-10-01,2008-09-01,356.9656624644667,0,0
Comal Springs,12,2007-11-01,2008-10-01,345.5113613891979,0,0
Comal Springs,12,2007-12-01,2008-11-01,334.48913916697563,0,0
Comal Springs,12,2008-01-01,2008-12-01,323.99182733901864,0,0
Comal Springs,12,2008-02-01,2009-01-01,314.5617198121369,0,0
Comal Springs,12,2008-03-01,2009-02-01,305.27272145417305,0,0
Comal Springs,12,2008-04-01,2009-03-01,296.69745263696876,0,0
Comal Springs,12,2008-05-01,2009-04-01,288.5557859703021,0,0
Comal Springs,12,2008-06-01,2009-05-01,279.54234511008707,0,0
Comal Springs,12,2008-07-01,2009-06-01,272.5090117767537,0,0
Comal Springs,12,2008-08-01,2009-07-01,263.2321300563236,0,0
Comal Springs,12,2008-09-01,2009-08-01,252.52245263696878,0,0
Comal Springs,12,2008-10-01,2009-09-01,243.78911930363543,0,0
Comal Springs,12,2008-11-01,2009-10-01,241.94503328213005,0,0
Comal Springs,12,2008-12-01,2009-11-01,242.78392217101896,0,0
Comal Springs,12,2009-01-01,2009-12-01,244.7220942140297,0,0
Comal Springs,12,2009-02-01,2010-01-01,247.5688684075781,0,0
Comal Springs,12,2009-03-01,2010-02-01,254.09863031234,0,0
Comal Springs,12,2009-04-01,2010-03-01,262.12013568868406,0,0
Comal Springs,12,2009-05-01,2010-04-01,269.29791346646186,0,0
Comal Springs,12,2009-06-01,2010-05-01,279.0559779825909,0,0
Comal Springs,12,2009-07-01,2010-06-01,293.6809779825909,0,0
Comal Springs,12,2009-08-01,2010-07-01,308.4336661546339,0,0
Comal Springs,12,2009-09-01,2010-08-01,321.1083973374296,0,0
Comal Springs,12,2009-10-01,2010-09-01,333.177841781874,0,0
Comal Springs,12,2009-11-01,2010-10-01,339.3014976958525,0,0
Comal Springs,12,2009-12-01,2010-11-01,342.2320532514081,0,0
Comal Springs,12,2010-01-01,2010-12-01,343.1863543266769,0,0
Comal Springs,12,2010-02-01,2011-01-01,342.3933435739887,0,0
Comal Springs,12,2010-03-01,2011-02-01,338.9022721454173,0,0
Comal Springs,12,2010-04-01,2011-03-01,333.0124871991807,0,0
Comal Springs,12,2010-05-01,2011-04-01,326.14859831029185,0,0
Comal Springs,12,2010-06-01,2011-05-01,316.430856374808,0,0
Comal Springs,12,2010-07-01,2011-06-01,300.4280785970302,0,0
Comal Springs,12,2010-08-01,2011-07-01,286.4576484895033,0,0
Comal Springs,12,2010-09-01,2011-08-01,273.96033666154636,0,0
Comal Springs,12,2010-10-01,2011-09-01,259.61033666154634,0,0
Comal Springs,12,2010-11-01,2011-10-01,247.2232398873528,0,0
Comal Springs,12,2010-12-01,2011-11-01,236.07601766513056,0,0
Comal Springs,12,2011-01-01,2011-12-01,226.94698540706605,0,0
Comal Springs,12,2011-02-01,2012-01-01,219.32870583717357,0,0
Comal Springs,12,2011-03-01,2012-02-01,214.34338153503893,0,0
Comal Springs,12,2011-04-01,2012-03-01,212.0611234705228,0,0
Comal Springs,12,2011-05-01,2012-04-01,211.55556791496724,0,0
Comal Springs,12,2011-06-01,2012-05-01,211.71148189346187,0,0
Comal Springs,12,2011-07-01,2012-06-01,214.43925967123965,0,0
Comal Springs,12,2011-08-01,2012-07-01,216.23495859597082,0,0
Comal Springs,12,2011-09-01,2012-08-01,216.5817327895192,0,0
Comal Springs,12,2011-10-01,2012-09-01,216.634510567297,0,0
Comal Springs,12,2011-11-01,2012-10-01,218.03236002966258,0,0
Comal Springs,12,2011-12-01,2012-11-01,218.32402669632927,0,0
Comal Springs,12,2012-01-01,2012-12-01,217.7863922877271,0,0
Comal Springs,12,2012-02-01,2013-01-01,217.44230626622172,0,0
Comal Springs,12,2012-03-01,2013-02-01,214.2996543778802,0,0
Comal Springs,12,2012-04-01,2013-03-01,208.91793394777267,0,0
Comal Springs,12,2012-05-01,2013-04-01,203.48460061443933,0,0
Comal Springs,12,2012-06-01,2013-05-01,200.25072964669738,0,0
Comal Springs,12,2012-07-01,2013-06-01,199.12850742447517,0,0
Comal Springs,12,2012-08-01,2013-07-01,196.64194828469022,0,0
Comal Springs,12,2012-09-01,2013-08-01,192.6607654889913,0,0
Comal Springs,12,2012-10-01,2013-09-01,188.58854326676908,0,0
Comal Springs,12,2012-11-01,2013-10-01,183.30628520225295,0,0
Comal Springs,12,2012-12-01,2013-11-01,180.58961853558628,0,0
Comal Springs,12,2013-01-01,2013-12-01,176.72940348182283,0,0
Comal Springs,12,2013-02-01,2014-01-01,172.45252176139275,0,0
Comal Springs,12,2013-03-01,2014-02-01,168.23823604710702,0,0
Comal Springs,12,2013-04-01,2014-03-01,164.11995647721454,0,0
Comal Springs,12,2013-05-01,2014-04-01,159.90606758832564,0,0
Comal Springs,12,2013-06-01,2014-05-01,154.2931643625192,0,0
Comal Springs,12,2013-07-01,2014-06-01,149.25983102918588,0,0
Comal Springs,12,2013-08-01,2014-07-01,145.23026113671276,0,0
Comal Springs,12,2013-09-01,2014-08-01,141.67649769585253,0,0
Comal Springs,12,2013-10-01,2014-09-01,137.88205325140808,0,0
Comal Springs,12,2013-11-01,2014-10-01,133.22076292882744,0,0
Comal Springs,12,2013-12-01,2014-11-01,129.67354070660522,0,0
Comal Springs,12,2014-01-01,2014-12-01,127.51225038402458,0,0
Comal Springs,12,2014-02-01,2015-01-01,125.56063748079877,0,0
Comal Springs,12,2014-03-01,2015-02-01,127.00408986175115,0,0
Comal Springs,12,2014-04-01,2015-03-01,130.34817588325654,0,0
Comal Springs,12,2014-05-01,2015-04-01,134.85373143881208,0,0
Comal Springs,12,2014-06-01,2015-05-01,144.86448412698414,0,0
Comal Springs,12,2014-07-01,2015-06-01,160.05059523809524,0,0
Comal Springs,12,2014-08-01,2015-07-01,178.04790706605223,0,0
Comal Springs,12,2014-09-01,2015-08-01,193.47263824884791,0,0
Comal Springs,12,2014-10-01,2015-09-01,205.29486047107014,0,0
Comal Springs,12,2014-11-01,2015-10-01,215.34862391193036,0,0
Comal Springs,12,2014-12-01,2015-11-01,229.5541794674859,0,0
Comal Springs,12,2015-01-01,2015-12-01,243.9735343061956,0,0
Comal Springs,12,2015-02-01,2016-01-01,258.6912762416795,0,0
Comal Springs,12,2015-03-01,2016-02-01,267.53004881967615,0,0
Comal Springs,12,2015-04-01,2016-03-01,276.0569305401063,0,0
Comal Springs,12,2015-05-01,2016-04-01,284.7652638734396,0,0
Comal Springs,12,2015-06-01,2016-05-01,291.9883821530095,0,0
Comal Springs,12,2015-07-01,2016-06-01,296.9411599307873,0,0
Comal Springs,12,2015-08-01,2016-07-01,297.6911599307873,0,0
Comal Springs,12,2015-09-01,2016-08-01,305.110514769497,0,0
Comal Springs,12,2015-10-01,2016-09-01,318.39940365838584,0,0
Comal Springs,12,2015-11-01,2016-10-01,331.67090903472996,0,0
Comal Springs,12,2015-12-01,2016-11-01,337.9792423680633,0,0
Comal Springs,12,2016-01-01,2016-12-01,345.1405326906439,0,0
Comal Springs,12,2016-02-01,2017-01-01,350.9577369917192,0,0
Comal Springs,12,2016-03-01,2017-02-01,361.1606310803891,0,0
Comal Springs,12,2016-04-01,2017-03-01,371.0396633384537,0,0
Comal Springs,12,2016-05-01,2017-04-01,380.0257744495648,0,0
Comal Springs,12,2016-06-01,2017-05-01,383.9128712237583,0,0
Comal Springs,12,2016-07-01,2017-06-01,380.9517601126472,0,0
Comal Springs,12,2016-08-01,2017-07-01,376.55928699436765,0,0
Comal Springs,12,2016-09-01,2017-08-01,369.21251280081924,0,0
Comal Springs,12,2016-10-01,2017-09-01,361.63751280081925,0,0
Comal Springs,12,2016-11-01,2017-10-01,355.26385688684076,0,0
Comal Springs,12,2016-12-01,2017-11-01,348.936079109063,0,0
Comal Springs,12,2017-01-01,2017-12-01,340.194143625192,0,0
Comal Springs,12,2017-02-01,2018-01-01,332.8124231950845,0,0
Comal Springs,12,2017-03-01,2018-02-01,322.8659946236559,0,0
Comal Springs,12,2017-04-01,2018-03-01,312.4762096774194,0,0
Comal Springs,12,2017-05-01,2018-04-01,302.7373207885305,0,0
Comal Springs,12,2017-06-01,2018-05-01,293.4416218637993,0,0
Comal Springs,12,2017-07-01,2018-06-01,282.28328853046594,0,0
Comal Springs,12,2017-08-01,2018-07-01,276.12737455197134,0,0
Comal Springs,12,2017-09-01,2018-08-01,268.8908154121864,0,0
Comal Springs,12,2017-10-01,2018-09-01,265.92414874551974,0,0
Comal Springs,12,2017-11-01,2018-10-01,269.95371863799284,0,0
Comal Springs,12,2017-12-01,2018-11-01,275.6176075268817,0,0
Comal Springs,12,2018-01-01,2018-12-01,282.8676075268817,0,0
Comal Springs,12,2018-02-01,2019-01-01,289.5342741935484,0,0
Comal Springs,12,2018-03-01,2019-02-01,296.62058371735793,0,0
Comal Springs,12,2018-04-01,2019-03-01,303.9646697388633,0,0
Comal Springs,12,2018-05-01,2019-04-01,309.5591141833077,0,0
Comal Springs,12,2018-06-01,2019-05-01,318.6854582693292,0,0
Comal Springs,12,2018-07-01,2019-06-01,331.86879160266255,0,0
Comal Springs,12,2018-08-01,2019-07-01,342.73975934459804,0,0
Comal Springs,12,2018-09-01,2019-08-01,352.41449052739375,0,0
Comal Springs,12,2018-10-01,2019-09-01,356.8422683051715,0,0
Comal Springs,12,2018-11-01,2019-10-01,353.1433435739887,0,0
Comal Springs,12,2018-12-01,2019-11-01,350.0072324628776,0,0
Comal Springs,12,2019-01-01,2019-12-01,344.7679851510497,0,0
Comal Springs,12,2019-02-01,2020-01-01,339.2276625704045,0,0
Comal Springs,12,2019-03-01,2020-02-01,334.4481059201582,0,0
Comal Springs,12,2019-04-01,2020-03-01,328.2115467803732,0,0
Comal Springs,12,2019-05-01,2020-04-01,323.91154678037327,0,0
Comal Springs,12,2019-06-01,2020-05-01,316.5271381782227,0,0
Comal Springs,12,2019-07-01,2020-06-01,308.60769373377826,0,0
Comal Springs,12,2019-08-01,2020-07-01,301.22328513162773,0,0
Comal Springs,12,2019-09-01,2020-08-01,296.67758620689654,0,0
Comal Springs,12,2019-10-01,2020-09-01,293.56925287356324,0,0
Comal Springs,12,2019-11-01,2020-10-01,291.60419911012235,0,0
Comal Springs,12,2019-12-01,2020-11-01,285.36808799901127,0,0
Comal Springs,12,2020-01-01,2020-12-01,280.7336793968607,0,0
Comal Springs,12,2020-02-01,2021-01-01,276.9030342355704,0,0
Comal Springs,12,2020-03-01,2021-02-01,271.68854326676905,0,0
Comal Springs,12,2020-04-01,2021-03-01,267.169726062468,0,0
Comal Springs,12,2020-05-01,2021-04-01,259.28917050691246,0,0
Comal Springs,12,2020-06-01,2021-05-01,257.6413210445468,0,0
Comal Springs,12,2020-07-01,2021-06-01,259.15243215565795,0,0
Comal Springs,12,2020-08-01,2021-07-01,261.82178699436764,0,0
Comal Springs,12,2020-09-01,2021-08-01,265.47501280081923,0,0
Comal Springs,12,2020-10-01,2021-09-01,265.3694572452637,0,0
Comal Springs,12,2020-11-01,2021-10-01,265.03343573988735,0,0
Comal Springs,12,2020-12-01,2021-11-01,268.0528801843318,0,0
Comal Springs,12,2021-01-01,2021-12-01,269.8808371735791,0,0
Comal Springs,12,2021-02-01,2022-01-01,270.07438556067586,0,0
Comal Springs,12,2021-03-01,2022-02-01,272.0416474654378,0,0
Comal Springs,12,2021-04-01,2022-03-01,273.4529377880184,0,0
Comal Springs,12,2021-05-01,2022-04-01,274.0473822324629,0,0
Comal Springs,12,2021-06-01,2022-05-01,267.35652201740913,0,0
Comal Springs,12,2021-07-01,2022-06-01,254.62318868407579,0,0
Comal Springs,12,2021-08-01,2022-07-01,240.01028545826932,0,0
Comal Springs,12,2021-09-01,2022-08-01,224.7038338453661,0,0
Comal Springs,12,2021-10-01,2022-09-01,212.4038338453661,0,0
Comal Springs,12,2021-11-01,2022-10-01,198.06781233998976,0,0
Comal Springs,12,2021-12-01,2022-11-01,184.11781233998977,0,0
Comal Springs,12,2022-01-01,2022-12-01,171.33286610343063,0,0
Comal Springs,12,2022-02-01,2023-01-01,159.0022209421403,0,0
Comal Springs,12,2022-03-01,2023-02-01,145.74626856118792,0,0
Comal Springs,12,2022-04-01,2023-03-01,133.16024705581157,0,0
Comal Springs,12,2022-05-01,2023-04-01,125.78524705581157,0,0
Comal Springs,12,2022-06-01,2023-05-01,124.04868791602662,0,0
Comal Springs,12,2022-07-01,2023-06-01,125.60702124935996,0,0
Comal Springs,12,2022-08-01,2023-07-01,123.8193868407578,0,0
Comal Springs,12,2022-09-01,2023-08-01,120.50218253968254,0,0
Comal Springs,12,2022-10-01,2023-09-01,116.7188492063492,0,0
Comal Springs,12,2022-11-01,2023-10-01,116.0709997439836,0,0
Comal Springs,12,2022-12-01,2023-11-01,115.82933307731695,0,0
Comal Springs,12,2023-01-01,2023-12-01,116.13040834613415,0,0
Comal Springs,12,2023-02-01,2024-01-01,118.45836533538146,0,0
Comal Springs,12,2023-03-01,2024-02-01,123.165569768879,0,0
Comal Springs,12,2023-04-01,2024-03-01,126.81879557533061,0,0
Comal Springs,12,2023-05-01,2024-04-01,128.1576844642195,0,0
Comal Springs,12,2023-06-01,2024-05-01,124.71951242120875,0,0
Comal Springs,12,2023-07-01,2024-06-01,118.96673464343097,0,0
Comal Springs,12,2023-08-01,2024-07-01,119.50168087999012,0,0
Comal Springs,12,2023-09-01,2024-08-01,122.40490668644172,0,0
Comal Springs,12,2023-10-01,2024-09-01,123.86601779755283,0,0
Comal Springs,12,2023-11-01,2024-10-01,121.78806080830552,0,0
Comal Springs,12,2023-12-01,2024-11-01,117.71028303052775,0,0
Comal Springs,12,2024-01-01,2024-12-01,111.93877765418365,0,0
Comal Springs,12,2024-02-01,2025-01-01,105.15114324558151,0,0
Comal Springs,12,2024-03-01,2025-02-01,97.28620071684588,0,0
Comal Springs,12,2024-04-01,2025-03-01,90.0926523297491,0,0
Comal Springs,12,2024-05-01,2025-04-01,83.19265232974911,0,0
Comal Springs,12,2024-06-01,2025-05-01,77.64695340501792,0,0
Comal Springs,12,2024-07-01,2025-06-01,79.61639784946236,0,0
Comal Springs,12,2024-08-01,2025-07-01,83.025,0,0
Comal Springs,12,2024-09-01,2025-08-01,82.3018817204301,0,0
Comal Springs,12,2024-10-01,2025-09-01,82.62410394265233,0,0
Comal Springs,12,2024-11-01,2025-10-01,82.80689964157706,0,0
Comal Springs,12,2024-12-01,2025-11-01,82.59023297491039,0,0
Comal Springs,12,2025-01-01,2025-12-01,83.6413082437276,0,0
Comal Springs,12,2025-02-01,2026-01-01,83.78915770609319,0,0
Comal Springs,12,2025-03-01,2026-02-01,82.50939580133128,0,0
Comal Springs,12,2025-04-01,2026-03-01,81.65724526369688,0,0
Comal Springs,12,2025-05-01,2026-04-01,82.51280081925243,0,0
Comal Springs,12,2025-06-01,2026-05-01,89.75204813108039,0,0
Comal Springs,12,2025-07-01,2026-06-01,94.09371479774705,0,0
Comal Springs,12,2025-08-01,2026-07-01,98.1528545826933,0,0
Comal Springs,18,1930-08-01,1932-01-01,NA,NA,NA
Comal Springs,18,1930-09-01,1932-02-01,NA,NA,NA
Comal Springs,18,1930-10-01,1932-03-01,NA,NA,NA
Comal Springs,18,1930-11-01,1932-04-01,NA,NA,NA
Comal Springs,18,1930-12-01,1932-05-01,NA,NA,NA
Comal Springs,18,1931-01-01,1932-06-01,NA,NA,NA
Comal Springs,18,1931-02-01,1932-07-01,NA,NA,NA
Comal Springs,18,1931-03-01,1932-08-01,NA,NA,NA
Comal Springs,18,1931-04-01,1932-09-01,NA,NA,NA
Comal Springs,18,1931-05-01,1932-10-01,NA,NA,NA
Comal Springs,18,1931-06-01,1932-11-01,NA,NA,NA
Comal Springs,18,1931-07-01,1932-12-01,NA,NA,NA
Comal Springs,18,1931-08-01,1933-01-01,NA,NA,NA
Comal Springs,18,1931-09-01,1933-02-01,NA,NA,NA
Comal Springs,18,1931-10-01,1933-03-01,NA,NA,NA
Comal Springs,18,1931-11-01,1933-04-01,NA,NA,NA
Comal Springs,18,1931-12-01,1933-05-01,NA,NA,NA
Comal Springs,18,1932-01-01,1933-06-01,318.5511659535482,2,0
Comal Springs,18,1932-02-01,1933-07-01,318.3540333370608,2,0
Comal Springs,18,1932-03-01,1933-08-01,318.1425638030106,2,0
Comal Springs,18,1932-04-01,1933-09-01,317.3530775425566,2,0
Comal Springs,18,1932-05-01,1933-10-01,316.64917471499786,1,0
Comal Springs,18,1932-06-01,1933-11-01,316.46649849038613,1,0
Comal Springs,18,1932-07-01,1933-12-01,316.31171951786524,1,0
Comal Springs,18,1932-08-01,1934-01-01,315.49451521679,1,0
Comal Springs,18,1932-09-01,1934-02-01,313.2605162408555,1,0
Comal Springs,18,1932-10-01,1934-03-01,312.77695425840585,0,0
Comal Springs,18,1932-11-01,1934-04-01,313.15730073391364,0,0
Comal Springs,18,1932-12-01,1934-05-01,313.78424219150025,0,0
Comal Springs,18,1933-01-01,1934-06-01,314.0086149513569,0,0
Comal Springs,18,1933-02-01,1934-07-01,315.2756400409626,0,0
Comal Springs,18,1933-03-01,1934-08-01,316.72962109575013,0,0
Comal Springs,18,1933-04-01,1934-09-01,316.0990356716163,0,0
Comal Springs,18,1933-05-01,1934-10-01,314.10817545656255,0,0
Comal Springs,18,1933-06-01,1934-11-01,312.0352363884622,0,0
Comal Springs,18,1933-07-01,1934-12-01,311.02836661546337,0,0
Comal Springs,18,1933-08-01,1935-01-01,309.90829493087557,0,0
Comal Springs,18,1933-09-01,1935-02-01,309.3499231950845,0,0
Comal Springs,18,1933-10-01,1935-03-01,308.35087898958864,0,0
Comal Springs,18,1933-11-01,1935-04-01,308.78749786653015,0,0
Comal Springs,18,1933-12-01,1935-05-01,309.33038914490527,0,0
Comal Springs,18,1934-01-01,1935-06-01,310.74072367298174,0,0
Comal Springs,18,1934-02-01,1935-07-01,311.98803550093874,0,0
Comal Springs,18,1934-03-01,1935-08-01,313.99443591056496,0,0
Comal Springs,18,1934-04-01,1935-09-01,314.48834272060077,0,0
Comal Springs,18,1934-05-01,1935-10-01,315.10620413039766,0,0
Comal Springs,18,1934-06-01,1935-11-01,316.6348182283666,0,0
Comal Springs,18,1934-07-01,1935-12-01,319.173886328725,0,0
Comal Springs,18,1934-08-01,1936-01-01,321.4606246799795,0,0
Comal Springs,18,1934-09-01,1936-02-01,323.89765347740877,0,0
Comal Springs,18,1934-10-01,1936-03-01,327.13397366856765,0,0
Comal Springs,18,1934-11-01,1936-04-01,328.76927832806587,0,0
Comal Springs,18,1934-12-01,1936-05-01,331.7472353173132,0,0
Comal Springs,18,1935-01-01,1936-06-01,337.39299397920087,0,0
Comal Springs,18,1935-02-01,1936-07-01,341.2711301799177,0,0
Comal Springs,18,1935-03-01,1936-08-01,344.7667779013719,0,0
Comal Springs,18,1935-04-01,1936-09-01,348.7047109957566,0,0
Comal Springs,18,1935-05-01,1936-10-01,352.34873728010547,0,0
Comal Springs,18,1935-06-01,1936-11-01,355.23177192765627,0,0
Comal Springs,18,1935-07-01,1936-12-01,356.3931219873934,0,0
Comal Springs,18,1935-08-01,1937-01-01,356.80351625262637,0,0
Comal Springs,18,1935-09-01,1937-02-01,357.32886187474617,0,0
Comal Springs,18,1935-10-01,1937-03-01,358.75610201811537,0,0
Comal Springs,18,1935-11-01,1937-04-01,360.62712949720736,0,0
Comal Springs,18,1935-12-01,1937-05-01,361.17916056052877,0,0
Comal Springs,18,1936-01-01,1937-06-01,361.66231468239255,0,0
Comal Springs,18,1936-02-01,1937-07-01,360.8056838580198,0,0
Comal Springs,18,1936-03-01,1937-08-01,359.22707799965866,0,0
Comal Springs,18,1936-04-01,1937-09-01,358.1555726233146,0,0
Comal Springs,18,1936-05-01,1937-10-01,357.3625618706264,0,0
Comal Springs,18,1936-06-01,1937-11-01,355.947567844342,0,0
Comal Springs,18,1936-07-01,1937-12-01,352.39320703191675,0,0
Comal Springs,18,1936-08-01,1938-01-01,350.13514251578766,0,0
Comal Springs,18,1936-09-01,1938-02-01,348.54822495306365,0,0
Comal Springs,18,1936-10-01,1938-03-01,346.6138760880697,0,0
Comal Springs,18,1936-11-01,1938-04-01,345.4013312852023,0,0
Comal Springs,18,1936-12-01,1938-05-01,345.7225977129203,0,0
Comal Springs,18,1937-01-01,1938-06-01,346.3612476531831,0,0
Comal Springs,18,1937-02-01,1938-07-01,346.63902543096094,0,0
Comal Springs,18,1937-03-01,1938-08-01,346.1172640382318,0,0
Comal Springs,18,1937-04-01,1938-09-01,345.4585424133811,0,0
Comal Springs,18,1937-05-01,1938-10-01,343.4566905615293,0,0
Comal Springs,18,1937-06-01,1938-11-01,341.9639187574671,0,0
Comal Springs,18,1937-07-01,1938-12-01,339.28542413381126,0,0
Comal Springs,18,1937-08-01,1939-01-01,337.2513739545998,0,0
Comal Springs,18,1937-09-01,1939-02-01,336.54809694487113,0,0
Comal Springs,18,1937-10-01,1939-03-01,335.5765915685271,0,0
Comal Springs,18,1937-11-01,1939-04-01,335.35293565454856,0,0
Comal Springs,18,1937-12-01,1939-05-01,334.7553848779655,0,0
Comal Springs,18,1938-01-01,1939-06-01,333.64863457927976,0,0
Comal Springs,18,1938-02-01,1939-07-01,330.3941542925414,0,0
Comal Springs,18,1938-03-01,1939-08-01,328.09935142515786,0,0
Comal Springs,18,1938-04-01,1939-09-01,326.8281447345963,0,0
Comal Springs,18,1938-05-01,1939-10-01,323.68047448370027,0,0
Comal Springs,18,1938-06-01,1939-11-01,318.5758747226489,0,0
Comal Springs,18,1938-07-01,1939-12-01,314.13614951356885,0,0
Comal Springs,18,1938-08-01,1940-01-01,310.3332821300563,0,0
Comal Springs,18,1938-09-01,1940-02-01,307.3153609831029,0,0
Comal Springs,18,1938-10-01,1940-03-01,303.6246202423622,0,0
Comal Springs,18,1938-11-01,1940-04-01,300.1116572793992,0,0
Comal Springs,18,1938-12-01,1940-05-01,295.9252176139273,0,0
Comal Springs,18,1939-01-01,1940-06-01,292.9111196449906,0,0
Comal Springs,18,1939-02-01,1940-07-01,290.74982932240994,0,0
Comal Springs,18,1939-03-01,1940-08-01,287.81511350059736,0,0
Comal Springs,18,1939-04-01,1940-09-01,285.36810035842296,0,0
Comal Springs,18,1939-05-01,1940-10-01,282.9519713261649,0,0
Comal Springs,18,1939-06-01,1940-11-01,281.0958183990442,0,0
Comal Springs,18,1939-07-01,1940-12-01,280.2652927120669,0,0
Comal Springs,18,1939-08-01,1941-01-01,281.93195937873355,0,0
Comal Springs,18,1939-09-01,1941-02-01,283.1235876429425,0,0
Comal Springs,18,1939-10-01,1941-03-01,283.973647380099,0,0
Comal Springs,18,1939-11-01,1941-04-01,286.7694657791432,0,0
Comal Springs,18,1939-12-01,1941-05-01,293.0514848950333,0,0
Comal Springs,18,1940-01-01,1941-06-01,297.97083973374293,0,0
Comal Springs,18,1940-02-01,1941-07-01,302.00130568356377,0,0
Comal Springs,18,1940-03-01,1941-08-01,306.0120583717358,0,0
Comal Springs,18,1940-04-01,1941-09-01,309.10835466803206,0,0
Comal Springs,18,1940-05-01,1941-10-01,313.40267963816353,0,0
Comal Springs,18,1940-06-01,1941-11-01,317.8002304147465,0,0
Comal Springs,18,1940-07-01,1941-12-01,321.0383427206008,0,0
Comal Springs,18,1940-08-01,1942-01-01,324.0437190646868,0,0
Comal Springs,18,1940-09-01,1942-02-01,327.20264123570576,0,0
Comal Springs,18,1940-10-01,1942-03-01,330.4955325140809,0,0
Comal Springs,18,1940-11-01,1942-04-01,334.1783282130056,0,0
Comal Springs,18,1940-12-01,1942-05-01,336.5201442225636,0,0
Comal Springs,18,1941-01-01,1942-06-01,338.1025217613927,0,0
Comal Springs,18,1941-02-01,1942-07-01,339.68316692268303,0,0
Comal Springs,18,1941-03-01,1942-08-01,340.1707501280082,0,0
Comal Springs,18,1941-04-01,1942-09-01,342.02994965011095,0,0
Comal Springs,18,1941-05-01,1942-10-01,344.81836064174774,0,0
Comal Springs,18,1941-06-01,1942-11-01,345.8011563406725,0,0
Comal Springs,18,1941-07-01,1942-12-01,348.1201527564431,0,0
Comal Springs,18,1941-08-01,1943-01-01,350.9158516811743,0,0
Comal Springs,18,1941-09-01,1943-02-01,352.55390851681176,0,0
Comal Springs,18,1941-10-01,1943-03-01,354.3357484212323,0,0
Comal Springs,18,1941-11-01,1943-04-01,354.46179382147125,0,0
Comal Springs,18,1941-12-01,1943-05-01,353.95492404847244,0,0
Comal Springs,18,1942-01-01,1943-06-01,353.52977470558113,0,0
Comal Springs,18,1942-02-01,1943-07-01,352.92762416794676,0,0
Comal Springs,18,1942-03-01,1943-08-01,352.069777265745,0,0
Comal Springs,18,1942-04-01,1943-09-01,351.3083674688513,0,0
Comal Springs,18,1942-05-01,1943-10-01,349.5413423792456,0,0
Comal Springs,18,1942-06-01,1943-11-01,349.69211896228023,0,0
Comal Springs,18,1942-07-01,1943-12-01,349.4825012800819,0,0
Comal Springs,18,1942-08-01,1944-01-01,349.8839349718382,0,0
Comal Springs,18,1942-09-01,1944-02-01,350.722706446316,0,0
Comal Springs,18,1942-10-01,1944-03-01,350.8652990389086,0,0
Comal Springs,18,1942-11-01,1944-04-01,350.5583695287533,0,0
Comal Springs,18,1942-12-01,1944-05-01,349.1813085968536,0,0
Comal Springs,18,1943-01-01,1944-06-01,347.0141640329349,0,0
Comal Springs,18,1943-02-01,1944-07-01,344.0589669003184,0,0
Comal Springs,18,1943-03-01,1944-08-01,340.6126663370824,0,0
Comal Springs,18,1943-04-01,1944-09-01,338.34934495118034,0,0
Comal Springs,18,1943-05-01,1944-10-01,336.6480307337371,0,0
Comal Springs,18,1943-06-01,1944-11-01,335.5363819882174,0,0
Comal Springs,18,1943-07-01,1944-12-01,335.68733778272156,0,0
Comal Springs,18,1943-08-01,1945-01-01,336.64432703003337,0,0
Comal Springs,18,1943-09-01,1945-02-01,340.1430469481081,0,0
Comal Springs,18,1943-10-01,1945-03-01,343.5567864941057,0,0
Comal Springs,18,1943-11-01,1945-04-01,349.04418195408186,0,0
Comal Springs,18,1943-12-01,1945-05-01,354.5224376291117,0,0
Comal Springs,18,1944-01-01,1945-06-01,357.85057382982853,0,0
Comal Springs,18,1944-02-01,1945-07-01,358.6032620018716,0,0
Comal Springs,18,1944-03-01,1945-08-01,359.0100102406554,0,0
Comal Springs,18,1944-04-01,1945-09-01,357.6951954258406,0,0
Comal Springs,18,1944-05-01,1945-10-01,355.03617511520736,0,0
Comal Springs,18,1944-06-01,1945-11-01,352.2687916026626,0,0
Comal Springs,18,1944-07-01,1945-12-01,349.9753626898788,0,0
Comal Springs,18,1944-08-01,1946-01-01,348.28360641747736,0,0
Comal Springs,18,1944-09-01,1946-02-01,347.47197047277695,0,0
Comal Springs,18,1944-10-01,1946-03-01,347.740668202765,0,0
Comal Springs,18,1944-11-01,1946-04-01,348.019760197986,0,0
Comal Springs,18,1944-12-01,1946-05-01,349.8213731012118,0,0
Comal Springs,18,1945-01-01,1946-06-01,351.8259728622632,0,0
Comal Springs,18,1945-02-01,1946-07-01,353.4765104966718,0,0
Comal Springs,18,1945-03-01,1946-08-01,352.2161418330773,0,0
Comal Springs,18,1945-04-01,1946-09-01,351.4283282130056,0,0
Comal Springs,18,1945-05-01,1946-10-01,350.7635133981908,0,0
Comal Springs,18,1945-06-01,1946-11-01,350.0019243898276,0,0
Comal Springs,18,1945-07-01,1946-12-01,351.41572367298176,0,0
Comal Springs,18,1945-08-01,1947-01-01,355.07701399556237,0,0
Comal Springs,18,1945-09-01,1947-02-01,358.75462536268986,0,0
Comal Springs,18,1945-10-01,1947-03-01,362.71460146782726,0,0
Comal Springs,18,1945-11-01,1947-04-01,366.0310291858679,0,0
Comal Springs,18,1945-12-01,1947-05-01,368.00450588837685,0,0
Comal Springs,18,1946-01-01,1947-06-01,368.50719406041986,0,0
Comal Springs,18,1946-02-01,1947-07-01,368.75271377368153,0,0
Comal Springs,18,1946-03-01,1947-08-01,369.35467229902713,0,0
Comal Springs,18,1946-04-01,1947-09-01,368.37301160607615,0,0
Comal Springs,18,1946-05-01,1947-10-01,367.3896185355863,0,0
Comal Springs,18,1946-06-01,1947-11-01,365.3861537805086,0,0
Comal Springs,18,1946-07-01,1947-12-01,362.23818484383,0,0
Comal Springs,18,1946-08-01,1948-01-01,358.3779697900666,0,0
Comal Springs,18,1946-09-01,1948-02-01,355.69307299115417,0,0
Comal Springs,18,1946-10-01,1948-03-01,351.7120694069248,0,0
Comal Springs,18,1946-11-01,1948-04-01,346.28243977729517,0,0
Comal Springs,18,1946-12-01,1948-05-01,339.86481731612434,0,0
Comal Springs,18,1947-01-01,1948-06-01,333.1324995144517,0,0
Comal Springs,18,1947-02-01,1948-07-01,325.02676474742657,0,0
Comal Springs,18,1947-03-01,1948-08-01,316.6609813372883,0,0
Comal Springs,18,1947-04-01,1948-09-01,308.46582004696575,0,0
Comal Springs,18,1947-05-01,1948-10-01,300.89311992749145,0,0
Comal Springs,18,1947-06-01,1948-11-01,295.0270506323899,0,0
Comal Springs,18,1947-07-01,1948-12-01,290.1175524245046,0,0
Comal Springs,18,1947-08-01,1949-01-01,286.2430004531784,0,0
Comal Springs,18,1947-09-01,1949-02-01,281.8612800230709,0,0
Comal Springs,18,1947-10-01,1949-03-01,279.17806616405056,0,0
Comal Springs,18,1947-11-01,1949-04-01,277.6651629382441,0,0
Comal Springs,18,1947-12-01,1949-05-01,277.8621760804186,0,0
Comal Springs,18,1948-01-01,1949-06-01,278.1953302022824,0,0
Comal Springs,18,1948-02-01,1949-07-01,278.55733737074115,0,0
Comal Springs,18,1948-03-01,1949-08-01,278.40173237753885,0,0
Comal Springs,18,1948-04-01,1949-09-01,277.88829151732375,0,0
Comal Springs,18,1948-05-01,1949-10-01,277.1225806451613,0,0
Comal Springs,18,1948-06-01,1949-11-01,276.9568697729988,0,0
Comal Springs,18,1948-07-01,1949-12-01,277.3379330943847,0,0
Comal Springs,18,1948-08-01,1950-01-01,278.31642771804064,0,0
Comal Springs,18,1948-09-01,1950-02-01,279.90046509643287,0,0
Comal Springs,18,1948-10-01,1950-03-01,281.06516043693466,0,0
Comal Springs,18,1948-11-01,1950-04-01,281.9860087045571,0,0
Comal Springs,18,1948-12-01,1950-05-01,282.45422853729303,0,0
Comal Springs,18,1949-01-01,1950-06-01,283.0396526711043,0,0
Comal Springs,18,1949-02-01,1950-07-01,282.8317673664448,0,0
Comal Springs,18,1949-03-01,1950-08-01,282.9159967571258,0,0
Comal Springs,18,1949-04-01,1950-09-01,281.5918032087387,0,0
Comal Springs,18,1949-05-01,1950-10-01,279.62621181088923,0,0
Comal Springs,18,1949-06-01,1950-11-01,275.60142089093705,0,0
Comal Springs,18,1949-07-01,1950-12-01,271.18045314900155,0,0
Comal Springs,18,1949-08-01,1951-01-01,266.72525601638506,0,0
Comal Springs,18,1949-09-01,1951-02-01,262.1931899641577,0,0
Comal Springs,18,1949-10-01,1951-03-01,258.5381720430108,0,0
Comal Springs,18,1949-11-01,1951-04-01,254.88166069295102,0,0
Comal Springs,18,1949-12-01,1951-05-01,251.19074074074075,0,0
Comal Springs,18,1950-01-01,1951-06-01,247.1874551971326,0,0
Comal Springs,18,1950-02-01,1951-07-01,241.8720430107527,0,0
Comal Springs,18,1950-03-01,1951-08-01,235.94212749615974,0,0
Comal Springs,18,1950-04-01,1951-09-01,230.3181728963987,0,0
Comal Springs,18,1950-05-01,1951-10-01,225.29517409114183,0,0
Comal Springs,18,1950-06-01,1951-11-01,220.97510240655402,0,0
Comal Springs,18,1950-07-01,1951-12-01,217.36638078170336,0,0
Comal Springs,18,1950-08-01,1952-01-01,213.8502517494453,0,0
Comal Springs,18,1950-09-01,1952-02-01,210.30242082619725,0,0
Comal Springs,18,1950-10-01,1952-03-01,206.5316322957313,0,0
Comal Springs,18,1950-11-01,1952-04-01,202.90833480469186,0,0
Comal Springs,18,1950-12-01,1952-05-01,199.58545547374803,0,0
Comal Springs,18,1951-01-01,1952-06-01,196.35827506753535,0,0
Comal Springs,18,1951-02-01,1952-07-01,192.4442965729117,0,0
Comal Springs,18,1951-03-01,1952-08-01,187.30252749969102,0,0
Comal Springs,18,1951-04-01,1952-09-01,184.54273060602316,0,0
Comal Springs,18,1951-05-01,1952-10-01,183.2870555761546,0,0
Comal Springs,18,1951-06-01,1952-11-01,182.39834589873522,0,0
Comal Springs,18,1951-07-01,1952-12-01,183.04320850327525,0,0
Comal Springs,18,1951-08-01,1953-01-01,185.38012606599926,0,0
Comal Springs,18,1951-09-01,1953-02-01,188.0620257075763,0,0
Comal Springs,18,1951-10-01,1953-03-01,190.347270629918,0,0
Comal Springs,18,1951-11-01,1953-04-01,191.74063980554524,0,0
Comal Springs,18,1951-12-01,1953-05-01,192.31339966217607,0,0
Comal Springs,18,1952-01-01,1953-06-01,190.7850842499897,0,0
Comal Springs,18,1952-02-01,1953-07-01,188.0592777983768,0,0
Comal Springs,18,1952-03-01,1953-08-01,184.90280764635602,0,0
Comal Springs,18,1952-04-01,1953-09-01,185.13655913978494,0,0
Comal Springs,18,1952-05-01,1953-10-01,185.71505376344086,0,0
Comal Springs,18,1952-06-01,1953-11-01,187.05830346475508,0,0
Comal Springs,18,1952-07-01,1953-12-01,187.75501792114696,0,0
Comal Springs,18,1952-08-01,1954-01-01,190.2872759856631,0,0
Comal Springs,18,1952-09-01,1954-02-01,194.33182283666156,0,0
Comal Springs,18,1952-10-01,1954-03-01,194.3299709848097,0,0
Comal Springs,18,1952-11-01,1954-04-01,191.78749786653012,0,0
Comal Springs,18,1952-12-01,1954-05-01,188.99699607441542,0,0
Comal Springs,18,1953-01-01,1954-06-01,183.2410223587643,0,0
Comal Springs,18,1953-02-01,1954-07-01,176.28403311145246,0,0
Comal Springs,18,1953-03-01,1954-08-01,168.33331626557433,0,0
Comal Springs,18,1953-04-01,1954-09-01,160.47955282471412,0,0
Comal Springs,18,1953-05-01,1954-10-01,154.93385389998292,0,0
Comal Springs,18,1953-06-01,1954-11-01,150.599982932241,0,0
Comal Springs,18,1953-07-01,1954-12-01,148.10320873869262,0,0
Comal Springs,18,1953-08-01,1955-01-01,147.78242020822665,0,0
Comal Springs,18,1953-09-01,1955-02-01,148.7794760197986,0,0
Comal Springs,18,1953-10-01,1955-03-01,145.75540194572451,0,0
Comal Springs,18,1953-11-01,1955-04-01,140.7935739887353,0,0
Comal Springs,18,1953-12-01,1955-05-01,134.59906980713433,0,0
Comal Springs,18,1954-01-01,1955-06-01,128.9227257211128,0,0
Comal Springs,18,1954-02-01,1955-07-01,121.0768475849121,0,0
Comal Springs,18,1954-03-01,1955-08-01,112.61294589520396,0,0
Comal Springs,18,1954-04-01,1955-09-01,106.06850145075951,0,0
Comal Springs,18,1954-05-01,1955-10-01,101.14502474825055,0,0
Comal Springs,18,1954-06-01,1955-11-01,96.87071172555044,0,0
Comal Springs,18,1954-07-01,1955-12-01,95.2073306024919,0,0
Comal Springs,18,1954-08-01,1956-01-01,94.43672128349547,0,0
Comal Springs,18,1954-09-01,1956-02-01,94.99184425964181,0,0
Comal Springs,18,1954-10-01,1956-03-01,94.52661128473142,0,0
Comal Springs,18,1954-11-01,1956-04-01,90.79268057983298,0,0
Comal Springs,18,1954-12-01,1956-05-01,85.46346911029892,0,0
Comal Springs,18,1955-01-01,1956-06-01,78.48802108162509,0,0
Comal Springs,18,1955-02-01,1956-07-01,70.89303900277204,0,0
Comal Springs,18,1955-03-01,1956-08-01,62.96049932023236,0,0
Comal Springs,18,1955-04-01,1956-09-01,55.79383265356569,0,0
Comal Springs,18,1955-05-01,1956-10-01,49.94383265356569,0,0
Comal Springs,18,1955-06-01,1956-11-01,45.96981831664813,0,0
Comal Springs,18,1955-07-01,1956-12-01,43.079854158942034,0,0
Comal Springs,18,1955-08-01,1957-01-01,42.31820541342232,0,0
Comal Springs,18,1955-09-01,1957-02-01,42.18686900789237,0,0
Comal Springs,18,1955-10-01,1957-03-01,42.80837438423645,0,0
Comal Springs,18,1955-11-01,1957-04-01,45.315184420078744,0,0
Comal Springs,18,1955-12-01,1957-05-01,51.521397084355925,0,0
Comal Springs,18,1956-01-01,1957-06-01,59.712555985192246,0,0
Comal Springs,18,1956-02-01,1957-07-01,63.37205419307755,0,0
Comal Springs,18,1956-03-01,1957-08-01,63.29184161119645,0,0
Comal Springs,18,1956-04-01,1957-09-01,66.16818569721795,0,0
Comal Springs,18,1956-05-01,1957-10-01,74.65301245946407,0,0
Comal Springs,18,1956-06-01,1957-11-01,86.2137054104796,0,0
Comal Springs,18,1956-07-01,1957-12-01,100.01890254309609,0,0
Comal Springs,18,1956-08-01,1958-01-01,115.37015702338283,0,0
Comal Springs,18,1956-09-01,1958-02-01,132.44555384877967,0,0
Comal Springs,18,1956-10-01,1958-03-01,151.2448370029015,0,0
Comal Springs,18,1956-11-01,1958-04-01,170.05039255845708,0,0
Comal Springs,18,1956-12-01,1958-05-01,188.03336746885134,0,0
Comal Springs,18,1957-01-01,1958-06-01,203.38073903396483,0,0
Comal Springs,18,1957-02-01,1958-07-01,217.29292541389316,0,0
Comal Springs,18,1957-03-01,1958-08-01,229.22712920293566,0,0
Comal Springs,18,1957-04-01,1958-09-01,241.19821641918415,0,0
Comal Springs,18,1957-05-01,1958-10-01,253.53907663423792,0,0
Comal Springs,18,1957-06-01,1958-11-01,261.88656767366444,0,0
Comal Springs,18,1957-07-01,1958-12-01,267.4821471240826,0,0
Comal Springs,18,1957-08-01,1959-01-01,277.3710360129715,0,0
Comal Springs,18,1957-09-01,1959-02-01,291.0174773852193,0,0
Comal Springs,18,1957-10-01,1959-03-01,302.8884451271548,0,0
Comal Springs,18,1957-11-01,1959-04-01,310.37769243898276,0,0
Comal Springs,18,1957-12-01,1959-05-01,315.184383000512,0,0
Comal Springs,18,1958-01-01,1959-06-01,317.8125192012289,0,0
Comal Springs,18,1958-02-01,1959-07-01,319.19244751664104,0,0
Comal Springs,18,1958-03-01,1959-08-01,318.1564772145417,0,0
Comal Springs,18,1958-04-01,1959-09-01,315.2757125789384,0,0
Comal Springs,18,1958-05-01,1959-10-01,313.3680064857484,0,0
Comal Springs,18,1958-06-01,1959-11-01,311.36651305683563,0,0
Comal Springs,18,1958-07-01,1959-12-01,311.58903396484044,0,0
Comal Springs,18,1958-08-01,1960-01-01,312.87398020139955,0,0
Comal Springs,18,1958-09-01,1960-02-01,316.31607635762253,0,0
Comal Springs,18,1958-10-01,1960-03-01,318.7876414711231,0,0
Comal Springs,18,1958-11-01,1960-04-01,318.56529977458786,0,0
Comal Springs,18,1958-12-01,1960-05-01,317.6049055093549,0,0
Comal Springs,18,1959-01-01,1960-06-01,314.81302976264044,0,0
Comal Springs,18,1959-02-01,1960-07-01,312.68937384866194,0,0
Comal Springs,18,1959-03-01,1960-08-01,310.42465290652166,0,0
Comal Springs,18,1959-04-01,1960-09-01,308.45368516458615,0,0
Comal Springs,18,1959-05-01,1960-10-01,307.46981419684425,0,0
Comal Springs,18,1959-06-01,1960-11-01,308.7260865982779,0,0
Comal Springs,18,1959-07-01,1960-12-01,311.83092530795534,0,0
Comal Springs,18,1959-08-01,1961-01-01,315.1481296090306,0,0
Comal Springs,18,1959-09-01,1961-02-01,319.48568721271727,0,0
Comal Springs,18,1959-10-01,1961-03-01,323.7374195902561,0,0
Comal Springs,18,1959-11-01,1961-04-01,325.97845901677937,0,0
Comal Springs,18,1959-12-01,1961-05-01,326.60002413027996,0,0
Comal Springs,18,1960-01-01,1961-06-01,326.43305877783075,0,0
Comal Springs,18,1960-02-01,1961-07-01,326.486822218691,0,0
Comal Springs,18,1960-03-01,1961-08-01,326.20064004096264,0,0
Comal Springs,18,1960-04-01,1961-09-01,325.4753712237583,0,0
Comal Springs,18,1960-05-01,1961-10-01,325.6278204471753,0,0
Comal Springs,18,1960-06-01,1961-11-01,326.4437702679638,0,0
Comal Springs,18,1960-07-01,1961-12-01,328.58331626557435,0,0
Comal Springs,18,1960-08-01,1962-01-01,330.0582266598396,0,0
Comal Springs,18,1960-09-01,1962-02-01,330.9380269670592,0,0
Comal Springs,18,1960-10-01,1962-03-01,331.15809865164704,0,0
Comal Springs,18,1960-11-01,1962-04-01,330.2734511008705,0,0
Comal Springs,18,1960-12-01,1962-05-01,326.9723758320533,0,0
Comal Springs,18,1961-01-01,1962-06-01,322.0805000853388,0,0
Comal Springs,18,1961-02-01,1962-07-01,315.2525430960915,0,0
Comal Springs,18,1961-03-01,1962-08-01,305.99383853899985,0,0
Comal Springs,18,1961-04-01,1962-09-01,298.11247653183136,0,0
Comal Springs,18,1961-05-01,1962-10-01,291.90907151391025,0,0
Comal Springs,18,1961-06-01,1962-11-01,287.7152841781874,0,0
Comal Springs,18,1961-07-01,1962-12-01,285.0883427206008,0,0
Comal Springs,18,1961-08-01,1963-01-01,281.8231097456904,0,0
Comal Springs,18,1961-09-01,1963-02-01,278.64965864481997,0,0
Comal Springs,18,1961-10-01,1963-03-01,275.84087728281276,0,0
Comal Springs,18,1961-11-01,1963-04-01,271.4884280593958,0,0
Comal Springs,18,1961-12-01,1963-05-01,265.92516641065026,0,0
Comal Springs,18,1962-01-01,1963-06-01,258.80228707970645,0,0
Comal Springs,18,1962-02-01,1963-07-01,250.76823690049497,0,0
Comal Springs,18,1962-03-01,1963-08-01,241.03538999829323,0,0
Comal Springs,18,1962-04-01,1963-09-01,232.28198498037207,0,0
Comal Springs,18,1962-05-01,1963-10-01,225.18455367810208,0,0
Comal Springs,18,1962-06-01,1963-11-01,219.99488820617853,0,0
Comal Springs,18,1962-07-01,1963-12-01,216.51221198156682,0,0
Comal Springs,18,1962-08-01,1964-01-01,215.04805427547362,0,0
Comal Springs,18,1962-09-01,1964-02-01,216.6807325599873,0,0
Comal Springs,18,1962-10-01,1964-03-01,216.96173614421667,0,0
Comal Springs,18,1962-11-01,1964-04-01,215.91514116213781,0,0
Comal Springs,18,1962-12-01,1964-05-01,212.97631201040545,0,0
Comal Springs,18,1963-01-01,1964-06-01,208.74214235688095,0,0
Comal Springs,18,1963-02-01,1964-07-01,202.72063698053688,0,0
Comal Springs,18,1963-03-01,1964-08-01,195.08046800972275,0,0
Comal Springs,18,1963-04-01,1964-09-01,188.40036048284102,0,0
Comal Springs,18,1963-05-01,1964-10-01,184.1829172331397,0,0
Comal Springs,18,1963-06-01,1964-11-01,182.55358628929264,0,0
Comal Springs,18,1963-07-01,1964-12-01,183.08865200016479,0,0
Comal Springs,18,1963-08-01,1965-01-01,184.86105343385654,0,0
Comal Springs,18,1963-09-01,1965-02-01,191.36572573288367,0,0
Comal Springs,18,1963-10-01,1965-03-01,198.20515225618118,0,0
Comal Springs,18,1963-11-01,1965-04-01,204.07850948437712,0,0
Comal Springs,18,1963-12-01,1965-05-01,210.2395011211752,0,0
Comal Springs,18,1964-01-01,1965-06-01,216.5258810494906,0,0
Comal Springs,18,1964-02-01,1965-07-01,219.42552262655155,0,0
Comal Springs,18,1964-03-01,1965-08-01,219.21936763952894,0,0
Comal Springs,18,1964-04-01,1965-09-01,218.08095664789212,0,0
Comal Springs,18,1964-05-01,1965-10-01,219.78884195255162,0,0
Comal Springs,18,1964-06-01,1965-11-01,223.76100443761734,0,0
Comal Springs,18,1964-07-01,1965-12-01,229.88585509472605,0,0
Comal Springs,18,1964-08-01,1966-01-01,238.03997695852533,0,0
Comal Springs,18,1964-09-01,1966-02-01,248.22776497695853,0,0
Comal Springs,18,1964-10-01,1966-03-01,257.36844598054273,0,0
Comal Springs,18,1964-11-01,1966-04-01,264.0284818228367,0,0
Comal Springs,18,1964-12-01,1966-05-01,269.480393411845,0,0
Comal Springs,18,1965-01-01,1966-06-01,272.8694017750469,0,0
Comal Springs,18,1965-02-01,1966-07-01,274.3228067929681,0,0
Comal Springs,18,1965-03-01,1966-08-01,271.98659327530294,0,0
Comal Springs,18,1965-04-01,1966-09-01,270.3471667520055,0,0
Comal Springs,18,1965-05-01,1966-10-01,268.9505120327701,0,0
Comal Springs,18,1965-06-01,1966-11-01,265.67655743300907,0,0
Comal Springs,18,1965-07-01,1966-12-01,261.4152671104284,0,0
Comal Springs,18,1965-08-01,1967-01-01,260.3471667520055,0,0
Comal Springs,18,1965-09-01,1967-02-01,260.349982932241,0,0
Comal Springs,18,1965-10-01,1967-03-01,260.57799965864484,0,0
Comal Springs,18,1965-11-01,1967-04-01,257.83863287250387,0,0
Comal Springs,18,1965-12-01,1967-05-01,251.99012630141664,0,0
Comal Springs,18,1966-01-01,1967-06-01,241.22083119986345,0,0
Comal Springs,18,1966-02-01,1967-07-01,228.99860897764123,0,0
Comal Springs,18,1966-03-01,1967-08-01,216.1531148660181,0,0
Comal Springs,18,1966-04-01,1967-09-01,208.1142857142857,0,0
Comal Springs,18,1966-05-01,1967-10-01,203.9488735279058,0,0
Comal Springs,18,1966-06-01,1967-11-01,200.69140638334187,0,0
Comal Springs,18,1966-07-01,1967-12-01,199.81852705239803,0,0
Comal Springs,18,1966-08-01,1968-01-01,202.61243386243385,0,0
Comal Springs,18,1966-09-01,1968-02-01,210.01275520713784,0,0
Comal Springs,18,1966-10-01,1968-03-01,216.1055867483565,0,0
Comal Springs,18,1966-11-01,1968-04-01,221.9540933194437,0,0
Comal Springs,18,1966-12-01,1968-05-01,228.0309153027173,0,0
Comal Springs,18,1967-01-01,1968-06-01,233.4514648845572,0,0
Comal Springs,18,1967-02-01,1968-07-01,237.51956524298015,0,0
Comal Springs,18,1967-03-01,1968-08-01,241.0740967329955,0,0
Comal Springs,18,1967-04-01,1968-09-01,245.4645985251102,0,0
Comal Springs,18,1967-05-01,1968-10-01,251.2577287521114,0,0
Comal Springs,18,1967-06-01,1968-11-01,258.81919828616157,0,0
Comal Springs,18,1967-07-01,1968-12-01,269.9612532443456,0,0
Comal Springs,18,1967-08-01,1969-01-01,282.14763317266096,0,0
Comal Springs,18,1967-09-01,1969-02-01,294.8740796652365,0,0
Comal Springs,18,1967-10-01,1969-03-01,303.7229446592628,0,0
Comal Springs,18,1967-11-01,1969-04-01,309.3735420308279,0,0
Comal Springs,18,1967-12-01,1969-05-01,314.684772616252,0,0
Comal Springs,18,1968-01-01,1969-06-01,317.86691120645514,0,0
Comal Springs,18,1968-02-01,1969-07-01,316.5980940021541,0,0
Comal Springs,18,1968-03-01,1969-08-01,309.52035330261134,0,0
Comal Springs,18,1968-04-01,1969-09-01,304.3830773169483,0,0
Comal Springs,18,1968-05-01,1969-10-01,299.5955026455026,0,0
Comal Springs,18,1968-06-01,1969-11-01,295.8409028844513,0,0
Comal Springs,18,1968-07-01,1969-12-01,293.82537122375834,0,0
Comal Springs,18,1968-08-01,1970-01-01,293.165873015873,0,0
Comal Springs,18,1968-09-01,1970-02-01,294.4823732718894,0,0
Comal Springs,18,1968-10-01,1970-03-01,297.1761008704557,0,0
Comal Springs,18,1968-11-01,1970-04-01,299.1866743471582,0,0
Comal Springs,18,1968-12-01,1970-05-01,301.37610087045573,0,0
Comal Springs,18,1969-01-01,1970-06-01,303.71367554190135,0,0
Comal Springs,18,1969-02-01,1970-07-01,303.44844256699093,0,0
Comal Springs,18,1969-03-01,1970-08-01,301.60371650452294,0,0
Comal Springs,18,1969-04-01,1970-09-01,298.3844811401263,0,0
Comal Springs,18,1969-05-01,1970-10-01,296.6711597542243,0,0
Comal Springs,18,1969-06-01,1970-11-01,294.0265958354668,0,0
Comal Springs,18,1969-07-01,1970-12-01,292.6795826932924,0,0
Comal Springs,18,1969-08-01,1971-01-01,293.3892601126472,0,0
Comal Springs,18,1969-09-01,1971-02-01,295.12313108038916,0,0
Comal Springs,18,1969-10-01,1971-03-01,293.3966077828981,0,0
Comal Springs,18,1969-11-01,1971-04-01,289.14158986175113,0,0
Comal Springs,18,1969-12-01,1971-05-01,282.36572367298174,0,0
Comal Springs,18,1970-01-01,1971-06-01,272.03495903737837,0,0
Comal Springs,18,1970-02-01,1971-07-01,261.6245647721454,0,0
Comal Springs,18,1970-03-01,1971-08-01,254.85286738351255,0,0
Comal Springs,18,1970-04-01,1971-09-01,248.8332138590203,0,0
Comal Springs,18,1970-05-01,1971-10-01,244.59862604540024,0,0
Comal Springs,18,1970-06-01,1971-11-01,242.30549581839904,0,0
Comal Springs,18,1970-07-01,1971-12-01,240.5252688172043,0,0
Comal Springs,18,1970-08-01,1972-01-01,241.7456989247312,0,0
Comal Springs,18,1970-09-01,1972-02-01,244.14255963416142,0,0
Comal Springs,18,1970-10-01,1972-03-01,246.24172331397025,0,0
Comal Springs,18,1970-11-01,1972-04-01,244.76060025542785,0,0
Comal Springs,18,1970-12-01,1972-05-01,246.73849750751864,0,0
Comal Springs,18,1971-01-01,1972-06-01,249.37625139043382,0,0
Comal Springs,18,1971-02-01,1972-07-01,251.2203374119392,0,0
Comal Springs,18,1971-03-01,1972-08-01,254.30546285996786,0,0
Comal Springs,18,1971-04-01,1972-09-01,258.29680097227373,0,0
Comal Springs,18,1971-05-01,1972-10-01,264.4944712231698,0,0
Comal Springs,18,1971-06-01,1972-11-01,273.0814485230503,0,0
Comal Springs,18,1971-07-01,1972-12-01,284.52690849915547,0,0
Comal Springs,18,1971-08-01,1973-01-01,295.9803135170766,0,0
Comal Springs,18,1971-09-01,1973-02-01,303.36312201682057,0,0
Comal Springs,18,1971-10-01,1973-03-01,309.44191532625905,0,0
Comal Springs,18,1971-11-01,1973-04-01,314.55613276950874,0,0
Comal Springs,18,1971-12-01,1973-05-01,318.6395855771551,0,0
Comal Springs,18,1972-01-01,1973-06-01,320.78092368946096,0,0
Comal Springs,18,1972-02-01,1973-07-01,325.712823331038,0,0
Comal Springs,18,1972-03-01,1973-08-01,329.86614183307734,0,0
Comal Springs,18,1972-04-01,1973-09-01,335.0317929680833,0,0
Comal Springs,18,1972-05-01,1973-10-01,346.44481566820275,0,0
Comal Springs,18,1972-06-01,1973-11-01,353.37617767537125,0,0
Comal Springs,18,1972-07-01,1973-12-01,359.11118364908685,0,0
Comal Springs,18,1972-08-01,1974-01-01,365.79577146270697,0,0
Comal Springs,18,1972-09-01,1974-02-01,372.49636030039255,0,0
Comal Springs,18,1972-10-01,1974-03-01,378.3365634067247,0,0
Comal Springs,18,1972-11-01,1974-04-01,382.6129672299027,0,0
Comal Springs,18,1972-12-01,1974-05-01,386.03853473288956,0,0
Comal Springs,18,1973-01-01,1974-06-01,388.12825994196965,0,0
Comal Springs,18,1973-02-01,1974-07-01,388.32539255845705,0,0
Comal Springs,18,1973-03-01,1974-08-01,388.2167776071002,0,0
Comal Springs,18,1973-04-01,1974-09-01,389.51761392729134,0,0
Comal Springs,18,1973-05-01,1974-10-01,390.7241850145076,0,0
Comal Springs,18,1973-06-01,1974-11-01,392.2203618364909,0,0
Comal Springs,18,1973-07-01,1974-12-01,395.19551117938215,0,0
Comal Springs,18,1973-08-01,1975-01-01,394.5485577743642,0,0
Comal Springs,18,1973-09-01,1975-02-01,396.03159668885473,0,0
Comal Springs,18,1973-10-01,1975-03-01,397.03261222051543,0,0
Comal Springs,18,1973-11-01,1975-04-01,393.606626557433,0,0
Comal Springs,18,1973-12-01,1975-05-01,392.24157279399213,0,0
Comal Springs,18,1974-01-01,1975-06-01,392.1954557091654,0,0
Comal Springs,18,1974-02-01,1975-07-01,390.8424091141833,0,0
Comal Springs,18,1974-03-01,1975-08-01,388.0880568356375,0,0
Comal Springs,18,1974-04-01,1975-09-01,386.1071129885646,0,0
Comal Springs,18,1974-05-01,1975-10-01,385.2554403481823,0,0
Comal Springs,18,1974-06-01,1975-11-01,384.19839136371394,0,0
Comal Springs,18,1974-07-01,1975-12-01,384.2161930363543,0,0
Comal Springs,18,1974-08-01,1976-01-01,385.3846518177163,0,0
Comal Springs,18,1974-09-01,1976-02-01,385.9788305348094,0,0
Comal Springs,18,1974-10-01,1976-03-01,383.5435856124677,0,0
Comal Springs,18,1974-11-01,1976-04-01,381.08886637710333,0,0
Comal Springs,18,1974-12-01,1976-05-01,381.55684726121325,0,0
Comal Springs,18,1975-01-01,1976-06-01,381.0316979183219,0,0
Comal Springs,18,1975-02-01,1976-07-01,379.92237892190616,0,0
Comal Springs,18,1975-03-01,1976-08-01,376.07733283895686,0,0
Comal Springs,18,1975-04-01,1976-09-01,372.6207617517406,0,0
Comal Springs,18,1975-05-01,1976-10-01,371.27613809582664,0,0
Comal Springs,18,1975-06-01,1976-11-01,370.0837844518601,0,0
Comal Springs,18,1975-07-01,1976-12-01,368.98832447575495,0,0
Comal Springs,18,1975-08-01,1977-01-01,369.94710583776214,0,0
Comal Springs,18,1975-09-01,1977-02-01,373.1736803385302,0,0
Comal Springs,18,1975-10-01,1977-03-01,375.45928368381095,0,0
Comal Springs,18,1975-11-01,1977-04-01,379.70354891678585,0,0
Comal Springs,18,1975-12-01,1977-05-01,383.9756516646951,0,0
Comal Springs,18,1976-01-01,1977-06-01,386.6097018439065,0,0
Comal Springs,18,1976-02-01,1977-07-01,388.16884162885276,0,0
Comal Springs,18,1976-03-01,1977-08-01,388.6768134493941,0,0
Comal Springs,18,1976-04-01,1977-09-01,389.8065028161802,0,0
Comal Springs,18,1976-05-01,1977-10-01,390.0497525174945,0,0
Comal Springs,18,1976-06-01,1977-11-01,387.73732718894007,0,0
Comal Springs,18,1976-07-01,1977-12-01,385.85925072537975,0,0
Comal Springs,18,1976-08-01,1978-01-01,384.4757381805769,0,0
Comal Springs,18,1976-09-01,1978-02-01,384.3386414063834,0,0
Comal Springs,18,1976-10-01,1978-03-01,383.39019457245263,0,0
Comal Springs,18,1976-11-01,1978-04-01,380.00333674688517,0,0
Comal Springs,18,1976-12-01,1978-05-01,374.01289469192693,0,0
Comal Springs,18,1977-01-01,1978-06-01,366.91391022358766,0,0
Comal Springs,18,1977-02-01,1978-07-01,356.7974227683905,0,0
Comal Springs,18,1977-03-01,1978-08-01,349.30023894862603,0,0
Comal Springs,18,1977-04-01,1978-09-01,343.468339307049,0,0
Comal Springs,18,1977-05-01,1978-10-01,337.93375149342893,0,0
Comal Springs,18,1977-06-01,1978-11-01,333.170908004779,0,0
Comal Springs,18,1977-07-01,1978-12-01,331.35227001194744,0,0
Comal Springs,18,1977-08-01,1979-01-01,332.9615890083632,0,0
Comal Springs,18,1977-09-01,1979-02-01,336.9343232633555,0,0
Comal Springs,18,1977-10-01,1979-03-01,339.4426267281106,0,0
Comal Springs,18,1977-11-01,1979-04-01,342.58826591568527,0,0
Comal Springs,18,1977-12-01,1979-05-01,344.70355862775216,0,0
Comal Springs,18,1978-01-01,1979-06-01,348.4853387950162,0,0
Comal Springs,18,1978-02-01,1979-07-01,352.08748933265065,0,0
Comal Springs,18,1978-03-01,1979-08-01,356.2962706946578,0,0
Comal Springs,18,1978-04-01,1979-09-01,360.2650878989589,0,0
Comal Springs,18,1978-05-01,1979-10-01,363.0587557603687,0,0
Comal Springs,18,1978-06-01,1979-11-01,365.81771633384534,0,0
Comal Springs,18,1978-07-01,1979-12-01,369.3486004437617,0,0
Comal Springs,18,1978-08-01,1980-01-01,376.12100187745347,0,0
Comal Springs,18,1978-09-01,1980-02-01,378.87653271418566,0,0
Comal Springs,18,1978-10-01,1980-03-01,380.0614789507448,0,0
Comal Springs,18,1978-11-01,1980-04-01,377.9053260236241,0,0
Comal Springs,18,1978-12-01,1980-05-01,375.3240834907687,0,0
Comal Springs,18,1979-01-01,1980-06-01,369.88531407619286,0,0
Comal Springs,18,1979-02-01,1980-07-01,358.3942746496695,0,0
Comal Springs,18,1979-03-01,1980-08-01,346.86419272442635,0,0
Comal Springs,18,1979-04-01,1980-09-01,338.6355188893009,0,0
Comal Springs,18,1979-05-01,1980-10-01,331.38952127878713,0,0
Comal Springs,18,1979-06-01,1980-11-01,324.55756190005354,0,0
Comal Springs,18,1979-07-01,1980-12-01,316.7954949944383,0,0
Comal Springs,18,1979-08-01,1981-01-01,310.0911939191694,0,0
Comal Springs,18,1979-09-01,1981-02-01,303.05701573176543,0,0
Comal Springs,18,1979-10-01,1981-03-01,296.93586877836043,0,0
Comal Springs,18,1979-11-01,1981-04-01,292.15516387991363,0,0
Comal Springs,18,1979-12-01,1981-05-01,289.0055223028527,0,0
Comal Springs,18,1980-01-01,1981-06-01,288.75056411886226,0,0
Comal Springs,18,1980-02-01,1981-07-01,287.26490103642493,0,0
Comal Springs,18,1980-03-01,1981-08-01,285.0595494111623,0,0
Comal Springs,18,1980-04-01,1981-09-01,284.53386243386245,0,0
Comal Springs,18,1980-05-01,1981-10-01,284.99288274449566,0,0
Comal Springs,18,1980-06-01,1981-11-01,286.56301416623995,0,0
Comal Springs,18,1980-07-01,1981-12-01,289.83332479945386,0,0
Comal Springs,18,1980-08-01,1982-01-01,296.93547533708823,0,0
Comal Springs,18,1980-09-01,1982-02-01,302.85643027820447,0,0
Comal Springs,18,1980-10-01,1982-03-01,306.29836576207543,0,0
Comal Springs,18,1980-11-01,1982-04-01,308.01103003925584,0,0
Comal Springs,18,1980-12-01,1982-05-01,310.3322367298174,0,0
Comal Springs,18,1981-01-01,1982-06-01,310.64059993172896,0,0
Comal Springs,18,1981-02-01,1982-07-01,308.39149598907665,0,0
Comal Springs,18,1981-03-01,1982-08-01,304.3629501621437,0,0
Comal Springs,18,1981-04-01,1982-09-01,299.8618748933265,0,0
Comal Springs,18,1981-05-01,1982-10-01,296.7644435910565,0,0
Comal Springs,18,1981-06-01,1982-11-01,294.1603814644137,0,0
Comal Springs,18,1981-07-01,1982-12-01,289.5336192182966,0,0
Comal Springs,18,1981-08-01,1983-01-01,286.22895972008877,0,0
Comal Springs,18,1981-09-01,1983-02-01,283.8783452807646,0,0
Comal Springs,18,1981-10-01,1983-03-01,280.8305555555556,0,0
Comal Springs,18,1981-11-01,1983-04-01,278.01783154121864,0,0
Comal Springs,18,1981-12-01,1983-05-01,272.5426821983274,0,0
Comal Springs,18,1982-01-01,1983-06-01,267.4464456391876,0,0
Comal Springs,18,1982-02-01,1983-07-01,261.458990442055,0,0
Comal Springs,18,1982-03-01,1983-08-01,255.60434374466632,0,0
Comal Springs,18,1982-04-01,1983-09-01,249.6142601126472,0,0
Comal Springs,18,1982-05-01,1983-10-01,244.89621949138078,0,0
Comal Springs,18,1982-06-01,1983-11-01,239.53242020822665,0,0
Comal Springs,18,1982-07-01,1983-12-01,235.39789213176311,0,0
Comal Springs,18,1982-08-01,1984-01-01,233.50183478409286,0,0
Comal Springs,18,1982-09-01,1984-02-01,233.1115245628594,0,0
Comal Springs,18,1982-10-01,1984-03-01,232.4100908711031,0,0
Comal Springs,18,1982-11-01,1984-04-01,227.7890036548546,0,0
Comal Springs,18,1982-12-01,1984-05-01,219.7604492940422,0,0
Comal Springs,18,1983-01-01,1984-06-01,209.32610042904815,0,0
Comal Springs,18,1983-02-01,1984-07-01,195.7669606441019,0,0
Comal Springs,18,1983-03-01,1984-08-01,182.88639228772712,0,0
Comal Springs,18,1983-04-01,1984-09-01,170.70455238330655,0,0
Comal Springs,18,1983-05-01,1984-10-01,162.13734808223128,0,0
Comal Springs,18,1983-06-01,1984-11-01,157.39027520290034,0,0
Comal Springs,18,1983-07-01,1984-12-01,153.01876982655625,0,0
Comal Springs,18,1983-08-01,1985-01-01,152.28400280146664,0,0
Comal Springs,18,1983-09-01,1985-02-01,153.1108717210775,0,0
Comal Springs,18,1983-10-01,1985-03-01,156.0686972885805,0,0
Comal Springs,18,1983-11-01,1985-04-01,158.97933050243952,0,0
Comal Springs,18,1983-12-01,1985-05-01,160.01517279634632,0,0
Comal Springs,18,1984-01-01,1985-06-01,160.88488605799506,0,0
Comal Springs,18,1984-02-01,1985-07-01,163.3866781726904,0,0
Comal Springs,18,1984-03-01,1985-08-01,163.71784860897765,0,0
Comal Springs,18,1984-04-01,1985-09-01,164.56002304147466,0,0
Comal Springs,18,1984-05-01,1985-10-01,171.01265147636116,0,0
Comal Springs,18,1984-06-01,1985-11-01,182.06898361495135,0,0
Comal Springs,18,1984-07-01,1985-12-01,195.9244794333504,0,0
Comal Springs,18,1984-08-01,1986-01-01,211.99616402116402,0,0
Comal Springs,18,1984-09-01,1986-02-01,227.6227641235706,0,0
Comal Springs,18,1984-10-01,1986-03-01,241.78668288103773,0,0
Comal Springs,18,1984-11-01,1986-04-01,250.63351681174262,0,0
Comal Springs,18,1984-12-01,1986-05-01,255.8124893326506,0,0
Comal Springs,18,1985-01-01,1986-06-01,263.8469576719577,0,0
Comal Springs,18,1985-02-01,1986-07-01,268.65161717016554,0,0
Comal Springs,18,1985-03-01,1986-08-01,269.4967912613074,0,0
Comal Springs,18,1985-04-01,1986-09-01,270.2371138419526,0,0
Comal Springs,18,1985-05-01,1986-10-01,271.1257637822154,0,0
Comal Springs,18,1985-06-01,1986-11-01,274.93436593275305,0,0
Comal Springs,18,1985-07-01,1986-12-01,279.93562041303977,0,0
Comal Springs,18,1985-08-01,1987-01-01,284.7241508789896,0,0
Comal Springs,18,1985-09-01,1987-02-01,291.7562809353132,0,0
Comal Springs,18,1985-10-01,1987-03-01,300.27969790066567,0,0
Comal Springs,18,1985-11-01,1987-04-01,305.01966205837175,0,0
Comal Springs,18,1985-12-01,1987-05-01,306.8773084144052,0,0
Comal Springs,18,1986-01-01,1987-06-01,310.9495903737839,0,0
Comal Springs,18,1986-02-01,1987-07-01,314.35460829493087,0,0
Comal Springs,18,1986-03-01,1987-08-01,316.62227342549926,0,0
Comal Springs,18,1986-04-01,1987-09-01,319.72131763099503,0,0
Comal Springs,18,1986-05-01,1987-10-01,324.7221539511862,0,0
Comal Springs,18,1986-06-01,1987-11-01,331.31169994879673,0,0
Comal Springs,18,1986-07-01,1987-12-01,334.6320703191671,0,0
Comal Springs,18,1986-08-01,1988-01-01,338.5962280252603,0,0
Comal Springs,18,1986-09-01,1988-02-01,344.80955147106425,0,0
Comal Springs,18,1986-10-01,1988-03-01,349.23589555708577,0,0
Comal Springs,18,1986-11-01,1988-04-01,351.8768752464525,0,0
Comal Springs,18,1986-12-01,1988-05-01,350.88906162638085,0,0
Comal Springs,18,1987-01-01,1988-06-01,346.5822515905386,0,0
Comal Springs,18,1987-02-01,1988-07-01,339.97651682351346,0,0
Comal Springs,18,1987-03-01,1988-08-01,333.7597989535698,0,0
Comal Springs,18,1987-04-01,1988-09-01,325.48267828451367,0,0
Comal Springs,18,1987-05-01,1988-10-01,318.99898652824123,0,0
Comal Springs,18,1987-06-01,1988-11-01,313.64689572776336,0,0
Comal Springs,18,1987-07-01,1988-12-01,304.84701520207636,0,0
Comal Springs,18,1987-08-01,1989-01-01,297.30042021999753,0,0
Comal Springs,18,1987-09-01,1989-02-01,291.66965985133396,0,0
Comal Springs,18,1987-10-01,1989-03-01,285.8896120616087,0,0
Comal Springs,18,1987-11-01,1989-04-01,279.24433129697314,0,0
Comal Springs,18,1987-12-01,1989-05-01,269.77664909864575,0,0
Comal Springs,18,1988-01-01,1989-06-01,255.68961206160873,0,0
Comal Springs,18,1988-02-01,1989-07-01,240.40825005444026,0,0
Comal Springs,18,1988-03-01,1989-08-01,225.17879757637823,0,0
Comal Springs,18,1988-04-01,1989-09-01,210.8728238607271,0,0
Comal Springs,18,1988-05-01,1989-10-01,198.42718467315242,0,0
Comal Springs,18,1988-06-01,1989-11-01,190.31685014507596,0,0
Comal Springs,18,1988-07-01,1989-12-01,185.48745946407237,0,0
Comal Springs,18,1988-08-01,1990-01-01,182.05376770779998,0,0
Comal Springs,18,1988-09-01,1990-02-01,178.4212792285373,0,0
Comal Springs,18,1988-10-01,1990-03-01,177.09804147465437,0,0
Comal Springs,18,1988-11-01,1990-04-01,176.27432582351938,0,0
Comal Springs,18,1988-12-01,1990-05-01,175.43466035159582,0,0
Comal Springs,18,1989-01-01,1990-06-01,167.8049112476532,0,0
Comal Springs,18,1989-02-01,1990-07-01,160.06476787847757,0,0
Comal Springs,18,1989-03-01,1990-08-01,154.90341355180064,0,0
Comal Springs,18,1989-04-01,1990-09-01,150.4964243044888,0,0
Comal Springs,18,1989-05-01,1990-10-01,147.50729646697388,0,0
Comal Springs,18,1989-06-01,1990-11-01,148.21016385048642,0,0
Comal Springs,18,1989-07-01,1990-12-01,153.34379586960233,0,0
Comal Springs,18,1989-08-01,1991-01-01,160.84379586960233,0,0
Comal Springs,18,1989-09-01,1991-02-01,170.40959208055983,0,0
Comal Springs,18,1989-10-01,1991-03-01,179.37864823348696,0,0
Comal Springs,18,1989-11-01,1991-04-01,188.2483614951357,0,0
Comal Springs,18,1989-12-01,1991-05-01,196.21174261819422,0,0
Comal Springs,18,1990-01-01,1991-06-01,200.37817033623486,0,0
Comal Springs,18,1990-02-01,1991-07-01,203.88533879501622,0,0
Comal Springs,18,1990-03-01,1991-08-01,204.9568953746373,0,0
Comal Springs,18,1990-04-01,1991-09-01,205.45235535074244,0,0
Comal Springs,18,1990-05-01,1991-10-01,205.04488820617854,0,0
Comal Springs,18,1990-06-01,1991-11-01,204.6901092336576,0,0
Comal Springs,18,1990-07-01,1991-12-01,214.05641747738522,0,0
Comal Springs,18,1990-08-01,1992-01-01,228.54924901860386,0,0
Comal Springs,18,1990-09-01,1992-02-01,244.26869037319537,0,0
Comal Springs,18,1990-10-01,1992-03-01,261.42119933376887,0,0
Comal Springs,18,1990-11-01,1992-04-01,277.6788456898023,0,0
Comal Springs,18,1990-12-01,1992-05-01,291.6462292023471,0,0
Comal Springs,18,1991-01-01,1992-06-01,306.7792638498979,0,0
Comal Springs,18,1991-02-01,1992-07-01,320.1735290828728,0,0
Comal Springs,18,1991-03-01,1992-08-01,332.22601244180777,0,0
Comal Springs,18,1991-04-01,1992-09-01,342.64028962221397,0,0
Comal Springs,18,1991-05-01,1992-10-01,351.0608989412104,0,0
Comal Springs,18,1991-06-01,1992-11-01,358.0641844848185,0,0
Comal Springs,18,1991-07-01,1992-12-01,368.0697997775306,0,0
Comal Springs,18,1991-08-01,1993-01-01,378.12535533308613,0,0
Comal Springs,18,1991-09-01,1993-02-01,390.59744954711584,0,0
Comal Springs,18,1991-10-01,1993-03-01,402.166505700043,0,0
Comal Springs,18,1991-11-01,1993-04-01,413.17952840016244,0,0
Comal Springs,18,1991-12-01,1993-05-01,424.4106514587048,0,0
Comal Springs,18,1992-01-01,1993-06-01,432.27582469645876,0,0
Comal Springs,18,1992-02-01,1993-07-01,433.94428347782076,0,0
Comal Springs,18,1992-03-01,1993-08-01,429.07072025942995,0,0
Comal Springs,18,1992-04-01,1993-09-01,421.4774705581157,0,0
Comal Springs,18,1992-05-01,1993-10-01,414.1015446321898,0,0
Comal Springs,18,1992-06-01,1993-11-01,408.3415685270524,0,0
Comal Springs,18,1992-07-01,1993-12-01,401.31068441713603,0,0
Comal Springs,18,1992-08-01,1994-01-01,395.01856972179553,0,0
Comal Springs,18,1992-09-01,1994-02-01,388.51568953746374,0,0
Comal Springs,18,1992-10-01,1994-03-01,383.6569679126131,0,0
Comal Springs,18,1992-11-01,1994-04-01,379.30487711213516,0,0
Comal Springs,18,1992-12-01,1994-05-01,375.43779228537295,0,0
Comal Springs,18,1993-01-01,1994-06-01,369.68032514080903,0,0
Comal Springs,18,1993-02-01,1994-07-01,361.7054147465438,0,0
Comal Springs,18,1993-03-01,1994-08-01,352.7888760880696,0,0
Comal Springs,18,1993-04-01,1994-09-01,344.9050051203277,0,0
Comal Springs,18,1993-05-01,1994-10-01,338.8991508789896,0,0
Comal Springs,18,1993-06-01,1994-11-01,333.00321300563235,0,0
Comal Springs,18,1993-07-01,1994-12-01,327.5735236388462,0,0
Comal Springs,18,1993-08-01,1995-01-01,323.3961042840075,0,0
Comal Springs,18,1993-09-01,1995-02-01,320.6084058713091,0,0
Comal Springs,18,1993-10-01,1995-03-01,318.7195767195767,0,0
Comal Springs,18,1993-11-01,1995-04-01,316.69550264550264,0,0
Comal Springs,18,1993-12-01,1995-05-01,312.37304147465437,0,0
Comal Springs,18,1994-01-01,1995-06-01,308.5076292882745,0,0
Comal Springs,18,1994-02-01,1995-07-01,304.45028161802355,0,0
Comal Springs,18,1994-03-01,1995-08-01,298.62878904249874,0,0
Comal Springs,18,1994-04-01,1995-09-01,292.867140296979,0,0
Comal Springs,18,1994-05-01,1995-10-01,288.1744282300734,0,0
Comal Springs,18,1994-06-01,1995-11-01,283.46373527905786,0,0
Comal Springs,18,1994-07-01,1995-12-01,280.67281532684757,0,0
Comal Springs,18,1994-08-01,1996-01-01,280.09037805086194,0,0
Comal Springs,18,1994-09-01,1996-02-01,279.11200702132294,0,0
Comal Springs,18,1994-10-01,1996-03-01,276.45465935107205,0,0
Comal Springs,18,1994-11-01,1996-04-01,271.53829137018795,0,0
Comal Springs,18,1994-12-01,1996-05-01,263.5955195661258,0,0
Comal Springs,18,1995-01-01,1996-06-01,252.2529867106897,0,0
Comal Springs,18,1995-02-01,1996-07-01,239.34438456015206,0,0
Comal Springs,18,1995-03-01,1996-08-01,227.6733016108433,0,0
Comal Springs,18,1995-04-01,1996-09-01,219.008427058872,0,0
Comal Springs,18,1995-05-01,1996-10-01,211.24576278169158,0,0
Comal Springs,18,1995-06-01,1996-11-01,205.42192765624355,0,0
Comal Springs,18,1995-07-01,1996-12-01,200.20311045194248,0,0
Comal Springs,18,1995-08-01,1997-01-01,195.57766242326866,0,0
Comal Springs,18,1995-09-01,1997-02-01,193.4090756337141,0,0
Comal Springs,18,1995-10-01,1997-03-01,192.72090359070336,0,0
Comal Springs,18,1995-11-01,1997-04-01,193.0247267687201,0,0
Comal Springs,18,1995-12-01,1997-05-01,192.96481040073922,0,0
Comal Springs,18,1996-01-01,1997-06-01,193.93350813072726,0,0
Comal Springs,18,1996-02-01,1997-07-01,196.15035400886347,0,0
Comal Springs,18,1996-03-01,1997-08-01,198.65560675883256,0,0
Comal Springs,18,1996-04-01,1997-09-01,201.22036183649087,0,0
Comal Springs,18,1996-05-01,1997-10-01,205.01665813278717,0,0
Comal Springs,18,1996-06-01,1997-11-01,211.58905956647894,0,0
Comal Springs,18,1996-07-01,1997-12-01,221.80972862263184,0,0
Comal Springs,18,1996-08-01,1998-01-01,233.87962109575014,0,0
Comal Springs,18,1996-09-01,1998-02-01,246.36221198156682,0,0
Comal Springs,18,1996-10-01,1998-03-01,256.50558115719406,0,0
Comal Springs,18,1996-11-01,1998-04-01,265.3256528417819,0,0
Comal Springs,18,1996-12-01,1998-05-01,270.8699180747568,0,0
Comal Springs,18,1997-01-01,1998-06-01,272.12947601979863,0,0
Comal Springs,18,1997-02-01,1998-07-01,272.1133469875405,0,0
Comal Springs,18,1997-03-01,1998-08-01,272.36078682369003,0,0
Comal Springs,18,1997-04-01,1998-09-01,274.25081071855266,0,0
Comal Springs,18,1997-05-01,1998-10-01,277.9451954258406,0,0
Comal Springs,18,1997-06-01,1998-11-01,287.49955623826594,0,0
Comal Springs,18,1997-07-01,1998-12-01,295.2799624509302,0,0
Comal Springs,18,1997-08-01,1999-01-01,301.43766854412013,0,0
Comal Springs,18,1997-09-01,1999-02-01,307.87494452978325,0,0
Comal Springs,18,1997-10-01,1999-03-01,314.3549923195084,0,0
Comal Springs,18,1997-11-01,1999-04-01,319.7531404676566,0,0
Comal Springs,18,1997-12-01,1999-05-01,323.99615122034476,0,0
Comal Springs,18,1998-01-01,1999-06-01,326.0551117938215,0,0
Comal Springs,18,1998-02-01,1999-07-01,328.24686806622293,0,0
Comal Springs,18,1998-03-01,1999-08-01,327.97395459976104,0,0
Comal Springs,18,1998-04-01,1999-09-01,326.01021505376343,0,0
Comal Springs,18,1998-05-01,1999-10-01,323.85860215053765,0,0
Comal Springs,18,1998-06-01,1999-11-01,325.4513739545998,0,0
Comal Springs,18,1998-07-01,1999-12-01,330.2097371565113,0,0
Comal Springs,18,1998-08-01,2000-01-01,336.1738948626045,0,0
Comal Springs,18,1998-09-01,2000-02-01,341.5267560664112,0,0
Comal Springs,18,1998-10-01,2000-03-01,343.44676801384253,0,0
Comal Springs,18,1998-11-01,2000-04-01,341.2320129361842,0,0
Comal Springs,18,1998-12-01,2000-05-01,331.28159477608864,0,0
Comal Springs,18,1999-01-01,2000-06-01,321.8845218967577,0,0
Comal Springs,18,1999-02-01,2000-07-01,311.0547727928151,0,0
Comal Springs,18,1999-03-01,2000-08-01,298.7393606064351,0,0
Comal Springs,18,1999-04-01,2000-09-01,286.483386890784,0,0
Comal Springs,18,1999-05-01,2000-10-01,277.83792691467886,0,0
Comal Springs,18,1999-06-01,2000-11-01,275.8634346805092,0,0
Comal Springs,18,1999-07-01,2000-12-01,276.765047583735,0,0
Comal Springs,18,1999-08-01,2001-01-01,277.1037572611544,0,0
Comal Springs,18,1999-09-01,2001-02-01,279.3171469180924,0,0
Comal Springs,18,1999-10-01,2001-03-01,282.601674994556,0,0
Comal Springs,18,1999-11-01,2001-04-01,286.3847693792633,0,0
Comal Springs,18,1999-12-01,2001-05-01,289.99988287986065,0,0
Comal Springs,18,2000-01-01,2001-06-01,291.5007789372083,0,0
Comal Springs,18,2000-02-01,2001-07-01,291.3090226648069,0,0
Comal Springs,18,2000-03-01,2001-08-01,288.6515019627923,0,0
Comal Springs,18,2000-04-01,2001-09-01,290.4926011264721,0,0
Comal Springs,18,2000-05-01,2001-10-01,293.9170336234852,0,0
Comal Springs,18,2000-06-01,2001-11-01,300.102636968766,0,0
Comal Springs,18,2000-07-01,2001-12-01,308.5391363713944,0,0
Comal Springs,18,2000-08-01,2002-01-01,318.0409284860898,0,0
Comal Springs,18,2000-09-01,2002-02-01,329.6043565454856,0,0
Comal Springs,18,2000-10-01,2002-03-01,341.03954173067075,0,0
Comal Springs,18,2000-11-01,2002-04-01,348.8164831882574,0,0
Comal Springs,18,2000-12-01,2002-05-01,348.8142729134665,0,0
Comal Springs,18,2001-01-01,2002-06-01,344.9737711213518,0,0
Comal Springs,18,2001-02-01,2002-07-01,346.7891833077317,0,0
Comal Springs,18,2001-03-01,2002-08-01,348.0955069124424,0,0
Comal Springs,18,2001-04-01,2002-09-01,349.6943121693122,0,0
Comal Springs,18,2001-05-01,2002-10-01,352.14777692438986,0,0
Comal Springs,18,2001-06-01,2002-11-01,356.5326634237925,0,0
Comal Springs,18,2001-07-01,2002-12-01,363.50488564601466,0,0
Comal Springs,18,2001-08-01,2003-01-01,371.7808713090971,0,0
Comal Springs,18,2001-09-01,2003-02-01,381.8380909711555,0,0
Comal Springs,18,2001-10-01,2003-03-01,387.3285330261137,0,0
Comal Springs,18,2001-11-01,2003-04-01,391.13743386243385,0,0
Comal Springs,18,2001-12-01,2003-05-01,392.18480542754736,0,0
Comal Springs,18,2002-01-01,2003-06-01,390.1612689878819,0,0
Comal Springs,18,2002-02-01,2003-07-01,389.3333119986346,0,0
Comal Springs,18,2002-03-01,2003-08-01,388.0118194231097,0,0
Comal Springs,18,2002-04-01,2003-09-01,388.1877453490357,0,0
Comal Springs,18,2002-05-01,2003-10-01,389.3875064004096,0,0
Comal Springs,18,2002-06-01,2003-11-01,391.62119815668206,0,0
Comal Springs,18,2002-07-01,2003-12-01,396.28607270865336,0,0
Comal Springs,18,2002-08-01,2004-01-01,394.4294418842806,0,0
Comal Springs,18,2002-09-01,2004-02-01,393.0956141744796,0,0
Comal Springs,18,2002-10-01,2004-03-01,391.4036189534521,0,0
Comal Springs,18,2002-11-01,2004-04-01,389.5742282724485,0,0
Comal Springs,18,2002-12-01,2004-05-01,384.45636686265163,0,0
Comal Springs,18,2003-01-01,2004-06-01,380.6859964922813,0,0
Comal Springs,18,2003-02-01,2004-07-01,377.1089355603816,0,0
Comal Springs,18,2003-03-01,2004-08-01,373.62698471552756,0,0
Comal Springs,18,2003-04-01,2004-09-01,370.0346908087175,0,0
Comal Springs,18,2003-05-01,2004-10-01,369.05553907634,0,0
Comal Springs,18,2003-06-01,2004-11-01,373.176686029745,0,0
Comal Springs,18,2003-07-01,2004-12-01,378.08911135829936,0,0
Comal Springs,18,2003-08-01,2005-01-01,381.70022246941045,0,0
Comal Springs,18,2003-09-01,2005-02-01,386.517746790967,0,0
Comal Springs,18,2003-10-01,2005-03-01,391.33286029156443,0,0
Comal Springs,18,2003-11-01,2005-04-01,395.04050664759785,0,0
Comal Springs,18,2003-12-01,2005-05-01,398.41792600243656,0,0
Comal Springs,18,2004-01-01,2005-06-01,400.430829228243,0,0
Comal Springs,18,2004-02-01,2005-07-01,401.0706141744796,0,0
Comal Springs,18,2004-03-01,2005-08-01,401.32738095238096,0,0
Comal Springs,18,2004-04-01,2005-09-01,401.7175243215566,0,0
Comal Springs,18,2004-05-01,2005-10-01,401.68849206349205,0,0
Comal Springs,18,2004-06-01,2005-11-01,402.0970942140297,0,0
Comal Springs,18,2004-07-01,2005-12-01,400.07176565966887,0,0
Comal Springs,18,2004-08-01,2006-01-01,397.1291133299198,0,0
Comal Springs,18,2004-09-01,2006-02-01,393.93447687318655,0,0
Comal Springs,18,2004-10-01,2006-03-01,390.7794589520396,0,0
Comal Springs,18,2004-11-01,2006-04-01,385.98453661034307,0,0
Comal Springs,18,2004-12-01,2006-05-01,376.88131080389144,0,0
Comal Springs,18,2005-01-01,2006-06-01,365.43925584570746,0,0
Comal Springs,18,2005-02-01,2006-07-01,354.4141662399727,0,0
Comal Springs,18,2005-03-01,2006-08-01,341.34574586106845,0,0
Comal Springs,18,2005-04-01,2006-09-01,328.6250768049155,0,0
Comal Springs,18,2005-05-01,2006-10-01,317.66474227683904,0,0
Comal Springs,18,2005-06-01,2006-11-01,308.34843403311146,0,0
Comal Springs,18,2005-07-01,2006-12-01,300.7064985492405,0,0
Comal Springs,18,2005-08-01,2007-01-01,296.0237028503158,0,0
Comal Springs,18,2005-09-01,2007-02-01,291.5384877965523,0,0
Comal Springs,18,2005-10-01,2007-03-01,286.80605052056666,0,0
Comal Springs,18,2005-11-01,2007-04-01,284.08878648233485,0,0
Comal Springs,18,2005-12-01,2007-05-01,282.1658474142345,0,0
Comal Springs,18,2006-01-01,2007-06-01,279.84487967229904,0,0
Comal Springs,18,2006-02-01,2007-07-01,284.2911162314388,0,0
Comal Springs,18,2006-03-01,2007-08-01,291.7151433691756,0,0
Comal Springs,18,2006-04-01,2007-09-01,299.5849761051374,0,0
Comal Springs,18,2006-05-01,2007-10-01,306.3422640382318,0,0
Comal Springs,18,2006-06-01,2007-11-01,313.3991935483871,0,0
Comal Springs,18,2006-07-01,2007-12-01,322.35737753882916,0,0
Comal Springs,18,2006-08-01,2008-01-01,331.3376642771804,0,0
Comal Springs,18,2006-09-01,2008-02-01,341.26740102171135,0,0
Comal Springs,18,2006-10-01,2008-03-01,349.1117259918428,0,0
Comal Springs,18,2006-11-01,2008-04-01,355.3202086680674,0,0
Comal Springs,18,2006-12-01,2008-05-01,359.8659075927986,0,0
Comal Springs,18,2007-01-01,2008-06-01,361.02265789148436,0,0
Comal Springs,18,2007-02-01,2008-07-01,360.8040198986528,0,0
Comal Springs,18,2007-03-01,2008-08-01,361.64765789148436,0,0
Comal Springs,18,2007-04-01,2008-09-01,362.94490998228486,0,0
Comal Springs,18,2007-05-01,2008-10-01,361.4919231244593,0,0
Comal Springs,18,2007-06-01,2008-11-01,359.4426399703374,0,0
Comal Springs,18,2007-07-01,2008-12-01,358.48224570510445,0,0
Comal Springs,18,2007-08-01,2009-01-01,351.8335001853912,0,0
Comal Springs,18,2007-09-01,2009-02-01,342.3519333651147,0,0
Comal Springs,18,2007-10-01,2009-03-01,332.67385690155436,0,0
Comal Springs,18,2007-11-01,2009-04-01,323.59434674623776,0,0
Comal Springs,18,2007-12-01,2009-05-01,313.2273813937885,0,0
Comal Springs,18,2008-01-01,2009-06-01,301.25438258853166,0,0
Comal Springs,18,2008-02-01,2009-07-01,287.9873574989259,0,0
Comal Springs,18,2008-03-01,2009-08-01,275.5164021164021,0,0
Comal Springs,18,2008-04-01,2009-09-01,265.62763270182626,0,0
Comal Springs,18,2008-05-01,2009-10-01,260.41377368151564,0,0
Comal Springs,18,2008-06-01,2009-11-01,257.98288957159923,0,0
Comal Springs,18,2008-07-01,2009-12-01,259.5609062980031,0,0
Comal Springs,18,2008-08-01,2010-01-01,262.25445468509986,0,0
Comal Springs,18,2008-09-01,2010-02-01,265.7461341525858,0,0
Comal Springs,18,2008-10-01,2010-03-01,269.4435057176993,0,0
Comal Springs,18,2008-11-01,2010-04-01,272.7853814644137,0,0
Comal Springs,18,2008-12-01,2010-05-01,276.2719406041987,0,0
Comal Springs,18,2009-01-01,2010-06-01,281.04714968424645,0,0
Comal Springs,18,2009-02-01,2010-07-01,283.9019883939239,0,0
Comal Springs,18,2009-03-01,2010-08-01,286.07351937190646,0,0
Comal Springs,18,2009-04-01,2010-09-01,289.94789213176307,0,0
Comal Springs,18,2009-05-01,2010-10-01,294.2442481652159,0,0
Comal Springs,18,2009-06-01,2010-11-01,299.77602833247994,0,0
Comal Springs,18,2009-07-01,2010-12-01,306.6791346646185,0,0
Comal Springs,18,2009-08-01,2011-01-01,315.02859703020994,0,0
Comal Springs,18,2009-09-01,2011-02-01,323.33268049155146,0,0
Comal Springs,18,2009-10-01,2011-03-01,328.92575098139616,0,0
Comal Springs,18,2009-11-01,2011-04-01,328.92109148318826,0,0
Comal Springs,18,2009-12-01,2011-05-01,325.36989674005804,0,0
Comal Springs,18,2010-01-01,2011-06-01,318.1844726062468,0,0
Comal Springs,18,2010-02-01,2011-07-01,309.82784178187404,0,0
Comal Springs,18,2010-03-01,2011-08-01,299.31465693804404,0,0
Comal Springs,18,2010-04-01,2011-09-01,288.27469278033794,0,0
Comal Springs,18,2010-05-01,2011-10-01,279.52779911247654,0,0
Comal Springs,18,2010-06-01,2011-11-01,271.1227214541731,0,0
Comal Springs,18,2010-07-01,2011-12-01,262.18980628093533,0,0
Comal Springs,18,2010-08-01,2012-01-01,255.62529015190304,0,0
Comal Springs,18,2010-09-01,2012-02-01,252.15600328995768,0,0
Comal Springs,18,2010-10-01,2012-03-01,248.181272107162,0,0
Comal Springs,18,2010-11-01,2012-04-01,243.7571382959314,0,0
Comal Springs,18,2010-12-01,2012-05-01,238.3561825014272,0,0
Comal Springs,18,2011-01-01,2012-06-01,232.35307616928864,0,0
Comal Springs,18,2011-02-01,2012-07-01,225.72225179652878,0,0
Comal Springs,18,2011-03-01,2012-08-01,217.76763070077865,0,0
Comal Springs,18,2011-04-01,2012-09-01,210.68937502574877,0,0
Comal Springs,18,2011-05-01,2012-10-01,207.45030692539035,0,0
Comal Springs,18,2011-06-01,2012-11-01,205.71816833518724,0,0
Comal Springs,18,2011-07-01,2012-12-01,207.0953487413999,0,0
Comal Springs,18,2011-08-01,2013-01-01,209.61506200304865,0,0
Comal Springs,18,2011-09-01,2013-02-01,212.3822151008469,0,0
Comal Springs,18,2011-10-01,2013-03-01,214.3863369646462,0,0
Comal Springs,18,2011-11-01,2013-04-01,214.59804544732242,0,0
Comal Springs,18,2011-12-01,2013-05-01,214.4726571558051,0,0
Comal Springs,18,2012-01-01,2013-06-01,213.8074241808947,0,0
Comal Springs,18,2012-02-01,2013-07-01,210.59774676153987,0,0
Comal Springs,18,2012-03-01,2013-08-01,203.3125533367469,0,0
Comal Springs,18,2012-04-01,2013-09-01,195.0409882232463,0,0
Comal Springs,18,2012-05-01,2013-10-01,188.61745178358083,0,0
Comal Springs,18,2012-06-01,2013-11-01,184.97025942993685,0,0
Comal Springs,18,2012-07-01,2013-12-01,181.95544461512205,0,0
Comal Springs,18,2012-08-01,2014-01-01,180.4267707799966,0,0
Comal Springs,18,2012-09-01,2014-02-01,180.1532172725721,0,0
Comal Springs,18,2012-10-01,2014-03-01,179.37663423792455,0,0
Comal Springs,18,2012-11-01,2014-04-01,175.84718381976447,0,0
Comal Springs,18,2012-12-01,2014-05-01,171.78541559993172,0,0
Comal Springs,18,2013-01-01,2014-06-01,168.12305000853388,0,0
Comal Springs,18,2013-02-01,2014-07-01,162.45638334186722,0,0
Comal Springs,18,2013-03-01,2014-08-01,154.89711554872846,0,0
Comal Springs,18,2013-04-01,2014-09-01,147.6837344256699,0,0
Comal Springs,18,2013-05-01,2014-10-01,141.77489332650623,0,0
Comal Springs,18,2013-06-01,2014-11-01,137.91880013654207,0,0
Comal Springs,18,2013-07-01,2014-12-01,134.21127325482163,0,0
Comal Springs,18,2013-08-01,2015-01-01,133.03923024406896,0,0
Comal Springs,18,2013-09-01,2015-02-01,136.38210018774535,0,0
Comal Springs,18,2013-10-01,2015-03-01,140.5497226489162,0,0
Comal Springs,18,2013-11-01,2015-04-01,143.5454813108039,0,0
Comal Springs,18,2013-12-01,2015-05-01,147.9686593275303,0,0
Comal Springs,18,2014-01-01,2015-06-01,157.0038445127155,0,0
Comal Springs,18,2014-02-01,2015-07-01,166.18664021164022,0,0
Comal Springs,18,2014-03-01,2015-08-01,171.72005034988905,0,0
Comal Springs,18,2014-04-01,2015-09-01,175.13367042157364,0,0
Comal Springs,18,2014-05-01,2015-10-01,178.7365975422427,0,0
Comal Springs,18,2014-06-01,2015-11-01,188.09281020651989,0,0
Comal Springs,18,2014-07-01,2015-12-01,197.35374210616146,0,0
Comal Springs,18,2014-08-01,2016-01-01,208.67990698071344,0,0
Comal Springs,18,2014-09-01,2016-02-01,220.28446760362777,0,0
Comal Springs,18,2014-10-01,2016-03-01,232.66630750804833,0,0
Comal Springs,18,2014-11-01,2016-04-01,244.57514860721201,0,0
Comal Springs,18,2014-12-01,2016-05-01,256.17855362513313,0,0
Comal Springs,18,2015-01-01,2016-06-01,269.956450877224,0,0
Comal Springs,18,2015-02-01,2016-07-01,280.94032184496587,0,0
Comal Springs,18,2015-03-01,2016-08-01,290.45766695505296,0,0
Comal Springs,18,2015-04-01,2016-09-01,300.5011556049932,0,0
Comal Springs,18,2015-05-01,2016-10-01,309.94804927285463,0,0
Comal Springs,18,2015-06-01,2016-11-01,316.8359823672393,0,0
Comal Springs,18,2015-07-01,2016-12-01,320.74703374119395,0,0
Comal Springs,18,2015-08-01,2017-01-01,323.95312693115807,0,0
Comal Springs,18,2015-09-01,2017-02-01,332.07646282465527,0,0
Comal Springs,18,2015-10-01,2017-03-01,343.1628427529707,0,0
Comal Springs,18,2015-11-01,2017-04-01,354.35991563230164,0,0
Comal Springs,18,2015-12-01,2017-05-01,359.0843481293148,0,0
Comal Springs,18,2016-01-01,2017-06-01,361.27526808152504,0,0
Comal Springs,18,2016-02-01,2017-07-01,359.51899568009134,0,0
Comal Springs,18,2016-03-01,2017-08-01,358.245976275815,0,0
Comal Springs,18,2016-04-01,2017-09-01,357.55487711213516,0,0
Comal Springs,18,2016-05-01,2017-10-01,356.9471112817887,0,0
Comal Springs,18,2016-06-01,2017-11-01,354.80111367127495,0,0
Comal Springs,18,2016-07-01,2017-12-01,349.5823562041304,0,0
Comal Springs,18,2016-08-01,2018-01-01,347.3673024406895,0,0
Comal Springs,18,2016-09-01,2018-02-01,343.9134493940945,0,0
Comal Springs,18,2016-10-01,2018-03-01,339.21404676565965,0,0
Comal Springs,18,2016-11-01,2018-04-01,335.070856801502,0,0
Comal Springs,18,2016-12-01,2018-05-01,329.3926011264721,0,0
Comal Springs,18,2017-01-01,2018-06-01,319.3704386414064,0,0
Comal Springs,18,2017-02-01,2018-07-01,309.6320873869261,0,0
Comal Springs,18,2017-03-01,2018-08-01,296.73276583034647,0,0
Comal Springs,18,2017-04-01,2018-09-01,287.47786738351255,0,0
Comal Springs,18,2017-05-01,2018-10-01,283.56574074074075,0,0
Comal Springs,18,2017-06-01,2018-11-01,282.60427120669056,0,0
Comal Springs,18,2017-07-01,2018-12-01,284.1929211469534,0,0
Comal Springs,18,2017-08-01,2019-01-01,289.35062724014335,0,0
Comal Springs,18,2017-09-01,2019-02-01,295.5188300051203,0,0
Comal Springs,18,2017-10-01,2019-03-01,300.7654847243557,0,0
Comal Springs,18,2017-11-01,2019-04-01,304.6010283324799,0,0
Comal Springs,18,2017-12-01,2019-05-01,309.2255205666496,0,0
Comal Springs,18,2018-01-01,2019-06-01,313.8202039597201,0,0
Comal Springs,18,2018-02-01,2019-07-01,316.2503114866018,0,0
Comal Springs,18,2018-03-01,2019-08-01,316.431763099505,0,0
Comal Springs,18,2018-04-01,2019-09-01,317.055239802014,0,0
Comal Springs,18,2018-05-01,2019-10-01,317.16975593104627,0,0
Comal Springs,18,2018-06-01,2019-11-01,320.3146782727428,0,0
Comal Springs,18,2018-07-01,2019-12-01,325.8493855606759,0,0
Comal Springs,18,2018-08-01,2020-01-01,331.4174859190988,0,0
Comal Springs,18,2018-09-01,2020-02-01,339.2236903437682,0,0
Comal Springs,18,2018-10-01,2020-03-01,342.2904167475914,0,0
Comal Springs,18,2018-11-01,2020-04-01,340.57291376073357,0,0
Comal Springs,18,2018-12-01,2020-05-01,336.4985410008769,0,0
Comal Springs,18,2019-01-01,2020-06-01,330.98026143098446,0,0
Comal Springs,18,2019-02-01,2020-07-01,324.0429854453214,0,0
Comal Springs,18,2019-03-01,2020-08-01,316.46976475919746,0,0
Comal Springs,18,2019-04-01,2020-09-01,310.12496189181394,0,0
Comal Springs,18,2019-05-01,2020-10-01,305.1998125489227,0,0
Comal Springs,18,2019-06-01,2020-11-01,298.1030980925308,0,0
Comal Springs,18,2019-07-01,2020-12-01,291.75931075680796,0,0
Comal Springs,18,2019-08-01,2021-01-01,287.5263358464137,0,0
Comal Springs,18,2019-09-01,2021-02-01,285.4063921700184,0,0
Comal Springs,18,2019-10-01,2021-03-01,282.50872191912237,0,0
Comal Springs,18,2019-11-01,2021-04-01,278.00346504934936,0,0
Comal Springs,18,2019-12-01,2021-05-01,274.92126672198975,0,0
Comal Springs,18,2020-01-01,2021-06-01,273.9032261007233,0,0
Comal Springs,18,2020-02-01,2021-07-01,272.4390683946301,0,0
Comal Springs,18,2020-03-01,2021-08-01,270.4877026796382,0,0
Comal Springs,18,2020-04-01,2021-09-01,268.23023553507426,0,0
Comal Springs,18,2020-05-01,2021-10-01,265.9477385219321,0,0
Comal Springs,18,2020-06-01,2021-11-01,265.7869260966035,0,0
Comal Springs,18,2020-07-01,2021-12-01,265.94140638334187,0,0
Comal Springs,18,2020-08-01,2022-01-01,266.76040279911246,0,0
Comal Springs,18,2020-09-01,2022-02-01,268.9824330090459,0,0
Comal Springs,18,2020-10-01,2022-03-01,269.09784519542586,0,0
Comal Springs,18,2020-11-01,2022-04-01,266.29892046424305,0,0
Comal Springs,18,2020-12-01,2022-05-01,262.91355606758833,0,0
Comal Springs,18,2021-01-01,2022-06-01,256.49623229220003,0,0
Comal Springs,18,2021-02-01,2022-07-01,247.84390254309608,0,0
Comal Springs,18,2021-03-01,2022-08-01,239.16456306536952,0,0
Comal Springs,18,2021-04-01,2022-09-01,231.71964072367297,0,0
Comal Springs,18,2021-05-01,2022-10-01,225.1334997439836,0,0
Comal Springs,18,2021-06-01,2022-11-01,216.77125362689878,0,0
Comal Springs,18,2021-07-01,2022-12-01,207.3950290151903,0,0
Comal Springs,18,2021-08-01,2023-01-01,198.2140254309609,0,0
Comal Springs,18,2021-09-01,2023-02-01,189.163270182625,0,0
Comal Springs,18,2021-10-01,2023-03-01,180.95837173579108,0,0
Comal Springs,18,2021-11-01,2023-04-01,173.4667946748592,0,0
Comal Springs,18,2021-12-01,2023-05-01,166.91076122205155,0,0
Comal Springs,18,2022-01-01,2023-06-01,160.3136883427206,0,0
Comal Springs,18,2022-02-01,2023-07-01,150.3405700631507,0,0
Comal Springs,18,2022-03-01,2023-08-01,138.13825311486602,0,0
Comal Springs,18,2022-04-01,2023-09-01,127.23024833589349,0,0
Comal Springs,18,2022-05-01,2023-10-01,119.81591141833077,0,0
Comal Springs,18,2022-06-01,2023-11-01,115.75312766683734,0,0
Comal Springs,18,2022-07-01,2023-12-01,115.06650878989589,0,0
Comal Springs,18,2022-08-01,2024-01-01,117.17941201570234,0,0
Comal Springs,18,2022-09-01,2024-02-01,121.47109413163362,0,0
Comal Springs,18,2022-10-01,2024-03-01,123.90167955576743,0,0
Comal Springs,18,2022-11-01,2024-04-01,126.86004275767903,0,0
Comal Springs,18,2022-12-01,2024-05-01,127.31189460953087,0,0
Comal Springs,18,2023-01-01,2024-06-01,125.40293403605416,0,0
Comal Springs,18,2023-02-01,2024-07-01,124.00687668838391,0,0
Comal Springs,18,2023-03-01,2024-08-01,122.57734519836856,0,0
Comal Springs,18,2023-04-01,2024-09-01,121.03409549705434,0,0
Comal Springs,18,2023-05-01,2024-10-01,117.15112058666007,0,0
Comal Springs,18,2023-06-01,2024-11-01,111.5275244098381,0,0
Comal Springs,18,2023-07-01,2024-12-01,105.95434639311169,0,0
Comal Springs,18,2023-08-01,2025-01-01,104.73391628558481,0,0
Comal Springs,18,2023-09-01,2025-02-01,105.99377291640917,0,0
Comal Springs,18,2023-10-01,2025-03-01,106.15088163803402,0,0
Comal Springs,18,2023-11-01,2025-04-01,104.94114448152268,0,0
Comal Springs,18,2023-12-01,2025-05-01,101.85697482799819,0,0
Comal Springs,18,2024-01-01,2025-06-01,101.0602603716063,0,0
Comal Springs,18,2024-02-01,2025-07-01,100.38463313146295,0,0
Comal Springs,18,2024-03-01,2025-08-01,95.33488649940263,0,0
Comal Springs,18,2024-04-01,2025-09-01,91.57096774193549,0,0
Comal Springs,18,2024-05-01,2025-10-01,86.91726403823178,0,0
Comal Springs,18,2024-06-01,2025-11-01,83.44133811230586,0,0
Comal Springs,18,2024-07-01,2025-12-01,82.40406212664277,0,0
Comal Springs,18,2024-08-01,2026-01-01,80.92556750298685,0,0
Comal Springs,18,2024-09-01,2026-02-01,79.39676565966889,0,0
Comal Springs,18,2024-10-01,2026-03-01,78.01169994879672,0,0
Comal Springs,18,2024-11-01,2026-04-01,78.75763782215395,0,0
Comal Springs,18,2024-12-01,2026-05-01,83.21815156169995,0,0
Comal Springs,18,2025-01-01,2026-06-01,89.16355180064858,0,0
Comal Springs,18,2025-02-01,2026-07-01,95.71910735620413,0,0
Comal Springs,24,1930-02-01,1932-01-01,NA,NA,NA
Comal Springs,24,1930-03-01,1932-02-01,NA,NA,NA
Comal Springs,24,1930-04-01,1932-03-01,NA,NA,NA
Comal Springs,24,1930-05-01,1932-04-01,NA,NA,NA
Comal Springs,24,1930-06-01,1932-05-01,NA,NA,NA
Comal Springs,24,1930-07-01,1932-06-01,NA,NA,NA
Comal Springs,24,1930-08-01,1932-07-01,NA,NA,NA
Comal Springs,24,1930-09-01,1932-08-01,NA,NA,NA
Comal Springs,24,1930-10-01,1932-09-01,NA,NA,NA
Comal Springs,24,1930-11-01,1932-10-01,NA,NA,NA
Comal Springs,24,1930-12-01,1932-11-01,NA,NA,NA
Comal Springs,24,1931-01-01,1932-12-01,NA,NA,NA
Comal Springs,24,1931-02-01,1933-01-01,NA,NA,NA
Comal Springs,24,1931-03-01,1933-02-01,NA,NA,NA
Comal Springs,24,1931-04-01,1933-03-01,NA,NA,NA
Comal Springs,24,1931-05-01,1933-04-01,NA,NA,NA
Comal Springs,24,1931-06-01,1933-05-01,NA,NA,NA
Comal Springs,24,1931-07-01,1933-06-01,NA,NA,NA
Comal Springs,24,1931-08-01,1933-07-01,NA,NA,NA
Comal Springs,24,1931-09-01,1933-08-01,NA,NA,NA
Comal Springs,24,1931-10-01,1933-09-01,NA,NA,NA
Comal Springs,24,1931-11-01,1933-10-01,NA,NA,NA
Comal Springs,24,1931-12-01,1933-11-01,NA,NA,NA
Comal Springs,24,1932-01-01,1933-12-01,315.2259192680286,2,0
Comal Springs,24,1932-02-01,1934-01-01,315.1560267949103,2,0
Comal Springs,24,1932-03-01,1934-02-01,314.99531250919597,2,0
Comal Springs,24,1932-04-01,1934-03-01,315.1216565952175,2,0
Comal Springs,24,1932-05-01,1934-04-01,316.19619363225456,1,0
Comal Springs,24,1932-06-01,1934-05-01,317.2418925569857,1,0
Comal Springs,24,1932-07-01,1934-06-01,317.8182814458746,1,0
Comal Springs,24,1932-08-01,1934-07-01,317.8478513383477,1,0
Comal Springs,24,1932-09-01,1934-08-01,317.00242123082086,1,0
Comal Springs,24,1932-10-01,1934-09-01,315.36573540706604,0,0
Comal Springs,24,1932-11-01,1934-10-01,314.5606278801843,0,0
Comal Springs,24,1932-12-01,1934-11-01,313.3161834357399,0,0
Comal Springs,24,1933-01-01,1934-12-01,311.88069956477216,0,0
Comal Springs,24,1933-02-01,1935-01-01,311.2704845110087,0,0
Comal Springs,24,1933-03-01,1935-02-01,311.1142345110087,0,0
Comal Springs,24,1933-04-01,1935-03-01,310.447567844342,0,0
Comal Springs,24,1933-05-01,1935-04-01,308.76979006656427,0,0
Comal Springs,24,1933-06-01,1935-05-01,308.1541986687148,0,0
Comal Springs,24,1933-07-01,1935-06-01,309.3680875576037,0,0
Comal Springs,24,1933-08-01,1935-07-01,310.38152841781874,0,0
Comal Springs,24,1933-09-01,1935-08-01,311.88421658986175,0,0
Comal Springs,24,1933-10-01,1935-09-01,312.97310547875065,0,0
Comal Springs,24,1933-11-01,1935-10-01,315.0389656938044,0,0
Comal Springs,24,1933-12-01,1935-11-01,317.36813236047107,0,0
Comal Springs,24,1934-01-01,1935-12-01,319.9649065540195,0,0
Comal Springs,24,1934-02-01,1936-01-01,322.32243343573987,0,0
Comal Springs,24,1934-03-01,1936-02-01,324.9802741582358,0,0
Comal Springs,24,1934-04-01,1936-03-01,326.1334999646874,0,0
Comal Springs,24,1934-05-01,1936-04-01,326.2696110757985,0,0
Comal Springs,24,1934-06-01,1936-05-01,326.7884282800996,0,0
Comal Springs,24,1934-07-01,1936-06-01,329.4189838356551,0,0
Comal Springs,24,1934-08-01,1936-07-01,330.76710211522504,0,0
Comal Springs,24,1934-09-01,1936-08-01,332.14210211522504,0,0
Comal Springs,24,1934-10-01,1936-09-01,334.90182433744724,0,0
Comal Springs,24,1934-11-01,1936-10-01,337.45021143422144,0,0
Comal Springs,24,1934-12-01,1936-11-01,340.55160032311034,0,0
Comal Springs,24,1935-01-01,1936-12-01,343.39165408655117,0,0
Comal Springs,24,1935-02-01,1937-01-01,345.55294440913184,0,0
Comal Springs,24,1935-03-01,1937-02-01,347.86842059960804,0,0
Comal Springs,24,1935-04-01,1937-03-01,350.77702275014565,0,0
Comal Springs,24,1935-05-01,1937-04-01,353.91868941681236,0,0
Comal Springs,24,1935-06-01,1937-05-01,356.2547109221887,0,0
Comal Springs,24,1935-07-01,1937-06-01,358.1560998110776,0,0
Comal Springs,24,1935-08-01,1937-07-01,358.9356697035507,0,0
Comal Springs,24,1935-09-01,1937-08-01,358.9047557250561,0,0
Comal Springs,24,1935-10-01,1937-09-01,358.8839223917227,0,0
Comal Springs,24,1935-11-01,1937-10-01,357.96187938097006,0,0
Comal Springs,24,1935-12-01,1937-11-01,356.27299049208114,0,0
Comal Springs,24,1936-01-01,1937-12-01,354.3334743630489,0,0
Comal Springs,24,1936-02-01,1938-01-01,352.27299049208114,0,0
Comal Springs,24,1936-03-01,1938-02-01,350.6300307219662,0,0
Comal Springs,24,1936-04-01,1938-03-01,349.5117511520737,0,0
Comal Springs,24,1936-05-01,1938-04-01,349.92425115207374,0,0
Comal Springs,24,1936-06-01,1938-05-01,351.0331221198157,0,0
Comal Springs,24,1936-07-01,1938-06-01,350.11784434203787,0,0
Comal Springs,24,1936-08-01,1938-07-01,349.57886584741425,0,0
Comal Springs,24,1936-09-01,1938-08-01,348.88128520225297,0,0
Comal Springs,24,1936-10-01,1938-09-01,348.3423963133641,0,0
Comal Springs,24,1936-11-01,1938-10-01,347.2496543778802,0,0
Comal Springs,24,1936-12-01,1938-11-01,346.30382104454685,0,0
Comal Springs,24,1937-01-01,1938-12-01,345.3253264208909,0,0
Comal Springs,24,1937-02-01,1939-01-01,344.27156298003075,0,0
Comal Springs,24,1937-03-01,1939-02-01,343.3191820276498,0,0
Comal Springs,24,1937-04-01,1939-03-01,341.4992895545315,0,0
Comal Springs,24,1937-05-01,1939-04-01,339.0062339989759,0,0
Comal Springs,24,1937-06-01,1939-05-01,336.45515873015876,0,0
Comal Springs,24,1937-07-01,1939-06-01,333.3232142857143,0,0
Comal Springs,24,1937-08-01,1939-07-01,329.46434331797235,0,0
Comal Springs,24,1937-09-01,1939-08-01,327.2842357910906,0,0
Comal Springs,24,1937-10-01,1939-09-01,326.0161802355351,0,0
Comal Springs,24,1937-11-01,1939-10-01,324.66268561187917,0,0
Comal Springs,24,1937-12-01,1939-11-01,323.0043522785458,0,0
Comal Springs,24,1938-01-01,1939-12-01,321.425051203277,0,0
Comal Springs,24,1938-02-01,1940-01-01,319.7274705581157,0,0
Comal Springs,24,1938-03-01,1940-02-01,317.9566372247824,0,0
Comal Springs,24,1938-04-01,1940-03-01,316.10045442908347,0,0
Comal Springs,24,1938-05-01,1940-04-01,313.2823988735279,0,0
Comal Springs,24,1938-06-01,1940-05-01,308.9557859703021,0,0
Comal Springs,24,1938-07-01,1940-06-01,305.2377304147465,0,0
Comal Springs,24,1938-08-01,1940-07-01,302.3546658986175,0,0
Comal Springs,24,1938-09-01,1940-08-01,299.59256912442396,0,0
Comal Springs,24,1938-10-01,1940-09-01,296.43145801331286,0,0
Comal Springs,24,1938-11-01,1940-10-01,293.62769457245264,0,0
Comal Springs,24,1938-12-01,1940-11-01,290.8040834613415,0,0
Comal Springs,24,1939-01-01,1940-12-01,289.05811571940603,0,0
Comal Springs,24,1939-02-01,1941-01-01,287.9747823860727,0,0
Comal Springs,24,1939-03-01,1941-02-01,287.21585381464416,0,0
Comal Springs,24,1939-04-01,1941-03-01,287.313972094214,0,0
Comal Springs,24,1939-05-01,1941-04-01,288.2250832053251,0,0
Comal Springs,24,1939-06-01,1941-05-01,291.7264272913466,0,0
Comal Springs,24,1939-07-01,1941-06-01,294.6667050691244,0,0
Comal Springs,24,1939-08-01,1941-07-01,298.43283410138247,0,0
Comal Springs,24,1939-09-01,1941-08-01,301.39116743471584,0,0
Comal Springs,24,1939-10-01,1941-09-01,302.81061187916026,0,0
Comal Springs,24,1939-11-01,1941-10-01,305.5740527393753,0,0
Comal Springs,24,1939-12-01,1941-11-01,308.3740527393753,0,0
Comal Springs,24,1940-01-01,1941-12-01,310.4143753200205,0,0
Comal Springs,24,1940-02-01,1942-01-01,312.63749359959036,0,0
Comal Springs,24,1940-03-01,1942-02-01,314.5080293138761,0,0
Comal Springs,24,1940-04-01,1942-03-01,316.5846422171019,0,0
Comal Springs,24,1940-05-01,1942-04-01,319.17769777265744,0,0
Comal Springs,24,1940-06-01,1942-05-01,321.2502784178187,0,0
Comal Springs,24,1940-07-01,1942-06-01,322.95166730670763,0,0
Comal Springs,24,1940-08-01,1942-07-01,324.6747855862775,0,0
Comal Springs,24,1940-09-01,1942-08-01,326.48258128520223,0,0
Comal Springs,24,1940-10-01,1942-09-01,329.81035906298,0,0
Comal Springs,24,1940-11-01,1942-10-01,334.62487519201227,0,0
Comal Springs,24,1940-12-01,1942-11-01,340.25543074756786,0,0
Comal Springs,24,1941-01-01,1942-12-01,345.5578501024066,0,0
Comal Springs,24,1941-02-01,1943-01-01,350.170753328213,0,0
Comal Springs,24,1941-03-01,1943-02-01,353.4639080901178,0,0
Comal Springs,24,1941-04-01,1943-03-01,355.5821876600102,0,0
Comal Springs,24,1941-05-01,1943-04-01,356.34329877112134,0,0
Comal Springs,24,1941-06-01,1943-05-01,354.0516321044547,0,0
Comal Springs,24,1941-07-01,1943-06-01,352.08357654889915,0,0
Comal Springs,24,1941-08-01,1943-07-01,350.83223246287764,0,0
Comal Springs,24,1941-09-01,1943-08-01,349.051318484383,0,0
Comal Springs,24,1941-10-01,1943-09-01,348.2346518177163,0,0
Comal Springs,24,1941-11-01,1943-10-01,346.28169482846903,0,0
Comal Springs,24,1941-12-01,1943-11-01,345.169194828469,0,0
Comal Springs,24,1942-01-01,1943-12-01,344.2847862263185,0,0
Comal Springs,24,1942-02-01,1944-01-01,344.05494751664105,0,0
Comal Springs,24,1942-03-01,1944-02-01,344.1226301931599,0,0
Comal Springs,24,1942-04-01,1944-03-01,345.0876839566008,0,0
Comal Springs,24,1942-05-01,1944-04-01,346.909906178823,0,0
Comal Springs,24,1942-06-01,1944-05-01,349.7513040282854,0,0
Comal Springs,24,1942-07-01,1944-06-01,352.24158180606315,0,0
Comal Springs,24,1942-08-01,1944-07-01,353.45260331143953,0,0
Comal Springs,24,1942-09-01,1944-08-01,353.7953452469234,0,0
Comal Springs,24,1942-10-01,1944-09-01,352.8217341358123,0,0
Comal Springs,24,1942-11-01,1944-10-01,350.21555134011334,0,0
Comal Springs,24,1942-12-01,1944-11-01,346.3530513401133,0,0
Comal Springs,24,1943-01-01,1944-12-01,342.758965318608,0,0
Comal Springs,24,1943-02-01,1945-01-01,340.12858897452196,0,0
Comal Springs,24,1943-03-01,1945-02-01,339.7431723078553,0,0
Comal Springs,24,1943-04-01,1945-03-01,340.15043037237143,0,0
Comal Springs,24,1943-05-01,1945-04-01,342.21848592792696,0,0
Comal Springs,24,1943-06-01,1945-05-01,345.59483001394847,0,0
Comal Springs,24,1943-07-01,1945-06-01,347.525385569504,0,0
Comal Springs,24,1943-08-01,1945-07-01,348.3116758920847,0,0
Comal Springs,24,1943-09-01,1945-08-01,349.32780492434273,0,0
Comal Springs,24,1943-10-01,1945-09-01,349.87780492434274,0,0
Comal Springs,24,1943-11-01,1945-10-01,351.0310307307943,0,0
Comal Springs,24,1943-12-01,1945-11-01,351.68380850857216,0,0
Comal Springs,24,1944-01-01,1945-12-01,352.6112278634108,0,0
Comal Springs,24,1944-02-01,1946-01-01,352.2523568956689,0,0
Comal Springs,24,1944-03-01,1946-02-01,351.3572932667691,0,0
Comal Springs,24,1944-04-01,1946-03-01,350.4782610087046,0,0
Comal Springs,24,1944-05-01,1946-04-01,348.3115943420379,0,0
Comal Springs,24,1944-06-01,1946-05-01,346.83309971838196,0,0
Comal Springs,24,1944-07-01,1946-06-01,346.3678219406042,0,0
Comal Springs,24,1944-08-01,1946-07-01,347.191746671787,0,0
Comal Springs,24,1944-09-01,1946-08-01,348.4457789298515,0,0
Comal Springs,24,1944-10-01,1946-09-01,349.9596678187404,0,0
Comal Springs,24,1944-11-01,1946-10-01,352.80509792626725,0,0
Comal Springs,24,1944-12-01,1946-11-01,356.44398681515617,0,0
Comal Springs,24,1945-01-01,1946-12-01,359.3216749871992,0,0
Comal Springs,24,1945-02-01,1947-01-01,362.13619111623143,0,0
Comal Springs,24,1945-03-01,1947-02-01,363.2864887352791,0,0
Comal Springs,24,1945-04-01,1947-03-01,364.2461661546339,0,0
Comal Springs,24,1945-05-01,1947-04-01,363.7711661546339,0,0
Comal Springs,24,1945-06-01,1947-05-01,361.795359703021,0,0
Comal Springs,24,1945-07-01,1947-06-01,360.60369303635434,0,0
Comal Springs,24,1945-08-01,1947-07-01,359.8644457245264,0,0
Comal Springs,24,1945-09-01,1947-08-01,359.1157898105479,0,0
Comal Springs,24,1945-10-01,1947-09-01,358.4866231438812,0,0
Comal Springs,24,1945-11-01,1947-10-01,357.57667690732205,0,0
Comal Springs,24,1945-12-01,1947-11-01,356.6711213517665,0,0
Comal Springs,24,1946-01-01,1947-12-01,355.5649385560676,0,0
Comal Springs,24,1946-02-01,1948-01-01,354.7625192012289,0,0
Comal Springs,24,1946-03-01,1948-02-01,354.6116058186345,0,0
Comal Springs,24,1946-04-01,1948-03-01,352.93821872186027,0,0
Comal Springs,24,1946-05-01,1948-04-01,351.50210761074914,0,0
Comal Springs,24,1946-06-01,1948-05-01,348.97656997634056,0,0
Comal Springs,24,1946-07-01,1948-06-01,345.30156997634055,0,0
Comal Springs,24,1946-08-01,1948-07-01,340.79888180429754,0,0
Comal Springs,24,1946-09-01,1948-08-01,336.6201183634373,0,0
Comal Springs,24,1946-10-01,1948-09-01,332.024285030104,0,0
Comal Springs,24,1946-11-01,1948-10-01,326.36837105160936,0,0
Comal Springs,24,1946-12-01,1948-11-01,320.5642043849427,0,0
Comal Springs,24,1947-01-01,1948-12-01,314.63006459999644,0,0
Comal Springs,24,1947-02-01,1949-01-01,308.2389355677384,0,0
Comal Springs,24,1947-03-01,1949-02-01,301.44578080583364,0,0
Comal Springs,24,1947-04-01,1949-03-01,295.8342216660487,0,0
Comal Springs,24,1947-05-01,1949-04-01,291.30227722160424,0,0
Comal Springs,24,1947-06-01,1949-05-01,289.0643739957978,0,0
Comal Springs,24,1947-07-01,1949-06-01,287.8310406624645,0,0
Comal Springs,24,1947-08-01,1949-07-01,287.1159868990236,0,0
Comal Springs,24,1947-09-01,1949-08-01,286.39690087751825,0,0
Comal Springs,24,1947-10-01,1949-09-01,285.074678655296,0,0
Comal Springs,24,1947-11-01,1949-10-01,283.8018291929304,0,0
Comal Springs,24,1947-12-01,1949-11-01,282.6546069707082,0,0
Comal Springs,24,1948-01-01,1949-12-01,281.6263811642566,0,0
Comal Springs,24,1948-02-01,1950-01-01,280.7527252502781,0,0
Comal Springs,24,1948-03-01,1950-02-01,279.7756624423963,0,0
Comal Springs,24,1948-04-01,1950-03-01,279.03910330261135,0,0
Comal Springs,24,1948-05-01,1950-04-01,278.14604774705583,0,0
Comal Springs,24,1948-06-01,1950-05-01,277.5062628008193,0,0
Comal Springs,24,1948-07-01,1950-06-01,277.0604294674859,0,0
Comal Springs,24,1948-08-01,1950-07-01,276.59268753200206,0,0
Comal Springs,24,1948-09-01,1950-08-01,276.13704237071175,0,0
Comal Springs,24,1948-10-01,1950-09-01,275.6787090373784,0,0
Comal Springs,24,1948-11-01,1950-10-01,275.3520961341526,0,0
Comal Springs,24,1948-12-01,1950-11-01,274.49515168970817,0,0
Comal Springs,24,1949-01-01,1950-12-01,273.6282162058372,0,0
Comal Springs,24,1949-02-01,1951-01-01,272.47767857142856,0,0
Comal Springs,24,1949-03-01,1951-02-01,271.6458333333333,0,0
Comal Springs,24,1949-04-01,1951-03-01,269.59475806451616,0,0
Comal Springs,24,1949-05-01,1951-04-01,266.71420250896057,0,0
Comal Springs,24,1949-06-01,1951-05-01,262.6510304659498,0,0
Comal Springs,24,1949-07-01,1951-06-01,258.37047491039425,0,0
Comal Springs,24,1949-08-01,1951-07-01,253.23875448028673,0,0
Comal Springs,24,1949-09-01,1951-08-01,247.93095878136202,0,0
Comal Springs,24,1949-10-01,1951-09-01,243.36151433691757,0,0
Comal Springs,24,1949-11-01,1951-10-01,239.27549283154121,0,0
Comal Springs,24,1949-12-01,1951-11-01,235.51993727598565,0,0
Comal Springs,24,1950-01-01,1951-12-01,232.0817652329749,0,0
Comal Springs,24,1950-02-01,1952-01-01,228.24305555555554,0,0
Comal Springs,24,1950-03-01,1952-02-01,223.93850916803504,0,0
Comal Springs,24,1950-04-01,1952-03-01,219.7785629314759,0,0
Comal Springs,24,1950-05-01,1952-04-01,216.04384070925366,0,0
Comal Springs,24,1950-06-01,1952-05-01,212.34357189204937,0,0
Comal Springs,24,1950-07-01,1952-06-01,208.61718300316048,0,0
Comal Springs,24,1950-08-01,1952-07-01,204.68707547627875,0,0
Comal Springs,24,1950-09-01,1952-08-01,199.93573139025725,0,0
Comal Springs,24,1950-10-01,1952-09-01,196.80795361247948,0,0
Comal Springs,24,1950-11-01,1952-10-01,194.4598353329096,0,0
Comal Springs,24,1950-12-01,1952-11-01,192.74872422179845,0,0
Comal Springs,24,1951-01-01,1952-12-01,192.26754142609954,0,0
Comal Springs,24,1951-02-01,1953-01-01,192.2299070174974,0,0
Comal Springs,24,1951-03-01,1953-02-01,192.33258558892595,0,0
Comal Springs,24,1951-04-01,1953-03-01,192.218338277098,0,0
Comal Springs,24,1951-05-01,1953-04-01,191.9197271659869,0,0
Comal Springs,24,1951-06-01,1953-05-01,191.36193146706216,0,0
Comal Springs,24,1951-07-01,1953-06-01,189.77998702261772,0,0
Comal Springs,24,1951-08-01,1953-07-01,187.88348164627362,0,0
Comal Springs,24,1951-09-01,1953-08-01,185.65901928068223,0,0
Comal Springs,24,1951-10-01,1953-09-01,185.89235261401558,0,0
Comal Springs,24,1951-11-01,1953-10-01,186.35875046347795,0,0
Comal Springs,24,1951-12-01,1953-11-01,186.90597268570016,0,0
Comal Springs,24,1952-01-01,1953-12-01,186.40866085774317,0,0
Comal Springs,24,1952-02-01,1954-01-01,187.01484365344209,0,0
Comal Springs,24,1952-03-01,1954-02-01,187.95778289810548,0,0
Comal Springs,24,1952-04-01,1954-03-01,187.65670762928826,0,0
Comal Springs,24,1952-05-01,1954-04-01,186.11920762928827,0,0
Comal Springs,24,1952-06-01,1954-05-01,184.80737967229902,0,0
Comal Springs,24,1952-07-01,1954-06-01,182.42960189452126,0,0
Comal Springs,24,1952-08-01,1954-07-01,180.10970942140298,0,0
Comal Springs,24,1952-09-01,1954-08-01,178.10567716333844,0,0
Comal Springs,24,1952-10-01,1954-09-01,174.17095494111624,0,0
Comal Springs,24,1952-11-01,1954-10-01,170.65482590885816,0,0
Comal Springs,24,1952-12-01,1954-11-01,167.5131592421915,0,0
Comal Springs,24,1953-01-01,1954-12-01,163.57498719918075,0,0
Comal Springs,24,1953-02-01,1955-01-01,159.68520225294418,0,0
Comal Springs,24,1953-03-01,1955-02-01,156.19710701484894,0,0
Comal Springs,24,1953-04-01,1955-03-01,152.44845110087044,0,0
Comal Springs,24,1953-05-01,1955-04-01,148.14845110087046,0,0
Comal Springs,24,1953-06-01,1955-05-01,143.62022529441884,0,0
Comal Springs,24,1953-07-01,1955-06-01,140.0118919610855,0,0
Comal Springs,24,1953-08-01,1955-07-01,136.77802099334357,0,0
Comal Springs,24,1953-09-01,1955-08-01,133.74038658474143,0,0
Comal Springs,24,1953-10-01,1955-09-01,128.3556643625192,0,0
Comal Springs,24,1953-11-01,1955-10-01,122.69168586789554,0,0
Comal Springs,24,1953-12-01,1955-11-01,117.16668586789555,0,0
Comal Springs,24,1954-01-01,1955-12-01,113.01883640552995,0,0
Comal Springs,24,1954-02-01,1956-01-01,108.22179339477727,0,0
Comal Springs,24,1954-03-01,1956-02-01,103.60069323057365,0,0
Comal Springs,24,1954-04-01,1956-03-01,99.31843516605753,0,0
Comal Springs,24,1954-05-01,1956-04-01,94.9087129438353,0,0
Comal Springs,24,1954-06-01,1956-05-01,89.86301401910411,0,0
Comal Springs,24,1954-07-01,1956-06-01,85.01023624132634,0,0
Comal Springs,24,1954-08-01,1956-07-01,80.64195667143387,0,0
Comal Springs,24,1954-09-01,1956-08-01,77.16749430584247,0,0
Comal Springs,24,1954-10-01,1956-09-01,73.93416097250913,0,0
Comal Springs,24,1954-11-01,1956-10-01,69.40593516605752,0,0
Comal Springs,24,1954-12-01,1956-11-01,65.14760183272419,0,0
Comal Springs,24,1955-01-01,1956-12-01,61.244376026272576,0,0
Comal Springs,24,1955-02-01,1957-01-01,57.67985989724032,0,0
Comal Springs,24,1955-03-01,1957-02-01,53.79593132581175,0,0
Comal Springs,24,1955-04-01,1957-03-01,51.14539369140314,0,0
Comal Springs,24,1955-05-01,1957-04-01,51.08289369140314,0,0
Comal Springs,24,1955-06-01,1957-05-01,54.85843132581175,0,0
Comal Springs,24,1955-07-01,1957-06-01,61.11120910358952,0,0
Comal Springs,24,1955-08-01,1957-07-01,64.94319835090135,0,0
Comal Springs,24,1955-09-01,1957-08-01,66.60986501756803,0,0
Comal Springs,24,1955-10-01,1957-09-01,69.39319835090136,0,0
Comal Springs,24,1955-11-01,1957-10-01,75.03970372724544,0,0
Comal Springs,24,1955-12-01,1957-11-01,81.870259282801,0,0
Comal Springs,24,1956-01-01,1957-12-01,88.6189151967795,0,0
Comal Springs,24,1956-02-01,1958-01-01,96.34203347634939,0,0
Comal Springs,24,1956-03-01,1958-02-01,105.25777649769586,0,0
Comal Springs,24,1956-04-01,1958-03-01,116.4728302611367,0,0
Comal Springs,24,1956-05-01,1958-04-01,128.8492191500256,0,0
Comal Springs,24,1956-06-01,1958-05-01,142.07502560163852,0,0
Comal Springs,24,1956-07-01,1958-06-01,154.9139144905274,0,0
Comal Springs,24,1956-08-01,1958-07-01,167.47977470558115,0,0
Comal Springs,24,1956-09-01,1958-08-01,178.49590373783923,0,0
Comal Springs,24,1956-10-01,1958-09-01,190.19868151561698,0,0
Comal Springs,24,1956-11-01,1958-10-01,203.77932667690732,0,0
Comal Springs,24,1956-12-01,1958-11-01,216.795993343574,0,0
Comal Springs,24,1957-01-01,1958-12-01,229.41292882744494,0,0
Comal Springs,24,1957-02-01,1959-01-01,241.23282130056322,0,0
Comal Springs,24,1957-03-01,1959-02-01,253.23282130056322,0,0
Comal Springs,24,1957-04-01,1959-03-01,264.4532514080901,0,0
Comal Springs,24,1957-05-01,1959-04-01,273.83658474142345,0,0
Comal Springs,24,1957-06-01,1959-05-01,279.61749871991805,0,0
Comal Springs,24,1957-07-01,1959-06-01,282.19388760880696,0,0
Comal Springs,24,1957-08-01,1959-07-01,288.207328469022,0,0
Comal Springs,24,1957-09-01,1959-08-01,296.4062532002048,0,0
Comal Springs,24,1957-10-01,1959-09-01,303.303475422427,0,0
Comal Springs,24,1957-11-01,1959-10-01,307.88546466973884,0,0
Comal Springs,24,1957-12-01,1959-11-01,310.9396313364055,0,0
Comal Springs,24,1958-01-01,1959-12-01,313.59151305683565,0,0
Comal Springs,24,1958-02-01,1960-01-01,315.6076420890937,0,0
Comal Springs,24,1958-03-01,1960-02-01,316.39879561947134,0,0
Comal Springs,24,1958-04-01,1960-03-01,315.8557848667832,0,0
Comal Springs,24,1958-05-01,1960-04-01,315.1655070890054,0,0
Comal Springs,24,1958-06-01,1960-05-01,313.97464687395166,0,0
Comal Springs,24,1958-07-01,1960-06-01,312.98714687395164,0,0
Comal Springs,24,1958-08-01,1960-07-01,312.78015762663983,0,0
Comal Springs,24,1958-09-01,1960-08-01,314.13096407825276,0,0
Comal Springs,24,1958-10-01,1960-09-01,314.8948529671416,0,0
Comal Springs,24,1958-11-01,1960-10-01,314.28463791337816,0,0
Comal Springs,24,1958-12-01,1960-11-01,314.7471379133782,0,0
Comal Springs,24,1959-01-01,1960-12-01,315.4554712467115,0,0
Comal Springs,24,1959-02-01,1961-01-01,316.54014866606633,0,0
Comal Springs,24,1959-03-01,1961-02-01,317.75741057082826,0,0
Comal Springs,24,1959-04-01,1961-03-01,318.940206269753,0,0
Comal Springs,24,1959-05-01,1961-04-01,319.5860396030863,0,0
Comal Springs,24,1959-06-01,1961-05-01,319.5013621837315,0,0
Comal Springs,24,1959-07-01,1961-06-01,320.05691773928703,0,0
Comal Springs,24,1959-08-01,1961-07-01,321.07842311563115,0,0
Comal Springs,24,1959-09-01,1961-08-01,322.43191773928703,0,0
Comal Springs,24,1959-10-01,1961-09-01,323.50552885039815,0,0
Comal Springs,24,1959-11-01,1961-10-01,324.3603675600756,0,0
Comal Springs,24,1959-12-01,1961-11-01,325.2825897822978,0,0
Comal Springs,24,1960-01-01,1961-12-01,325.7328585995021,0,0
Comal Springs,24,1960-02-01,1962-01-01,325.66834247046984,0,0
Comal Springs,24,1960-03-01,1962-02-01,325.09742703533027,0,0
Comal Springs,24,1960-04-01,1962-03-01,324.17269585253456,0,0
Comal Springs,24,1960-05-01,1962-04-01,323.06575140809014,0,0
Comal Springs,24,1960-06-01,1962-05-01,321.77274065540195,0,0
Comal Springs,24,1960-07-01,1962-06-01,320.9060739887353,0,0
Comal Springs,24,1960-08-01,1962-07-01,318.4625256016385,0,0
Comal Springs,24,1960-09-01,1962-08-01,314.4342997951869,0,0
Comal Springs,24,1960-10-01,1962-09-01,311.1842997951869,0,0
Comal Springs,24,1960-11-01,1962-10-01,307.9154825908858,0,0
Comal Springs,24,1960-12-01,1962-11-01,303.7432603686636,0,0
Comal Springs,24,1961-01-01,1962-12-01,299.9999807987711,0,0
Comal Springs,24,1961-02-01,1963-01-01,296.084658218126,0,0
Comal Springs,24,1961-03-01,1963-02-01,291.80489631336405,0,0
Comal Springs,24,1961-04-01,1963-03-01,287.5831221198157,0,0
Comal Springs,24,1961-05-01,1963-04-01,283.49284434203787,0,0
Comal Springs,24,1961-06-01,1963-05-01,279.77644649257553,0,0
Comal Springs,24,1961-07-01,1963-06-01,275.0097798259089,0,0
Comal Springs,24,1961-08-01,1963-07-01,268.87940348182286,0,0
Comal Springs,24,1961-09-01,1963-08-01,261.2234895033282,0,0
Comal Springs,24,1961-10-01,1963-09-01,254.27765616999488,0,0
Comal Springs,24,1961-11-01,1963-10-01,247.7333013312852,0,0
Comal Springs,24,1961-12-01,1963-11-01,241.93607910906297,0,0
Comal Springs,24,1962-01-01,1963-12-01,236.85274577572966,0,0
Comal Springs,24,1962-02-01,1964-01-01,232.20489631336406,0,0
Comal Springs,24,1962-03-01,1964-02-01,228.74132898988293,0,0
Comal Springs,24,1962-04-01,1964-03-01,225.53702791461413,0,0
Comal Springs,24,1962-05-01,1964-04-01,222.14675013683635,0,0
Comal Springs,24,1962-06-01,1964-05-01,218.24621250242774,0,0
Comal Springs,24,1962-07-01,1964-06-01,214.99621250242774,0,0
Comal Springs,24,1962-08-01,1964-07-01,211.68572863146,0,0
Comal Springs,24,1962-09-01,1964-08-01,208.61986841640623,0,0
Comal Springs,24,1962-10-01,1964-09-01,205.2990350830729,0,0
Comal Springs,24,1962-11-01,1964-10-01,202.69822863146,0,0
Comal Springs,24,1962-12-01,1964-11-01,200.90517307590446,0,0
Comal Springs,24,1963-01-01,1964-12-01,198.51001178558187,0,0
Comal Springs,24,1963-02-01,1965-01-01,196.15786124794747,0,0
Comal Springs,24,1963-03-01,1965-02-01,195.76053981937602,0,0
Comal Springs,24,1963-04-01,1965-03-01,196.05086240002117,0,0
Comal Springs,24,1963-05-01,1965-04-01,197.17586240002117,0,0
Comal Springs,24,1963-06-01,1965-05-01,200.17183014195666,0,0
Comal Springs,24,1963-07-01,1965-06-01,205.1454412530678,0,0
Comal Springs,24,1963-08-01,1965-07-01,208.69786060790648,0,0
Comal Springs,24,1963-09-01,1965-08-01,212.3793122208097,0,0
Comal Springs,24,1963-10-01,1965-09-01,214.88625666525417,0,0
Comal Springs,24,1963-11-01,1965-10-01,218.09996634267353,0,0
Comal Springs,24,1963-12-01,1965-11-01,221.07079967600686,0,0
Comal Springs,24,1964-01-01,1965-12-01,225.02644483729716,0,0
Comal Springs,24,1964-02-01,1966-01-01,228.92967064374878,0,0
Comal Springs,24,1964-03-01,1966-02-01,232.28014272913467,0,0
Comal Springs,24,1964-04-01,1966-03-01,235.60406746031745,0,0
Comal Springs,24,1964-05-01,1966-04-01,238.78323412698413,0,0
Comal Springs,24,1964-06-01,1966-05-01,243.28323412698413,0,0
Comal Springs,24,1964-07-01,1966-06-01,246.60545634920635,0,0
Comal Springs,24,1964-08-01,1966-07-01,249.85948860727086,0,0
Comal Springs,24,1964-09-01,1966-08-01,253.4401337685612,0,0
Comal Springs,24,1964-10-01,1966-09-01,257.5109671018945,0,0
Comal Springs,24,1964-11-01,1966-10-01,260.75155849974396,0,0
Comal Springs,24,1964-12-01,1966-11-01,262.514058499744,0,0
Comal Springs,24,1965-01-01,1966-12-01,263.8904025857655,0,0
Comal Springs,24,1965-02-01,1967-01-01,265.31244559651816,0,0
Comal Springs,24,1965-03-01,1967-02-01,264.1175051203277,0,0
Comal Springs,24,1965-04-01,1967-03-01,261.6658922171019,0,0
Comal Springs,24,1965-05-01,1967-04-01,258.42005888376855,0,0
Comal Springs,24,1965-06-01,1967-05-01,252.3837685611879,0,0
Comal Springs,24,1965-07-01,1967-06-01,243.5476574500768,0,0
Comal Springs,24,1965-08-01,1967-07-01,236.10948540706605,0,0
Comal Springs,24,1965-09-01,1967-08-01,229.98045314900153,0,0
Comal Springs,24,1965-10-01,1967-09-01,228.12906426011264,0,0
Comal Springs,24,1965-11-01,1967-10-01,226.90325780849975,0,0
Comal Springs,24,1965-12-01,1967-11-01,225.98103558627753,0,0
Comal Springs,24,1966-01-01,1967-12-01,224.0549603174603,0,0
Comal Springs,24,1966-02-01,1968-01-01,223.28883128520226,0,0
Comal Springs,24,1966-03-01,1968-02-01,224.77887644119568,0,0
Comal Springs,24,1966-04-01,1968-03-01,226.5638226777548,0,0
Comal Springs,24,1966-05-01,1968-04-01,229.19576712219927,0,0
Comal Springs,24,1966-06-01,1968-05-01,231.42694991789818,0,0
Comal Springs,24,1966-07-01,1968-06-01,234.3269499178982,0,0
Comal Springs,24,1966-08-01,1968-07-01,237.71001443402722,0,0
Comal Springs,24,1966-09-01,1968-08-01,240.9331327135971,0,0
Comal Springs,24,1966-10-01,1968-09-01,243.00396604693046,0,0
Comal Springs,24,1966-11-01,1968-10-01,245.15047142327452,0,0
Comal Springs,24,1966-12-01,1968-11-01,247.24074920105232,0,0
Comal Springs,24,1967-01-01,1968-12-01,249.9571470505147,0,0
Comal Springs,24,1967-02-01,1969-01-01,252.4598352225577,0,0
Comal Springs,24,1967-03-01,1969-02-01,255.87352569874815,0,0
Comal Springs,24,1967-04-01,1969-03-01,260.4877730105761,0,0
Comal Springs,24,1967-05-01,1969-04-01,265.5544396772428,0,0
Comal Springs,24,1967-06-01,1969-05-01,273.00202032240406,0,0
Comal Springs,24,1967-07-01,1969-06-01,281.5395203224041,0,0
Comal Springs,24,1967-08-01,1969-07-01,288.9884450535869,0,0
Comal Springs,24,1967-09-01,1969-08-01,294.80430526864063,0,0
Comal Springs,24,1967-10-01,1969-09-01,298.76541637975174,0,0
Comal Springs,24,1967-11-01,1969-10-01,300.9307389603969,0,0
Comal Springs,24,1967-12-01,1969-11-01,302.7890722937302,0,0
Comal Springs,24,1968-01-01,1969-12-01,304.8320830464184,0,0
Comal Springs,24,1968-02-01,1970-01-01,305.6250937991066,0,0
Comal Springs,24,1968-03-01,1970-02-01,304.2853462621608,0,0
Comal Springs,24,1968-04-01,1970-03-01,303.80685163850484,0,0
Comal Springs,24,1968-05-01,1970-04-01,303.0749071940604,0,0
Comal Springs,24,1968-06-01,1970-05-01,302.2496383768561,0,0
Comal Springs,24,1968-07-01,1970-06-01,302.65380504352277,0,0
Comal Springs,24,1968-08-01,1970-07-01,301.9064932155658,0,0
Comal Springs,24,1968-09-01,1970-08-01,301.27074052739374,0,0
Comal Springs,24,1968-10-01,1970-09-01,300.1776849718382,0,0
Comal Springs,24,1968-11-01,1970-10-01,299.6145129288274,0,0
Comal Springs,24,1968-12-01,1970-11-01,299.407568484383,0,0
Comal Springs,24,1969-01-01,1970-12-01,298.5782674091142,0,0
Comal Springs,24,1969-02-01,1971-01-01,297.4196652585766,0,0
Comal Springs,24,1969-03-01,1971-02-01,294.9910938300051,0,0
Comal Springs,24,1969-04-01,1971-03-01,291.0206637224782,0,0
Comal Springs,24,1969-05-01,1971-04-01,285.75677483358936,0,0
Comal Springs,24,1969-06-01,1971-05-01,278.5497855862775,0,0
Comal Springs,24,1969-07-01,1971-06-01,270.45811891961085,0,0
Comal Springs,24,1969-08-01,1971-07-01,264.3949468766001,0,0
Comal Springs,24,1969-09-01,1971-08-01,263.28473182283665,0,0
Comal Springs,24,1969-10-01,1971-09-01,262.14445404505886,0,0
Comal Springs,24,1969-11-01,1971-10-01,261.8272497439836,0,0
Comal Springs,24,1969-12-01,1971-11-01,262.09808307731697,0,0
Comal Springs,24,1970-01-01,1971-12-01,262.6787282386073,0,0
Comal Springs,24,1970-02-01,1972-01-01,263.3413626472094,0,0
Comal Springs,24,1970-03-01,1972-02-01,263.5158802990978,0,0
Comal Springs,24,1970-04-01,1972-03-01,261.9769018044741,0,0
Comal Springs,24,1970-05-01,1972-04-01,258.7949573600297,0,0
Comal Springs,24,1970-06-01,1972-05-01,258.4293659621802,0,0
Comal Springs,24,1970-07-01,1972-06-01,257.8251992955135,0,0
Comal Springs,24,1970-08-01,1972-07-01,258.24858639228773,0,0
Comal Springs,24,1970-09-01,1972-08-01,259.5174035965888,0,0
Comal Springs,24,1970-10-01,1972-09-01,260.9549035965888,0,0
Comal Springs,24,1970-11-01,1972-10-01,261.6242584352985,0,0
Comal Springs,24,1970-12-01,1972-11-01,262.8409251019651,0,0
Comal Springs,24,1971-01-01,1972-12-01,264.34361327400813,0,0
Comal Springs,24,1971-02-01,1973-01-01,266.3382369299221,0,0
Comal Springs,24,1971-03-01,1973-02-01,269.46472502516025,0,0
Comal Springs,24,1971-04-01,1973-03-01,274.1784347025796,0,0
Comal Springs,24,1971-05-01,1973-04-01,280.8881569248018,0,0
Comal Springs,24,1971-06-01,1973-05-01,289.30347950544694,0,0
Comal Springs,24,1971-07-01,1973-06-01,299.2382017276692,0,0
Comal Springs,24,1971-08-01,1973-07-01,311.40755656637884,0,0
Comal Springs,24,1971-09-01,1973-08-01,319.7758361362713,0,0
Comal Springs,24,1971-10-01,1973-09-01,326.62583613627135,0,0
Comal Springs,24,1971-11-01,1973-10-01,335.17959957713157,0,0
Comal Springs,24,1971-12-01,1973-11-01,341.7323773549093,0,0
Comal Springs,24,1972-01-01,1973-12-01,346.7646354194255,0,0
Comal Springs,24,1972-02-01,1974-01-01,351.28614079576954,0,0
Comal Springs,24,1972-03-01,1974-02-01,355.7827540962622,0,0
Comal Springs,24,1972-04-01,1974-03-01,360.02603366615466,0,0
Comal Springs,24,1972-05-01,1974-04-01,365.0135336661546,0,0
Comal Springs,24,1972-06-01,1974-05-01,367.31595302099333,0,0
Comal Springs,24,1972-07-01,1974-06-01,368.40761968766003,0,0
Comal Springs,24,1972-08-01,1974-07-01,369.16702828981056,0,0
Comal Springs,24,1972-09-01,1974-08-01,369.8982110855095,0,0
Comal Springs,24,1972-10-01,1974-09-01,372.5940444188428,0,0
Comal Springs,24,1972-11-01,1974-10-01,375.56044226830517,0,0
Comal Springs,24,1972-12-01,1974-11-01,378.6576644905274,0,0
Comal Springs,24,1973-01-01,1974-12-01,382.2396537378392,0,0
Comal Springs,24,1973-02-01,1975-01-01,385.3337397593446,0,0
Comal Springs,24,1973-03-01,1975-02-01,389.27719214029696,0,0
Comal Springs,24,1973-04-01,1975-03-01,392.31885880696365,0,0
Comal Springs,24,1973-05-01,1975-04-01,394.46746991807476,0,0
Comal Springs,24,1973-06-01,1975-05-01,396.93386776753715,0,0
Comal Springs,24,1973-07-01,1975-06-01,400.3255344342038,0,0
Comal Springs,24,1973-08-01,1975-07-01,400.13333013312854,0,0
Comal Springs,24,1973-09-01,1975-08-01,399.4491903481823,0,0
Comal Springs,24,1973-10-01,1975-09-01,398.3325236815156,0,0
Comal Springs,24,1973-11-01,1975-10-01,394.1215021761393,0,0
Comal Springs,24,1973-12-01,1975-11-01,390.4326132872504,0,0
Comal Springs,24,1974-01-01,1975-12-01,387.2363767281106,0,0
Comal Springs,24,1974-02-01,1976-01-01,383.8586885560676,0,0
Comal Springs,24,1974-03-01,1976-02-01,380.0100637613221,0,0
Comal Springs,24,1974-04-01,1976-03-01,376.49931107315007,0,0
Comal Springs,24,1974-05-01,1976-04-01,374.4173666287056,0,0
Comal Springs,24,1974-06-01,1976-05-01,375.29639888677013,0,0
Comal Springs,24,1974-07-01,1976-06-01,376.9172322201035,0,0
Comal Springs,24,1974-08-01,1976-07-01,379.03147953193144,0,0
Comal Springs,24,1974-09-01,1976-08-01,380.1726085641895,0,0
Comal Springs,24,1974-10-01,1976-09-01,379.6462196753006,0,0
Comal Springs,24,1974-11-01,1976-10-01,379.88143472906404,0,0
Comal Springs,24,1974-12-01,1976-11-01,380.33143472906403,0,0
Comal Springs,24,1975-01-01,1976-12-01,380.6701444064834,0,0
Comal Springs,24,1975-02-01,1977-01-01,381.68224118067695,0,0
Comal Springs,24,1975-03-01,1977-02-01,382.3057530854388,0,0
Comal Springs,24,1975-04-01,1977-03-01,382.15252727898724,0,0
Comal Springs,24,1975-05-01,1977-04-01,383.6941939456539,0,0
Comal Springs,24,1975-06-01,1977-05-01,384.23317244027754,0,0
Comal Springs,24,1975-07-01,1977-06-01,383.04706132916647,0,0
Comal Springs,24,1975-08-01,1977-07-01,381.8535129420697,0,0
Comal Springs,24,1975-09-01,1977-08-01,380.45163122163956,0,0
Comal Springs,24,1975-10-01,1977-09-01,379.2738534438618,0,0
Comal Springs,24,1975-11-01,1977-10-01,378.0131007556897,0,0
Comal Springs,24,1975-12-01,1977-11-01,377.9506007556897,0,0
Comal Springs,24,1976-01-01,1977-12-01,378.14952548687256,0,0
Comal Springs,24,1976-02-01,1978-01-01,378.34979430407685,0,0
Comal Springs,24,1976-03-01,1978-02-01,378.94246671786993,0,0
Comal Springs,24,1976-04-01,1978-03-01,379.5311763952893,0,0
Comal Springs,24,1976-05-01,1978-04-01,379.0672875064004,0,0
Comal Springs,24,1976-06-01,1978-05-01,374.67347030209936,0,0
Comal Springs,24,1976-07-01,1978-06-01,370.08180363543266,0,0
Comal Springs,24,1976-08-01,1978-07-01,364.3385240655402,0,0
Comal Springs,24,1976-09-01,1978-08-01,362.2229326676907,0,0
Comal Springs,24,1976-10-01,1978-09-01,360.2882104454685,0,0
Comal Springs,24,1976-11-01,1978-10-01,358.68740399385564,0,0
Comal Springs,24,1976-12-01,1978-11-01,356.5485151049667,0,0
Comal Springs,24,1977-01-01,1978-12-01,354.8200204813108,0,0
Comal Springs,24,1977-02-01,1979-01-01,354.1143753200205,0,0
Comal Springs,24,1977-03-01,1979-02-01,353.27211341525856,0,0
Comal Springs,24,1977-04-01,1979-03-01,352.2613607270865,0,0
Comal Springs,24,1977-05-01,1979-04-01,350.1766385048643,0,0
Comal Springs,24,1977-06-01,1979-05-01,348.4965309779826,0,0
Comal Springs,24,1977-07-01,1979-06-01,349.5562532002048,0,0
Comal Springs,24,1977-08-01,1979-07-01,351.28878008192527,0,0
Comal Springs,24,1977-09-01,1979-08-01,354.6570596518177,0,0
Comal Springs,24,1977-10-01,1979-09-01,357.37511520737326,0,0
Comal Springs,24,1977-11-01,1979-10-01,358.8240399385561,0,0
Comal Springs,24,1977-12-01,1979-11-01,358.23376216077827,0,0
Comal Springs,24,1978-01-01,1979-12-01,357.69881592421916,0,0
Comal Springs,24,1978-02-01,1980-01-01,358.07247183819766,0,0
Comal Springs,24,1978-03-01,1980-02-01,358.1263511485425,0,0
Comal Springs,24,1978-04-01,1980-03-01,357.7916737291876,0,0
Comal Springs,24,1978-05-01,1980-04-01,357.11389595140986,0,0
Comal Springs,24,1978-06-01,1980-05-01,357.53190670409805,0,0
Comal Springs,24,1978-07-01,1980-06-01,357.0485733707647,0,0
Comal Springs,24,1978-08-01,1980-07-01,355.31201423097974,0,0
Comal Springs,24,1978-09-01,1980-08-01,351.44507874710877,0,0
Comal Springs,24,1978-10-01,1980-09-01,348.63674541377543,0,0
Comal Springs,24,1978-11-01,1980-10-01,345.26846584388295,0,0
Comal Springs,24,1978-12-01,1980-11-01,342.0365213994385,0,0
Comal Springs,24,1979-01-01,1980-12-01,338.63867193707296,0,0
Comal Springs,24,1979-02-01,1981-01-01,334.13598376502995,0,0
Comal Springs,24,1979-03-01,1981-02-01,329.2490790031252,0,0
Comal Springs,24,1979-04-01,1981-03-01,325.4950467450607,0,0
Comal Springs,24,1979-05-01,1981-04-01,320.99921341172734,0,0
Comal Springs,24,1979-06-01,1981-05-01,316.46023491710366,0,0
Comal Springs,24,1979-07-01,1981-06-01,312.89773491710366,0,0
Comal Springs,24,1979-08-01,1981-07-01,309.4555306160284,0,0
Comal Springs,24,1979-09-01,1981-08-01,304.6988101859209,0,0
Comal Springs,24,1979-10-01,1981-09-01,300.9932546303653,0,0
Comal Springs,24,1979-11-01,1981-10-01,298.5644911895051,0,0
Comal Springs,24,1979-12-01,1981-11-01,298.090880078394,0,0
Comal Springs,24,1980-01-01,1981-12-01,297.41211663753376,0,0
Comal Springs,24,1980-02-01,1982-01-01,295.9228693257058,0,0
Comal Springs,24,1980-03-01,1982-02-01,294.4300019201229,0,0
Comal Springs,24,1980-04-01,1982-03-01,293.3144105222734,0,0
Comal Springs,24,1980-05-01,1982-04-01,292.8477438556068,0,0
Comal Springs,24,1980-06-01,1982-05-01,293.29263632872505,0,0
Comal Springs,24,1980-07-01,1982-06-01,294.205136328725,0,0
Comal Springs,24,1980-08-01,1982-07-01,296.63389976958524,0,0
Comal Springs,24,1980-09-01,1982-08-01,297.3731470814132,0,0
Comal Springs,24,1980-10-01,1982-09-01,296.4148137480799,0,0
Comal Springs,24,1980-11-01,1982-10-01,295.03040514592936,0,0
Comal Springs,24,1980-12-01,1982-11-01,293.66234959037376,0,0
Comal Springs,24,1981-01-01,1982-12-01,292.45132808499744,0,0
Comal Springs,24,1981-02-01,1983-01-01,291.5588549667179,0,0
Comal Springs,24,1981-03-01,1983-02-01,290.31480734767024,0,0
Comal Springs,24,1981-04-01,1983-03-01,288.91426971326166,0,0
Comal Springs,24,1981-05-01,1983-04-01,287.9614919354839,0,0
Comal Springs,24,1981-06-01,1983-05-01,285.74375,0,0
Comal Springs,24,1981-07-01,1983-06-01,281.43402777777777,0,0
Comal Springs,24,1981-08-01,1983-07-01,276.5684363799283,0,0
Comal Springs,24,1981-09-01,1983-08-01,272.3385976702509,0,0
Comal Springs,24,1981-10-01,1983-09-01,267.124708781362,0,0
Comal Springs,24,1981-11-01,1983-10-01,262.7752464157706,0,0
Comal Springs,24,1981-12-01,1983-11-01,258.01969086021506,0,0
Comal Springs,24,1982-01-01,1983-12-01,253.378561827957,0,0
Comal Springs,24,1982-02-01,1984-01-01,249.0586693548387,0,0
Comal Springs,24,1982-03-01,1984-02-01,245.0644677949044,0,0
Comal Springs,24,1982-04-01,1984-03-01,240.99860757985064,0,0
Comal Springs,24,1982-05-01,1984-04-01,234.86388535762842,0,0
Comal Springs,24,1982-06-01,1984-05-01,225.73350901354237,0,0
Comal Springs,24,1982-07-01,1984-06-01,216.46545345798683,0,0
Comal Springs,24,1982-08-01,1984-07-01,207.09045345798683,0,0
Comal Springs,24,1982-09-01,1984-08-01,199.2073889418578,0,0
Comal Springs,24,1982-10-01,1984-09-01,192.04627783074667,0,0
Comal Springs,24,1982-11-01,1984-10-01,186.99117030386498,0,0
Comal Springs,24,1982-12-01,1984-11-01,183.16617030386496,0,0
Comal Springs,24,1983-01-01,1984-12-01,179.0478907339725,0,0
Comal Springs,24,1983-02-01,1985-01-01,176.10971869096176,0,0
Comal Springs,24,1983-03-01,1985-02-01,174.26299250048555,0,0
Comal Springs,24,1983-04-01,1985-03-01,173.5533150811307,0,0
Comal Springs,24,1983-05-01,1985-04-01,173.49637063668627,0,0
Comal Springs,24,1983-06-01,1985-05-01,173.62405880872927,0,0
Comal Springs,24,1983-07-01,1985-06-01,173.45739214206262,0,0
Comal Springs,24,1983-08-01,1985-07-01,175.5044351528153,0,0
Comal Springs,24,1983-09-01,1985-08-01,176.14959644313788,0,0
Comal Springs,24,1983-10-01,1985-09-01,177.20792977647122,0,0
Comal Springs,24,1983-11-01,1985-10-01,179.4512093463637,0,0
Comal Springs,24,1983-12-01,1985-11-01,182.6359315685859,0,0
Comal Springs,24,1984-01-01,1985-12-01,186.8603939341773,0,0
Comal Springs,24,1984-02-01,1986-01-01,190.96120038579022,0,0
Comal Springs,24,1984-03-01,1986-02-01,195.0908186123912,0,0
Comal Springs,24,1984-04-01,1986-03-01,199.07872183819765,0,0
Comal Springs,24,1984-05-01,1986-04-01,204.12455517153097,0,0
Comal Springs,24,1984-06-01,1986-05-01,210.2052003328213,0,0
Comal Springs,24,1984-07-01,1986-06-01,219.93853366615463,0,0
Comal Springs,24,1984-08-01,1986-07-01,230.77321108550947,0,0
Comal Springs,24,1984-09-01,1986-08-01,239.22079173067075,0,0
Comal Springs,24,1984-10-01,1986-09-01,248.2027361751152,0,0
Comal Springs,24,1984-11-01,1986-10-01,255.23768241167434,0,0
Comal Springs,24,1984-12-01,1986-11-01,261.7821268561188,0,0
Comal Springs,24,1985-01-01,1986-12-01,268.64503008192526,0,0
Comal Springs,24,1985-02-01,1987-01-01,274.8345462109575,0,0
Comal Springs,24,1985-03-01,1987-02-01,280.1336533538146,0,0
Comal Springs,24,1985-04-01,1987-03-01,285.36618023553507,0,0
Comal Springs,24,1985-05-01,1987-04-01,288.9814580133129,0,0
Comal Springs,24,1985-06-01,1987-05-01,292.7825332821301,0,0
Comal Springs,24,1985-07-01,1987-06-01,299.40892217101896,0,0
Comal Springs,24,1985-08-01,1987-07-01,304.18714797747054,0,0
Comal Springs,24,1985-09-01,1987-08-01,309.7691372247824,0,0
Comal Springs,24,1985-10-01,1987-09-01,315.44969278033795,0,0
Comal Springs,24,1985-11-01,1987-10-01,319.40668202764977,0,0
Comal Springs,24,1985-12-01,1987-11-01,322.1372375832053,0,0
Comal Springs,24,1986-01-01,1987-12-01,323.96922683051713,0,0
Comal Springs,24,1986-02-01,1988-01-01,325.7232590885817,0,0
Comal Springs,24,1986-03-01,1988-02-01,327.11088224129105,0,0
Comal Springs,24,1986-04-01,1988-03-01,328.7896456821513,0,0
Comal Springs,24,1986-05-01,1988-04-01,331.1702012377068,0,0
Comal Springs,24,1986-06-01,1988-05-01,333.0895560764165,0,0
Comal Springs,24,1986-07-01,1988-06-01,330.6965005208609,0,0
Comal Springs,24,1986-08-01,1988-07-01,328.32822095096844,0,0
Comal Springs,24,1986-09-01,1988-08-01,328.33090912301145,0,0
Comal Springs,24,1986-10-01,1988-09-01,326.8003535674559,0,0
Comal Springs,24,1986-11-01,1988-10-01,324.88637507283227,0,0
Comal Springs,24,1986-12-01,1988-11-01,321.8169306283878,0,0
Comal Springs,24,1987-01-01,1988-12-01,318.0924682627964,0,0
Comal Springs,24,1987-02-01,1989-01-01,313.6193499832265,0,0
Comal Springs,24,1987-03-01,1989-02-01,309.7041714117979,0,0
Comal Springs,24,1987-04-01,1989-03-01,304.65712840104527,0,0
Comal Springs,24,1987-05-01,1989-04-01,300.0751839566008,0,0
Comal Springs,24,1987-06-01,1989-05-01,294.3117430963858,0,0
Comal Springs,24,1987-07-01,1989-06-01,282.52424309638576,0,0
Comal Springs,24,1987-08-01,1989-07-01,270.2634904082137,0,0
Comal Springs,24,1987-09-01,1989-08-01,258.5282753544503,0,0
Comal Springs,24,1987-10-01,1989-09-01,247.15327535445027,0,0
Comal Springs,24,1987-11-01,1989-10-01,236.44897427918144,0,0
Comal Springs,24,1987-12-01,1989-11-01,227.3434187236259,0,0
Comal Springs,24,1988-01-01,1989-12-01,218.83804237953987,0,0
Comal Springs,24,1988-02-01,1990-01-01,210.9213757128732,0,0
Comal Springs,24,1988-03-01,1990-02-01,203.53970494111624,0,0
Comal Springs,24,1988-04-01,1990-03-01,197.69696300563237,0,0
Comal Springs,24,1988-05-01,1990-04-01,193.18446300563235,0,0
Comal Springs,24,1988-06-01,1990-05-01,190.22612967229904,0,0
Comal Springs,24,1988-07-01,1990-06-01,184.00946300563237,0,0
Comal Springs,24,1988-08-01,1990-07-01,178.68553827444956,0,0
Comal Springs,24,1988-09-01,1990-08-01,175.56188236047106,0,0
Comal Springs,24,1988-10-01,1990-09-01,173.41743791602661,0,0
Comal Springs,24,1988-11-01,1990-10-01,171.4564164106503,0,0
Comal Springs,24,1988-12-01,1990-11-01,170.23419418842806,0,0
Comal Springs,24,1989-01-01,1990-12-01,168.8968285970302,0,0
Comal Springs,24,1989-02-01,1991-01-01,167.9210221454173,0,0
Comal Springs,24,1989-03-01,1991-02-01,167.5832245263697,0,0
Comal Springs,24,1989-04-01,1991-03-01,167.27005248335894,0,0
Comal Springs,24,1989-05-01,1991-04-01,168.20199692780338,0,0
Comal Springs,24,1989-06-01,1991-05-01,172.16973886328725,0,0
Comal Springs,24,1989-07-01,1991-06-01,177.35446108550948,0,0
Comal Springs,24,1989-08-01,1991-07-01,183.52919226830517,0,0
Comal Springs,24,1989-09-01,1991-08-01,188.37327828981054,0,0
Comal Springs,24,1989-10-01,1991-09-01,193.63161162314387,0,0
Comal Springs,24,1989-11-01,1991-10-01,198.14774065540195,0,0
Comal Springs,24,1989-12-01,1991-11-01,201.00607398873527,0,0
Comal Springs,24,1990-01-01,1991-12-01,205.436181515617,0,0
Comal Springs,24,1990-02-01,1992-01-01,213.55714925755248,0,0
Comal Springs,24,1990-03-01,1992-02-01,224.94744071896463,0,0
Comal Springs,24,1990-04-01,1992-03-01,236.65980631036248,0,0
Comal Springs,24,1990-05-01,1992-04-01,247.50980631036248,0,0
Comal Springs,24,1990-06-01,1992-05-01,257.3928708264915,0,0
Comal Springs,24,1990-07-01,1992-06-01,273.1275930487137,0,0
Comal Springs,24,1990-08-01,1992-07-01,288.0025930487137,0,0
Comal Springs,24,1990-09-01,1992-08-01,300.575173693875,0,0
Comal Springs,24,1990-10-01,1992-09-01,311.3779514716528,0,0
Comal Springs,24,1990-11-01,1992-10-01,320.8671987834808,0,0
Comal Springs,24,1990-12-01,1992-11-01,329.5602543390363,0,0
Comal Springs,24,1991-01-01,1992-12-01,338.3989640164557,0,0
Comal Springs,24,1991-02-01,1993-01-01,346.49036186591803,0,0
Comal Springs,24,1991-03-01,1993-02-01,353.51417138972755,0,0
Comal Springs,24,1991-04-01,1993-03-01,360.7225047230609,0,0
Comal Springs,24,1991-05-01,1993-04-01,366.846115834172,0,0
Comal Springs,24,1991-06-01,1993-05-01,372.15525561911824,0,0
Comal Springs,24,1991-07-01,1993-06-01,379.3594222857849,0,0
Comal Springs,24,1991-08-01,1993-07-01,386.10135776965586,0,0
Comal Springs,24,1991-09-01,1993-08-01,393.0328093825591,0,0
Comal Springs,24,1991-10-01,1993-09-01,398.6786427158924,0,0
Comal Springs,24,1991-11-01,1993-10-01,404.3022986298709,0,0
Comal Springs,24,1991-12-01,1993-11-01,410.1314652965376,0,0
Comal Springs,24,1992-01-01,1993-12-01,413.56829325352686,0,0
Comal Springs,24,1992-02-01,1994-01-01,412.8545835761075,0,0
Comal Springs,24,1992-03-01,1994-02-01,408.7604230670763,0,0
Comal Springs,24,1992-04-01,1994-03-01,403.05477790578595,0,0
Comal Springs,24,1992-05-01,1994-04-01,397.0867223502304,0,0
Comal Springs,24,1992-06-01,1994-05-01,392.4039266513057,0,0
Comal Springs,24,1992-07-01,1994-06-01,385.574759984639,0,0
Comal Springs,24,1992-08-01,1994-07-01,377.63927611367126,0,0
Comal Springs,24,1992-09-01,1994-08-01,368.93631912442396,0,0
Comal Springs,24,1992-10-01,1994-09-01,362.4210413466462,0,0
Comal Springs,24,1992-11-01,1994-10-01,357.7248047875064,0,0
Comal Springs,24,1992-12-01,1994-11-01,353.35952700972865,0,0
Comal Springs,24,1993-01-01,1994-12-01,348.98721518177166,0,0
Comal Springs,24,1993-02-01,1995-01-01,345.0544194828469,0,0
Comal Springs,24,1993-03-01,1995-02-01,340.54102662570403,0,0
Comal Springs,24,1993-04-01,1995-03-01,336.09344598054275,0,0
Comal Springs,24,1993-05-01,1995-04-01,331.9392793138761,0,0
Comal Springs,24,1993-06-01,1995-05-01,326.10325780849973,0,0
Comal Springs,24,1993-07-01,1995-06-01,320.74214669738865,0,0
Comal Springs,24,1993-08-01,1995-07-01,315.7340821812596,0,0
Comal Springs,24,1993-09-01,1995-08-01,310.9289746543779,0,0
Comal Springs,24,1993-10-01,1995-09-01,306.59703020993345,0,0
Comal Springs,24,1993-11-01,1995-10-01,302.6413850486431,0,0
Comal Springs,24,1993-12-01,1995-11-01,298.7455517153098,0,0
Comal Springs,24,1994-01-01,1995-12-01,295.0963581669227,0,0
Comal Springs,24,1994-02-01,1996-01-01,291.44313236047105,0,0
Comal Springs,24,1994-03-01,1996-02-01,286.88355723731837,0,0
Comal Springs,24,1994-04-01,1996-03-01,282.0193099254904,0,0
Comal Springs,24,1994-05-01,1996-04-01,276.89986548104594,0,0
Comal Springs,24,1994-06-01,1996-05-01,269.4778224702933,0,0
Comal Springs,24,1994-07-01,1996-06-01,260.91671135918216,0,0
Comal Springs,24,1994-08-01,1996-07-01,253.28364684305313,0,0
Comal Springs,24,1994-09-01,1996-08-01,246.7043457677843,0,0
Comal Springs,24,1994-10-01,1996-09-01,241.67101243445097,0,0
Comal Springs,24,1994-11-01,1996-10-01,236.1992382409026,0,0
Comal Springs,24,1994-12-01,1996-11-01,230.41729379645815,0,0
Comal Springs,24,1995-01-01,1996-12-01,225.21433680721083,0,0
Comal Springs,24,1995-02-01,1997-01-01,219.87025078570545,0,0
Comal Springs,24,1995-03-01,1997-02-01,215.52947697618166,0,0
Comal Springs,24,1995-04-01,1997-03-01,212.09802536327842,0,0
Comal Springs,24,1995-05-01,1997-04-01,209.8883031410562,0,0
Comal Springs,24,1995-06-01,1997-05-01,209.1893784098734,0,0
Comal Springs,24,1995-07-01,1997-06-01,209.1657672987623,0,0
Comal Springs,24,1995-08-01,1997-07-01,210.218186653601,0,0
Comal Springs,24,1995-09-01,1997-08-01,211.90367052456875,0,0
Comal Springs,24,1995-10-01,1997-09-01,213.2842260801243,0,0
Comal Springs,24,1995-11-01,1997-10-01,214.5315379080813,0,0
Comal Springs,24,1995-12-01,1997-11-01,215.57181568585906,0,0
Comal Springs,24,1996-01-01,1997-12-01,216.76939633102035,0,0
Comal Springs,24,1996-02-01,1998-01-01,218.6255791267193,0,0
Comal Springs,24,1996-03-01,1998-02-01,222.14199948796724,0,0
Comal Springs,24,1996-04-01,1998-03-01,226.7092037890425,0,0
Comal Springs,24,1996-05-01,1998-04-01,231.53975934459805,0,0
Comal Springs,24,1996-06-01,1998-05-01,235.8730926779314,0,0
Comal Springs,24,1996-07-01,1998-06-01,240.1217037890425,0,0
Comal Springs,24,1996-08-01,1998-07-01,244.44697260624682,0,0
Comal Springs,24,1996-09-01,1998-08-01,249.0450908858167,0,0
Comal Springs,24,1996-10-01,1998-09-01,253.52981310803892,0,0
Comal Springs,24,1996-11-01,1998-10-01,259.91287762416795,0,0
Comal Springs,24,1996-12-01,1998-11-01,270.7475998463902,0,0
Comal Springs,24,1997-01-01,1998-12-01,280.47340629800306,0,0
Comal Springs,24,1997-02-01,1999-01-01,289.61319124423966,0,0
Comal Springs,24,1997-03-01,1999-02-01,297.75307219662056,0,0
Comal Springs,24,1997-04-01,1999-03-01,304.5097926267281,0,0
Comal Springs,24,1997-05-01,1999-04-01,309.5778481822837,0,0
Comal Springs,24,1997-06-01,1999-05-01,313.8453213005632,0,0
Comal Springs,24,1997-07-01,1999-06-01,315.860599078341,0,0
Comal Springs,24,1997-08-01,1999-07-01,317.69796466973884,0,0
Comal Springs,24,1997-09-01,1999-08-01,319.1307603686636,0,0
Comal Springs,24,1997-10-01,1999-09-01,320.3015937019969,0,0
Comal Springs,24,1997-11-01,1999-10-01,320.6712173579109,0,0
Comal Springs,24,1997-12-01,1999-11-01,321.269828469022,0,0
Comal Springs,24,1998-01-01,1999-12-01,321.42171018945214,0,0
Comal Springs,24,1998-02-01,2000-01-01,321.16767793138763,0,0
Comal Springs,24,1998-03-01,2000-02-01,320.41849894945,0,0
Comal Springs,24,1998-04-01,2000-03-01,318.73570325052526,0,0
Comal Springs,24,1998-05-01,2000-04-01,316.84264769496974,0,0
Comal Springs,24,1998-06-01,2000-05-01,316.0563573723891,0,0
Comal Springs,24,1998-07-01,2000-06-01,317.7896907057224,0,0
Comal Springs,24,1998-08-01,2000-07-01,318.8192605981955,0,0
Comal Springs,24,1998-09-01,2000-08-01,317.5370025336794,0,0
Comal Springs,24,1998-10-01,2000-09-01,313.6842247559016,0,0
Comal Springs,24,1998-11-01,2000-10-01,309.49739679891235,0,0
Comal Springs,24,1998-12-01,2000-11-01,305.1182301322457,0,0
Comal Springs,24,1999-01-01,2000-12-01,301.9744129279446,0,0
Comal Springs,24,1999-02-01,2001-01-01,299.44753120751454,0,0
Comal Springs,24,1999-03-01,2001-02-01,297.71241215989545,0,0
Comal Springs,24,1999-04-01,2001-03-01,296.4866057082826,0,0
Comal Springs,24,1999-05-01,2001-04-01,295.6449390416159,0,0
Comal Springs,24,1999-06-01,2001-05-01,295.7726272136589,0,0
Comal Springs,24,1999-07-01,2001-06-01,295.50596054699224,0,0
Comal Springs,24,1999-08-01,2001-07-01,293.46429388032556,0,0
Comal Springs,24,1999-09-01,2001-08-01,290.92665947172344,0,0
Comal Springs,24,1999-10-01,2001-09-01,292.0974928050568,0,0
Comal Springs,24,1999-11-01,2001-10-01,294.3864712996804,0,0
Comal Springs,24,1999-12-01,2001-11-01,297.04480463301377,0,0
Comal Springs,24,2000-01-01,2001-12-01,301.53674011688474,0,0
Comal Springs,24,2000-02-01,2002-01-01,305.2195358158095,0,0
Comal Springs,24,2000-03-01,2002-02-01,308.5952028929851,0,0
Comal Springs,24,2000-04-01,2002-03-01,311.8788050435228,0,0
Comal Springs,24,2000-05-01,2002-04-01,315.18574948796726,0,0
Comal Springs,24,2000-06-01,2002-05-01,318.26773873527907,0,0
Comal Springs,24,2000-07-01,2002-06-01,319.2913498463902,0,0
Comal Springs,24,2000-08-01,2002-07-01,326.248339093702,0,0
Comal Springs,24,2000-09-01,2002-08-01,334.7295218894009,0,0
Comal Springs,24,2000-10-01,2002-09-01,343.8947996671787,0,0
Comal Springs,24,2000-11-01,2002-10-01,351.37732654889913,0,0
Comal Springs,24,2000-12-01,2002-11-01,356.2745487711214,0,0
Comal Springs,24,2001-01-01,2002-12-01,360.560839093702,0,0
Comal Springs,24,2001-02-01,2003-01-01,364.47212941628266,0,0
Comal Springs,24,2001-03-01,2003-02-01,367.81736751152073,0,0
Comal Springs,24,2001-04-01,2003-03-01,370.642636328725,0,0
Comal Springs,24,2001-05-01,2003-04-01,372.95096966205836,0,0
Comal Springs,24,2001-06-01,2003-05-01,373.6834965437788,0,0
Comal Springs,24,2001-07-01,2003-06-01,375.5321076548899,0,0
Comal Springs,24,2001-08-01,2003-07-01,378.73775281618026,0,0
Comal Springs,24,2001-09-01,2003-08-01,383.11544098822327,0,0
Comal Springs,24,2001-10-01,2003-09-01,385.1501632104455,0,0
Comal Springs,24,2001-11-01,2003-10-01,386.78860407066054,0,0
Comal Springs,24,2001-12-01,2003-11-01,386.9066596262161,0,0
Comal Springs,24,2002-01-01,2003-12-01,385.10155209933436,0,0
Comal Springs,24,2002-02-01,2004-01-01,383.5397241423451,0,0
Comal Springs,24,2002-03-01,2004-02-01,382.34796511114644,0,0
Comal Springs,24,2002-04-01,2004-03-01,381.6678575842647,0,0
Comal Springs,24,2002-05-01,2004-04-01,381.9456353620425,0,0
Comal Springs,24,2002-06-01,2004-05-01,383.0061192330102,0,0
Comal Springs,24,2002-07-01,2004-06-01,387.3450081218991,0,0
Comal Springs,24,2002-08-01,2004-07-01,387.2119436057701,0,0
Comal Springs,24,2002-09-01,2004-08-01,386.9659758638346,0,0
Comal Springs,24,2002-10-01,2004-09-01,385.897920308279,0,0
Comal Springs,24,2002-11-01,2004-10-01,385.631791276021,0,0
Comal Springs,24,2002-12-01,2004-11-01,386.1665134982432,0,0
Comal Springs,24,2003-01-01,2004-12-01,386.4702769391034,0,0
Comal Springs,24,2003-02-01,2005-01-01,386.17726618641524,0,0
Comal Springs,24,2003-03-01,2005-02-01,386.6251828530819,0,0
Comal Springs,24,2003-04-01,2005-03-01,388.1534086595335,0,0
Comal Springs,24,2003-05-01,2005-04-01,389.7159086595335,0,0
Comal Springs,24,2003-06-01,2005-05-01,391.581500057383,0,0
Comal Springs,24,2003-07-01,2005-06-01,392.8037222796052,0,0
Comal Springs,24,2003-08-01,2005-07-01,392.3427007742289,0,0
Comal Springs,24,2003-09-01,2005-08-01,392.3346362580998,0,0
Comal Springs,24,2003-10-01,2005-09-01,391.81519181365536,0,0
Comal Springs,24,2003-11-01,2005-10-01,391.1713746093543,0,0
Comal Springs,24,2003-12-01,2005-11-01,390.86304127602097,0,0
Comal Springs,24,2004-01-01,2005-12-01,390.18427783516074,0,0
Comal Springs,24,2004-02-01,2006-01-01,389.23669718999946,0,0
Comal Springs,24,2004-03-01,2006-02-01,387.5951228878648,0,0
Comal Springs,24,2004-04-01,2006-03-01,385.42980030721964,0,0
Comal Springs,24,2004-05-01,2006-04-01,382.9395225294419,0,0
Comal Springs,24,2004-06-01,2006-05-01,380.4852214541731,0,0
Comal Springs,24,2004-07-01,2006-06-01,375.03522145417304,0,0
Comal Springs,24,2004-08-01,2006-07-01,369.1561891961085,0,0
Comal Springs,24,2004-09-01,2006-08-01,362.4142537122376,0,0
Comal Springs,24,2004-10-01,2006-09-01,357.096198156682,0,0
Comal Springs,24,2004-11-01,2006-10-01,351.1728110599078,0,0
Comal Springs,24,2004-12-01,2006-11-01,342.96031105990784,0,0
Comal Springs,24,2005-01-01,2006-12-01,334.76676267281107,0,0
Comal Springs,24,2005-02-01,2007-01-01,328.08531105990784,0,0
Comal Springs,24,2005-03-01,2007-02-01,321.1001920122888,0,0
Comal Springs,24,2005-04-01,2007-03-01,313.4200844854071,0,0
Comal Springs,24,2005-05-01,2007-04-01,307.95758448540704,0,0
Comal Springs,24,2005-06-01,2007-05-01,303.67398233486944,0,0
Comal Springs,24,2005-07-01,2007-06-01,299.74481566820276,0,0
Comal Springs,24,2005-08-01,2007-07-01,301.6520737327189,0,0
Comal Springs,24,2005-09-01,2007-08-01,305.3859447004608,0,0
Comal Springs,24,2005-10-01,2007-09-01,308.83038914490527,0,0
Comal Springs,24,2005-11-01,2007-10-01,311.4298515104967,0,0
Comal Springs,24,2005-12-01,2007-11-01,313.9617959549411,0,0
Comal Springs,24,2006-01-01,2007-12-01,316.74943036354324,0,0
Comal Springs,24,2006-02-01,2008-01-01,319.812602406554,0,0
Comal Springs,24,2006-03-01,2008-02-01,322.9139468236312,0,0
Comal Springs,24,2006-04-01,2008-03-01,325.8453984365344,0,0
Comal Springs,24,2006-05-01,2008-04-01,328.1745651032011,0,0
Comal Springs,24,2006-06-01,2008-05-01,330.19875865158815,0,0
Comal Springs,24,2006-07-01,2008-06-01,331.45431420714374,0,0
Comal Springs,24,2006-08-01,2008-07-01,332.87770130391795,0,0
Comal Springs,24,2006-09-01,2008-08-01,336.32662603510073,0,0
Comal Springs,24,2006-10-01,2008-09-01,339.15995936843404,0,0
Comal Springs,24,2006-11-01,2008-10-01,340.82797012112223,0,0
Comal Springs,24,2006-12-01,2008-11-01,341.99463678778886,0,0
Comal Springs,24,2007-01-01,2008-12-01,343.07662603510073,0,0
Comal Springs,24,2007-02-01,2009-01-01,343.50942173402547,0,0
Comal Springs,24,2007-03-01,2009-02-01,343.4960288768826,0,0
Comal Springs,24,2007-04-01,2009-03-01,343.23124393064603,0,0
Comal Springs,24,2007-05-01,2009-04-01,341.0590217084238,0,0
Comal Springs,24,2007-06-01,2009-05-01,337.2579464396066,0,0
Comal Springs,24,2007-07-01,2009-06-01,332.80655755071774,0,0
Comal Springs,24,2007-08-01,2009-07-01,322.58478335716933,0,0
Comal Springs,24,2007-09-01,2009-08-01,310.76489088405106,0,0
Comal Springs,24,2007-10-01,2009-09-01,300.37739088405107,0,0
Comal Springs,24,2007-11-01,2009-10-01,293.72819733566394,0,0
Comal Springs,24,2007-12-01,2009-11-01,288.6365306689973,0,0
Comal Springs,24,2008-01-01,2009-12-01,284.3569607765242,0,0
Comal Springs,24,2008-02-01,2010-01-01,281.0652941098575,0,0
Comal Springs,24,2008-03-01,2010-02-01,279.6856758832565,0,0
Comal Springs,24,2008-04-01,2010-03-01,279.40879416282644,0,0
Comal Springs,24,2008-05-01,2010-04-01,278.92684971838196,0,0
Comal Springs,24,2008-06-01,2010-05-01,279.29916154633895,0,0
Comal Springs,24,2008-07-01,2010-06-01,283.0949948796723,0,0
Comal Springs,24,2008-08-01,2010-07-01,285.83289810547876,0,0
Comal Springs,24,2008-09-01,2010-08-01,286.8154249871992,0,0
Comal Springs,24,2008-10-01,2010-09-01,288.48348054275476,0,0
Comal Springs,24,2008-11-01,2010-10-01,290.6232654889913,0,0
Comal Springs,24,2008-12-01,2010-11-01,292.5079877112135,0,0
Comal Springs,24,2009-01-01,2010-12-01,293.9542242703533,0,0
Comal Springs,24,2009-02-01,2011-01-01,294.9811059907834,0,0
Comal Springs,24,2009-03-01,2011-02-01,296.50045122887866,0,0
Comal Springs,24,2009-04-01,2011-03-01,297.5663114439324,0,0
Comal Springs,24,2009-05-01,2011-04-01,297.72325588837685,0,0
Comal Springs,24,2009-06-01,2011-05-01,297.7434171786994,0,0
Comal Springs,24,2009-07-01,2011-06-01,297.05452828981055,0,0
Comal Springs,24,2009-08-01,2011-07-01,297.4456573220686,0,0
Comal Springs,24,2009-09-01,2011-08-01,297.534366999488,0,0
Comal Springs,24,2009-10-01,2011-09-01,296.3940892217102,0,0
Comal Springs,24,2009-11-01,2011-10-01,293.2623687916027,0,0
Comal Springs,24,2009-12-01,2011-11-01,289.15403545826933,0,0
Comal Springs,24,2010-01-01,2011-12-01,285.06666986687145,0,0
Comal Springs,24,2010-02-01,2012-01-01,280.86102470558114,0,0
Comal Springs,24,2010-03-01,2012-02-01,276.62282684022813,0,0
Comal Springs,24,2010-04-01,2012-03-01,272.53680533485175,0,0
Comal Springs,24,2010-05-01,2012-04-01,268.85208311262954,0,0
Comal Springs,24,2010-06-01,2012-05-01,264.07116913413495,0,0
Comal Springs,24,2010-07-01,2012-06-01,257.4336691341349,0,0
Comal Springs,24,2010-08-01,2012-07-01,251.34630354273708,0,0
Comal Springs,24,2010-09-01,2012-08-01,245.2710347255328,0,0
Comal Springs,24,2010-10-01,2012-09-01,238.12242361442168,0,0
Comal Springs,24,2010-11-01,2012-10-01,232.6277999585077,0,0
Comal Springs,24,2010-12-01,2012-11-01,227.20002218072992,0,0
Comal Springs,24,2011-01-01,2012-12-01,222.36668884739657,0,0
Comal Springs,24,2011-02-01,2013-01-01,218.38550605169766,0,0
Comal Springs,24,2011-03-01,2013-02-01,214.32151795645956,0,0
Comal Springs,24,2011-04-01,2013-03-01,210.48952870914772,0,0
Comal Springs,24,2011-05-01,2013-04-01,207.52008426470329,0,0
Comal Springs,24,2011-06-01,2013-05-01,205.98110577007964,0,0
Comal Springs,24,2011-07-01,2013-06-01,206.7838835478574,0,0
Comal Springs,24,2011-08-01,2013-07-01,206.43845344033053,0,0
Comal Springs,24,2011-09-01,2013-08-01,204.62124913925527,0,0
Comal Springs,24,2011-10-01,2013-09-01,202.61152691703305,0,0
Comal Springs,24,2011-11-01,2013-10-01,200.66932261595778,0,0
Comal Springs,24,2011-12-01,2013-11-01,199.45682261595778,0,0
Comal Springs,24,2012-01-01,2013-12-01,197.25789788477496,0,0
Comal Springs,24,2012-02-01,2014-01-01,194.94741401380725,0,0
Comal Springs,24,2012-03-01,2014-02-01,191.2689452124936,0,0
Comal Springs,24,2012-04-01,2014-03-01,186.5189452124936,0,0
Comal Springs,24,2012-05-01,2014-04-01,181.69533410138249,0,0
Comal Springs,24,2012-06-01,2014-05-01,177.2719470046083,0,0
Comal Springs,24,2012-07-01,2014-06-01,174.19416922683052,0,0
Comal Springs,24,2012-08-01,2014-07-01,170.9361047107015,0,0
Comal Springs,24,2012-09-01,2014-08-01,167.16863159242192,0,0
Comal Springs,24,2012-10-01,2014-09-01,163.23529825908858,0,0
Comal Springs,24,2012-11-01,2014-10-01,158.2635240655402,0,0
Comal Springs,24,2012-12-01,2014-11-01,155.13157962109574,0,0
Comal Springs,24,2013-01-01,2014-12-01,152.1208269329237,0,0
Comal Springs,24,2013-02-01,2015-01-01,149.00657962109574,0,0
Comal Springs,24,2013-03-01,2015-02-01,147.62116295442908,0,0
Comal Springs,24,2013-04-01,2015-03-01,147.23406618023554,0,0
Comal Springs,24,2013-05-01,2015-04-01,147.37989951356886,0,0
Comal Springs,24,2013-06-01,2015-05-01,149.57882424475167,0,0
Comal Springs,24,2013-07-01,2015-06-01,154.65521313364056,0,0
Comal Springs,24,2013-08-01,2015-07-01,161.63908410138248,0,0
Comal Springs,24,2013-09-01,2015-08-01,167.57456797235022,0,0
Comal Springs,24,2013-10-01,2015-09-01,171.5884568612391,0,0
Comal Springs,24,2013-11-01,2015-10-01,174.28469342037891,0,0
Comal Springs,24,2013-12-01,2015-11-01,179.61386008704557,0,0
Comal Springs,24,2014-01-01,2015-12-01,185.74289234511008,0,0
Comal Springs,24,2014-02-01,2016-01-01,192.12595686123913,0,0
Comal Springs,24,2014-03-01,2016-02-01,197.26706934071368,0,0
Comal Springs,24,2014-04-01,2016-03-01,203.20255321168142,0,0
Comal Springs,24,2014-05-01,2016-04-01,209.80949765612584,0,0
Comal Springs,24,2014-06-01,2016-05-01,218.42643313999682,0,0
Comal Springs,24,2014-07-01,2016-06-01,228.49587758444127,0,0
Comal Springs,24,2014-08-01,2016-07-01,237.86953349841977,0,0
Comal Springs,24,2014-09-01,2016-08-01,249.29157650917244,0,0
Comal Springs,24,2014-10-01,2016-09-01,261.847132064728,0,0
Comal Springs,24,2014-11-01,2016-10-01,273.50976647333016,0,0
Comal Springs,24,2014-12-01,2016-11-01,283.7667109177746,0,0
Comal Springs,24,2015-01-01,2016-12-01,294.55703349841974,0,0
Comal Springs,24,2015-02-01,2017-01-01,304.82450661669935,0,0
Comal Springs,24,2015-03-01,2017-02-01,314.34533995003267,0,0
Comal Springs,24,2015-04-01,2017-03-01,323.54829693927996,0,0
Comal Springs,24,2015-05-01,2017-04-01,332.3955191615022,0,0
Comal Springs,24,2015-06-01,2017-05-01,337.9506266883839,0,0
Comal Springs,24,2015-07-01,2017-06-01,338.94646002171726,0,0
Comal Springs,24,2015-08-01,2017-07-01,337.1252234625775,0,0
Comal Springs,24,2015-09-01,2017-08-01,337.1615137851581,0,0
Comal Springs,24,2015-10-01,2017-09-01,340.0184582296026,0,0
Comal Springs,24,2015-11-01,2017-10-01,343.46738296078536,0,0
Comal Springs,24,2015-12-01,2017-11-01,343.4576607385631,0,0
Comal Springs,24,2016-01-01,2017-12-01,342.667338157918,0,0
Comal Springs,24,2016-02-01,2018-01-01,341.8850800934018,0,0
Comal Springs,24,2016-03-01,2018-02-01,342.0133128520225,0,0
Comal Springs,24,2016-04-01,2018-03-01,341.7579365079365,0,0
Comal Springs,24,2016-05-01,2018-04-01,341.38154761904764,0,0
Comal Springs,24,2016-06-01,2018-05-01,338.6772465437788,0,0
Comal Springs,24,2016-07-01,2018-06-01,331.6175243215566,0,0
Comal Springs,24,2016-08-01,2018-07-01,326.3433307731695,0,0
Comal Springs,24,2016-09-01,2018-08-01,319.0516641065028,0,0
Comal Springs,24,2016-10-01,2018-09-01,313.7808307731695,0,0
Comal Springs,24,2016-11-01,2018-10-01,312.6087877624168,0,0
Comal Springs,24,2016-12-01,2018-11-01,312.27684331797235,0,0
Comal Springs,24,2017-01-01,2018-12-01,311.53087557603686,0,0
Comal Springs,24,2017-02-01,2019-01-01,311.1733486943164,0,0
Comal Springs,24,2017-03-01,2019-02-01,309.7432891705069,0,0
Comal Springs,24,2017-04-01,2019-03-01,308.2204397081413,0,0
Comal Springs,24,2017-05-01,2019-04-01,306.1482174859191,0,0
Comal Springs,24,2017-06-01,2019-05-01,306.06354006656426,0,0
Comal Springs,24,2017-07-01,2019-06-01,307.07604006656425,0,0
Comal Springs,24,2017-08-01,2019-07-01,309.4335669482847,0,0
Comal Springs,24,2017-09-01,2019-08-01,310.6526529697901,0,0
Comal Springs,24,2017-10-01,2019-09-01,311.38320852534565,0,0
Comal Springs,24,2017-11-01,2019-10-01,311.5485311059908,0,0
Comal Springs,24,2017-12-01,2019-11-01,312.8124199948797,0,0
Comal Springs,24,2018-01-01,2019-12-01,313.8177963389657,0,0
Comal Springs,24,2018-02-01,2020-01-01,314.38096838197646,0,0
Comal Springs,24,2018-03-01,2020-02-01,315.53434481875803,0,0
Comal Springs,24,2018-04-01,2020-03-01,316.08810825961825,0,0
Comal Springs,24,2018-05-01,2020-04-01,316.7353304818405,0,0
Comal Springs,24,2018-06-01,2020-05-01,317.606298223776,0,0
Comal Springs,24,2018-07-01,2020-06-01,320.23824266822044,0,0
Comal Springs,24,2018-08-01,2020-07-01,321.9815222381129,0,0
Comal Springs,24,2018-09-01,2020-08-01,324.5460383671452,0,0
Comal Springs,24,2018-10-01,2020-09-01,325.2057605893674,0,0
Comal Springs,24,2018-11-01,2020-10-01,322.37377134205553,0,0
Comal Springs,24,2018-12-01,2020-11-01,317.68766023094446,0,0
Comal Springs,24,2019-01-01,2020-12-01,312.7508322739552,0,0
Comal Springs,24,2019-02-01,2021-01-01,308.06534840298747,0,0
Comal Springs,24,2019-03-01,2021-02-01,303.0683245934636,0,0
Comal Springs,24,2019-04-01,2021-03-01,297.6906364214206,0,0
Comal Springs,24,2019-05-01,2021-04-01,291.60035864364283,0,0
Comal Springs,24,2019-06-01,2021-05-01,287.0842296113848,0,0
Comal Springs,24,2019-07-01,2021-06-01,283.88006294471813,0,0
Comal Springs,24,2019-08-01,2021-07-01,281.5225360629977,0,0
Comal Springs,24,2019-09-01,2021-08-01,281.0762995038579,0,0
Comal Springs,24,2019-10-01,2021-09-01,279.46935505941343,0,0
Comal Springs,24,2019-11-01,2021-10-01,278.31881742500485,0,0
Comal Springs,24,2019-12-01,2021-11-01,276.7104840916715,0,0
Comal Springs,24,2020-01-01,2021-12-01,275.3072582852199,0,0
Comal Springs,24,2020-02-01,2022-01-01,273.48870989812315,0,0
Comal Springs,24,2020-03-01,2022-02-01,271.86509536610345,0,0
Comal Springs,24,2020-04-01,2022-03-01,270.3113319252432,0,0
Comal Springs,24,2020-05-01,2022-04-01,266.66827636968765,0,0
Comal Springs,24,2020-06-01,2022-05-01,262.49892153097795,0,0
Comal Springs,24,2020-07-01,2022-06-01,256.88781041986687,0,0
Comal Springs,24,2020-08-01,2022-07-01,250.91603622631848,0,0
Comal Springs,24,2020-09-01,2022-08-01,245.08942332309266,0,0
Comal Springs,24,2020-10-01,2022-09-01,238.8866455453149,0,0
Comal Springs,24,2020-11-01,2022-10-01,231.55062403993855,0,0
Comal Springs,24,2020-12-01,2022-11-01,226.08534626216078,0,0
Comal Springs,24,2021-01-01,2022-12-01,220.60685163850485,0,0
Comal Springs,24,2021-02-01,2023-01-01,214.53830325140808,0,0
Comal Springs,24,2021-03-01,2023-02-01,208.89395801331284,0,0
Comal Springs,24,2021-04-01,2023-03-01,203.306592421915,0,0
Comal Springs,24,2021-05-01,2023-04-01,199.91631464413723,0,0
Comal Springs,24,2021-06-01,2023-05-01,195.70260496671787,0,0
Comal Springs,24,2021-07-01,2023-06-01,190.11510496671787,0,0
Comal Springs,24,2021-08-01,2023-07-01,181.91483614951358,0,0
Comal Springs,24,2021-09-01,2023-08-01,172.60300819252433,0,0
Comal Springs,24,2021-10-01,2023-09-01,164.56134152585764,0,0
Comal Springs,24,2021-11-01,2023-10-01,157.0694060419867,0,0
Comal Springs,24,2021-12-01,2023-11-01,149.97357270865336,0,0
Comal Springs,24,2022-01-01,2023-12-01,143.7316372247824,0,0
Comal Springs,24,2022-02-01,2024-01-01,138.73029313876089,0,0
Comal Springs,24,2022-03-01,2024-02-01,134.45591916503346,0,0
Comal Springs,24,2022-04-01,2024-03-01,129.9895213155711,0,0
Comal Springs,24,2022-05-01,2024-04-01,126.97146576001553,0,0
Comal Springs,24,2022-06-01,2024-05-01,124.38410016861769,0,0
Comal Springs,24,2022-07-01,2024-06-01,122.28687794639546,0,0
Comal Springs,24,2022-08-01,2024-07-01,121.66053386037396,0,0
Comal Springs,24,2022-09-01,2024-08-01,121.45354461306214,0,0
Comal Springs,24,2022-10-01,2024-09-01,120.29243350195102,0,0
Comal Springs,24,2022-11-01,2024-10-01,118.92953027614456,0,0
Comal Springs,24,2022-12-01,2024-11-01,116.76980805392235,0,0
Comal Springs,24,2023-01-01,2024-12-01,114.0345930001589,0,0
Comal Springs,24,2023-02-01,2025-01-01,111.80475429048148,0,0
Comal Springs,24,2023-03-01,2025-02-01,110.22588524286243,0,0
Comal Springs,24,2023-04-01,2025-03-01,108.45572395253986,0,0
Comal Springs,24,2023-05-01,2025-04-01,105.6751683969843,0,0
Comal Springs,24,2023-06-01,2025-05-01,101.18323291311333,0,0
Comal Springs,24,2023-07-01,2025-06-01,99.29156624644666,0,0
Comal Springs,24,2023-08-01,2025-07-01,101.26334043999506,0,0
Comal Springs,24,2023-09-01,2025-08-01,102.35339420343591,0,0
Comal Springs,24,2023-10-01,2025-09-01,103.24506087010258,0,0
Comal Springs,24,2023-11-01,2025-10-01,102.2974802249413,0,0
Comal Springs,24,2023-12-01,2025-11-01,100.15025800271907,0,0
Comal Springs,24,2024-01-01,2025-12-01,97.79004294895563,0,0
Comal Springs,24,2024-02-01,2026-01-01,94.47015047583734,0,0
Comal Springs,24,2024-03-01,2026-02-01,89.89779825908857,0,0
Comal Springs,24,2024-04-01,2026-03-01,85.87494879672299,0,0
Comal Springs,24,2024-05-01,2026-04-01,82.85272657450076,0,0
Comal Springs,24,2024-06-01,2026-05-01,83.69950076804915,0,0
Comal Springs,24,2024-07-01,2026-06-01,86.85505632360471,0,0
Comal Springs,24,2024-08-01,2026-07-01,90.58892729134665,0,0
San Marcos Springs,3,1955-11-01,1956-01-01,NA,NA,NA
San Marcos Springs,3,1955-12-01,1956-02-01,NA,NA,NA
San Marcos Springs,3,1956-01-01,1956-03-01,NA,3,3
San Marcos Springs,3,1956-02-01,1956-04-01,NA,3,3
San Marcos Springs,3,1956-03-01,1956-05-01,NA,3,3
San Marcos Springs,3,1956-04-01,1956-06-01,NA,2,2
San Marcos Springs,3,1956-05-01,1956-07-01,NA,1,1
San Marcos Springs,3,1956-06-01,1956-08-01,57.24336917562724,0,0
San Marcos Springs,3,1956-07-01,1956-09-01,55.74336917562724,0,0
San Marcos Springs,3,1956-08-01,1956-10-01,59.08745519713261,0,0
San Marcos Springs,3,1956-09-01,1956-11-01,64.66021505376344,0,0
San Marcos Springs,3,1956-10-01,1956-12-01,68.94910394265233,0,0
San Marcos Springs,3,1956-11-01,1957-01-01,72.17491039426524,0,0
San Marcos Springs,3,1956-12-01,1957-02-01,72.88364055299539,0,0
San Marcos Springs,3,1957-01-01,1957-03-01,79.92665130568356,0,0
San Marcos Springs,3,1957-02-01,1957-04-01,99.55174091141832,0,0
San Marcos Springs,3,1957-03-01,1957-05-01,142.22724014336916,0,0
San Marcos Springs,3,1957-04-01,1957-06-01,175.51756272401434,0,0
San Marcos Springs,3,1957-05-01,1957-07-01,182.61290322580643,0,0
San Marcos Springs,3,1957-06-01,1957-08-01,161.0215053763441,0,0
San Marcos Springs,3,1957-07-01,1957-09-01,141.37706093189965,0,0
San Marcos Springs,3,1957-08-01,1957-10-01,156.32329749103943,0,0
San Marcos Springs,3,1957-09-01,1957-11-01,184.99713261648745,0,0
San Marcos Springs,3,1957-10-01,1957-12-01,210.65232974910393,0,0
San Marcos Springs,3,1957-11-01,1958-01-01,210.12544802867384,0,0
San Marcos Springs,3,1957-12-01,1958-02-01,208.9746543778802,0,0
San Marcos Springs,3,1958-01-01,1958-03-01,225.25422427035332,0,0
San Marcos Springs,3,1958-02-01,1958-04-01,237.68397337429596,0,0
San Marcos Springs,3,1958-03-01,1958-05-01,254.42974910394264,0,0
San Marcos Springs,3,1958-04-01,1958-06-01,246.2505376344086,0,0
San Marcos Springs,3,1958-05-01,1958-07-01,233.336917562724,0,0
San Marcos Springs,3,1958-06-01,1958-08-01,200.4336917562724,0,0
San Marcos Springs,3,1958-07-01,1958-09-01,176.75591397849462,0,0
San Marcos Springs,3,1958-08-01,1958-10-01,171.6698924731183,0,0
San Marcos Springs,3,1958-09-01,1958-11-01,187.26702508960574,0,0
San Marcos Springs,3,1958-10-01,1958-12-01,199.72616487455198,0,0
San Marcos Springs,3,1958-11-01,1959-01-01,197.984229390681,0,0
San Marcos Springs,3,1958-12-01,1959-02-01,184.17549923195085,0,0
San Marcos Springs,3,1959-01-01,1959-03-01,171.32603686635946,0,0
San Marcos Springs,3,1959-02-01,1959-04-01,168.43428059395802,0,0
San Marcos Springs,3,1959-03-01,1959-05-01,168.85017921146954,0,0
San Marcos Springs,3,1959-04-01,1959-06-01,168.51827956989246,0,0
San Marcos Springs,3,1959-05-01,1959-07-01,164.0874551971326,0,0
San Marcos Springs,3,1959-06-01,1959-08-01,152.51756272401434,0,0
San Marcos Springs,3,1959-07-01,1959-09-01,143.52867383512546,0,0
San Marcos Springs,3,1959-08-01,1959-10-01,146.5179211469534,0,0
San Marcos Springs,3,1959-09-01,1959-11-01,152.747311827957,0,0
San Marcos Springs,3,1959-10-01,1959-12-01,158.08960573476702,0,0
San Marcos Springs,3,1959-11-01,1960-01-01,153.00358422939067,0,0
San Marcos Springs,3,1959-12-01,1960-02-01,152.12235817575083,0,0
San Marcos Springs,3,1960-01-01,1960-03-01,153.0901001112347,0,0
San Marcos Springs,3,1960-02-01,1960-04-01,159.8732542330985,0,0
San Marcos Springs,3,1960-03-01,1960-05-01,179.92293906810036,0,0
San Marcos Springs,3,1960-04-01,1960-06-01,196.39068100358423,0,0
San Marcos Springs,3,1960-05-01,1960-07-01,211.13440860215053,0,0
San Marcos Springs,3,1960-06-01,1960-08-01,205.90860215053763,0,0
San Marcos Springs,3,1960-07-01,1960-09-01,205.43082437275984,0,0
San Marcos Springs,3,1960-08-01,1960-10-01,198.32329749103943,0,0
San Marcos Springs,3,1960-09-01,1960-11-01,210.53620071684588,0,0
San Marcos Springs,3,1960-10-01,1960-12-01,223.7720430107527,0,0
San Marcos Springs,3,1960-11-01,1961-01-01,239.40645161290323,0,0
San Marcos Springs,3,1960-12-01,1961-02-01,241.63978494623657,0,0
San Marcos Springs,3,1961-01-01,1961-03-01,237.05913978494624,0,0
San Marcos Springs,3,1961-02-01,1961-04-01,231.51075268817203,0,0
San Marcos Springs,3,1961-03-01,1961-05-01,219.09677419354838,0,0
San Marcos Springs,3,1961-04-01,1961-06-01,207.36379928315412,0,0
San Marcos Springs,3,1961-05-01,1961-07-01,193.4820788530466,0,0
San Marcos Springs,3,1961-06-01,1961-08-01,181.8584229390681,0,0
San Marcos Springs,3,1961-07-01,1961-09-01,168.9695340501792,0,0
San Marcos Springs,3,1961-08-01,1961-10-01,160.7652329749104,0,0
San Marcos Springs,3,1961-09-01,1961-11-01,153.30286738351253,0,0
San Marcos Springs,3,1961-10-01,1961-12-01,151.81720430107526,0,0
San Marcos Springs,3,1961-11-01,1962-01-01,147.6236559139785,0,0
San Marcos Springs,3,1961-12-01,1962-02-01,142.61175115207374,0,0
San Marcos Springs,3,1962-01-01,1962-03-01,137.13863287250385,0,0
San Marcos Springs,3,1962-02-01,1962-04-01,133.69598054275474,0,0
San Marcos Springs,3,1962-03-01,1962-05-01,131.5358422939068,0,0
San Marcos Springs,3,1962-04-01,1962-06-01,125.93906810035843,0,0
San Marcos Springs,3,1962-05-01,1962-07-01,117.73655913978494,0,0
San Marcos Springs,3,1962-06-01,1962-08-01,111.67204301075269,0,0
San Marcos Springs,3,1962-07-01,1962-09-01,119.94982078853047,0,0
San Marcos Springs,3,1962-08-01,1962-10-01,139.24014336917563,0,0
San Marcos Springs,3,1962-09-01,1962-11-01,149.0878136200717,0,0
San Marcos Springs,3,1962-10-01,1962-12-01,146.7293906810036,0,0
San Marcos Springs,3,1962-11-01,1963-01-01,134.3530465949821,0,0
San Marcos Springs,3,1962-12-01,1963-02-01,128.87288786482335,0,0
San Marcos Springs,3,1963-01-01,1963-03-01,125.95890937019969,0,0
San Marcos Springs,3,1963-02-01,1963-04-01,125.69188428059395,0,0
San Marcos Springs,3,1963-03-01,1963-05-01,126.72222222222223,0,0
San Marcos Springs,3,1963-04-01,1963-06-01,126.77240143369175,0,0
San Marcos Springs,3,1963-05-01,1963-07-01,119.64157706093191,0,0
San Marcos Springs,3,1963-06-01,1963-08-01,110.06093189964157,0,0
San Marcos Springs,3,1963-07-01,1963-09-01,97.77204301075268,0,0
San Marcos Springs,3,1963-08-01,1963-10-01,89.77204301075268,0,0
San Marcos Springs,3,1963-09-01,1963-11-01,85.59139784946237,0,0
San Marcos Springs,3,1963-10-01,1963-12-01,84.78709677419356,0,0
San Marcos Springs,3,1963-11-01,1964-01-01,85.60430107526882,0,0
San Marcos Springs,3,1963-12-01,1964-02-01,85.146829810901,0,0
San Marcos Springs,3,1964-01-01,1964-03-01,86.12532443455692,0,0
San Marcos Springs,3,1964-02-01,1964-04-01,90.73894450624151,0,0
San Marcos Springs,3,1964-03-01,1964-05-01,96.01146953405018,0,0
San Marcos Springs,3,1964-04-01,1964-06-01,101.17060931899641,0,0
San Marcos Springs,3,1964-05-01,1964-07-01,102.63225806451612,0,0
San Marcos Springs,3,1964-06-01,1964-08-01,99.85806451612903,0,0
San Marcos Springs,3,1964-07-01,1964-09-01,96.03584229390681,0,0
San Marcos Springs,3,1964-08-01,1964-10-01,96.54121863799283,0,0
San Marcos Springs,3,1964-09-01,1964-11-01,100.30035842293907,0,0
San Marcos Springs,3,1964-10-01,1964-12-01,103.21075268817204,0,0
San Marcos Springs,3,1964-11-01,1965-01-01,104.68387096774194,0,0
San Marcos Springs,3,1964-12-01,1965-02-01,128.19815668202764,0,0
San Marcos Springs,3,1965-01-01,1965-03-01,151.4132104454685,0,0
San Marcos Springs,3,1965-02-01,1965-04-01,170.3064004096262,0,0
San Marcos Springs,3,1965-03-01,1965-05-01,177.00071684587815,0,0
San Marcos Springs,3,1965-04-01,1965-06-01,193.59749103942653,0,0
San Marcos Springs,3,1965-05-01,1965-07-01,204.1021505376344,0,0
San Marcos Springs,3,1965-06-01,1965-08-01,198.05913978494624,0,0
San Marcos Springs,3,1965-07-01,1965-09-01,175.836917562724,0,0
San Marcos Springs,3,1965-08-01,1965-10-01,158.71863799283153,0,0
San Marcos Springs,3,1965-09-01,1965-11-01,144.91971326164875,0,0
San Marcos Springs,3,1965-10-01,1965-12-01,158.94301075268817,0,0
San Marcos Springs,3,1965-11-01,1966-01-01,174.0505376344086,0,0
San Marcos Springs,3,1965-12-01,1966-02-01,188.5552995391705,0,0
San Marcos Springs,3,1966-01-01,1966-03-01,183.86712749615975,0,0
San Marcos Springs,3,1966-02-01,1966-04-01,177.12877624167947,0,0
San Marcos Springs,3,1966-03-01,1966-05-01,174.584229390681,0,0
San Marcos Springs,3,1966-04-01,1966-06-01,168.87132616487455,0,0
San Marcos Springs,3,1966-05-01,1966-07-01,163.19032258064516,0,0
San Marcos Springs,3,1966-06-01,1966-08-01,154.36236559139783,0,0
San Marcos Springs,3,1966-07-01,1966-09-01,143.74014336917563,0,0
San Marcos Springs,3,1966-08-01,1966-10-01,135.20250896057348,0,0
San Marcos Springs,3,1966-09-01,1966-11-01,126.39247311827957,0,0
San Marcos Springs,3,1966-10-01,1966-12-01,119.25448028673836,0,0
San Marcos Springs,3,1966-11-01,1967-01-01,112.22222222222223,0,0
San Marcos Springs,3,1966-12-01,1967-02-01,105.6547619047619,0,0
San Marcos Springs,3,1967-01-01,1967-03-01,102.69777265745007,0,0
San Marcos Springs,3,1967-02-01,1967-04-01,103.63755760368663,0,0
San Marcos Springs,3,1967-03-01,1967-05-01,104.97204301075269,0,0
San Marcos Springs,3,1967-04-01,1967-06-01,102.22258064516129,0,0
San Marcos Springs,3,1967-05-01,1967-07-01,93.82043010752687,0,0
San Marcos Springs,3,1967-06-01,1967-08-01,87.88494623655913,0,0
San Marcos Springs,3,1967-07-01,1967-09-01,89.71827956989247,0,0
San Marcos Springs,3,1967-08-01,1967-10-01,100.98709677419355,0,0
San Marcos Springs,3,1967-09-01,1967-11-01,119.87777777777778,0,0
San Marcos Springs,3,1967-10-01,1967-12-01,134.2562724014337,0,0
San Marcos Springs,3,1967-11-01,1968-01-01,159.75089605734766,0,0
San Marcos Springs,3,1967-12-01,1968-02-01,199.80645161290323,0,0
San Marcos Springs,3,1968-01-01,1968-03-01,231.1290322580645,0,0
San Marcos Springs,3,1968-02-01,1968-04-01,242.63440860215053,0,0
San Marcos Springs,3,1968-03-01,1968-05-01,234.09677419354838,0,0
San Marcos Springs,3,1968-04-01,1968-06-01,231.97347670250895,0,0
San Marcos Springs,3,1968-05-01,1968-07-01,226.04874551971326,0,0
San Marcos Springs,3,1968-06-01,1968-08-01,204.46810035842293,0,0
San Marcos Springs,3,1968-07-01,1968-09-01,181.1236559139785,0,0
San Marcos Springs,3,1968-08-01,1968-10-01,160.73655913978496,0,0
San Marcos Springs,3,1968-09-01,1968-11-01,151.46594982078852,0,0
San Marcos Springs,3,1968-10-01,1968-12-01,145.12724014336916,0,0
San Marcos Springs,3,1968-11-01,1969-01-01,139.4820788530466,0,0
San Marcos Springs,3,1968-12-01,1969-02-01,136.28763440860214,0,0
San Marcos Springs,3,1969-01-01,1969-03-01,138.70698924731184,0,0
San Marcos Springs,3,1969-02-01,1969-04-01,152.097311827957,0,0
San Marcos Springs,3,1969-03-01,1969-05-01,177.347311827957,0,0
San Marcos Springs,3,1969-04-01,1969-06-01,198.65555555555557,0,0
San Marcos Springs,3,1969-05-01,1969-07-01,201.07168458781362,0,0
San Marcos Springs,3,1969-06-01,1969-08-01,185.13620071684588,0,0
San Marcos Springs,3,1969-07-01,1969-09-01,164.46953405017922,0,0
San Marcos Springs,3,1969-08-01,1969-10-01,155.00716845878136,0,0
San Marcos Springs,3,1969-09-01,1969-11-01,149.38709677419354,0,0
San Marcos Springs,3,1969-10-01,1969-12-01,148.5627240143369,0,0
San Marcos Springs,3,1969-11-01,1970-01-01,149.90681003584228,0,0
San Marcos Springs,3,1969-12-01,1970-02-01,158.14093701996927,0,0
San Marcos Springs,3,1970-01-01,1970-03-01,175.31298003072197,0,0
San Marcos Springs,3,1970-02-01,1970-04-01,193.5262416794675,0,0
San Marcos Springs,3,1970-03-01,1970-05-01,218.0304659498208,0,0
San Marcos Springs,3,1970-04-01,1970-06-01,237.87168458781363,0,0
San Marcos Springs,3,1970-05-01,1970-07-01,244.24982078853049,0,0
San Marcos Springs,3,1970-06-01,1970-08-01,229.49713261648745,0,0
San Marcos Springs,3,1970-07-01,1970-09-01,203.67491039426523,0,0
San Marcos Springs,3,1970-08-01,1970-10-01,191.38458781362007,0,0
San Marcos Springs,3,1970-09-01,1970-11-01,187.04336917562725,0,0
San Marcos Springs,3,1970-10-01,1970-12-01,181.34695340501793,0,0
San Marcos Springs,3,1970-11-01,1971-01-01,166.89534050179213,0,0
San Marcos Springs,3,1970-12-01,1971-02-01,153.1874039938556,0,0
San Marcos Springs,3,1971-01-01,1971-03-01,141.6390168970814,0,0
San Marcos Springs,3,1971-02-01,1971-04-01,133.2805939580133,0,0
San Marcos Springs,3,1971-03-01,1971-05-01,125.22222222222223,0,0
San Marcos Springs,3,1971-04-01,1971-06-01,118.7336917562724,0,0
San Marcos Springs,3,1971-05-01,1971-07-01,110.715770609319,0,0
San Marcos Springs,3,1971-06-01,1971-08-01,109.36093189964157,0,0
San Marcos Springs,3,1971-07-01,1971-09-01,108.32759856630824,0,0
San Marcos Springs,3,1971-08-01,1971-10-01,110.76845878136201,0,0
San Marcos Springs,3,1971-09-01,1971-11-01,112.05627240143369,0,0
San Marcos Springs,3,1971-10-01,1971-12-01,138.75017921146954,0,0
San Marcos Springs,3,1971-11-01,1972-01-01,165.4598566308244,0,0
San Marcos Springs,3,1971-12-01,1972-02-01,183.65257693733778,0,0
San Marcos Springs,3,1972-01-01,1972-03-01,173.29773822766035,0,0
San Marcos Springs,3,1972-02-01,1972-04-01,161.77623285131628,0,0
San Marcos Springs,3,1972-03-01,1972-05-01,159.77956989247312,0,0
San Marcos Springs,3,1972-04-01,1972-06-01,164.1405017921147,0,0
San Marcos Springs,3,1972-05-01,1972-07-01,168.7480286738351,0,0
San Marcos Springs,3,1972-06-01,1972-08-01,164.7480286738351,0,0
San Marcos Springs,3,1972-07-01,1972-09-01,157.11469534050178,0,0
San Marcos Springs,3,1972-08-01,1972-10-01,146.60931899641577,0,0
San Marcos Springs,3,1972-09-01,1972-11-01,143.95770609318996,0,0
San Marcos Springs,3,1972-10-01,1972-12-01,148.30537634408603,0,0
San Marcos Springs,3,1972-11-01,1973-01-01,157.13333333333333,0,0
San Marcos Springs,3,1972-12-01,1973-02-01,167.33333333333334,0,0
San Marcos Springs,3,1973-01-01,1973-03-01,179.70967741935485,0,0
San Marcos Springs,3,1973-02-01,1973-04-01,194.42401433691757,0,0
San Marcos Springs,3,1973-03-01,1973-05-01,205.01541218637993,0,0
San Marcos Springs,3,1973-04-01,1973-06-01,211.6025089605735,0,0
San Marcos Springs,3,1973-05-01,1973-07-01,221.21075268817205,0,0
San Marcos Springs,3,1973-06-01,1973-08-01,224.80215053763442,0,0
San Marcos Springs,3,1973-07-01,1973-09-01,219.3910394265233,0,0
San Marcos Springs,3,1973-08-01,1973-10-01,228.4125448028674,0,0
San Marcos Springs,3,1973-09-01,1973-11-01,247.663082437276,0,0
San Marcos Springs,3,1973-10-01,1973-12-01,262.44408602150537,0,0
San Marcos Springs,3,1973-11-01,1974-01-01,245.70215053763442,0,0
San Marcos Springs,3,1973-12-01,1974-02-01,217.64976958525347,0,0
San Marcos Springs,3,1974-01-01,1974-03-01,195.8648233486943,0,0
San Marcos Springs,3,1974-02-01,1974-04-01,182.29923195084484,0,0
San Marcos Springs,3,1974-03-01,1974-05-01,180.2516129032258,0,0
San Marcos Springs,3,1974-04-01,1974-06-01,180.13333333333333,0,0
San Marcos Springs,3,1974-05-01,1974-07-01,175.46236559139786,0,0
San Marcos Springs,3,1974-06-01,1974-08-01,162.6021505376344,0,0
San Marcos Springs,3,1974-07-01,1974-09-01,159.86881720430108,0,0
San Marcos Springs,3,1974-08-01,1974-10-01,165.34193548387097,0,0
San Marcos Springs,3,1974-09-01,1974-11-01,181.64659498207885,0,0
San Marcos Springs,3,1974-10-01,1974-12-01,203.3799283154122,0,0
San Marcos Springs,3,1974-11-01,1975-01-01,220.336917562724,0,0
San Marcos Springs,3,1974-12-01,1975-02-01,241.73771121351766,0,0
San Marcos Springs,3,1975-01-01,1975-03-01,243.3721198156682,0,0
San Marcos Springs,3,1975-02-01,1975-04-01,242.89075780849973,0,0
San Marcos Springs,3,1975-03-01,1975-05-01,243.5616487455197,0,0
San Marcos Springs,3,1975-04-01,1975-06-01,260.5494623655914,0,0
San Marcos Springs,3,1975-05-01,1975-07-01,276.6222222222222,0,0
San Marcos Springs,3,1975-06-01,1975-08-01,269.67598566308243,0,0
San Marcos Springs,3,1975-07-01,1975-09-01,243.27598566308242,0,0
San Marcos Springs,3,1975-08-01,1975-10-01,220.65232974910396,0,0
San Marcos Springs,3,1975-09-01,1975-11-01,204.38243727598567,0,0
San Marcos Springs,3,1975-10-01,1975-12-01,193.27849462365592,0,0
San Marcos Springs,3,1975-11-01,1976-01-01,181.70860215053764,0,0
San Marcos Springs,3,1975-12-01,1976-02-01,168.84538375973304,0,0
San Marcos Springs,3,1976-01-01,1976-03-01,156.29699666295886,0,0
San Marcos Springs,3,1976-02-01,1976-04-01,149.14000741564703,0,0
San Marcos Springs,3,1976-03-01,1976-05-01,164.39139784946238,0,0
San Marcos Springs,3,1976-04-01,1976-06-01,201.01039426523297,0,0
San Marcos Springs,3,1976-05-01,1976-07-01,234.72652329749104,0,0
San Marcos Springs,3,1976-06-01,1976-08-01,238.98458781362007,0,0
San Marcos Springs,3,1976-07-01,1976-09-01,224.55125448028676,0,0
San Marcos Springs,3,1976-08-01,1976-10-01,215.22867383512545,0,0
San Marcos Springs,3,1976-09-01,1976-11-01,237.0268817204301,0,0
San Marcos Springs,3,1976-10-01,1976-12-01,261.34659498207884,0,0
San Marcos Springs,3,1976-11-01,1977-01-01,279.86272401433695,0,0
San Marcos Springs,3,1976-12-01,1977-02-01,283.8563748079877,0,0
San Marcos Springs,3,1977-01-01,1977-03-01,283.91013824884794,0,0
San Marcos Springs,3,1977-02-01,1977-04-01,283.06712749615974,0,0
San Marcos Springs,3,1977-03-01,1977-05-01,276.47956989247314,0,0
San Marcos Springs,3,1977-04-01,1977-06-01,264.43942652329747,0,0
San Marcos Springs,3,1977-05-01,1977-07-01,245.5189964157706,0,0
San Marcos Springs,3,1977-06-01,1977-08-01,219.03512544802868,0,0
San Marcos Springs,3,1977-07-01,1977-09-01,198.12401433691755,0,0
San Marcos Springs,3,1977-08-01,1977-10-01,179.15627240143368,0,0
San Marcos Springs,3,1977-09-01,1977-11-01,164.38960573476703,0,0
San Marcos Springs,3,1977-10-01,1977-12-01,148.91075268817204,0,0
San Marcos Springs,3,1977-11-01,1978-01-01,136.93225806451613,0,0
San Marcos Springs,3,1977-12-01,1978-02-01,127.07987711213518,0,0
San Marcos Springs,3,1978-01-01,1978-03-01,120.3379416282642,0,0
San Marcos Springs,3,1978-02-01,1978-04-01,117.13794162826422,0,0
San Marcos Springs,3,1978-03-01,1978-05-01,116.56344086021505,0,0
San Marcos Springs,3,1978-04-01,1978-06-01,118.40645161290323,0,0
San Marcos Springs,3,1978-05-01,1978-07-01,115.63870967741936,0,0
San Marcos Springs,3,1978-06-01,1978-08-01,113.52043010752688,0,0
San Marcos Springs,3,1978-07-01,1978-09-01,114.8426523297491,0,0
San Marcos Springs,3,1978-08-01,1978-10-01,120.55232974910393,0,0
San Marcos Springs,3,1978-09-01,1978-11-01,125.26415770609319,0,0
San Marcos Springs,3,1978-10-01,1978-12-01,129.46451612903226,0,0
San Marcos Springs,3,1978-11-01,1979-01-01,147.13118279569892,0,0
San Marcos Springs,3,1978-12-01,1979-02-01,173.7073732718894,0,0
San Marcos Springs,3,1979-01-01,1979-03-01,204.14823348694316,0,0
San Marcos Springs,3,1979-02-01,1979-04-01,225.66185355862774,0,0
San Marcos Springs,3,1979-03-01,1979-05-01,243.40609318996417,0,0
San Marcos Springs,3,1979-04-01,1979-06-01,245.1093189964158,0,0
San Marcos Springs,3,1979-05-01,1979-07-01,235.10107526881723,0,0
San Marcos Springs,3,1979-06-01,1979-08-01,219.09032258064516,0,0
San Marcos Springs,3,1979-07-01,1979-09-01,201.6458781362007,0,0
San Marcos Springs,3,1979-08-01,1979-10-01,186.09749103942653,0,0
San Marcos Springs,3,1979-09-01,1979-11-01,164.48781362007168,0,0
San Marcos Springs,3,1979-10-01,1979-12-01,150.08924731182796,0,0
San Marcos Springs,3,1979-11-01,1980-01-01,141.23978494623657,0,0
San Marcos Springs,3,1979-12-01,1980-02-01,137.41564701520207,0,0
San Marcos Springs,3,1980-01-01,1980-03-01,133.08231368186875,0,0
San Marcos Springs,3,1980-02-01,1980-04-01,125.85507353849957,0,0
San Marcos Springs,3,1980-03-01,1980-05-01,126.03082437275985,0,0
San Marcos Springs,3,1980-04-01,1980-06-01,133.28494623655914,0,0
San Marcos Springs,3,1980-05-01,1980-07-01,140.0390681003584,0,0
San Marcos Springs,3,1980-06-01,1980-08-01,138.54444444444445,0,0
San Marcos Springs,3,1980-07-01,1980-09-01,133.2,0,0
San Marcos Springs,3,1980-08-01,1980-10-01,132.02795698924731,0,0
San Marcos Springs,3,1980-09-01,1980-11-01,130.24874551971325,0,0
San Marcos Springs,3,1980-10-01,1980-12-01,129.16702508960574,0,0
San Marcos Springs,3,1980-11-01,1981-01-01,126.91971326164874,0,0
San Marcos Springs,3,1980-12-01,1981-02-01,126.80145929339477,0,0
San Marcos Springs,3,1981-01-01,1981-03-01,126.10253456221199,0,0
San Marcos Springs,3,1981-02-01,1981-04-01,128.93443420378904,0,0
San Marcos Springs,3,1981-03-01,1981-05-01,133.85340501792115,0,0
San Marcos Springs,3,1981-04-01,1981-06-01,173.6451612903226,0,0
San Marcos Springs,3,1981-05-01,1981-07-01,224.189605734767,0,0
San Marcos Springs,3,1981-06-01,1981-08-01,257.1681003584229,0,0
San Marcos Springs,3,1981-07-01,1981-09-01,245.66810035842295,0,0
San Marcos Springs,3,1981-08-01,1981-10-01,214.13046594982077,0,0
San Marcos Springs,3,1981-09-01,1981-11-01,192.8179211469534,0,0
San Marcos Springs,3,1981-10-01,1981-12-01,177.01003584229392,0,0
San Marcos Springs,3,1981-11-01,1982-01-01,164.5799283154122,0,0
San Marcos Springs,3,1981-12-01,1982-02-01,153.61405529953916,0,0
San Marcos Springs,3,1982-01-01,1982-03-01,142.90437788018434,0,0
San Marcos Springs,3,1982-02-01,1982-04-01,133.08323092677932,0,0
San Marcos Springs,3,1982-03-01,1982-05-01,131.69498207885306,0,0
San Marcos Springs,3,1982-04-01,1982-06-01,131.25698924731182,0,0
San Marcos Springs,3,1982-05-01,1982-07-01,132.41146953405018,0,0
San Marcos Springs,3,1982-06-01,1982-08-01,127.15340501792114,0,0
San Marcos Springs,3,1982-07-01,1982-09-01,123.82007168458782,0,0
San Marcos Springs,3,1982-08-01,1982-10-01,120.82007168458782,0,0
San Marcos Springs,3,1982-09-01,1982-11-01,119.39892473118279,0,0
San Marcos Springs,3,1982-10-01,1982-12-01,118.65412186379928,0,0
San Marcos Springs,3,1982-11-01,1983-01-01,117.24551971326164,0,0
San Marcos Springs,3,1982-12-01,1983-02-01,117.70583717357911,0,0
San Marcos Springs,3,1983-01-01,1983-03-01,125.12519201228878,0,0
San Marcos Springs,3,1983-02-01,1983-04-01,141.12375832053252,0,0
San Marcos Springs,3,1983-03-01,1983-05-01,155.94480286738352,0,0
San Marcos Springs,3,1983-04-01,1983-06-01,168.0258064516129,0,0
San Marcos Springs,3,1983-05-01,1983-07-01,172.02724014336917,0,0
San Marcos Springs,3,1983-06-01,1983-08-01,170.8121863799283,0,0
San Marcos Springs,3,1983-07-01,1983-09-01,160.14551971326165,0,0
San Marcos Springs,3,1983-08-01,1983-10-01,147.22078853046594,0,0
San Marcos Springs,3,1983-09-01,1983-11-01,138.121146953405,0,0
San Marcos Springs,3,1983-10-01,1983-12-01,133.25519713261647,0,0
San Marcos Springs,3,1983-11-01,1984-01-01,130.74982078853046,0,0
San Marcos Springs,3,1983-12-01,1984-02-01,126.98813496477568,0,0
San Marcos Springs,3,1984-01-01,1984-03-01,121.07415647015202,0,0
San Marcos Springs,3,1984-02-01,1984-04-01,113.38060808305525,0,0
San Marcos Springs,3,1984-03-01,1984-05-01,105.98387096774194,0,0
San Marcos Springs,3,1984-04-01,1984-06-01,101.59713261648746,0,0
San Marcos Springs,3,1984-05-01,1984-07-01,94.92508960573477,0,0
San Marcos Springs,3,1984-06-01,1984-08-01,86.7100358422939,0,0
San Marcos Springs,3,1984-07-01,1984-09-01,77.42114695340501,0,0
San Marcos Springs,3,1984-08-01,1984-10-01,77.65770609318996,0,0
San Marcos Springs,3,1984-09-01,1984-11-01,85.6978494623656,0,0
San Marcos Springs,3,1984-10-01,1984-12-01,98.72831541218638,0,0
San Marcos Springs,3,1984-11-01,1985-01-01,114.7605734767025,0,0
San Marcos Springs,3,1984-12-01,1985-02-01,131.57565284178187,0,0
San Marcos Springs,3,1985-01-01,1985-03-01,148.88748079877112,0,0
San Marcos Springs,3,1985-02-01,1985-04-01,160.44626216077828,0,0
San Marcos Springs,3,1985-03-01,1985-05-01,162.4189964157706,0,0
San Marcos Springs,3,1985-04-01,1985-06-01,172.76559139784945,0,0
San Marcos Springs,3,1985-05-01,1985-07-01,196.77670250896057,0,0
San Marcos Springs,3,1985-06-01,1985-08-01,212.47562724014335,0,0
San Marcos Springs,3,1985-07-01,1985-09-01,209.32007168458782,0,0
San Marcos Springs,3,1985-08-01,1985-10-01,182.9652329749104,0,0
San Marcos Springs,3,1985-09-01,1985-11-01,177.1451612903226,0,0
San Marcos Springs,3,1985-10-01,1985-12-01,197.4379928315412,0,0
San Marcos Springs,3,1985-11-01,1986-01-01,216.69605734767026,0,0
San Marcos Springs,3,1985-12-01,1986-02-01,221.80875576036868,0,0
San Marcos Springs,3,1986-01-01,1986-03-01,202.15284178187406,0,0
San Marcos Springs,3,1986-02-01,1986-04-01,183.47183819764464,0,0
San Marcos Springs,3,1986-03-01,1986-05-01,180.55555555555554,0,0
San Marcos Springs,3,1986-04-01,1986-06-01,201.56308243727597,0,0
San Marcos Springs,3,1986-05-01,1986-07-01,225.40537634408602,0,0
San Marcos Springs,3,1986-06-01,1986-08-01,230.05053763440858,0,0
San Marcos Springs,3,1986-07-01,1986-09-01,208.18387096774194,0,0
San Marcos Springs,3,1986-08-01,1986-10-01,193.28064516129032,0,0
San Marcos Springs,3,1986-09-01,1986-11-01,185.67240143369176,0,0
San Marcos Springs,3,1986-10-01,1986-12-01,191.59605734767024,0,0
San Marcos Springs,3,1986-11-01,1987-01-01,211.55304659498208,0,0
San Marcos Springs,3,1986-12-01,1987-02-01,222.5752688172043,0,0
San Marcos Springs,3,1987-01-01,1987-03-01,238.99462365591398,0,0
San Marcos Springs,3,1987-02-01,1987-04-01,228.59856630824373,0,0
San Marcos Springs,3,1987-03-01,1987-05-01,222.0448028673835,0,0
San Marcos Springs,3,1987-04-01,1987-06-01,261.868458781362,0,0
San Marcos Springs,3,1987-05-01,1987-07-01,301.57634408602155,0,0
San Marcos Springs,3,1987-06-01,1987-08-01,339.45806451612907,0,0
San Marcos Springs,3,1987-07-01,1987-09-01,305.68028673835124,0,0
San Marcos Springs,3,1987-08-01,1987-10-01,265.5082437275986,0,0
San Marcos Springs,3,1987-09-01,1987-11-01,228.29139784946236,0,0
San Marcos Springs,3,1987-10-01,1987-12-01,206.7293906810036,0,0
San Marcos Springs,3,1987-11-01,1988-01-01,192.79390681003585,0,0
San Marcos Springs,3,1987-12-01,1988-02-01,181.92992213570633,0,0
San Marcos Springs,3,1988-01-01,1988-03-01,166.73637374860957,0,0
San Marcos Springs,3,1988-02-01,1988-04-01,158.6249042145594,0,0
San Marcos Springs,3,1988-03-01,1988-05-01,153.54444444444445,0,0
San Marcos Springs,3,1988-04-01,1988-06-01,152.24444444444444,0,0
San Marcos Springs,3,1988-05-01,1988-07-01,147.452688172043,0,0
San Marcos Springs,3,1988-06-01,1988-08-01,138.80752688172043,0,0
San Marcos Springs,3,1988-07-01,1988-09-01,126.28530465949821,0,0
San Marcos Springs,3,1988-08-01,1988-10-01,120.31756272401434,0,0
San Marcos Springs,3,1988-09-01,1988-11-01,118.2516129032258,0,0
San Marcos Springs,3,1988-10-01,1988-12-01,117.22437275985664,0,0
San Marcos Springs,3,1988-11-01,1989-01-01,115.23512544802867,0,0
San Marcos Springs,3,1988-12-01,1989-02-01,113.35099846390169,0,0
San Marcos Springs,3,1989-01-01,1989-03-01,111.8563748079877,0,0
San Marcos Springs,3,1989-02-01,1989-04-01,110.64956477214541,0,0
San Marcos Springs,3,1989-03-01,1989-05-01,110.66415770609319,0,0
San Marcos Springs,3,1989-04-01,1989-06-01,110.35268817204302,0,0
San Marcos Springs,3,1989-05-01,1989-07-01,108.43046594982079,0,0
San Marcos Springs,3,1989-06-01,1989-08-01,103.58100358422939,0,0
San Marcos Springs,3,1989-07-01,1989-09-01,96.06989247311827,0,0
San Marcos Springs,3,1989-08-01,1989-10-01,88.8763440860215,0,0
San Marcos Springs,3,1989-09-01,1989-11-01,83.59534050179211,0,0
San Marcos Springs,3,1989-10-01,1989-12-01,82.69749103942652,0,0
San Marcos Springs,3,1989-11-01,1990-01-01,83.27813620071684,0,0
San Marcos Springs,3,1989-12-01,1990-02-01,84.16781874039938,0,0
San Marcos Springs,3,1990-01-01,1990-03-01,87.86674347158218,0,0
San Marcos Springs,3,1990-02-01,1990-04-01,95.50186891961086,0,0
San Marcos Springs,3,1990-03-01,1990-05-01,111.07598566308243,0,0
San Marcos Springs,3,1990-04-01,1990-06-01,120.39713261648745,0,0
San Marcos Springs,3,1990-05-01,1990-07-01,127.27813620071684,0,0
San Marcos Springs,3,1990-06-01,1990-08-01,128.08458781362006,0,0
San Marcos Springs,3,1990-07-01,1990-09-01,128.18458781362008,0,0
San Marcos Springs,3,1990-08-01,1990-10-01,124.94802867383513,0,0
San Marcos Springs,3,1990-09-01,1990-11-01,120.65555555555555,0,0
San Marcos Springs,3,1990-10-01,1990-12-01,118.96559139784947,0,0
San Marcos Springs,3,1990-11-01,1991-01-01,134.49247311827958,0,0
San Marcos Springs,3,1990-12-01,1991-02-01,158.61866359447004,0,0
San Marcos Springs,3,1991-01-01,1991-03-01,183.6294162826421,0,0
San Marcos Springs,3,1991-02-01,1991-04-01,198.5247567844342,0,0
San Marcos Springs,3,1991-03-01,1991-05-01,208.09964157706094,0,0
San Marcos Springs,3,1991-04-01,1991-06-01,215.6677419354839,0,0
San Marcos Springs,3,1991-05-01,1991-07-01,214.2347670250896,0,0
San Marcos Springs,3,1991-06-01,1991-08-01,204.0627240143369,0,0
San Marcos Springs,3,1991-07-01,1991-09-01,190.71827956989247,0,0
San Marcos Springs,3,1991-08-01,1991-10-01,172.95483870967743,0,0
San Marcos Springs,3,1991-09-01,1991-11-01,156.67025089605735,0,0
San Marcos Springs,3,1991-10-01,1991-12-01,171.7584229390681,0,0
San Marcos Springs,3,1991-11-01,1992-01-01,248.42508960573477,0,0
San Marcos Springs,3,1991-12-01,1992-02-01,340.1208750463478,0,0
San Marcos Springs,3,1992-01-01,1992-03-01,414.88431590656285,0,0
San Marcos Springs,3,1992-02-01,1992-04-01,429.89184278828327,0,0
San Marcos Springs,3,1992-03-01,1992-05-01,426.3731182795699,0,0
San Marcos Springs,3,1992-04-01,1992-06-01,416.14372759856633,0,0
San Marcos Springs,3,1992-05-01,1992-07-01,400.89964157706095,0,0
San Marcos Springs,3,1992-06-01,1992-08-01,370.06093189964156,0,0
San Marcos Springs,3,1992-07-01,1992-09-01,321.51648745519714,0,0
San Marcos Springs,3,1992-08-01,1992-10-01,275.06487455197134,0,0
San Marcos Springs,3,1992-09-01,1992-11-01,243.9820788530466,0,0
San Marcos Springs,3,1992-10-01,1992-12-01,223.86344086021506,0,0
San Marcos Springs,3,1992-11-01,1993-01-01,209.86344086021506,0,0
San Marcos Springs,3,1992-12-01,1993-02-01,200.93010752688173,0,0
San Marcos Springs,3,1993-01-01,1993-03-01,196.88709677419357,0,0
San Marcos Springs,3,1993-02-01,1993-04-01,195.5494623655914,0,0
San Marcos Springs,3,1993-03-01,1993-05-01,203.63010752688172,0,0
San Marcos Springs,3,1993-04-01,1993-06-01,211.6695340501792,0,0
San Marcos Springs,3,1993-05-01,1993-07-01,219.4910394265233,0,0
San Marcos Springs,3,1993-06-01,1993-08-01,212.28673835125448,0,0
San Marcos Springs,3,1993-07-01,1993-09-01,197.66451612903225,0,0
San Marcos Springs,3,1993-08-01,1993-10-01,178.1483870967742,0,0
San Marcos Springs,3,1993-09-01,1993-11-01,165.09426523297492,0,0
San Marcos Springs,3,1993-10-01,1993-12-01,156.73082437275986,0,0
San Marcos Springs,3,1993-11-01,1994-01-01,151.60179211469534,0,0
San Marcos Springs,3,1993-12-01,1994-02-01,145.73195084485408,0,0
San Marcos Springs,3,1994-01-01,1994-03-01,140.87173579109063,0,0
San Marcos Springs,3,1994-02-01,1994-04-01,137.30650281618023,0,0
San Marcos Springs,3,1994-03-01,1994-05-01,136.72508960573478,0,0
San Marcos Springs,3,1994-04-01,1994-06-01,136.71541218637992,0,0
San Marcos Springs,3,1994-05-01,1994-07-01,135.20537634408603,0,0
San Marcos Springs,3,1994-06-01,1994-08-01,130.59247311827957,0,0
San Marcos Springs,3,1994-07-01,1994-09-01,126.08136200716847,0,0
San Marcos Springs,3,1994-08-01,1994-10-01,125.59749103942652,0,0
San Marcos Springs,3,1994-09-01,1994-11-01,132.78387096774193,0,0
San Marcos Springs,3,1994-10-01,1994-12-01,141.2293906810036,0,0
San Marcos Springs,3,1994-11-01,1995-01-01,151.55197132616487,0,0
San Marcos Springs,3,1994-12-01,1995-02-01,150.85752688172042,0,0
San Marcos Springs,3,1995-01-01,1995-03-01,152.92204301075267,0,0
San Marcos Springs,3,1995-02-01,1995-04-01,154.29336917562725,0,0
San Marcos Springs,3,1995-03-01,1995-05-01,156.62939068100357,0,0
San Marcos Springs,3,1995-04-01,1995-06-01,174.4415770609319,0,0
San Marcos Springs,3,1995-05-01,1995-07-01,182.0379928315412,0,0
San Marcos Springs,3,1995-06-01,1995-08-01,187.65089605734767,0,0
San Marcos Springs,3,1995-07-01,1995-09-01,169.55089605734767,0,0
San Marcos Springs,3,1995-08-01,1995-10-01,154.62616487455196,0,0
San Marcos Springs,3,1995-09-01,1995-11-01,146.01612903225808,0,0
San Marcos Springs,3,1995-10-01,1995-12-01,138.1856630824373,0,0
San Marcos Springs,3,1995-11-01,1996-01-01,129.9168458781362,0,0
San Marcos Springs,3,1995-12-01,1996-02-01,118.26473859844272,0,0
San Marcos Springs,3,1996-01-01,1996-03-01,110.55506117908787,0,0
San Marcos Springs,3,1996-02-01,1996-04-01,105.38552712890866,0,0
San Marcos Springs,3,1996-03-01,1996-05-01,102.8089605734767,0,0
San Marcos Springs,3,1996-04-01,1996-06-01,98.38243727598567,0,0
San Marcos Springs,3,1996-05-01,1996-07-01,92.74551971326164,0,0
San Marcos Springs,3,1996-06-01,1996-08-01,86.45519713261649,0,0
San Marcos Springs,3,1996-07-01,1996-09-01,91.1663082437276,0,0
San Marcos Springs,3,1996-08-01,1996-10-01,98.80071684587813,0,0
San Marcos Springs,3,1996-09-01,1996-11-01,102.81971326164874,0,0
San Marcos Springs,3,1996-10-01,1996-12-01,97.13727598566308,0,0
San Marcos Springs,3,1996-11-01,1997-01-01,94.40609318996415,0,0
San Marcos Springs,3,1996-12-01,1997-02-01,96.16244239631337,0,0
San Marcos Springs,3,1997-01-01,1997-03-01,103.60330261136713,0,0
San Marcos Springs,3,1997-02-01,1997-04-01,117.24810547875065,0,0
San Marcos Springs,3,1997-03-01,1997-05-01,145.07491039426523,0,0
San Marcos Springs,3,1997-04-01,1997-06-01,198.44982078853047,0,0
San Marcos Springs,3,1997-05-01,1997-07-01,254.05232974910393,0,0
San Marcos Springs,3,1997-06-01,1997-08-01,282.4501792114695,0,0
San Marcos Springs,3,1997-07-01,1997-09-01,266.80573476702506,0,0
San Marcos Springs,3,1997-08-01,1997-10-01,230.64444444444445,0,0
San Marcos Springs,3,1997-09-01,1997-11-01,201.48566308243727,0,0
San Marcos Springs,3,1997-10-01,1997-12-01,181.24982078853046,0,0
San Marcos Springs,3,1997-11-01,1998-01-01,171.77670250896057,0,0
San Marcos Springs,3,1997-12-01,1998-02-01,173.639400921659,0,0
San Marcos Springs,3,1998-01-01,1998-03-01,187.35983102918587,0,0
San Marcos Springs,3,1998-02-01,1998-04-01,199.41395289298515,0,0
San Marcos Springs,3,1998-03-01,1998-05-01,196.82831541218638,0,0
San Marcos Springs,3,1998-04-01,1998-06-01,182.38817204301074,0,0
San Marcos Springs,3,1998-05-01,1998-07-01,166.09749103942653,0,0
San Marcos Springs,3,1998-06-01,1998-08-01,158.6458781362007,0,0
San Marcos Springs,3,1998-07-01,1998-09-01,166.95698924731184,0,0
San Marcos Springs,3,1998-08-01,1998-10-01,206.0752688172043,0,0
San Marcos Springs,3,1998-09-01,1998-11-01,278.51648745519714,0,0
San Marcos Springs,3,1998-10-01,1998-12-01,333.9143369175627,0,0
San Marcos Springs,3,1998-11-01,1999-01-01,346.3336917562724,0,0
San Marcos Springs,3,1998-12-01,1999-02-01,314.036866359447,0,0
San Marcos Springs,3,1999-01-01,1999-03-01,271.67127496159753,0,0
San Marcos Springs,3,1999-02-01,1999-04-01,232.56876600102407,0,0
San Marcos Springs,3,1999-03-01,1999-05-01,200.75770609318997,0,0
San Marcos Springs,3,1999-04-01,1999-06-01,185.01433691756273,0,0
San Marcos Springs,3,1999-05-01,1999-07-01,179.50394265232975,0,0
San Marcos Springs,3,1999-06-01,1999-08-01,168.60071684587814,0,0
San Marcos Springs,3,1999-07-01,1999-09-01,151.2562724014337,0,0
San Marcos Springs,3,1999-08-01,1999-10-01,129.89068100358423,0,0
San Marcos Springs,3,1999-09-01,1999-11-01,118.81290322580645,0,0
San Marcos Springs,3,1999-10-01,1999-12-01,114.27706093189964,0,0
San Marcos Springs,3,1999-11-01,2000-01-01,113.14802867383513,0,0
San Marcos Springs,3,1999-12-01,2000-02-01,113.60511679644048,0,0
San Marcos Springs,3,2000-01-01,2000-03-01,113.37931034482759,0,0
San Marcos Springs,3,2000-02-01,2000-04-01,114.17321715486342,0,0
San Marcos Springs,3,2000-03-01,2000-05-01,116.42831541218638,0,0
San Marcos Springs,3,2000-04-01,2000-06-01,133.6677419354839,0,0
San Marcos Springs,3,2000-05-01,2000-07-01,146.61577060931901,0,0
San Marcos Springs,3,2000-06-01,2000-08-01,147.4437275985663,0,0
San Marcos Springs,3,2000-07-01,2000-09-01,129.05483870967743,0,0
San Marcos Springs,3,2000-08-01,2000-10-01,116.87204301075269,0,0
San Marcos Springs,3,2000-09-01,2000-11-01,147.13189964157706,0,0
San Marcos Springs,3,2000-10-01,2000-12-01,183.46415770609318,0,0
San Marcos Springs,3,2000-11-01,2001-01-01,223.95878136200716,0,0
San Marcos Springs,3,2000-12-01,2001-02-01,237.26036866359448,0,0
San Marcos Springs,3,2001-01-01,2001-03-01,251.3141321044547,0,0
San Marcos Springs,3,2001-02-01,2001-04-01,257.0320532514081,0,0
San Marcos Springs,3,2001-03-01,2001-05-01,250.02974910394266,0,0
San Marcos Springs,3,2001-04-01,2001-06-01,232.01039426523297,0,0
San Marcos Springs,3,2001-05-01,2001-07-01,210.61505376344087,0,0
San Marcos Springs,3,2001-06-01,2001-08-01,191.1204301075269,0,0
San Marcos Springs,3,2001-07-01,2001-09-01,193.0204301075269,0,0
San Marcos Springs,3,2001-08-01,2001-10-01,196.3752688172043,0,0
San Marcos Springs,3,2001-09-01,2001-11-01,216.60394265232975,0,0
San Marcos Springs,3,2001-10-01,2001-12-01,251.863082437276,0,0
San Marcos Springs,3,2001-11-01,2002-01-01,288.9598566308244,0,0
San Marcos Springs,3,2001-12-01,2002-02-01,305.40668202764977,0,0
San Marcos Springs,3,2002-01-01,2002-03-01,283.93356374807985,0,0
San Marcos Springs,3,2002-02-01,2002-04-01,252.05506912442397,0,0
San Marcos Springs,3,2002-03-01,2002-05-01,221.66989247311827,0,0
San Marcos Springs,3,2002-04-01,2002-06-01,193.68387096774194,0,0
San Marcos Springs,3,2002-05-01,2002-07-01,220.4763440860215,0,0
San Marcos Springs,3,2002-06-01,2002-08-01,258.98172043010754,0,0
San Marcos Springs,3,2002-07-01,2002-09-01,299.34838709677416,0,0
San Marcos Springs,3,2002-08-01,2002-10-01,290.8,0,0
San Marcos Springs,3,2002-09-01,2002-11-01,296.7440860215054,0,0
San Marcos Springs,3,2002-10-01,2002-12-01,305.6430107526882,0,0
San Marcos Springs,3,2002-11-01,2003-01-01,321.2021505376344,0,0
San Marcos Springs,3,2002-12-01,2003-02-01,315.2807219662058,0,0
San Marcos Springs,3,2003-01-01,2003-03-01,308.53878648233484,0,0
San Marcos Springs,3,2003-02-01,2003-04-01,295.93556067588327,0,0
San Marcos Springs,3,2003-03-01,2003-05-01,274.4505376344086,0,0
San Marcos Springs,3,2003-04-01,2003-06-01,251.78243727598567,0,0
San Marcos Springs,3,2003-05-01,2003-07-01,231.8372759856631,0,0
San Marcos Springs,3,2003-06-01,2003-08-01,214.6652329749104,0,0
San Marcos Springs,3,2003-07-01,2003-09-01,201.53189964157707,0,0
San Marcos Springs,3,2003-08-01,2003-10-01,191.02652329749105,0,0
San Marcos Springs,3,2003-09-01,2003-11-01,184.02724014336917,0,0
San Marcos Springs,3,2003-10-01,2003-12-01,174.0867383512545,0,0
San Marcos Springs,3,2003-11-01,2004-01-01,163.95770609318996,0,0
San Marcos Springs,3,2003-12-01,2004-02-01,157.77456433073786,0,0
San Marcos Springs,3,2004-01-01,2004-03-01,153.9573600296626,0,0
San Marcos Springs,3,2004-02-01,2004-04-01,153.88137436658016,0,0
San Marcos Springs,3,2004-03-01,2004-05-01,161.26810035842294,0,0
San Marcos Springs,3,2004-04-01,2004-06-01,184.20358422939069,0,0
San Marcos Springs,3,2004-05-01,2004-07-01,219.16129032258064,0,0
San Marcos Springs,3,2004-06-01,2004-08-01,235.95698924731184,0,0
San Marcos Springs,3,2004-07-01,2004-09-01,228.7125448028674,0,0
San Marcos Springs,3,2004-08-01,2004-10-01,206.05663082437277,0,0
San Marcos Springs,3,2004-09-01,2004-11-01,224.41290322580645,0,0
San Marcos Springs,3,2004-10-01,2004-12-01,280.3777777777778,0,0
San Marcos Springs,3,2004-11-01,2005-01-01,326.76487455197133,0,0
San Marcos Springs,3,2004-12-01,2005-02-01,337.5061443932412,0,0
San Marcos Springs,3,2005-01-01,2005-03-01,316.67818740399383,0,0
San Marcos Springs,3,2005-02-01,2005-04-01,303.5004096262161,0,0
San Marcos Springs,3,2005-03-01,2005-05-01,287.6609318996416,0,0
San Marcos Springs,3,2005-04-01,2005-06-01,267.71290322580643,0,0
San Marcos Springs,3,2005-05-01,2005-07-01,239.7078853046595,0,0
San Marcos Springs,3,2005-06-01,2005-08-01,215.22401433691755,0,0
San Marcos Springs,3,2005-07-01,2005-09-01,195.268458781362,0,0
San Marcos Springs,3,2005-08-01,2005-10-01,183.9673835125448,0,0
San Marcos Springs,3,2005-09-01,2005-11-01,171.28279569892473,0,0
San Marcos Springs,3,2005-10-01,2005-12-01,158.2293906810036,0,0
San Marcos Springs,3,2005-11-01,2006-01-01,145.4336917562724,0,0
San Marcos Springs,3,2005-12-01,2006-02-01,136.71543778801842,0,0
San Marcos Springs,3,2006-01-01,2006-03-01,131.5864055299539,0,0
San Marcos Springs,3,2006-02-01,2006-04-01,125.02153097798258,0,0
San Marcos Springs,3,2006-03-01,2006-05-01,123.02652329749104,0,0
San Marcos Springs,3,2006-04-01,2006-06-01,117.98673835125447,0,0
San Marcos Springs,3,2006-05-01,2006-07-01,115.01397849462366,0,0
San Marcos Springs,3,2006-06-01,2006-08-01,107.00322580645161,0,0
San Marcos Springs,3,2006-07-01,2006-09-01,100.21433691756272,0,0
San Marcos Springs,3,2006-08-01,2006-10-01,95.83799283154121,0,0
San Marcos Springs,3,2006-09-01,2006-11-01,95.61756272401433,0,0
San Marcos Springs,3,2006-10-01,2006-12-01,97.55376344086021,0,0
San Marcos Springs,3,2006-11-01,2007-01-01,114.73655913978494,0,0
San Marcos Springs,3,2006-12-01,2007-02-01,138.42703533026113,0,0
San Marcos Springs,3,2007-01-01,2007-03-01,172.1152073732719,0,0
San Marcos Springs,3,2007-02-01,2007-04-01,197.63707117255504,0,0
San Marcos Springs,3,2007-03-01,2007-05-01,211.55412186379928,0,0
San Marcos Springs,3,2007-04-01,2007-06-01,228.11863799283154,0,0
San Marcos Springs,3,2007-05-01,2007-07-01,257.11290322580646,0,0
San Marcos Springs,3,2007-06-01,2007-08-01,327.0376344086022,0,0
San Marcos Springs,3,2007-07-01,2007-09-01,374.92652329749103,0,0
San Marcos Springs,3,2007-08-01,2007-10-01,375.94802867383515,0,0
San Marcos Springs,3,2007-09-01,2007-11-01,326.915770609319,0,0
San Marcos Springs,3,2007-10-01,2007-12-01,275.35483870967744,0,0
San Marcos Springs,3,2007-11-01,2008-01-01,238.98924731182794,0,0
San Marcos Springs,3,2007-12-01,2008-02-01,208.57545420837968,0,0
San Marcos Springs,3,2008-01-01,2008-03-01,186.59695958472378,0,0
San Marcos Springs,3,2008-02-01,2008-04-01,171.46900259547647,0,0
San Marcos Springs,3,2008-03-01,2008-05-01,156.32365591397848,0,0
San Marcos Springs,3,2008-04-01,2008-06-01,142.71863799283153,0,0
San Marcos Springs,3,2008-05-01,2008-07-01,133.50250896057346,0,0
San Marcos Springs,3,2008-06-01,2008-08-01,129.12616487455196,0,0
San Marcos Springs,3,2008-07-01,2008-09-01,124.15949820788529,0,0
San Marcos Springs,3,2008-08-01,2008-10-01,116.41756272401433,0,0
San Marcos Springs,3,2008-09-01,2008-11-01,109.64193548387097,0,0
San Marcos Springs,3,2008-10-01,2008-12-01,103.78351254480286,0,0
San Marcos Springs,3,2008-11-01,2009-01-01,100.21362007168459,0,0
San Marcos Springs,3,2008-12-01,2009-02-01,98.47235023041475,0,0
San Marcos Springs,3,2009-01-01,2009-03-01,98.66589861751152,0,0
San Marcos Springs,3,2009-02-01,2009-04-01,98.00496671786995,0,0
San Marcos Springs,3,2009-03-01,2009-05-01,95.93046594982079,0,0
San Marcos Springs,3,2009-04-01,2009-06-01,92.584229390681,0,0
San Marcos Springs,3,2009-05-01,2009-07-01,90.14838709677419,0,0
San Marcos Springs,3,2009-06-01,2009-08-01,88.22365591397849,0,0
San Marcos Springs,3,2009-07-01,2009-09-01,89.40143369175627,0,0
San Marcos Springs,3,2009-08-01,2009-10-01,109.24014336917563,0,0
San Marcos Springs,3,2009-09-01,2009-11-01,140.13620071684588,0,0
San Marcos Springs,3,2009-10-01,2009-12-01,170.16487455197134,0,0
San Marcos Springs,3,2009-11-01,2010-01-01,185.19713261648747,0,0
San Marcos Springs,3,2009-12-01,2010-02-01,209.16935483870967,0,0
San Marcos Springs,3,2010-01-01,2010-03-01,233.2983870967742,0,0
San Marcos Springs,3,2010-02-01,2010-04-01,251.69659498207886,0,0
San Marcos Springs,3,2010-03-01,2010-05-01,245.75304659498207,0,0
San Marcos Springs,3,2010-04-01,2010-06-01,235.4731182795699,0,0
San Marcos Springs,3,2010-05-01,2010-07-01,225.515770609319,0,0
San Marcos Springs,3,2010-06-01,2010-08-01,216.76308243727598,0,0
San Marcos Springs,3,2010-07-01,2010-09-01,213.67419354838708,0,0
San Marcos Springs,3,2010-08-01,2010-10-01,208.26559139784945,0,0
San Marcos Springs,3,2010-09-01,2010-11-01,199.789605734767,0,0
San Marcos Springs,3,2010-10-01,2010-12-01,184.39498207885305,0,0
San Marcos Springs,3,2010-11-01,2011-01-01,171.62078853046594,0,0
San Marcos Springs,3,2010-12-01,2011-02-01,161.68586789554533,0,0
San Marcos Springs,3,2011-01-01,2011-03-01,154.857910906298,0,0
San Marcos Springs,3,2011-02-01,2011-04-01,146.02027649769585,0,0
San Marcos Springs,3,2011-03-01,2011-05-01,136.18387096774194,0,0
San Marcos Springs,3,2011-04-01,2011-06-01,123.49534050179211,0,0
San Marcos Springs,3,2011-05-01,2011-07-01,112.50501792114696,0,0
San Marcos Springs,3,2011-06-01,2011-08-01,103.5910394265233,0,0
San Marcos Springs,3,2011-07-01,2011-09-01,96.77992831541218,0,0
San Marcos Springs,3,2011-08-01,2011-10-01,92.69390681003584,0,0
San Marcos Springs,3,2011-09-01,2011-11-01,92.07921146953404,0,0
San Marcos Springs,3,2011-10-01,2011-12-01,94.99820788530467,0,0
San Marcos Springs,3,2011-11-01,2012-01-01,100.04121863799283,0,0
San Marcos Springs,3,2011-12-01,2012-02-01,117.98183166481276,0,0
San Marcos Springs,3,2012-01-01,2012-03-01,144.51946607341492,0,0
San Marcos Springs,3,2012-02-01,2012-04-01,177.67502162897046,0,0
San Marcos Springs,3,2012-03-01,2012-05-01,199.68243727598568,0,0
San Marcos Springs,3,2012-04-01,2012-06-01,209.13691756272402,0,0
San Marcos Springs,3,2012-05-01,2012-07-01,201.4652329749104,0,0
San Marcos Springs,3,2012-06-01,2012-08-01,184.43297491039428,0,0
San Marcos Springs,3,2012-07-01,2012-09-01,164.2774193548387,0,0
San Marcos Springs,3,2012-08-01,2012-10-01,152.76129032258066,0,0
San Marcos Springs,3,2012-09-01,2012-11-01,143.53440860215053,0,0
San Marcos Springs,3,2012-10-01,2012-12-01,135.7731182795699,0,0
San Marcos Springs,3,2012-11-01,2013-01-01,126.1494623655914,0,0
San Marcos Springs,3,2012-12-01,2013-02-01,119.27803379416282,0,0
San Marcos Springs,3,2013-01-01,2013-03-01,114.21351766513057,0,0
San Marcos Springs,3,2013-02-01,2013-04-01,110.03609831029186,0,0
San Marcos Springs,3,2013-03-01,2013-05-01,106.5752688172043,0,0
San Marcos Springs,3,2013-04-01,2013-06-01,110.66774193548387,0,0
San Marcos Springs,3,2013-05-01,2013-07-01,112.69462365591397,0,0
San Marcos Springs,3,2013-06-01,2013-08-01,113.7483870967742,0,0
San Marcos Springs,3,2013-07-01,2013-09-01,107.87060931899642,0,0
San Marcos Springs,3,2013-08-01,2013-10-01,108.94587813620072,0,0
San Marcos Springs,3,2013-09-01,2013-11-01,143.83548387096775,0,0
San Marcos Springs,3,2013-10-01,2013-12-01,171.17992831541218,0,0
San Marcos Springs,3,2013-11-01,2014-01-01,186.34121863799282,0,0
San Marcos Springs,3,2013-12-01,2014-02-01,165.83486943164363,0,0
San Marcos Springs,3,2014-01-01,2014-03-01,150.31874039938555,0,0
San Marcos Springs,3,2014-02-01,2014-04-01,137.6441884280594,0,0
San Marcos Springs,3,2014-03-01,2014-05-01,127.17491039426523,0,0
San Marcos Springs,3,2014-04-01,2014-06-01,132.2021505376344,0,0
San Marcos Springs,3,2014-05-01,2014-07-01,136.29605734767026,0,0
San Marcos Springs,3,2014-06-01,2014-08-01,134.79068100358424,0,0
San Marcos Springs,3,2014-07-01,2014-09-01,119.32401433691757,0,0
San Marcos Springs,3,2014-08-01,2014-10-01,109.27025089605735,0,0
San Marcos Springs,3,2014-09-01,2014-11-01,107.64014336917563,0,0
San Marcos Springs,3,2014-10-01,2014-12-01,111.50967741935484,0,0
San Marcos Springs,3,2014-11-01,2015-01-01,117.76774193548387,0,0
San Marcos Springs,3,2014-12-01,2015-02-01,133.30107526881721,0,0
San Marcos Springs,3,2015-01-01,2015-03-01,148.66666666666666,0,0
San Marcos Springs,3,2015-02-01,2015-04-01,165.44623655913978,0,0
San Marcos Springs,3,2015-03-01,2015-05-01,182.80107526881721,0,0
San Marcos Springs,3,2015-04-01,2015-06-01,241.28817204301075,0,0
San Marcos Springs,3,2015-05-01,2015-07-01,288.7989247311828,0,0
San Marcos Springs,3,2015-06-01,2015-08-01,313.3795698924731,0,0
San Marcos Springs,3,2015-07-01,2015-09-01,280.1351254480287,0,0
San Marcos Springs,3,2015-08-01,2015-10-01,242.7695340501792,0,0
San Marcos Springs,3,2015-09-01,2015-11-01,257.2451612903226,0,0
San Marcos Springs,3,2015-10-01,2015-12-01,285.57240143369177,0,0
San Marcos Springs,3,2015-11-01,2016-01-01,313.86272401433695,0,0
San Marcos Springs,3,2015-12-01,2016-02-01,289.761957730812,0,0
San Marcos Springs,3,2016-01-01,2016-03-01,261.45012977382277,0,0
San Marcos Springs,3,2016-02-01,2016-04-01,250.34797923618837,0,0
San Marcos Springs,3,2016-03-01,2016-05-01,269.94086021505376,0,0
San Marcos Springs,3,2016-04-01,2016-06-01,303.8810035842294,0,0
San Marcos Springs,3,2016-05-01,2016-07-01,323.1551971326165,0,0
San Marcos Springs,3,2016-06-01,2016-08-01,314.2519713261649,0,0
San Marcos Springs,3,2016-07-01,2016-09-01,287.7741935483871,0,0
San Marcos Springs,3,2016-08-01,2016-10-01,272.5483870967742,0,0
San Marcos Springs,3,2016-09-01,2016-11-01,259.69283154121865,0,0
San Marcos Springs,3,2016-10-01,2016-12-01,252.3594982078853,0,0
San Marcos Springs,3,2016-11-01,2017-01-01,237.9831541218638,0,0
San Marcos Springs,3,2016-12-01,2017-02-01,234.6363287250384,0,0
San Marcos Springs,3,2017-01-01,2017-03-01,234.0126728110599,0,0
San Marcos Springs,3,2017-02-01,2017-04-01,249.17396313364054,0,0
San Marcos Springs,3,2017-03-01,2017-05-01,260.10752688172045,0,0
San Marcos Springs,3,2017-04-01,2017-06-01,260.9089605734767,0,0
San Marcos Springs,3,2017-05-01,2017-07-01,237.73691756272402,0,0
San Marcos Springs,3,2017-06-01,2017-08-01,209.97347670250895,0,0
San Marcos Springs,3,2017-07-01,2017-09-01,205.8290322580645,0,0
San Marcos Springs,3,2017-08-01,2017-10-01,205.93655913978495,0,0
San Marcos Springs,3,2017-09-01,2017-11-01,206.06881720430107,0,0
San Marcos Springs,3,2017-10-01,2017-12-01,187.4225806451613,0,0
San Marcos Springs,3,2017-11-01,2018-01-01,174.83118279569894,0,0
San Marcos Springs,3,2017-12-01,2018-02-01,167.54070660522274,0,0
San Marcos Springs,3,2018-01-01,2018-03-01,162.36866359447004,0,0
San Marcos Springs,3,2018-02-01,2018-04-01,168.0690220174091,0,0
San Marcos Springs,3,2018-03-01,2018-05-01,171.59283154121863,0,0
San Marcos Springs,3,2018-04-01,2018-06-01,166.9,0,0
San Marcos Springs,3,2018-05-01,2018-07-01,155.67275985663082,0,0
San Marcos Springs,3,2018-06-01,2018-08-01,140.51146953405018,0,0
San Marcos Springs,3,2018-07-01,2018-09-01,142.2336917562724,0,0
San Marcos Springs,3,2018-08-01,2018-10-01,155.37347670250895,0,0
San Marcos Springs,3,2018-09-01,2018-11-01,184.7236559139785,0,0
San Marcos Springs,3,2018-10-01,2018-12-01,214.04910394265232,0,0
San Marcos Springs,3,2018-11-01,2019-01-01,236.35017921146954,0,0
San Marcos Springs,3,2018-12-01,2019-02-01,246.4589093701997,0,0
San Marcos Springs,3,2019-01-01,2019-03-01,247.12557603686636,0,0
San Marcos Springs,3,2019-02-01,2019-04-01,241.634178187404,0,0
San Marcos Springs,3,2019-03-01,2019-05-01,249.2935483870968,0,0
San Marcos Springs,3,2019-04-01,2019-06-01,257.0903225806452,0,0
San Marcos Springs,3,2019-05-01,2019-07-01,253.56021505376344,0,0
San Marcos Springs,3,2019-06-01,2019-08-01,234.45268817204303,0,0
San Marcos Springs,3,2019-07-01,2019-09-01,211.49713261648745,0,0
San Marcos Springs,3,2019-08-01,2019-10-01,195.09928315412188,0,0
San Marcos Springs,3,2019-09-01,2019-11-01,183.105376344086,0,0
San Marcos Springs,3,2019-10-01,2019-12-01,173.85555555555555,0,0
San Marcos Springs,3,2019-11-01,2020-01-01,167.22114695340503,0,0
San Marcos Springs,3,2019-12-01,2020-02-01,158.21616611049313,0,0
San Marcos Springs,3,2020-01-01,2020-03-01,152.54949944382648,0,0
San Marcos Springs,3,2020-02-01,2020-04-01,148.55630947966876,0,0
San Marcos Springs,3,2020-03-01,2020-05-01,153.684229390681,0,0
San Marcos Springs,3,2020-04-01,2020-06-01,167.92293906810036,0,0
San Marcos Springs,3,2020-05-01,2020-07-01,175.2279569892473,0,0
San Marcos Springs,3,2020-06-01,2020-08-01,166.3784946236559,0,0
San Marcos Springs,3,2020-07-01,2020-09-01,147.92293906810036,0,0
San Marcos Springs,3,2020-08-01,2020-10-01,140.37455197132616,0,0
San Marcos Springs,3,2020-09-01,2020-11-01,137.6010752688172,0,0
San Marcos Springs,3,2020-10-01,2020-12-01,132.80716845878135,0,0
San Marcos Springs,3,2020-11-01,2021-01-01,123.40931899641576,0,0
San Marcos Springs,3,2020-12-01,2021-02-01,116.56566820276498,0,0
San Marcos Springs,3,2021-01-01,2021-03-01,112.18932411674348,0,0
San Marcos Springs,3,2021-02-01,2021-04-01,107.07498719918075,0,0
San Marcos Springs,3,2021-03-01,2021-05-01,116.14372759856631,0,0
San Marcos Springs,3,2021-04-01,2021-06-01,137.03620071684588,0,0
San Marcos Springs,3,2021-05-01,2021-07-01,158.98924731182797,0,0
San Marcos Springs,3,2021-06-01,2021-08-01,166.43010752688173,0,0
San Marcos Springs,3,2021-07-01,2021-09-01,158.26344086021504,0,0
San Marcos Springs,3,2021-08-01,2021-10-01,161.81182795698925,0,0
San Marcos Springs,3,2021-09-01,2021-11-01,176.9236559139785,0,0
San Marcos Springs,3,2021-10-01,2021-12-01,186.86451612903227,0,0
San Marcos Springs,3,2021-11-01,2022-01-01,180.46666666666667,0,0
San Marcos Springs,3,2021-12-01,2022-02-01,168.39285714285714,0,0
San Marcos Springs,3,2022-01-01,2022-03-01,166.18855606758834,0,0
San Marcos Springs,3,2022-02-01,2022-04-01,161.87386072708654,0,0
San Marcos Springs,3,2022-03-01,2022-05-01,148.31971326164876,0,0
San Marcos Springs,3,2022-04-01,2022-06-01,127.74982078853047,0,0
San Marcos Springs,3,2022-05-01,2022-07-01,112.23655913978494,0,0
San Marcos Springs,3,2022-06-01,2022-08-01,99.64516129032258,0,0
San Marcos Springs,3,2022-07-01,2022-09-01,92.92293906810035,0,0
San Marcos Springs,3,2022-08-01,2022-10-01,87.72939068100358,0,0
San Marcos Springs,3,2022-09-01,2022-11-01,86.70430107526882,0,0
San Marcos Springs,3,2022-10-01,2022-12-01,86.45878136200717,0,0
San Marcos Springs,3,2022-11-01,2023-01-01,88.168458781362,0,0
San Marcos Springs,3,2022-12-01,2023-02-01,89.11290322580645,0,0
San Marcos Springs,3,2023-01-01,2023-03-01,88.39247311827957,0,0
San Marcos Springs,3,2023-02-01,2023-04-01,87.64516129032258,0,0
San Marcos Springs,3,2023-03-01,2023-05-01,90.73405017921147,1,0
San Marcos Springs,3,2023-04-01,2023-06-01,92.22222222222223,1,0
San Marcos Springs,3,2023-05-01,2023-07-01,91.86200716845879,1,0
San Marcos Springs,3,2023-06-01,2023-08-01,83.21935483870968,0,0
San Marcos Springs,3,2023-07-01,2023-09-01,76.41935483870968,0,0
San Marcos Springs,3,2023-08-01,2023-10-01,73.86021505376344,0,0
San Marcos Springs,3,2023-09-01,2023-11-01,78.53620071684587,0,0
San Marcos Springs,3,2023-10-01,2023-12-01,83.76200716845878,0,0
San Marcos Springs,3,2023-11-01,2024-01-01,92.53620071684587,0,0
San Marcos Springs,3,2023-12-01,2024-02-01,119.30478309232481,0,0
San Marcos Springs,3,2024-01-01,2024-03-01,141.29403040415278,0,0
San Marcos Springs,3,2024-02-01,2024-04-01,147.77252502780868,0,0
San Marcos Springs,3,2024-03-01,2024-05-01,134.6290322580645,0,0
San Marcos Springs,3,2024-04-01,2024-06-01,121.68064516129033,0,0
San Marcos Springs,3,2024-05-01,2024-07-01,116.11612903225807,0,0
San Marcos Springs,3,2024-06-01,2024-08-01,106.65376344086022,0,0
San Marcos Springs,3,2024-07-01,2024-09-01,100.06487455197133,0,0
San Marcos Springs,3,2024-08-01,2024-10-01,93.2584229390681,0,0
San Marcos Springs,3,2024-09-01,2024-11-01,87.07347670250896,0,0
San Marcos Springs,3,2024-10-01,2024-12-01,84.2989247311828,0,0
San Marcos Springs,3,2024-11-01,2025-01-01,82.9010752688172,0,0
San Marcos Springs,3,2024-12-01,2025-02-01,83.84869431643625,0,0
San Marcos Springs,3,2025-01-01,2025-03-01,84.48310291858678,0,0
San Marcos Springs,3,2025-02-01,2025-04-01,85.65192012288786,0,0
San Marcos Springs,3,2025-03-01,2025-05-01,85.66344086021505,0,0
San Marcos Springs,3,2025-04-01,2025-06-01,89.13691756272401,0,0
San Marcos Springs,3,2025-05-01,2025-07-01,95.02186379928315,0,0
San Marcos Springs,3,2025-06-01,2025-08-01,100.21541218637994,0,0
San Marcos Springs,3,2025-07-01,2025-09-01,98.70430107526882,0,0
San Marcos Springs,3,2025-08-01,2025-10-01,93.43548387096774,0,0
San Marcos Springs,3,2025-09-01,2025-11-01,88.59390681003585,0,0
San Marcos Springs,3,2025-10-01,2025-12-01,85.10465949820788,0,0
San Marcos Springs,3,2025-11-01,2026-01-01,83.49175627240143,0,0
San Marcos Springs,3,2025-12-01,2026-02-01,81.72350230414746,0,0
San Marcos Springs,3,2026-01-01,2026-03-01,80.15360983102919,0,0
San Marcos Springs,3,2026-02-01,2026-04-01,78.29482846902202,0,0
San Marcos Springs,3,2026-03-01,2026-05-01,80.85089605734767,0,0
San Marcos Springs,3,2026-04-01,2026-06-01,86.76559139784946,0,0
San Marcos Springs,3,2026-05-01,2026-07-01,98.3448028673835,0,0
San Marcos Springs,6,1955-08-01,1956-01-01,NA,NA,NA
San Marcos Springs,6,1955-09-01,1956-02-01,NA,NA,NA
San Marcos Springs,6,1955-10-01,1956-03-01,NA,NA,NA
San Marcos Springs,6,1955-11-01,1956-04-01,NA,NA,NA
San Marcos Springs,6,1955-12-01,1956-05-01,NA,NA,NA
San Marcos Springs,6,1956-01-01,1956-06-01,NA,5,5
San Marcos Springs,6,1956-02-01,1956-07-01,NA,4,4
San Marcos Springs,6,1956-03-01,1956-08-01,NA,3,3
San Marcos Springs,6,1956-04-01,1956-09-01,NA,2,2
San Marcos Springs,6,1956-05-01,1956-10-01,NA,1,1
San Marcos Springs,6,1956-06-01,1956-11-01,60.95179211469534,0,0
San Marcos Springs,6,1956-07-01,1956-12-01,62.34623655913978,0,0
San Marcos Springs,6,1956-08-01,1957-01-01,65.63118279569892,0,0
San Marcos Springs,6,1956-09-01,1957-02-01,68.77192780337941,0,0
San Marcos Springs,6,1956-10-01,1957-03-01,74.43787762416795,0,0
San Marcos Springs,6,1956-11-01,1957-04-01,85.86332565284178,0,0
San Marcos Springs,6,1956-12-01,1957-05-01,107.55544034818229,0,0
San Marcos Springs,6,1957-01-01,1957-06-01,127.72210701484894,0,0
San Marcos Springs,6,1957-02-01,1957-07-01,141.08232206861237,0,0
San Marcos Springs,6,1957-03-01,1957-08-01,151.6243727598566,0,0
San Marcos Springs,6,1957-04-01,1957-09-01,158.44731182795698,0,0
San Marcos Springs,6,1957-05-01,1957-10-01,169.46810035842293,0,0
San Marcos Springs,6,1957-06-01,1957-11-01,173.00931899641577,0,0
San Marcos Springs,6,1957-07-01,1957-12-01,176.0146953405018,0,0
San Marcos Springs,6,1957-08-01,1958-01-01,183.22437275985664,0,0
San Marcos Springs,6,1957-09-01,1958-02-01,196.9858934971838,0,0
San Marcos Springs,6,1957-10-01,1958-03-01,217.95327700972862,0,0
San Marcos Springs,6,1957-11-01,1958-04-01,223.9047107014849,0,0
San Marcos Springs,6,1957-12-01,1958-05-01,231.70220174091142,0,0
San Marcos Springs,6,1958-01-01,1958-06-01,235.75238095238095,0,0
San Marcos Springs,6,1958-02-01,1958-07-01,235.51044546851,0,0
San Marcos Springs,6,1958-03-01,1958-08-01,227.43172043010753,0,0
San Marcos Springs,6,1958-04-01,1958-09-01,211.5032258064516,0,0
San Marcos Springs,6,1958-05-01,1958-10-01,202.50340501792115,0,0
San Marcos Springs,6,1958-06-01,1958-11-01,193.85035842293908,0,0
San Marcos Springs,6,1958-07-01,1958-12-01,188.2410394265233,0,0
San Marcos Springs,6,1958-08-01,1959-01-01,184.82706093189964,0,0
San Marcos Springs,6,1958-09-01,1959-02-01,185.72126216077828,0,0
San Marcos Springs,6,1958-10-01,1959-03-01,185.5261008704557,0,0
San Marcos Springs,6,1958-11-01,1959-04-01,183.2092549923195,0,0
San Marcos Springs,6,1958-12-01,1959-05-01,176.51283922171018,0,0
San Marcos Springs,6,1959-01-01,1959-06-01,169.92215821812596,0,0
San Marcos Springs,6,1959-02-01,1959-07-01,166.26086789554532,0,0
San Marcos Springs,6,1959-03-01,1959-08-01,160.68387096774194,0,0
San Marcos Springs,6,1959-04-01,1959-09-01,156.02347670250896,0,0
San Marcos Springs,6,1959-05-01,1959-10-01,155.30268817204302,0,0
San Marcos Springs,6,1959-06-01,1959-11-01,152.63243727598567,0,0
San Marcos Springs,6,1959-07-01,1959-12-01,150.80913978494624,0,0
San Marcos Springs,6,1959-08-01,1960-01-01,149.76075268817203,0,0
San Marcos Springs,6,1959-09-01,1960-02-01,152.4348350018539,0,0
San Marcos Springs,6,1959-10-01,1960-03-01,155.58985292300088,0,0
San Marcos Springs,6,1959-11-01,1960-04-01,156.43841923124458,0,0
San Marcos Springs,6,1959-12-01,1960-05-01,166.02264862192558,0,0
San Marcos Springs,6,1960-01-01,1960-06-01,174.74039055740946,0,0
San Marcos Springs,6,1960-02-01,1960-07-01,185.50383141762453,0,0
San Marcos Springs,6,1960-03-01,1960-08-01,192.915770609319,0,0
San Marcos Springs,6,1960-04-01,1960-09-01,200.91075268817204,0,0
San Marcos Springs,6,1960-05-01,1960-10-01,204.728853046595,0,0
San Marcos Springs,6,1960-06-01,1960-11-01,208.22240143369174,0,0
San Marcos Springs,6,1960-07-01,1960-12-01,214.60143369175628,0,0
San Marcos Springs,6,1960-08-01,1961-01-01,218.86487455197133,0,0
San Marcos Springs,6,1960-09-01,1961-02-01,226.08799283154121,0,0
San Marcos Springs,6,1960-10-01,1961-03-01,230.41559139784948,0,0
San Marcos Springs,6,1960-11-01,1961-04-01,235.45860215053764,0,0
San Marcos Springs,6,1960-12-01,1961-05-01,230.36827956989248,0,0
San Marcos Springs,6,1961-01-01,1961-06-01,222.2114695340502,0,0
San Marcos Springs,6,1961-02-01,1961-07-01,212.4964157706093,0,0
San Marcos Springs,6,1961-03-01,1961-08-01,200.47759856630825,0,0
San Marcos Springs,6,1961-04-01,1961-09-01,188.16666666666666,0,0
San Marcos Springs,6,1961-05-01,1961-10-01,177.1236559139785,0,0
San Marcos Springs,6,1961-06-01,1961-11-01,167.5806451612903,0,0
San Marcos Springs,6,1961-07-01,1961-12-01,160.39336917562724,0,0
San Marcos Springs,6,1961-08-01,1962-01-01,154.19444444444446,0,0
San Marcos Springs,6,1961-09-01,1962-02-01,147.95730926779314,0,0
San Marcos Springs,6,1961-10-01,1962-03-01,144.47791858678954,0,0
San Marcos Springs,6,1961-11-01,1962-04-01,140.65981822836662,0,0
San Marcos Springs,6,1961-12-01,1962-05-01,137.07379672299027,0,0
San Marcos Springs,6,1962-01-01,1962-06-01,131.53885048643113,0,0
San Marcos Springs,6,1962-02-01,1962-07-01,125.71626984126983,0,0
San Marcos Springs,6,1962-03-01,1962-08-01,121.60394265232975,0,0
San Marcos Springs,6,1962-04-01,1962-09-01,122.94444444444444,0,0
San Marcos Springs,6,1962-05-01,1962-10-01,128.48835125448028,0,0
San Marcos Springs,6,1962-06-01,1962-11-01,130.3799283154122,0,0
San Marcos Springs,6,1962-07-01,1962-12-01,133.33960573476702,0,0
San Marcos Springs,6,1962-08-01,1963-01-01,136.79659498207886,0,0
San Marcos Springs,6,1962-09-01,1963-02-01,138.9803507424475,0,0
San Marcos Springs,6,1962-10-01,1963-03-01,136.34415002560164,0,0
San Marcos Springs,6,1962-11-01,1963-04-01,130.02246543778801,0,0
San Marcos Springs,6,1962-12-01,1963-05-01,127.79755504352278,0,0
San Marcos Springs,6,1963-01-01,1963-06-01,126.36565540194573,0,0
San Marcos Springs,6,1963-02-01,1963-07-01,122.66673067076293,0,0
San Marcos Springs,6,1963-03-01,1963-08-01,118.3915770609319,0,0
San Marcos Springs,6,1963-04-01,1963-09-01,112.27222222222223,0,0
San Marcos Springs,6,1963-05-01,1963-10-01,104.7068100358423,0,0
San Marcos Springs,6,1963-06-01,1963-11-01,97.82616487455198,0,0
San Marcos Springs,6,1963-07-01,1963-12-01,91.27956989247312,0,0
San Marcos Springs,6,1963-08-01,1964-01-01,87.68817204301075,0,0
San Marcos Springs,6,1963-09-01,1964-02-01,85.36911383018169,0,0
San Marcos Springs,6,1963-10-01,1964-03-01,85.45621060437523,0,0
San Marcos Springs,6,1963-11-01,1964-04-01,88.17162279075517,0,0
San Marcos Springs,6,1963-12-01,1964-05-01,90.5791496724756,0,0
San Marcos Springs,6,1964-01-01,1964-06-01,93.64796687677666,0,0
San Marcos Springs,6,1964-02-01,1964-07-01,96.68560128537882,0,0
San Marcos Springs,6,1964-03-01,1964-08-01,97.9347670250896,0,0
San Marcos Springs,6,1964-04-01,1964-09-01,98.6032258064516,0,0
San Marcos Springs,6,1964-05-01,1964-10-01,99.58673835125448,0,0
San Marcos Springs,6,1964-06-01,1964-11-01,100.07921146953404,0,0
San Marcos Springs,6,1964-07-01,1964-12-01,99.62329749103942,0,0
San Marcos Springs,6,1964-08-01,1965-01-01,100.61254480286738,0,0
San Marcos Springs,6,1964-09-01,1965-02-01,114.24925755248336,0,0
San Marcos Springs,6,1964-10-01,1965-03-01,127.31198156682028,0,0
San Marcos Springs,6,1964-11-01,1965-04-01,137.4951356886841,0,0
San Marcos Springs,6,1964-12-01,1965-05-01,152.5994367639529,0,0
San Marcos Springs,6,1965-01-01,1965-06-01,172.50535074244752,0,0
San Marcos Springs,6,1965-02-01,1965-07-01,187.2042754736303,0,0
San Marcos Springs,6,1965-03-01,1965-08-01,187.52992831541218,0,0
San Marcos Springs,6,1965-04-01,1965-09-01,184.71720430107527,0,0
San Marcos Springs,6,1965-05-01,1965-10-01,181.41039426523298,0,0
San Marcos Springs,6,1965-06-01,1965-11-01,171.48942652329748,0,0
San Marcos Springs,6,1965-07-01,1965-12-01,167.3899641577061,0,0
San Marcos Springs,6,1965-08-01,1966-01-01,166.38458781362007,0,0
San Marcos Springs,6,1965-09-01,1966-02-01,166.73750640040964,0,0
San Marcos Springs,6,1965-10-01,1966-03-01,171.40506912442396,0,0
San Marcos Springs,6,1965-11-01,1966-04-01,175.58965693804404,0,0
San Marcos Springs,6,1965-12-01,1966-05-01,181.56976446492575,0,0
San Marcos Springs,6,1966-01-01,1966-06-01,176.36922683051716,0,0
San Marcos Springs,6,1966-02-01,1966-07-01,170.15954941116232,0,0
San Marcos Springs,6,1966-03-01,1966-08-01,164.47329749103943,0,0
San Marcos Springs,6,1966-04-01,1966-09-01,156.3057347670251,0,0
San Marcos Springs,6,1966-05-01,1966-10-01,149.19641577060932,0,0
San Marcos Springs,6,1966-06-01,1966-11-01,140.3774193548387,0,0
San Marcos Springs,6,1966-07-01,1966-12-01,131.497311827957,0,0
San Marcos Springs,6,1966-08-01,1967-01-01,123.71236559139786,0,0
San Marcos Springs,6,1966-09-01,1967-02-01,116.02361751152074,0,0
San Marcos Springs,6,1966-10-01,1967-03-01,110.97612647209421,0,0
San Marcos Springs,6,1966-11-01,1967-04-01,107.92988991295442,0,0
San Marcos Springs,6,1966-12-01,1967-05-01,105.31340245775729,0,0
San Marcos Springs,6,1967-01-01,1967-06-01,102.46017665130569,0,0
San Marcos Springs,6,1967-02-01,1967-07-01,98.72899385560676,0,0
San Marcos Springs,6,1967-03-01,1967-08-01,96.42849462365591,0,0
San Marcos Springs,6,1967-04-01,1967-09-01,95.97043010752688,0,0
San Marcos Springs,6,1967-05-01,1967-10-01,97.40376344086022,0,0
San Marcos Springs,6,1967-06-01,1967-11-01,103.88136200716846,0,0
San Marcos Springs,6,1967-07-01,1967-12-01,111.98727598566308,0,0
San Marcos Springs,6,1967-08-01,1968-01-01,130.3689964157706,0,0
San Marcos Springs,6,1967-09-01,1968-02-01,159.8421146953405,0,0
San Marcos Springs,6,1967-10-01,1968-03-01,182.6926523297491,0,0
San Marcos Springs,6,1967-11-01,1968-04-01,201.1926523297491,0,0
San Marcos Springs,6,1967-12-01,1968-05-01,216.9516129032258,0,0
San Marcos Springs,6,1968-01-01,1968-06-01,231.55125448028673,0,0
San Marcos Springs,6,1968-02-01,1968-07-01,234.3415770609319,0,0
San Marcos Springs,6,1968-03-01,1968-08-01,219.28243727598567,0,0
San Marcos Springs,6,1968-04-01,1968-09-01,206.54856630824372,0,0
San Marcos Springs,6,1968-05-01,1968-10-01,193.3926523297491,0,0
San Marcos Springs,6,1968-06-01,1968-11-01,177.96702508960573,0,0
San Marcos Springs,6,1968-07-01,1968-12-01,163.12544802867384,0,0
San Marcos Springs,6,1968-08-01,1969-01-01,150.10931899641577,0,0
San Marcos Springs,6,1968-09-01,1969-02-01,143.87679211469535,0,0
San Marcos Springs,6,1968-10-01,1969-03-01,141.9171146953405,0,0
San Marcos Springs,6,1968-11-01,1969-04-01,145.7896953405018,0,0
San Marcos Springs,6,1968-12-01,1969-05-01,156.81747311827957,0,0
San Marcos Springs,6,1969-01-01,1969-06-01,168.6812724014337,0,0
San Marcos Springs,6,1969-02-01,1969-07-01,176.5844982078853,0,0
San Marcos Springs,6,1969-03-01,1969-08-01,181.24175627240143,0,0
San Marcos Springs,6,1969-04-01,1969-09-01,181.5625448028674,0,0
San Marcos Springs,6,1969-05-01,1969-10-01,178.0394265232975,0,0
San Marcos Springs,6,1969-06-01,1969-11-01,167.26164874551972,0,0
San Marcos Springs,6,1969-07-01,1969-12-01,156.51612903225805,0,0
San Marcos Springs,6,1969-08-01,1970-01-01,152.4569892473118,0,0
San Marcos Springs,6,1969-09-01,1970-02-01,153.7640168970814,0,0
San Marcos Springs,6,1969-10-01,1970-03-01,161.93785202252946,0,0
San Marcos Springs,6,1969-11-01,1970-04-01,171.7165258576549,0,0
San Marcos Springs,6,1969-12-01,1970-05-01,188.08570148489503,0,0
San Marcos Springs,6,1970-01-01,1970-06-01,206.5923323092678,0,0
San Marcos Springs,6,1970-02-01,1970-07-01,218.888031233999,0,0
San Marcos Springs,6,1970-03-01,1970-08-01,223.76379928315413,0,0
San Marcos Springs,6,1970-04-01,1970-09-01,220.77329749103944,0,0
San Marcos Springs,6,1970-05-01,1970-10-01,217.81720430107526,0,0
San Marcos Springs,6,1970-06-01,1970-11-01,208.27025089605735,0,0
San Marcos Springs,6,1970-07-01,1970-12-01,192.51093189964158,0,0
San Marcos Springs,6,1970-08-01,1971-01-01,179.1399641577061,0,0
San Marcos Springs,6,1970-09-01,1971-02-01,170.11538658474143,0,0
San Marcos Springs,6,1970-10-01,1971-03-01,161.49298515104968,0,0
San Marcos Springs,6,1970-11-01,1971-04-01,150.08796722990272,0,0
San Marcos Springs,6,1970-12-01,1971-05-01,139.2048131080389,0,0
San Marcos Springs,6,1971-01-01,1971-06-01,130.1863543266769,0,0
San Marcos Springs,6,1971-02-01,1971-07-01,121.99818228366615,0,0
San Marcos Springs,6,1971-03-01,1971-08-01,117.2915770609319,0,0
San Marcos Springs,6,1971-04-01,1971-09-01,113.53064516129032,0,0
San Marcos Springs,6,1971-05-01,1971-10-01,110.7421146953405,0,0
San Marcos Springs,6,1971-06-01,1971-11-01,110.70860215053763,0,0
San Marcos Springs,6,1971-07-01,1971-12-01,123.53888888888889,0,0
San Marcos Springs,6,1971-08-01,1972-01-01,138.11415770609318,0,0
San Marcos Springs,6,1971-09-01,1972-02-01,147.85442466938574,0,0
San Marcos Springs,6,1971-10-01,1972-03-01,156.02395871956494,0,0
San Marcos Springs,6,1971-11-01,1972-04-01,163.61804474107032,0,0
San Marcos Springs,6,1971-12-01,1972-05-01,171.71607341490545,0,0
San Marcos Springs,6,1972-01-01,1972-06-01,168.71912000988752,0,0
San Marcos Springs,6,1972-02-01,1972-07-01,165.26213076257568,0,0
San Marcos Springs,6,1972-03-01,1972-08-01,162.26379928315413,0,0
San Marcos Springs,6,1972-04-01,1972-09-01,160.62759856630822,0,0
San Marcos Springs,6,1972-05-01,1972-10-01,157.67867383512544,0,0
San Marcos Springs,6,1972-06-01,1972-11-01,154.35286738351255,0,0
San Marcos Springs,6,1972-07-01,1972-12-01,152.7100358422939,0,0
San Marcos Springs,6,1972-08-01,1973-01-01,151.87132616487455,0,0
San Marcos Springs,6,1972-09-01,1973-02-01,155.64551971326165,0,0
San Marcos Springs,6,1972-10-01,1973-03-01,164.00752688172042,0,0
San Marcos Springs,6,1972-11-01,1973-04-01,175.77867383512546,0,0
San Marcos Springs,6,1972-12-01,1973-05-01,186.17437275985662,0,0
San Marcos Springs,6,1973-01-01,1973-06-01,195.65609318996417,0,0
San Marcos Springs,6,1973-02-01,1973-07-01,207.8173835125448,0,0
San Marcos Springs,6,1973-03-01,1973-08-01,214.90878136200718,0,0
San Marcos Springs,6,1973-04-01,1973-09-01,215.4967741935484,0,0
San Marcos Springs,6,1973-05-01,1973-10-01,224.8116487455197,0,0
San Marcos Springs,6,1973-06-01,1973-11-01,236.2326164874552,0,0
San Marcos Springs,6,1973-07-01,1973-12-01,240.91756272401435,0,0
San Marcos Springs,6,1973-08-01,1974-01-01,237.0573476702509,0,0
San Marcos Springs,6,1973-09-01,1974-02-01,232.65642601126473,0,0
San Marcos Springs,6,1973-10-01,1974-03-01,229.15445468509984,0,0
San Marcos Springs,6,1973-11-01,1974-04-01,214.00069124423965,0,0
San Marcos Springs,6,1973-12-01,1974-05-01,198.95069124423964,0,0
San Marcos Springs,6,1974-01-01,1974-06-01,187.9990783410138,0,0
San Marcos Springs,6,1974-02-01,1974-07-01,178.88079877112136,0,0
San Marcos Springs,6,1974-03-01,1974-08-01,171.42688172043012,0,0
San Marcos Springs,6,1974-04-01,1974-09-01,170.0010752688172,0,0
San Marcos Springs,6,1974-05-01,1974-10-01,170.4021505376344,0,0
San Marcos Springs,6,1974-06-01,1974-11-01,172.12437275985664,0,0
San Marcos Springs,6,1974-07-01,1974-12-01,181.62437275985664,0,0
San Marcos Springs,6,1974-08-01,1975-01-01,192.8394265232975,0,0
San Marcos Springs,6,1974-09-01,1975-02-01,211.69215309779827,0,0
San Marcos Springs,6,1974-10-01,1975-03-01,223.3760240655402,0,0
San Marcos Springs,6,1974-11-01,1975-04-01,231.61383768561188,0,0
San Marcos Springs,6,1974-12-01,1975-05-01,242.64967997951868,0,0
San Marcos Springs,6,1975-01-01,1975-06-01,251.9607910906298,0,0
San Marcos Springs,6,1975-02-01,1975-07-01,259.756490015361,0,0
San Marcos Springs,6,1975-03-01,1975-08-01,256.6188172043011,0,0
San Marcos Springs,6,1975-04-01,1975-09-01,251.9127240143369,0,0
San Marcos Springs,6,1975-05-01,1975-10-01,248.63727598566308,0,0
San Marcos Springs,6,1975-06-01,1975-11-01,237.02921146953406,0,0
San Marcos Springs,6,1975-07-01,1975-12-01,218.27724014336917,0,0
San Marcos Springs,6,1975-08-01,1976-01-01,201.18046594982079,0,0
San Marcos Springs,6,1975-09-01,1976-02-01,186.61391051785935,0,0
San Marcos Springs,6,1975-10-01,1976-03-01,174.78774564330737,0,0
San Marcos Springs,6,1975-11-01,1976-04-01,165.42430478309234,0,0
San Marcos Springs,6,1975-12-01,1976-05-01,166.6183908045977,0,0
San Marcos Springs,6,1976-01-01,1976-06-01,178.6536954640959,0,0
San Marcos Springs,6,1976-02-01,1976-07-01,191.93326535656902,0,0
San Marcos Springs,6,1976-03-01,1976-08-01,201.68799283154124,0,0
San Marcos Springs,6,1976-04-01,1976-09-01,212.78082437275987,0,0
San Marcos Springs,6,1976-05-01,1976-10-01,224.97759856630825,0,0
San Marcos Springs,6,1976-06-01,1976-11-01,238.0057347670251,0,0
San Marcos Springs,6,1976-07-01,1976-12-01,242.9489247311828,0,0
San Marcos Springs,6,1976-08-01,1977-01-01,247.5456989247312,0,0
San Marcos Springs,6,1976-09-01,1977-02-01,260.44162826420893,0,0
San Marcos Springs,6,1976-10-01,1977-03-01,272.6283666154634,0,0
San Marcos Springs,6,1976-11-01,1977-04-01,281.4649257552484,0,0
San Marcos Springs,6,1976-12-01,1977-05-01,280.1679723502304,0,0
San Marcos Springs,6,1977-01-01,1977-06-01,274.1747823860727,0,0
San Marcos Springs,6,1977-02-01,1977-07-01,264.2930619559652,0,0
San Marcos Springs,6,1977-03-01,1977-08-01,247.7573476702509,0,0
San Marcos Springs,6,1977-04-01,1977-09-01,231.28172043010753,0,0
San Marcos Springs,6,1977-05-01,1977-10-01,212.33763440860216,0,0
San Marcos Springs,6,1977-06-01,1977-11-01,191.71236559139786,0,0
San Marcos Springs,6,1977-07-01,1977-12-01,173.5173835125448,0,0
San Marcos Springs,6,1977-08-01,1978-01-01,158.0442652329749,0,0
San Marcos Springs,6,1977-09-01,1978-02-01,145.7347414234511,0,0
San Marcos Springs,6,1977-10-01,1978-03-01,134.62434715821811,0,0
San Marcos Springs,6,1977-11-01,1978-04-01,127.03509984639017,0,0
San Marcos Springs,6,1977-12-01,1978-05-01,121.82165898617512,0,0
San Marcos Springs,6,1978-01-01,1978-06-01,119.37219662058372,0,0
San Marcos Springs,6,1978-02-01,1978-07-01,116.38832565284179,0,0
San Marcos Springs,6,1978-03-01,1978-08-01,115.04193548387097,0,0
San Marcos Springs,6,1978-04-01,1978-09-01,116.62455197132617,0,0
San Marcos Springs,6,1978-05-01,1978-10-01,118.09551971326165,0,0
San Marcos Springs,6,1978-06-01,1978-11-01,119.39229390681004,0,0
San Marcos Springs,6,1978-07-01,1978-12-01,122.15358422939067,0,0
San Marcos Springs,6,1978-08-01,1979-01-01,133.84175627240143,0,0
San Marcos Springs,6,1978-09-01,1979-02-01,149.4857654889913,0,0
San Marcos Springs,6,1978-10-01,1979-03-01,166.8063748079877,0,0
San Marcos Springs,6,1978-11-01,1979-04-01,186.39651817716333,0,0
San Marcos Springs,6,1978-12-01,1979-05-01,208.5567332309268,0,0
San Marcos Springs,6,1979-01-01,1979-06-01,224.62877624167947,0,0
San Marcos Springs,6,1979-02-01,1979-07-01,230.38146441372248,0,0
San Marcos Springs,6,1979-03-01,1979-08-01,231.24820788530468,0,0
San Marcos Springs,6,1979-04-01,1979-09-01,223.37759856630825,0,0
San Marcos Springs,6,1979-05-01,1979-10-01,210.59928315412188,0,0
San Marcos Springs,6,1979-06-01,1979-11-01,191.78906810035843,0,0
San Marcos Springs,6,1979-07-01,1979-12-01,175.86756272401433,0,0
San Marcos Springs,6,1979-08-01,1980-01-01,163.66863799283155,0,0
San Marcos Springs,6,1979-09-01,1980-02-01,150.95173031763687,0,0
San Marcos Springs,6,1979-10-01,1980-03-01,141.58578049684834,0,0
San Marcos Springs,6,1979-11-01,1980-04-01,133.54742924236805,0,0
San Marcos Springs,6,1979-12-01,1980-05-01,131.72323569398097,0,0
San Marcos Springs,6,1980-01-01,1980-06-01,133.18362995921393,0,0
San Marcos Springs,6,1980-02-01,1980-07-01,132.947070819429,0,0
San Marcos Springs,6,1980-03-01,1980-08-01,132.28763440860214,0,0
San Marcos Springs,6,1980-04-01,1980-09-01,133.24247311827958,0,0
San Marcos Springs,6,1980-05-01,1980-10-01,136.03351254480287,0,0
San Marcos Springs,6,1980-06-01,1980-11-01,134.39659498207885,0,0
San Marcos Springs,6,1980-07-01,1980-12-01,131.18351254480285,0,0
San Marcos Springs,6,1980-08-01,1981-01-01,129.47383512544803,0,0
San Marcos Springs,6,1980-09-01,1981-02-01,128.52510240655403,0,0
San Marcos Springs,6,1980-10-01,1981-03-01,127.63477982590886,0,0
San Marcos Springs,6,1980-11-01,1981-04-01,127.9270737327189,0,0
San Marcos Springs,6,1980-12-01,1981-05-01,130.32743215565796,0,0
San Marcos Springs,6,1981-01-01,1981-06-01,149.87384792626727,0,0
San Marcos Springs,6,1981-02-01,1981-07-01,176.56201996927803,0,0
San Marcos Springs,6,1981-03-01,1981-08-01,195.51075268817203,0,0
San Marcos Springs,6,1981-04-01,1981-09-01,209.65663082437277,0,0
San Marcos Springs,6,1981-05-01,1981-10-01,219.1600358422939,0,0
San Marcos Springs,6,1981-06-01,1981-11-01,224.99301075268818,0,0
San Marcos Springs,6,1981-07-01,1981-12-01,211.33906810035842,0,0
San Marcos Springs,6,1981-08-01,1982-01-01,189.3551971326165,0,0
San Marcos Springs,6,1981-09-01,1982-02-01,173.21598822324628,0,0
San Marcos Springs,6,1981-10-01,1982-03-01,159.95720686123911,0,0
San Marcos Springs,6,1981-11-01,1982-04-01,148.83157962109576,0,0
San Marcos Springs,6,1981-12-01,1982-05-01,142.65451868919612,0,0
San Marcos Springs,6,1982-01-01,1982-06-01,137.0806835637481,0,0
San Marcos Springs,6,1982-02-01,1982-07-01,132.74735023041475,0,0
San Marcos Springs,6,1982-03-01,1982-08-01,129.4241935483871,0,0
San Marcos Springs,6,1982-04-01,1982-09-01,127.53853046594982,0,0
San Marcos Springs,6,1982-05-01,1982-10-01,126.615770609319,0,0
San Marcos Springs,6,1982-06-01,1982-11-01,123.27616487455197,0,0
San Marcos Springs,6,1982-07-01,1982-12-01,121.23709677419355,0,0
San Marcos Springs,6,1982-08-01,1983-01-01,119.03279569892473,0,0
San Marcos Springs,6,1982-09-01,1983-02-01,118.55238095238096,0,0
San Marcos Springs,6,1982-10-01,1983-03-01,121.88965693804403,0,0
San Marcos Springs,6,1982-11-01,1983-04-01,129.18463901689708,0,0
San Marcos Springs,6,1982-12-01,1983-05-01,136.8253200204813,0,0
San Marcos Springs,6,1983-01-01,1983-06-01,146.57549923195086,0,0
San Marcos Springs,6,1983-02-01,1983-07-01,156.57549923195086,0,0
San Marcos Springs,6,1983-03-01,1983-08-01,163.3784946236559,0,0
San Marcos Springs,6,1983-04-01,1983-09-01,164.0856630824373,0,0
San Marcos Springs,6,1983-05-01,1983-10-01,159.62401433691755,0,0
San Marcos Springs,6,1983-06-01,1983-11-01,154.46666666666667,0,0
San Marcos Springs,6,1983-07-01,1983-12-01,146.70035842293908,0,0
San Marcos Springs,6,1983-08-01,1984-01-01,138.9853046594982,0,0
San Marcos Springs,6,1983-09-01,1984-02-01,132.55464095909034,0,0
San Marcos Springs,6,1983-10-01,1984-03-01,127.16467680138425,0,0
San Marcos Springs,6,1983-11-01,1984-04-01,122.06521443579285,0,0
San Marcos Springs,6,1983-12-01,1984-05-01,116.48600296625881,0,0
San Marcos Springs,6,1984-01-01,1984-06-01,111.33564454331975,0,0
San Marcos Springs,6,1984-02-01,1984-07-01,104.15284884439501,0,0
San Marcos Springs,6,1984-03-01,1984-08-01,96.34695340501793,0,0
San Marcos Springs,6,1984-04-01,1984-09-01,89.50913978494624,0,0
San Marcos Springs,6,1984-05-01,1984-10-01,86.29139784946237,0,0
San Marcos Springs,6,1984-06-01,1984-11-01,86.20394265232974,0,0
San Marcos Springs,6,1984-07-01,1984-12-01,88.0747311827957,0,0
San Marcos Springs,6,1984-08-01,1985-01-01,96.20913978494623,0,0
San Marcos Springs,6,1984-09-01,1985-02-01,108.63675115207373,0,0
San Marcos Springs,6,1984-10-01,1985-03-01,123.80789810547874,0,0
San Marcos Springs,6,1984-11-01,1985-04-01,137.6034178187404,0,0
San Marcos Springs,6,1984-12-01,1985-05-01,146.99732462877623,0,0
San Marcos Springs,6,1985-01-01,1985-06-01,160.82653609831027,0,0
San Marcos Springs,6,1985-02-01,1985-07-01,178.61148233486944,0,0
San Marcos Springs,6,1985-03-01,1985-08-01,187.44731182795698,0,0
San Marcos Springs,6,1985-04-01,1985-09-01,191.04283154121865,0,0
San Marcos Springs,6,1985-05-01,1985-10-01,189.8709677419355,0,0
San Marcos Springs,6,1985-06-01,1985-11-01,194.81039426523296,0,0
San Marcos Springs,6,1985-07-01,1985-12-01,203.3790322580645,0,0
San Marcos Springs,6,1985-08-01,1986-01-01,199.83064516129033,0,0
San Marcos Springs,6,1985-09-01,1986-02-01,199.47695852534562,0,0
San Marcos Springs,6,1985-10-01,1986-03-01,199.79541730670763,0,0
San Marcos Springs,6,1985-11-01,1986-04-01,200.08394777265744,0,0
San Marcos Springs,6,1985-12-01,1986-05-01,201.1821556579621,0,0
San Marcos Springs,6,1986-01-01,1986-06-01,201.857962109575,0,0
San Marcos Springs,6,1986-02-01,1986-07-01,204.43860727086533,0,0
San Marcos Springs,6,1986-03-01,1986-08-01,205.30304659498208,0,0
San Marcos Springs,6,1986-04-01,1986-09-01,204.87347670250895,0,0
San Marcos Springs,6,1986-05-01,1986-10-01,209.34301075268817,0,0
San Marcos Springs,6,1986-06-01,1986-11-01,207.86146953405017,0,0
San Marcos Springs,6,1986-07-01,1986-12-01,199.8899641577061,0,0
San Marcos Springs,6,1986-08-01,1987-01-01,202.4168458781362,0,0
San Marcos Springs,6,1986-09-01,1987-02-01,204.123835125448,0,0
San Marcos Springs,6,1986-10-01,1987-03-01,215.2953405017921,0,0
San Marcos Springs,6,1986-11-01,1987-04-01,220.0758064516129,0,0
San Marcos Springs,6,1986-12-01,1987-05-01,222.3100358422939,0,0
San Marcos Springs,6,1987-01-01,1987-06-01,250.431541218638,0,0
San Marcos Springs,6,1987-02-01,1987-07-01,265.0874551971326,0,0
San Marcos Springs,6,1987-03-01,1987-08-01,280.7514336917563,0,0
San Marcos Springs,6,1987-04-01,1987-09-01,283.77437275985665,0,0
San Marcos Springs,6,1987-05-01,1987-10-01,283.5422939068101,0,0
San Marcos Springs,6,1987-06-01,1987-11-01,283.8747311827957,0,0
San Marcos Springs,6,1987-07-01,1987-12-01,256.2048387096774,0,0
San Marcos Springs,6,1987-08-01,1988-01-01,229.1510752688172,0,0
San Marcos Springs,6,1987-09-01,1988-02-01,205.11065999258435,0,0
San Marcos Springs,6,1987-10-01,1988-03-01,186.73288221480658,0,0
San Marcos Springs,6,1987-11-01,1988-04-01,175.70940551229762,0,0
San Marcos Springs,6,1987-12-01,1988-05-01,167.7371832900754,0,0
San Marcos Springs,6,1988-01-01,1988-06-01,159.490409096527,0,0
San Marcos Springs,6,1988-02-01,1988-07-01,153.0387961933012,0,0
San Marcos Springs,6,1988-03-01,1988-08-01,146.17598566308243,0,0
San Marcos Springs,6,1988-04-01,1988-09-01,139.26487455197133,0,0
San Marcos Springs,6,1988-05-01,1988-10-01,133.88512544802867,0,0
San Marcos Springs,6,1988-06-01,1988-11-01,128.52956989247312,0,0
San Marcos Springs,6,1988-07-01,1988-12-01,121.75483870967741,0,0
San Marcos Springs,6,1988-08-01,1989-01-01,117.77634408602151,0,0
San Marcos Springs,6,1988-09-01,1989-02-01,115.80130568356375,0,0
San Marcos Springs,6,1988-10-01,1989-03-01,114.54037378392218,0,0
San Marcos Springs,6,1988-11-01,1989-04-01,112.94234511008705,0,0
San Marcos Springs,6,1988-12-01,1989-05-01,112.00757808499745,0,0
San Marcos Springs,6,1989-01-01,1989-06-01,111.10453149001536,0,0
San Marcos Springs,6,1989-02-01,1989-07-01,109.5400153609831,0,0
San Marcos Springs,6,1989-03-01,1989-08-01,107.12258064516129,0,0
San Marcos Springs,6,1989-04-01,1989-09-01,103.21129032258065,0,0
San Marcos Springs,6,1989-05-01,1989-10-01,98.65340501792114,0,0
San Marcos Springs,6,1989-06-01,1989-11-01,93.58817204301076,0,0
San Marcos Springs,6,1989-07-01,1989-12-01,89.3836917562724,0,0
San Marcos Springs,6,1989-08-01,1990-01-01,86.07724014336918,0,0
San Marcos Springs,6,1989-09-01,1990-02-01,83.88157962109575,0,0
San Marcos Springs,6,1989-10-01,1990-03-01,85.28211725550435,0,0
San Marcos Springs,6,1989-11-01,1990-04-01,89.39000256016385,0,0
San Marcos Springs,6,1989-12-01,1990-05-01,97.62190220174091,0,0
San Marcos Springs,6,1990-01-01,1990-06-01,104.13193804403481,0,0
San Marcos Springs,6,1990-02-01,1990-07-01,111.39000256016385,0,0
San Marcos Springs,6,1990-03-01,1990-08-01,119.58028673835125,0,0
San Marcos Springs,6,1990-04-01,1990-09-01,124.29086021505375,0,0
San Marcos Springs,6,1990-05-01,1990-10-01,126.11308243727598,0,0
San Marcos Springs,6,1990-06-01,1990-11-01,124.37007168458781,0,0
San Marcos Springs,6,1990-07-01,1990-12-01,123.57508960573477,0,0
San Marcos Springs,6,1990-08-01,1991-01-01,129.72025089605734,0,0
San Marcos Springs,6,1990-09-01,1991-02-01,139.6371095750128,0,0
San Marcos Springs,6,1990-10-01,1991-03-01,151.29750384024578,0,0
San Marcos Springs,6,1990-11-01,1991-04-01,166.5086149513569,0,0
San Marcos Springs,6,1990-12-01,1991-05-01,183.35915258576549,0,0
San Marcos Springs,6,1991-01-01,1991-06-01,199.64857910906298,0,0
San Marcos Springs,6,1991-02-01,1991-07-01,206.3797619047619,0,0
San Marcos Springs,6,1991-03-01,1991-08-01,206.08118279569894,0,0
San Marcos Springs,6,1991-04-01,1991-09-01,203.19301075268817,0,0
San Marcos Springs,6,1991-05-01,1991-10-01,193.59480286738352,0,0
San Marcos Springs,6,1991-06-01,1991-11-01,180.36648745519713,0,0
San Marcos Springs,6,1991-07-01,1991-12-01,181.23835125448028,0,0
San Marcos Springs,6,1991-08-01,1992-01-01,210.6899641577061,0,0
San Marcos Springs,6,1991-09-01,1992-02-01,248.3955629712026,0,0
San Marcos Springs,6,1991-10-01,1992-03-01,293.3213694228155,0,0
San Marcos Springs,6,1991-11-01,1992-04-01,339.15846619700903,0,0
San Marcos Springs,6,1991-12-01,1992-05-01,383.24699666295885,0,0
San Marcos Springs,6,1992-01-01,1992-06-01,415.5140217525646,0,0
San Marcos Springs,6,1992-02-01,1992-07-01,415.3957421826721,0,0
San Marcos Springs,6,1992-03-01,1992-08-01,398.2170250896057,0,0
San Marcos Springs,6,1992-04-01,1992-09-01,368.8301075268817,0,0
San Marcos Springs,6,1992-05-01,1992-10-01,337.98225806451615,0,0
San Marcos Springs,6,1992-06-01,1992-11-01,307.02150537634407,0,0
San Marcos Springs,6,1992-07-01,1992-12-01,272.6899641577061,0,0
San Marcos Springs,6,1992-08-01,1993-01-01,242.4641577060932,0,0
San Marcos Springs,6,1992-09-01,1993-02-01,222.45609318996418,0,0
San Marcos Springs,6,1992-10-01,1993-03-01,210.3752688172043,0,0
San Marcos Springs,6,1992-11-01,1993-04-01,202.70645161290324,0,0
San Marcos Springs,6,1992-12-01,1993-05-01,202.28010752688172,0,0
San Marcos Springs,6,1993-01-01,1993-06-01,204.27831541218637,0,0
San Marcos Springs,6,1993-02-01,1993-07-01,207.52025089605735,0,0
San Marcos Springs,6,1993-03-01,1993-08-01,207.9584229390681,0,0
San Marcos Springs,6,1993-04-01,1993-09-01,204.66702508960574,0,0
San Marcos Springs,6,1993-05-01,1993-10-01,198.81971326164876,0,0
San Marcos Springs,6,1993-06-01,1993-11-01,188.6905017921147,0,0
San Marcos Springs,6,1993-07-01,1993-12-01,177.19767025089607,0,0
San Marcos Springs,6,1993-08-01,1994-01-01,164.8750896057348,0,0
San Marcos Springs,6,1993-09-01,1994-02-01,155.4131080389145,0,0
San Marcos Springs,6,1993-10-01,1994-03-01,148.80128008192526,0,0
San Marcos Springs,6,1993-11-01,1994-04-01,144.45414746543779,0,0
San Marcos Springs,6,1993-12-01,1994-05-01,141.22852022529443,0,0
San Marcos Springs,6,1994-01-01,1994-06-01,138.7935739887353,0,0
San Marcos Springs,6,1994-02-01,1994-07-01,136.25593958013314,0,0
San Marcos Springs,6,1994-03-01,1994-08-01,133.65878136200718,0,0
San Marcos Springs,6,1994-04-01,1994-09-01,131.3983870967742,0,0
San Marcos Springs,6,1994-05-01,1994-10-01,130.40143369175627,0,0
San Marcos Springs,6,1994-06-01,1994-11-01,131.68817204301075,0,0
San Marcos Springs,6,1994-07-01,1994-12-01,133.65537634408602,0,0
San Marcos Springs,6,1994-08-01,1995-01-01,138.5747311827957,0,0
San Marcos Springs,6,1994-09-01,1995-02-01,141.82069892473118,0,0
San Marcos Springs,6,1994-10-01,1995-03-01,147.07571684587813,0,0
San Marcos Springs,6,1994-11-01,1995-04-01,152.92267025089606,0,0
San Marcos Springs,6,1994-12-01,1995-05-01,153.743458781362,0,0
San Marcos Springs,6,1995-01-01,1995-06-01,163.6818100358423,0,0
San Marcos Springs,6,1995-02-01,1995-07-01,168.1656810035842,0,0
San Marcos Springs,6,1995-03-01,1995-08-01,172.14014336917563,0,0
San Marcos Springs,6,1995-04-01,1995-09-01,171.9962365591398,0,0
San Marcos Springs,6,1995-05-01,1995-10-01,168.3320788530466,0,0
San Marcos Springs,6,1995-06-01,1995-11-01,166.83351254480286,0,0
San Marcos Springs,6,1995-07-01,1995-12-01,153.86827956989248,0,0
San Marcos Springs,6,1995-08-01,1996-01-01,142.2715053763441,0,0
San Marcos Springs,6,1995-09-01,1996-02-01,132.14043381535038,0,0
San Marcos Springs,6,1995-10-01,1996-03-01,124.37036213076257,0,0
San Marcos Springs,6,1995-11-01,1996-04-01,117.65118650352244,0,0
San Marcos Springs,6,1995-12-01,1996-05-01,110.53684958595971,0,0
San Marcos Springs,6,1996-01-01,1996-06-01,104.46874922753676,0,0
San Marcos Springs,6,1996-02-01,1996-07-01,99.06552342108516,0,0
San Marcos Springs,6,1996-03-01,1996-08-01,94.6320788530466,0,0
San Marcos Springs,6,1996-04-01,1996-09-01,94.77437275985663,0,0
San Marcos Springs,6,1996-05-01,1996-10-01,95.77311827956989,0,0
San Marcos Springs,6,1996-06-01,1996-11-01,94.63745519713261,0,0
San Marcos Springs,6,1996-07-01,1996-12-01,94.15179211469534,0,0
San Marcos Springs,6,1996-08-01,1997-01-01,96.60340501792115,0,0
San Marcos Springs,6,1996-09-01,1997-02-01,99.49107782898105,0,0
San Marcos Springs,6,1996-10-01,1997-03-01,100.3702892985151,0,0
San Marcos Springs,6,1996-11-01,1997-04-01,105.8270993343574,0,0
San Marcos Springs,6,1996-12-01,1997-05-01,120.6186763952893,0,0
San Marcos Springs,6,1997-01-01,1997-06-01,151.0265616999488,0,0
San Marcos Springs,6,1997-02-01,1997-07-01,185.65021761392728,0,0
San Marcos Springs,6,1997-03-01,1997-08-01,213.76254480286738,0,0
San Marcos Springs,6,1997-04-01,1997-09-01,232.62777777777777,0,0
San Marcos Springs,6,1997-05-01,1997-10-01,242.3483870967742,0,0
San Marcos Springs,6,1997-06-01,1997-11-01,241.9679211469534,0,0
San Marcos Springs,6,1997-07-01,1997-12-01,224.02777777777777,0,0
San Marcos Springs,6,1997-08-01,1998-01-01,201.2105734767025,0,0
San Marcos Springs,6,1997-09-01,1998-02-01,187.56253200204813,0,0
San Marcos Springs,6,1997-10-01,1998-03-01,184.30482590885816,0,0
San Marcos Springs,6,1997-11-01,1998-04-01,185.59532770097286,0,0
San Marcos Springs,6,1997-12-01,1998-05-01,185.2338581669227,0,0
San Marcos Springs,6,1998-01-01,1998-06-01,184.87400153609832,0,0
San Marcos Springs,6,1998-02-01,1998-07-01,182.75572196620584,0,0
San Marcos Springs,6,1998-03-01,1998-08-01,177.73709677419356,0,0
San Marcos Springs,6,1998-04-01,1998-09-01,174.6725806451613,0,0
San Marcos Springs,6,1998-05-01,1998-10-01,186.0863799283154,0,0
San Marcos Springs,6,1998-06-01,1998-11-01,218.58118279569894,0,0
San Marcos Springs,6,1998-07-01,1998-12-01,250.4356630824373,0,0
San Marcos Springs,6,1998-08-01,1999-01-01,276.2044802867384,0,0
San Marcos Springs,6,1998-09-01,1999-02-01,296.2766769073221,0,0
San Marcos Springs,6,1998-10-01,1999-03-01,302.79280593958015,0,0
San Marcos Springs,6,1998-11-01,1999-04-01,289.45122887864824,0,0
San Marcos Springs,6,1998-12-01,1999-05-01,257.3972862263185,0,0
San Marcos Springs,6,1999-01-01,1999-06-01,228.34280593958013,0,0
San Marcos Springs,6,1999-02-01,1999-07-01,206.03635432667693,0,0
San Marcos Springs,6,1999-03-01,1999-08-01,184.67921146953404,0,0
San Marcos Springs,6,1999-04-01,1999-09-01,168.13530465949822,0,0
San Marcos Springs,6,1999-05-01,1999-10-01,154.69731182795698,0,0
San Marcos Springs,6,1999-06-01,1999-11-01,143.7068100358423,0,0
San Marcos Springs,6,1999-07-01,1999-12-01,132.76666666666668,0,0
San Marcos Springs,6,1999-08-01,2000-01-01,121.51935483870967,0,0
San Marcos Springs,6,1999-09-01,2000-02-01,116.20901001112347,0,0
San Marcos Springs,6,1999-10-01,2000-03-01,113.8281856383636,0,0
San Marcos Springs,6,1999-11-01,2000-04-01,113.66062291434928,0,0
San Marcos Springs,6,1999-12-01,2000-05-01,115.01671610431343,0,0
San Marcos Springs,6,2000-01-01,2000-06-01,123.52352614015572,0,0
San Marcos Springs,6,2000-02-01,2000-07-01,130.3944938820912,0,0
San Marcos Springs,6,2000-03-01,2000-08-01,131.93602150537635,0,0
San Marcos Springs,6,2000-04-01,2000-09-01,131.36129032258066,0,0
San Marcos Springs,6,2000-05-01,2000-10-01,131.74390681003584,0,0
San Marcos Springs,6,2000-06-01,2000-11-01,147.2878136200717,0,0
San Marcos Springs,6,2000-07-01,2000-12-01,156.25949820788531,0,0
San Marcos Springs,6,2000-08-01,2001-01-01,170.41541218637994,0,0
San Marcos Springs,6,2000-09-01,2001-02-01,192.19613415258576,0,0
San Marcos Springs,6,2000-10-01,2001-03-01,217.38914490527395,0,0
San Marcos Springs,6,2000-11-01,2001-04-01,240.49541730670762,0,0
San Marcos Springs,6,2000-12-01,2001-05-01,243.64505888376857,0,0
San Marcos Springs,6,2001-01-01,2001-06-01,241.66226318484382,0,0
San Marcos Springs,6,2001-02-01,2001-07-01,233.8235535074245,0,0
San Marcos Springs,6,2001-03-01,2001-08-01,220.57508960573477,0,0
San Marcos Springs,6,2001-04-01,2001-09-01,212.51541218637993,0,0
San Marcos Springs,6,2001-05-01,2001-10-01,203.49516129032259,0,0
San Marcos Springs,6,2001-06-01,2001-11-01,203.86218637992832,0,0
San Marcos Springs,6,2001-07-01,2001-12-01,222.44175627240145,0,0
San Marcos Springs,6,2001-08-01,2002-01-01,242.66756272401435,0,0
San Marcos Springs,6,2001-09-01,2002-02-01,261.00531233998976,0,0
San Marcos Springs,6,2001-10-01,2002-03-01,267.8983230926779,0,0
San Marcos Springs,6,2001-11-01,2002-04-01,270.50746287762416,0,0
San Marcos Springs,6,2001-12-01,2002-05-01,263.53828725038403,0,0
San Marcos Springs,6,2002-01-01,2002-06-01,238.8087173579109,0,0
San Marcos Springs,6,2002-02-01,2002-07-01,236.26570660522273,0,0
San Marcos Springs,6,2002-03-01,2002-08-01,240.3258064516129,0,0
San Marcos Springs,6,2002-04-01,2002-09-01,246.51612903225805,0,0
San Marcos Springs,6,2002-05-01,2002-10-01,255.63817204301074,0,0
San Marcos Springs,6,2002-06-01,2002-11-01,277.86290322580646,0,0
San Marcos Springs,6,2002-07-01,2002-12-01,302.4956989247312,0,0
San Marcos Springs,6,2002-08-01,2003-01-01,306.0010752688172,0,0
San Marcos Springs,6,2002-09-01,2003-02-01,306.0124039938556,0,0
San Marcos Springs,6,2002-10-01,2003-03-01,307.0908986175115,0,0
San Marcos Springs,6,2002-11-01,2003-04-01,308.5688556067588,0,0
San Marcos Springs,6,2002-12-01,2003-05-01,294.8656298003072,0,0
San Marcos Springs,6,2003-01-01,2003-06-01,280.1606118791603,0,0
San Marcos Springs,6,2003-02-01,2003-07-01,263.88641833077315,0,0
San Marcos Springs,6,2003-03-01,2003-08-01,244.5578853046595,0,0
San Marcos Springs,6,2003-04-01,2003-09-01,226.65716845878137,0,0
San Marcos Springs,6,2003-05-01,2003-10-01,211.43189964157708,0,0
San Marcos Springs,6,2003-06-01,2003-11-01,199.34623655913978,0,0
San Marcos Springs,6,2003-07-01,2003-12-01,187.80931899641578,0,0
San Marcos Springs,6,2003-08-01,2004-01-01,177.4921146953405,0,0
San Marcos Springs,6,2003-09-01,2004-02-01,170.90090223705351,0,0
San Marcos Springs,6,2003-10-01,2004-03-01,164.02204919045855,0,0
San Marcos Springs,6,2003-11-01,2004-04-01,158.91954022988506,0,0
San Marcos Springs,6,2003-12-01,2004-05-01,159.5213323445804,0,0
San Marcos Springs,6,2004-01-01,2004-06-01,169.08047212952664,0,0
San Marcos Springs,6,2004-02-01,2004-07-01,186.5213323445804,0,0
San Marcos Springs,6,2004-03-01,2004-08-01,198.61254480286738,0,0
San Marcos Springs,6,2004-04-01,2004-09-01,206.45806451612904,0,0
San Marcos Springs,6,2004-05-01,2004-10-01,212.6089605734767,0,0
San Marcos Springs,6,2004-06-01,2004-11-01,230.18494623655914,0,0
San Marcos Springs,6,2004-07-01,2004-12-01,254.5451612903226,0,0
San Marcos Springs,6,2004-08-01,2005-01-01,266.41075268817207,0,0
San Marcos Springs,6,2004-09-01,2005-02-01,280.95952380952383,0,0
San Marcos Springs,6,2004-10-01,2005-03-01,298.5279825908858,0,0
San Marcos Springs,6,2004-11-01,2005-04-01,315.1326420890937,0,0
San Marcos Springs,6,2004-12-01,2005-05-01,312.58353814644136,0,0
San Marcos Springs,6,2005-01-01,2005-06-01,292.19554531490013,0,0
San Marcos Springs,6,2005-02-01,2005-07-01,271.6041474654378,0,0
San Marcos Springs,6,2005-03-01,2005-08-01,251.44247311827957,0,0
San Marcos Springs,6,2005-04-01,2005-09-01,231.49068100358423,0,0
San Marcos Springs,6,2005-05-01,2005-10-01,211.83763440860216,0,0
San Marcos Springs,6,2005-06-01,2005-11-01,193.25340501792115,0,0
San Marcos Springs,6,2005-07-01,2005-12-01,176.7489247311828,0,0
San Marcos Springs,6,2005-08-01,2006-01-01,164.7005376344086,0,0
San Marcos Springs,6,2005-09-01,2006-02-01,153.99911674347157,0,0
San Marcos Springs,6,2005-10-01,2006-03-01,144.90789810547875,0,0
San Marcos Springs,6,2005-11-01,2006-04-01,135.2276113671275,0,0
San Marcos Springs,6,2005-12-01,2006-05-01,129.87098054275472,0,0
San Marcos Springs,6,2006-01-01,2006-06-01,124.78657194060419,0,0
San Marcos Springs,6,2006-02-01,2006-07-01,120.01775473630312,0,0
San Marcos Springs,6,2006-03-01,2006-08-01,115.01487455197132,0,0
San Marcos Springs,6,2006-04-01,2006-09-01,109.1005376344086,0,0
San Marcos Springs,6,2006-05-01,2006-10-01,105.42598566308243,0,0
San Marcos Springs,6,2006-06-01,2006-11-01,101.31039426523297,0,0
San Marcos Springs,6,2006-07-01,2006-12-01,98.88405017921147,0,0
San Marcos Springs,6,2006-08-01,2007-01-01,105.28727598566309,0,0
San Marcos Springs,6,2006-09-01,2007-02-01,117.02229902713773,0,0
San Marcos Springs,6,2006-10-01,2007-03-01,134.83448540706604,0,0
San Marcos Springs,6,2006-11-01,2007-04-01,156.18681515616998,0,0
San Marcos Springs,6,2006-12-01,2007-05-01,174.9905785970302,0,0
San Marcos Springs,6,2007-01-01,2007-06-01,200.1169226830517,0,0
San Marcos Springs,6,2007-02-01,2007-07-01,227.37498719918074,0,0
San Marcos Springs,6,2007-03-01,2007-08-01,269.2958781362007,0,0
San Marcos Springs,6,2007-04-01,2007-09-01,301.52258064516127,0,0
San Marcos Springs,6,2007-05-01,2007-10-01,316.5304659498208,0,0
San Marcos Springs,6,2007-06-01,2007-11-01,326.97670250896056,0,0
San Marcos Springs,6,2007-07-01,2007-12-01,325.14068100358423,0,0
San Marcos Springs,6,2007-08-01,2008-01-01,307.46863799283153,0,0
San Marcos Springs,6,2007-09-01,2008-02-01,267.74561240884935,0,0
San Marcos Springs,6,2007-10-01,2008-03-01,230.97589914720058,0,0
San Marcos Springs,6,2007-11-01,2008-04-01,205.22912495365222,0,0
San Marcos Springs,6,2007-12-01,2008-05-01,182.44955506117907,0,0
San Marcos Springs,6,2008-01-01,2008-06-01,164.65779878877765,0,0
San Marcos Springs,6,2008-02-01,2008-07-01,152.48575577802495,0,0
San Marcos Springs,6,2008-03-01,2008-08-01,142.72491039426524,0,0
San Marcos Springs,6,2008-04-01,2008-09-01,133.4390681003584,0,0
San Marcos Springs,6,2008-05-01,2008-10-01,124.9600358422939,0,0
San Marcos Springs,6,2008-06-01,2008-11-01,119.38405017921146,0,0
San Marcos Springs,6,2008-07-01,2008-12-01,113.97150537634408,0,0
San Marcos Springs,6,2008-08-01,2009-01-01,108.31559139784946,0,0
San Marcos Springs,6,2008-09-01,2009-02-01,104.05714285714285,0,0
San Marcos Springs,6,2008-10-01,2009-03-01,101.2247055811572,0,0
San Marcos Springs,6,2008-11-01,2009-04-01,99.10929339477727,0,0
San Marcos Springs,6,2008-12-01,2009-05-01,97.20140809011777,0,0
San Marcos Springs,6,2009-01-01,2009-06-01,95.62506400409626,0,0
San Marcos Springs,6,2009-02-01,2009-07-01,94.07667690732207,0,0
San Marcos Springs,6,2009-03-01,2009-08-01,92.07706093189964,0,0
San Marcos Springs,6,2009-04-01,2009-09-01,90.99283154121864,0,0
San Marcos Springs,6,2009-05-01,2009-10-01,99.69426523297491,0,0
San Marcos Springs,6,2009-06-01,2009-11-01,114.17992831541218,0,0
San Marcos Springs,6,2009-07-01,2009-12-01,129.7831541218638,0,0
San Marcos Springs,6,2009-08-01,2010-01-01,147.21863799283153,0,0
San Marcos Springs,6,2009-09-01,2010-02-01,174.65277777777777,0,0
San Marcos Springs,6,2009-10-01,2010-03-01,201.73163082437276,0,0
San Marcos Springs,6,2009-11-01,2010-04-01,218.44686379928316,0,0
San Marcos Springs,6,2009-12-01,2010-05-01,227.46120071684587,0,0
San Marcos Springs,6,2010-01-01,2010-06-01,234.38575268817203,0,0
San Marcos Springs,6,2010-02-01,2010-07-01,238.6061827956989,0,0
San Marcos Springs,6,2010-03-01,2010-08-01,231.25806451612902,0,0
San Marcos Springs,6,2010-04-01,2010-09-01,224.57365591397848,0,0
San Marcos Springs,6,2010-05-01,2010-10-01,216.89068100358423,0,0
San Marcos Springs,6,2010-06-01,2010-11-01,208.2763440860215,0,0
San Marcos Springs,6,2010-07-01,2010-12-01,199.03458781362008,0,0
San Marcos Springs,6,2010-08-01,2011-01-01,189.9431899641577,0,0
San Marcos Springs,6,2010-09-01,2011-02-01,180.73773681515615,0,0
San Marcos Springs,6,2010-10-01,2011-03-01,169.62644649257552,0,0
San Marcos Springs,6,2010-11-01,2011-04-01,158.8205325140809,0,0
San Marcos Springs,6,2010-12-01,2011-05-01,148.93486943164362,0,0
San Marcos Springs,6,2011-01-01,2011-06-01,139.17662570404505,0,0
San Marcos Springs,6,2011-02-01,2011-07-01,129.2626472094214,0,0
San Marcos Springs,6,2011-03-01,2011-08-01,119.88745519713261,0,0
San Marcos Springs,6,2011-04-01,2011-09-01,110.13763440860215,0,0
San Marcos Springs,6,2011-05-01,2011-10-01,102.59946236559139,0,0
San Marcos Springs,6,2011-06-01,2011-11-01,97.83512544802868,0,0
San Marcos Springs,6,2011-07-01,2011-12-01,95.88906810035843,0,0
San Marcos Springs,6,2011-08-01,2012-01-01,96.36756272401433,0,0
San Marcos Springs,6,2011-09-01,2012-02-01,105.03052156717341,0,0
San Marcos Springs,6,2011-10-01,2012-03-01,119.75883697935978,0,0
San Marcos Springs,6,2011-11-01,2012-04-01,138.85812013348163,0,0
San Marcos Springs,6,2011-12-01,2012-05-01,158.8321344703992,0,0
San Marcos Springs,6,2012-01-01,2012-06-01,176.82819181806946,0,0
San Marcos Springs,6,2012-02-01,2012-07-01,189.57012730194043,0,0
San Marcos Springs,6,2012-03-01,2012-08-01,192.05770609318998,0,0
San Marcos Springs,6,2012-04-01,2012-09-01,186.70716845878138,0,0
San Marcos Springs,6,2012-05-01,2012-10-01,177.11326164874552,0,0
San Marcos Springs,6,2012-06-01,2012-11-01,163.9836917562724,0,0
San Marcos Springs,6,2012-07-01,2012-12-01,150.0252688172043,0,0
San Marcos Springs,6,2012-08-01,2013-01-01,139.45537634408603,0,0
San Marcos Springs,6,2012-09-01,2013-02-01,131.4062211981567,0,0
San Marcos Springs,6,2012-10-01,2013-03-01,124.99331797235024,0,0
San Marcos Springs,6,2012-11-01,2013-04-01,118.09278033794163,0,0
San Marcos Springs,6,2012-12-01,2013-05-01,112.92665130568356,0,0
San Marcos Springs,6,2013-01-01,2013-06-01,112.44062980030722,0,0
San Marcos Springs,6,2013-02-01,2013-07-01,111.36536098310292,0,0
San Marcos Springs,6,2013-03-01,2013-08-01,110.16182795698924,0,0
San Marcos Springs,6,2013-04-01,2013-09-01,109.26917562724014,0,0
San Marcos Springs,6,2013-05-01,2013-10-01,110.82025089605735,0,0
San Marcos Springs,6,2013-06-01,2013-11-01,128.79193548387096,0,0
San Marcos Springs,6,2013-07-01,2013-12-01,139.5252688172043,0,0
San Marcos Springs,6,2013-08-01,2014-01-01,147.64354838709676,0,0
San Marcos Springs,6,2013-09-01,2014-02-01,154.8351766513057,0,0
San Marcos Springs,6,2013-10-01,2014-03-01,160.74933435739888,0,0
San Marcos Springs,6,2013-11-01,2014-04-01,161.99270353302612,0,0
San Marcos Springs,6,2013-12-01,2014-05-01,146.50488991295444,0,0
San Marcos Springs,6,2014-01-01,2014-06-01,141.26044546850997,0,0
San Marcos Springs,6,2014-02-01,2014-07-01,136.97012288786482,0,0
San Marcos Springs,6,2014-03-01,2014-08-01,130.98279569892475,0,0
San Marcos Springs,6,2014-04-01,2014-09-01,125.76308243727598,0,0
San Marcos Springs,6,2014-05-01,2014-10-01,122.7831541218638,0,0
San Marcos Springs,6,2014-06-01,2014-11-01,121.21541218637994,0,0
San Marcos Springs,6,2014-07-01,2014-12-01,115.4168458781362,0,0
San Marcos Springs,6,2014-08-01,2015-01-01,113.51899641577062,0,0
San Marcos Springs,6,2014-09-01,2015-02-01,120.47060931899642,0,0
San Marcos Springs,6,2014-10-01,2015-03-01,130.08817204301076,0,0
San Marcos Springs,6,2014-11-01,2015-04-01,141.60698924731182,0,0
San Marcos Springs,6,2014-12-01,2015-05-01,158.05107526881721,0,0
San Marcos Springs,6,2015-01-01,2015-06-01,194.9774193548387,0,0
San Marcos Springs,6,2015-02-01,2015-07-01,227.1225806451613,0,0
San Marcos Springs,6,2015-03-01,2015-08-01,248.09032258064516,0,0
San Marcos Springs,6,2015-04-01,2015-09-01,260.7116487455197,0,0
San Marcos Springs,6,2015-05-01,2015-10-01,265.784229390681,0,0
San Marcos Springs,6,2015-06-01,2015-11-01,285.31236559139785,0,0
San Marcos Springs,6,2015-07-01,2015-12-01,282.85376344086023,0,0
San Marcos Springs,6,2015-08-01,2016-01-01,278.31612903225806,0,0
San Marcos Springs,6,2015-09-01,2016-02-01,273.5035595105673,0,0
San Marcos Springs,6,2015-10-01,2016-03-01,273.5112656037573,0,0
San Marcos Springs,6,2015-11-01,2016-04-01,282.10535162526264,0,0
San Marcos Springs,6,2015-12-01,2016-05-01,279.8514089729329,0,0
San Marcos Springs,6,2016-01-01,2016-06-01,282.6655666790261,0,0
San Marcos Springs,6,2016-02-01,2016-07-01,286.7515881844024,0,0
San Marcos Springs,6,2016-03-01,2016-08-01,292.0964157706093,0,0
San Marcos Springs,6,2016-04-01,2016-09-01,295.8275985663082,0,0
San Marcos Springs,6,2016-05-01,2016-10-01,297.85179211469534,0,0
San Marcos Springs,6,2016-06-01,2016-11-01,286.97240143369174,0,0
San Marcos Springs,6,2016-07-01,2016-12-01,270.0668458781362,0,0
San Marcos Springs,6,2016-08-01,2017-01-01,255.265770609319,0,0
San Marcos Springs,6,2016-09-01,2017-02-01,247.1645801331285,0,0
San Marcos Springs,6,2016-10-01,2017-03-01,243.1860855094726,0,0
San Marcos Springs,6,2016-11-01,2017-04-01,243.5785586277522,0,0
San Marcos Springs,6,2016-12-01,2017-05-01,247.3719278033794,0,0
San Marcos Springs,6,2017-01-01,2017-06-01,247.4608166922683,0,0
San Marcos Springs,6,2017-02-01,2017-07-01,243.45544034818226,0,0
San Marcos Springs,6,2017-03-01,2017-08-01,235.0405017921147,0,0
San Marcos Springs,6,2017-04-01,2017-09-01,233.3689964157706,0,0
San Marcos Springs,6,2017-05-01,2017-10-01,221.83673835125447,0,0
San Marcos Springs,6,2017-06-01,2017-11-01,208.021146953405,0,0
San Marcos Springs,6,2017-07-01,2017-12-01,196.6258064516129,0,0
San Marcos Springs,6,2017-08-01,2018-01-01,190.38387096774193,0,0
San Marcos Springs,6,2017-09-01,2018-02-01,186.8047619047619,0,0
San Marcos Springs,6,2017-10-01,2018-03-01,174.89562211981567,0,0
San Marcos Springs,6,2017-11-01,2018-04-01,171.450102406554,0,0
San Marcos Springs,6,2017-12-01,2018-05-01,169.56676907322068,0,0
San Marcos Springs,6,2018-01-01,2018-06-01,164.634331797235,0,0
San Marcos Springs,6,2018-02-01,2018-07-01,161.87089093701996,0,0
San Marcos Springs,6,2018-03-01,2018-08-01,156.05215053763442,0,0
San Marcos Springs,6,2018-04-01,2018-09-01,154.5668458781362,0,0
San Marcos Springs,6,2018-05-01,2018-10-01,155.5231182795699,0,0
San Marcos Springs,6,2018-06-01,2018-11-01,162.61756272401433,0,0
San Marcos Springs,6,2018-07-01,2018-12-01,178.14139784946235,0,0
San Marcos Springs,6,2018-08-01,2019-01-01,195.86182795698926,0,0
San Marcos Springs,6,2018-09-01,2019-02-01,215.59128264208908,0,0
San Marcos Springs,6,2018-10-01,2019-03-01,230.58733998975936,0,0
San Marcos Springs,6,2018-11-01,2019-04-01,238.99217869943678,0,0
San Marcos Springs,6,2018-12-01,2019-05-01,247.87622887864825,0,0
San Marcos Springs,6,2019-01-01,2019-06-01,252.10794930875576,0,0
San Marcos Springs,6,2019-02-01,2019-07-01,247.59719662058373,0,0
San Marcos Springs,6,2019-03-01,2019-08-01,241.8731182795699,0,0
San Marcos Springs,6,2019-04-01,2019-09-01,234.2937275985663,0,0
San Marcos Springs,6,2019-05-01,2019-10-01,224.32974910394267,0,0
San Marcos Springs,6,2019-06-01,2019-11-01,208.77903225806452,0,0
San Marcos Springs,6,2019-07-01,2019-12-01,192.67634408602152,0,0
San Marcos Springs,6,2019-08-01,2020-01-01,181.16021505376344,0,0
San Marcos Springs,6,2019-09-01,2020-02-01,170.6607712272896,0,0
San Marcos Springs,6,2019-10-01,2020-03-01,163.20252749969103,0,0
San Marcos Springs,6,2019-11-01,2020-04-01,157.8887282165369,0,0
San Marcos Springs,6,2019-12-01,2020-05-01,155.95019775058708,0,0
San Marcos Springs,6,2020-01-01,2020-06-01,160.23621925596342,0,0
San Marcos Springs,6,2020-02-01,2020-07-01,161.89213323445804,0,0
San Marcos Springs,6,2020-03-01,2020-08-01,160.03136200716847,0,0
San Marcos Springs,6,2020-04-01,2020-09-01,157.92293906810036,0,0
San Marcos Springs,6,2020-05-01,2020-10-01,157.80125448028673,0,0
San Marcos Springs,6,2020-06-01,2020-11-01,151.98978494623657,0,0
San Marcos Springs,6,2020-07-01,2020-12-01,140.36505376344087,0,0
San Marcos Springs,6,2020-08-01,2021-01-01,131.89193548387095,0,0
San Marcos Springs,6,2020-09-01,2021-02-01,127.08337173579109,0,0
San Marcos Springs,6,2020-10-01,2021-03-01,122.49824628776241,0,0
San Marcos Springs,6,2020-11-01,2021-04-01,115.24215309779825,0,0
San Marcos Springs,6,2020-12-01,2021-05-01,116.35469790066564,0,0
San Marcos Springs,6,2021-01-01,2021-06-01,124.61276241679468,0,0
San Marcos Springs,6,2021-02-01,2021-07-01,133.03211725550435,0,0
San Marcos Springs,6,2021-03-01,2021-08-01,141.286917562724,0,0
San Marcos Springs,6,2021-04-01,2021-09-01,147.64982078853046,0,0
San Marcos Springs,6,2021-05-01,2021-10-01,160.4005376344086,0,0
San Marcos Springs,6,2021-06-01,2021-11-01,171.67688172043012,0,0
San Marcos Springs,6,2021-07-01,2021-12-01,172.56397849462365,0,0
San Marcos Springs,6,2021-08-01,2022-01-01,171.13924731182794,0,0
San Marcos Springs,6,2021-09-01,2022-02-01,172.6582565284178,0,0
San Marcos Springs,6,2021-10-01,2022-03-01,176.5265360983103,0,0
San Marcos Springs,6,2021-11-01,2022-04-01,171.1702636968766,0,0
San Marcos Springs,6,2021-12-01,2022-05-01,158.35628520225293,0,0
San Marcos Springs,6,2022-01-01,2022-06-01,146.9691884280594,0,0
San Marcos Springs,6,2022-02-01,2022-07-01,137.05520993343575,0,0
San Marcos Springs,6,2022-03-01,2022-08-01,123.98243727598566,0,0
San Marcos Springs,6,2022-04-01,2022-09-01,110.33637992831541,0,0
San Marcos Springs,6,2022-05-01,2022-10-01,99.98297491039426,0,0
San Marcos Springs,6,2022-06-01,2022-11-01,93.1747311827957,0,0
San Marcos Springs,6,2022-07-01,2022-12-01,89.69086021505376,0,0
San Marcos Springs,6,2022-08-01,2023-01-01,87.94892473118279,0,0
San Marcos Springs,6,2022-09-01,2023-02-01,87.90860215053763,0,0
San Marcos Springs,6,2022-10-01,2023-03-01,87.42562724014337,0,0
San Marcos Springs,6,2022-11-01,2023-04-01,87.9068100358423,0,0
San Marcos Springs,6,2022-12-01,2023-05-01,89.92347670250896,1,0
San Marcos Springs,6,2023-01-01,2023-06-01,90.30734767025089,1,0
San Marcos Springs,6,2023-02-01,2023-07-01,89.75358422939068,1,0
San Marcos Springs,6,2023-03-01,2023-08-01,86.97670250896057,1,0
San Marcos Springs,6,2023-04-01,2023-09-01,84.32078853046595,1,0
San Marcos Springs,6,2023-05-01,2023-10-01,82.86111111111111,1,0
San Marcos Springs,6,2023-06-01,2023-11-01,80.87777777777778,0,0
San Marcos Springs,6,2023-07-01,2023-12-01,80.09068100358422,0,0
San Marcos Springs,6,2023-08-01,2024-01-01,83.19820788530465,0,0
San Marcos Springs,6,2023-09-01,2024-02-01,98.92049190458533,0,0
San Marcos Springs,6,2023-10-01,2024-03-01,112.52801878630578,0,0
San Marcos Springs,6,2023-11-01,2024-04-01,120.15436287232728,0,0
San Marcos Springs,6,2023-12-01,2024-05-01,126.96690767519466,0,0
San Marcos Springs,6,2024-01-01,2024-06-01,131.48733778272154,0,0
San Marcos Springs,6,2024-02-01,2024-07-01,131.94432703003338,0,0
San Marcos Springs,6,2024-03-01,2024-08-01,120.64139784946236,0,0
San Marcos Springs,6,2024-04-01,2024-09-01,110.87275985663082,0,0
San Marcos Springs,6,2024-05-01,2024-10-01,104.68727598566309,0,0
San Marcos Springs,6,2024-06-01,2024-11-01,96.8636200716846,0,0
San Marcos Springs,6,2024-07-01,2024-12-01,92.18189964157706,0,0
San Marcos Springs,6,2024-08-01,2025-01-01,88.07974910394265,0,0
San Marcos Springs,6,2024-09-01,2025-02-01,85.46108550947261,0,0
San Marcos Springs,6,2024-10-01,2025-03-01,84.3910138248848,0,0
San Marcos Springs,6,2024-11-01,2025-04-01,84.27649769585253,0,0
San Marcos Springs,6,2024-12-01,2025-05-01,84.75606758832565,0,0
San Marcos Springs,6,2025-01-01,2025-06-01,86.8100102406554,0,0
San Marcos Springs,6,2025-02-01,2025-07-01,90.33689196108551,0,0
San Marcos Springs,6,2025-03-01,2025-08-01,92.9394265232975,0,0
San Marcos Springs,6,2025-04-01,2025-09-01,93.92060931899641,0,0
San Marcos Springs,6,2025-05-01,2025-10-01,94.22867383512545,0,0
San Marcos Springs,6,2025-06-01,2025-11-01,94.40465949820789,0,0
San Marcos Springs,6,2025-07-01,2025-12-01,91.90448028673835,0,0
San Marcos Springs,6,2025-08-01,2026-01-01,88.46362007168459,0,0
San Marcos Springs,6,2025-09-01,2026-02-01,85.15870455709165,0,0
San Marcos Springs,6,2025-10-01,2026-03-01,82.62913466461853,0,0
San Marcos Springs,6,2025-11-01,2026-04-01,80.89329237071172,0,0
San Marcos Springs,6,2025-12-01,2026-05-01,81.28719918074756,0,0
San Marcos Springs,6,2026-01-01,2026-06-01,83.45960061443932,0,0
San Marcos Springs,6,2026-02-01,2026-07-01,88.31981566820276,0,0
San Marcos Springs,9,1955-05-01,1956-01-01,NA,NA,NA
San Marcos Springs,9,1955-06-01,1956-02-01,NA,NA,NA
San Marcos Springs,9,1955-07-01,1956-03-01,NA,NA,NA
San Marcos Springs,9,1955-08-01,1956-04-01,NA,NA,NA
San Marcos Springs,9,1955-09-01,1956-05-01,NA,NA,NA
San Marcos Springs,9,1955-10-01,1956-06-01,NA,NA,NA
San Marcos Springs,9,1955-11-01,1956-07-01,NA,NA,NA
San Marcos Springs,9,1955-12-01,1956-08-01,NA,NA,NA
San Marcos Springs,9,1956-01-01,1956-09-01,NA,5,5
San Marcos Springs,9,1956-02-01,1956-10-01,NA,4,4
San Marcos Springs,9,1956-03-01,1956-11-01,NA,3,3
San Marcos Springs,9,1956-04-01,1956-12-01,NA,2,2
San Marcos Springs,9,1956-05-01,1957-01-01,NA,1,1
San Marcos Springs,9,1956-06-01,1957-02-01,64.92907492746203,0,0
San Marcos Springs,9,1956-07-01,1957-03-01,68.20637480798771,0,0
San Marcos Springs,9,1956-08-01,1957-04-01,76.93803550093872,0,0
San Marcos Springs,9,1956-09-01,1957-05-01,93.25703191670934,0,0
San Marcos Springs,9,1956-10-01,1957-06-01,108.13110599078341,0,0
San Marcos Springs,9,1956-11-01,1957-07-01,118.11318484383,0,0
San Marcos Springs,9,1956-12-01,1957-08-01,125.37746202423621,0,0
San Marcos Springs,9,1957-01-01,1957-09-01,132.27375832053252,0,0
San Marcos Springs,9,1957-02-01,1957-10-01,146.1626472094214,0,0
San Marcos Springs,9,1957-03-01,1957-11-01,162.74862604540024,0,0
San Marcos Springs,9,1957-04-01,1957-12-01,175.8489844683393,0,0
San Marcos Springs,9,1957-05-01,1958-01-01,183.0205495818399,0,0
San Marcos Springs,9,1957-06-01,1958-02-01,184.99776412357056,0,0
San Marcos Springs,9,1957-07-01,1958-03-01,192.4278716504523,0,0
San Marcos Springs,9,1957-08-01,1958-04-01,201.37757296466975,0,0
San Marcos Springs,9,1957-09-01,1958-05-01,216.13384536610343,0,0
San Marcos Springs,9,1957-10-01,1958-06-01,227.38569721795528,0,0
San Marcos Springs,9,1957-11-01,1958-07-01,227.04877965523127,0,0
San Marcos Springs,9,1957-12-01,1958-08-01,221.27936507936508,0,0
San Marcos Springs,9,1958-01-01,1958-09-01,216.0868919610855,0,0
San Marcos Springs,9,1958-02-01,1958-10-01,214.23026113671276,0,0
San Marcos Springs,9,1958-03-01,1958-11-01,214.04348864994026,0,0
San Marcos Springs,9,1958-04-01,1958-12-01,207.57753882915173,0,0
San Marcos Springs,9,1958-05-01,1959-01-01,200.99701314217444,0,0
San Marcos Springs,9,1958-06-01,1959-02-01,190.62540535927633,0,0
San Marcos Springs,9,1958-07-01,1959-03-01,182.60270523980202,0,0
San Marcos Springs,9,1958-08-01,1959-04-01,179.36280081925244,0,0
San Marcos Springs,9,1958-09-01,1959-05-01,180.09756784434205,0,0
San Marcos Springs,9,1958-10-01,1959-06-01,179.8568271036013,0,0
San Marcos Springs,9,1958-11-01,1959-07-01,176.83532172725722,0,0
San Marcos Springs,9,1958-12-01,1959-08-01,168.51441372247825,0,0
San Marcos Springs,9,1959-01-01,1959-09-01,161.12433009045913,0,0
San Marcos Springs,9,1959-02-01,1959-10-01,159.67988564601467,0,0
San Marcos Springs,9,1959-03-01,1959-11-01,158.0383512544803,0,0
San Marcos Springs,9,1959-04-01,1959-12-01,156.7121863799283,0,0
San Marcos Springs,9,1959-05-01,1960-01-01,154.5363201911589,0,0
San Marcos Springs,9,1959-06-01,1960-02-01,152.46241090924073,0,0
San Marcos Springs,9,1959-07-01,1960-03-01,151.56945989370905,0,0
San Marcos Springs,9,1959-08-01,1960-04-01,153.13158653648085,0,0
San Marcos Springs,9,1959-09-01,1960-05-01,161.5975363572694,0,0
San Marcos Springs,9,1959-10-01,1960-06-01,169.190128949862,0,0
San Marcos Springs,9,1959-11-01,1960-07-01,174.67041568821324,0,0
San Marcos Springs,9,1959-12-01,1960-08-01,179.31796646479629,0,0
San Marcos Springs,9,1960-01-01,1960-09-01,184.97053516252626,0,0
San Marcos Springs,9,1960-02-01,1960-10-01,189.7769867754295,0,0
San Marcos Springs,9,1960-03-01,1960-11-01,198.78924731182795,0,0
San Marcos Springs,9,1960-04-01,1960-12-01,208.53118279569892,0,0
San Marcos Springs,9,1960-05-01,1961-01-01,216.28805256869774,0,0
San Marcos Springs,9,1960-06-01,1961-02-01,219.3615292712067,0,0
San Marcos Springs,9,1960-07-01,1961-03-01,222.0873357228196,0,0
San Marcos Springs,9,1960-08-01,1961-04-01,223.08016726403824,0,0
San Marcos Springs,9,1960-09-01,1961-05-01,223.75758661887696,0,0
San Marcos Springs,9,1960-10-01,1961-06-01,222.731660692951,0,0
San Marcos Springs,9,1960-11-01,1961-07-01,221.46642771804062,0,0
San Marcos Springs,9,1960-12-01,1961-08-01,214.19832735961768,0,0
San Marcos Springs,9,1961-01-01,1961-09-01,204.46415770609318,0,0
San Marcos Springs,9,1961-02-01,1961-10-01,195.252688172043,0,0
San Marcos Springs,9,1961-03-01,1961-11-01,184.752688172043,0,0
San Marcos Springs,9,1961-04-01,1961-12-01,176.05017921146953,0,0
San Marcos Springs,9,1961-05-01,1962-01-01,167.29032258064515,0,0
San Marcos Springs,9,1961-06-01,1962-02-01,159.25768049155147,0,0
San Marcos Springs,9,1961-07-01,1962-03-01,152.64179040791944,0,0
San Marcos Springs,9,1961-08-01,1962-04-01,147.36162314388122,0,0
San Marcos Springs,9,1961-09-01,1962-05-01,142.48348694316437,0,0
San Marcos Springs,9,1961-10-01,1962-06-01,138.29830175797917,0,0
San Marcos Springs,9,1961-11-01,1962-07-01,133.01873186550606,0,0
San Marcos Springs,9,1961-12-01,1962-08-01,128.60654548557775,0,0
San Marcos Springs,9,1962-01-01,1962-09-01,127.6758405871309,0,0
San Marcos Springs,9,1962-02-01,1962-10-01,130.2242276839051,0,0
San Marcos Springs,9,1962-03-01,1962-11-01,130.7652329749104,0,0
San Marcos Springs,9,1962-04-01,1962-12-01,130.87275985663084,0,0
San Marcos Springs,9,1962-05-01,1963-01-01,130.44324970131422,0,0
San Marcos Springs,9,1962-06-01,1963-02-01,129.87758149854923,0,0
San Marcos Springs,9,1962-07-01,1963-03-01,130.87937361324458,0,0
San Marcos Springs,9,1962-08-01,1963-04-01,133.09502474825055,0,0
San Marcos Springs,9,1962-09-01,1963-05-01,134.89430790237242,0,0
San Marcos Springs,9,1962-10-01,1963-06-01,133.15356716163168,0,0
San Marcos Springs,9,1962-11-01,1963-07-01,126.56216931216932,0,0
San Marcos Springs,9,1962-12-01,1963-08-01,121.88534732889572,0,0
San Marcos Springs,9,1963-01-01,1963-09-01,116.83445127154805,0,0
San Marcos Springs,9,1963-02-01,1963-10-01,111.70183478409285,0,0
San Marcos Springs,9,1963-03-01,1963-11-01,107.45818399044205,0,0
San Marcos Springs,9,1963-04-01,1963-12-01,103.110513739546,0,0
San Marcos Springs,9,1963-05-01,1964-01-01,98.33930704898447,0,0
San Marcos Springs,9,1963-06-01,1964-02-01,93.59971985333499,0,0
San Marcos Springs,9,1963-07-01,1964-03-01,89.56148807316772,0,0
San Marcos Springs,9,1963-08-01,1964-04-01,88.705096197421,0,0
San Marcos Springs,9,1963-09-01,1964-05-01,88.91656573147118,0,0
San Marcos Springs,9,1963-10-01,1964-06-01,90.69434350924897,0,0
San Marcos Springs,9,1963-11-01,1964-07-01,92.99183454867548,0,0
San Marcos Springs,9,1963-12-01,1964-08-01,93.67212128702674,0,0
San Marcos Springs,9,1964-01-01,1964-09-01,94.44392534915337,0,0
San Marcos Springs,9,1964-02-01,1964-10-01,96.63747373625016,0,0
San Marcos Springs,9,1964-03-01,1964-11-01,98.72329749103943,0,0
San Marcos Springs,9,1964-04-01,1964-12-01,100.13906810035841,0,0
San Marcos Springs,9,1964-05-01,1965-01-01,101.28578255675029,0,0
San Marcos Springs,9,1964-06-01,1965-02-01,109.45219320703191,0,0
San Marcos Springs,9,1964-07-01,1965-03-01,116.88660180918245,0,0
San Marcos Springs,9,1964-08-01,1965-04-01,123.84383000512032,0,0
San Marcos Springs,9,1964-09-01,1965-05-01,135.16641065028162,0,0
San Marcos Springs,9,1964-10-01,1965-06-01,149.40715139102235,0,0
San Marcos Springs,9,1964-11-01,1965-07-01,159.69747397166753,0,0
San Marcos Springs,9,1964-12-01,1965-08-01,167.75267110428402,0,0
San Marcos Springs,9,1965-01-01,1965-09-01,173.615873015873,0,0
San Marcos Springs,9,1965-02-01,1965-10-01,177.70906298003072,0,0
San Marcos Springs,9,1965-03-01,1965-11-01,173.32652329749104,0,0
San Marcos Springs,9,1965-04-01,1965-12-01,176.1258064516129,0,0
San Marcos Springs,9,1965-05-01,1966-01-01,178.95710872162485,0,0
San Marcos Springs,9,1965-06-01,1966-02-01,177.17805086192183,0,0
San Marcos Springs,9,1965-07-01,1966-03-01,172.88235193719066,0,0
San Marcos Springs,9,1965-08-01,1966-04-01,169.96598395630653,0,0
San Marcos Springs,9,1965-09-01,1966-05-01,169.3530807305001,0,0
San Marcos Springs,9,1965-10-01,1966-06-01,170.5604881379075,0,0
San Marcos Springs,9,1965-11-01,1966-07-01,171.45654548557775,0,0
San Marcos Springs,9,1965-12-01,1966-08-01,172.5006315070831,0,0
San Marcos Springs,9,1966-01-01,1966-09-01,165.49286567673664,0,0
San Marcos Springs,9,1966-02-01,1966-10-01,158.50720259429937,0,0
San Marcos Springs,9,1966-03-01,1966-11-01,151.77968936678613,0,0
San Marcos Springs,9,1966-04-01,1966-12-01,143.9553166069295,0,0
San Marcos Springs,9,1966-05-01,1967-01-01,136.87168458781363,0,0
San Marcos Springs,9,1966-06-01,1967-02-01,128.8032002048131,0,0
San Marcos Springs,9,1966-07-01,1967-03-01,121.89746543778801,0,0
San Marcos Springs,9,1966-08-01,1967-04-01,117.02076292882745,0,0
San Marcos Springs,9,1966-09-01,1967-05-01,112.33975934459805,0,0
San Marcos Springs,9,1966-10-01,1967-06-01,108.05827786311657,0,0
San Marcos Springs,9,1966-11-01,1967-07-01,103.22673664447858,0,0
San Marcos Springs,9,1966-12-01,1967-08-01,99.50391705069124,0,0
San Marcos Springs,9,1967-01-01,1967-09-01,98.21287762416794,0,0
San Marcos Springs,9,1967-02-01,1967-10-01,99.48169482846902,0,0
San Marcos Springs,9,1967-03-01,1967-11-01,104.24492234169654,0,0
San Marcos Springs,9,1967-04-01,1967-12-01,108.73237753882916,0,0
San Marcos Springs,9,1967-05-01,1968-01-01,118.18614097968937,0,0
San Marcos Springs,9,1967-06-01,1968-02-01,135.8563918757467,0,0
San Marcos Springs,9,1967-07-01,1968-03-01,151.70119474313023,0,0
San Marcos Springs,9,1967-08-01,1968-04-01,167.79080047789725,0,0
San Marcos Springs,9,1967-09-01,1968-05-01,184.59366786140978,0,0
San Marcos Springs,9,1967-10-01,1968-06-01,199.11959378733573,0,0
San Marcos Springs,9,1967-11-01,1968-07-01,209.4780167264038,0,0
San Marcos Springs,9,1967-12-01,1968-08-01,212.7904420549582,0,0
San Marcos Springs,9,1968-01-01,1968-09-01,214.74205495818399,0,0
San Marcos Springs,9,1968-02-01,1968-10-01,209.80657108721624,0,0
San Marcos Springs,9,1968-03-01,1968-11-01,196.67694145758662,0,0
San Marcos Springs,9,1968-04-01,1968-12-01,186.07479091995222,0,0
San Marcos Springs,9,1968-05-01,1969-01-01,175.42246117084827,0,0
San Marcos Springs,9,1968-06-01,1969-02-01,164.07389486260453,0,0
San Marcos Springs,9,1968-07-01,1969-03-01,154.98596176821982,0,0
San Marcos Springs,9,1968-08-01,1969-04-01,150.7719832735962,0,0
San Marcos Springs,9,1968-09-01,1969-05-01,155.03363201911588,0,0
San Marcos Springs,9,1968-10-01,1969-06-01,160.8299283154122,0,0
San Marcos Springs,9,1968-11-01,1969-07-01,164.21702508960573,0,0
San Marcos Springs,9,1968-12-01,1969-08-01,166.25704898446833,0,0
San Marcos Springs,9,1969-01-01,1969-09-01,167.2773596176822,0,0
San Marcos Springs,9,1969-02-01,1969-10-01,169.392054958184,0,0
San Marcos Springs,9,1969-03-01,1969-11-01,170.6235364396655,0,0
San Marcos Springs,9,1969-04-01,1969-12-01,170.5626045400239,0,0
San Marcos Springs,9,1969-05-01,1970-01-01,168.66188769414575,0,0
San Marcos Springs,9,1969-06-01,1970-02-01,164.22141150366957,0,0
San Marcos Springs,9,1969-07-01,1970-03-01,162.78174603174602,0,0
San Marcos Springs,9,1969-08-01,1970-04-01,166.1467400580304,0,0
San Marcos Springs,9,1969-09-01,1970-05-01,175.18616658132788,0,0
San Marcos Springs,9,1969-10-01,1970-06-01,187.24912954429084,0,0
San Marcos Springs,9,1969-11-01,1970-07-01,195.89429083461343,0,0
San Marcos Springs,9,1969-12-01,1970-08-01,201.88951186209252,0,0
San Marcos Springs,9,1970-01-01,1970-09-01,205.61985833760028,0,0
San Marcos Springs,9,1970-02-01,1970-10-01,209.72021676053936,0,0
San Marcos Springs,9,1970-03-01,1970-11-01,211.5236559139785,0,0
San Marcos Springs,9,1970-04-01,1970-12-01,207.63118279569892,0,0
San Marcos Springs,9,1970-05-01,1971-01-01,200.84324970131422,0,0
San Marcos Springs,9,1970-06-01,1971-02-01,189.90930192865676,0,0
San Marcos Springs,9,1970-07-01,1971-03-01,175.5536268987882,0,0
San Marcos Springs,9,1970-08-01,1971-04-01,163.85350742447517,0,0
San Marcos Springs,9,1970-09-01,1971-05-01,155.1509984639017,0,0
San Marcos Springs,9,1970-10-01,1971-06-01,147.2398873527906,0,0
San Marcos Springs,9,1970-11-01,1971-07-01,136.96390168970814,0,0
San Marcos Springs,9,1970-12-01,1971-08-01,129.2568527052398,0,0
San Marcos Springs,9,1971-01-01,1971-09-01,122.90010240655403,0,0
San Marcos Springs,9,1971-02-01,1971-10-01,118.25494111623144,0,0
San Marcos Springs,9,1971-03-01,1971-11-01,115.54647550776583,0,0
San Marcos Springs,9,1971-04-01,1971-12-01,121.93715651135007,0,0
San Marcos Springs,9,1971-05-01,1972-01-01,128.98136200716846,0,0
San Marcos Springs,9,1971-06-01,1972-02-01,135.02326041280435,0,0
San Marcos Springs,9,1971-07-01,1972-03-01,140.1251720018127,0,0
San Marcos Springs,9,1971-08-01,1972-04-01,146.0015160878342,0,0
San Marcos Springs,9,1971-09-01,1972-05-01,151.82947307708153,0,0
San Marcos Springs,9,1971-10-01,1972-06-01,158.72947307708154,0,0
San Marcos Springs,9,1971-11-01,1972-07-01,165.32803938532527,0,0
San Marcos Springs,9,1971-12-01,1972-08-01,169.39339183454868,0,0
San Marcos Springs,9,1972-01-01,1972-09-01,164.8509784534256,0,0
San Marcos Springs,9,1972-02-01,1972-10-01,159.0445268405224,0,0
San Marcos Springs,9,1972-03-01,1972-11-01,156.16176821983274,0,0
San Marcos Springs,9,1972-04-01,1972-12-01,156.52019115890084,0,0
San Marcos Springs,9,1972-05-01,1973-01-01,157.4968936678614,0,0
San Marcos Springs,9,1972-06-01,1973-02-01,158.67968936678614,0,0
San Marcos Springs,9,1972-07-01,1973-03-01,161.7099163679809,0,0
San Marcos Springs,9,1972-08-01,1973-04-01,166.05555555555554,0,0
San Marcos Springs,9,1972-09-01,1973-05-01,172.1021505376344,0,0
San Marcos Springs,9,1972-10-01,1973-06-01,179.8725209080048,0,0
San Marcos Springs,9,1972-11-01,1973-07-01,190.9227001194743,0,0
San Marcos Springs,9,1972-12-01,1973-08-01,199.05029868578256,0,0
San Marcos Springs,9,1973-01-01,1973-09-01,203.56774193548387,0,0
San Marcos Springs,9,1973-02-01,1973-10-01,214.68243727598568,0,0
San Marcos Springs,9,1973-03-01,1973-11-01,225.82688172043012,0,0
San Marcos Springs,9,1973-04-01,1973-12-01,231.1458781362007,0,0
San Marcos Springs,9,1973-05-01,1974-01-01,231.77514934289127,0,0
San Marcos Springs,9,1973-06-01,1974-02-01,230.03833418672127,0,0
San Marcos Springs,9,1973-07-01,1974-03-01,225.899982932241,0,0
San Marcos Springs,9,1973-08-01,1974-04-01,218.8046424304489,0,0
San Marcos Springs,9,1973-09-01,1974-05-01,215.18815497525176,0,0
San Marcos Springs,9,1973-10-01,1974-06-01,212.81408090117768,0,0
San Marcos Springs,9,1973-11-01,1974-07-01,201.15458269329238,0,0
San Marcos Springs,9,1973-12-01,1974-08-01,186.83451100870457,0,0
San Marcos Springs,9,1974-01-01,1974-09-01,178.62232462877623,0,0
San Marcos Springs,9,1974-02-01,1974-10-01,174.3678443420379,0,0
San Marcos Springs,9,1974-03-01,1974-11-01,174.83345280764635,0,0
San Marcos Springs,9,1974-04-01,1974-12-01,181.1273596176822,0,0
San Marcos Springs,9,1974-05-01,1975-01-01,187.04707287933095,0,0
San Marcos Springs,9,1974-06-01,1975-02-01,195.32881891107698,0,0
San Marcos Springs,9,1974-07-01,1975-03-01,202.20695511179383,0,0
San Marcos Springs,9,1974-08-01,1975-04-01,209.5232036183649,0,0
San Marcos Springs,9,1974-09-01,1975-05-01,222.3153183137054,0,0
San Marcos Springs,9,1974-10-01,1975-06-01,235.76717016555727,0,0
San Marcos Springs,9,1974-11-01,1975-07-01,246.61663253114867,0,0
San Marcos Springs,9,1974-12-01,1975-08-01,251.65844854070662,0,0
San Marcos Springs,9,1975-01-01,1975-09-01,249.065855948114,0,0
San Marcos Springs,9,1975-02-01,1975-10-01,246.72176992660863,0,0
San Marcos Springs,9,1975-03-01,1975-11-01,239.20669056152929,0,0
San Marcos Springs,9,1975-04-01,1975-12-01,232.36798088410993,0,0
San Marcos Springs,9,1975-05-01,1976-01-01,226.32771804062128,0,0
San Marcos Springs,9,1975-06-01,1976-02-01,214.3012688996004,0,0
San Marcos Springs,9,1975-07-01,1976-03-01,197.6171589832324,0,0
San Marcos Springs,9,1975-08-01,1976-04-01,183.83364643842953,0,0
San Marcos Springs,9,1975-09-01,1976-05-01,179.20640629506036,0,0
San Marcos Springs,9,1975-10-01,1976-06-01,183.52862851728258,0,0
San Marcos Springs,9,1975-11-01,1976-07-01,188.5250442878919,0,0
San Marcos Springs,9,1975-12-01,1976-08-01,190.74045647427184,0,0
San Marcos Springs,9,1976-01-01,1976-09-01,193.9528818028262,0,0
San Marcos Springs,9,1976-02-01,1976-10-01,199.69840151608784,0,0
San Marcos Springs,9,1976-03-01,1976-11-01,213.46762246117086,0,0
San Marcos Springs,9,1976-04-01,1976-12-01,228.9694145758662,0,0
San Marcos Springs,9,1976-05-01,1977-01-01,243.2726403823178,0,0
San Marcos Springs,9,1976-06-01,1977-02-01,253.28928144734599,0,0
San Marcos Springs,9,1976-07-01,1977-03-01,256.6026625704045,0,0
San Marcos Springs,9,1976-08-01,1977-04-01,259.3861751152074,0,0
San Marcos Springs,9,1976-09-01,1977-05-01,265.78760880696365,0,0
San Marcos Springs,9,1976-10-01,1977-06-01,269.8987199180748,0,0
San Marcos Springs,9,1976-11-01,1977-07-01,269.4829493087558,0,0
San Marcos Springs,9,1976-12-01,1977-08-01,259.79035671616316,0,0
San Marcos Springs,9,1977-01-01,1977-09-01,248.82452636968767,0,0
San Marcos Springs,9,1977-02-01,1977-10-01,235.9141321044547,0,0
San Marcos Springs,9,1977-03-01,1977-11-01,219.96810035842293,0,0
San Marcos Springs,9,1977-04-01,1977-12-01,203.8247311827957,0,0
San Marcos Springs,9,1977-05-01,1978-01-01,187.20250896057348,0,0
San Marcos Springs,9,1977-06-01,1978-02-01,170.16820276497697,0,0
San Marcos Springs,9,1977-07-01,1978-03-01,155.79090288445127,0,0
San Marcos Springs,9,1977-08-01,1978-04-01,144.40882403140466,0,0
San Marcos Springs,9,1977-09-01,1978-05-01,136.0109745690391,0,0
San Marcos Springs,9,1977-10-01,1978-06-01,129.2183819764465,0,0
San Marcos Springs,9,1977-11-01,1978-07-01,123.23630312339989,0,0
San Marcos Springs,9,1977-12-01,1978-08-01,119.05458269329237,0,0
San Marcos Springs,9,1978-01-01,1978-09-01,117.86234852363884,0,0
San Marcos Springs,9,1978-02-01,1978-10-01,117.7763270182625,0,0
San Marcos Springs,9,1978-03-01,1978-11-01,118.44934289127838,0,0
San Marcos Springs,9,1978-04-01,1978-12-01,120.90454002389487,0,0
San Marcos Springs,9,1978-05-01,1979-01-01,127.77407407407408,0,0
San Marcos Springs,9,1978-06-01,1979-02-01,137.4973203618365,0,0
San Marcos Springs,9,1978-07-01,1979-03-01,149.48513398190818,0,0
San Marcos Springs,9,1978-08-01,1979-04-01,164.4484553678102,0,0
San Marcos Springs,9,1978-09-01,1979-05-01,180.79254138931557,0,0
San Marcos Springs,9,1978-10-01,1979-06-01,192.9073562041304,0,0
San Marcos Springs,9,1978-11-01,1979-07-01,202.63137054104797,0,0
San Marcos Springs,9,1978-12-01,1979-08-01,212.06792968083292,0,0
San Marcos Springs,9,1979-01-01,1979-09-01,216.96781020651989,0,0
San Marcos Springs,9,1979-02-01,1979-10-01,215.62013995562384,0,0
San Marcos Springs,9,1979-03-01,1979-11-01,208.994743130227,0,0
San Marcos Springs,9,1979-04-01,1979-12-01,198.94814814814816,0,0
San Marcos Springs,9,1979-05-01,1980-01-01,187.4794504181601,0,0
San Marcos Springs,9,1979-06-01,1980-02-01,173.6645944053063,0,0
San Marcos Springs,9,1979-07-01,1980-03-01,161.60581304329915,0,0
San Marcos Springs,9,1979-08-01,1980-04-01,151.0641165080542,0,0
San Marcos Springs,9,1979-09-01,1980-05-01,142.64476166934455,0,0
San Marcos Springs,9,1979-10-01,1980-06-01,138.81883574341862,0,0
San Marcos Springs,9,1979-11-01,1980-07-01,135.71130886169817,0,0
San Marcos Springs,9,1979-12-01,1980-08-01,133.99697194413545,0,0
San Marcos Springs,9,1980-01-01,1980-09-01,133.18908663947596,0,0
San Marcos Springs,9,1980-02-01,1980-10-01,132.64069954270175,0,0
San Marcos Springs,9,1980-03-01,1980-11-01,131.60800477897251,0,0
San Marcos Springs,9,1980-04-01,1980-12-01,131.88399044205497,0,0
San Marcos Springs,9,1980-05-01,1981-01-01,132.99557945041815,0,0
San Marcos Springs,9,1980-06-01,1981-02-01,131.86488308585083,0,0
San Marcos Springs,9,1980-07-01,1981-03-01,129.48985321727258,0,0
San Marcos Springs,9,1980-08-01,1981-04-01,129.29403481822837,0,0
San Marcos Springs,9,1980-09-01,1981-05-01,130.30120327700973,0,0
San Marcos Springs,9,1980-10-01,1981-06-01,142.9715736473801,0,0
San Marcos Springs,9,1980-11-01,1981-07-01,160.01458440006826,0,0
San Marcos Springs,9,1980-12-01,1981-08-01,172.60765488991296,0,0
San Marcos Springs,9,1981-01-01,1981-09-01,181.8052654036525,0,0
San Marcos Springs,9,1981-02-01,1981-10-01,189.08483529612562,0,0
San Marcos Springs,9,1981-03-01,1981-11-01,194.61314217443248,0,0
San Marcos Springs,9,1981-04-01,1981-12-01,198.77443249701315,0,0
San Marcos Springs,9,1981-05-01,1982-01-01,200.96666666666667,0,0
San Marcos Springs,9,1981-06-01,1982-02-01,201.20002560163852,0,0
San Marcos Springs,9,1981-07-01,1982-03-01,188.52750469363372,0,0
San Marcos Springs,9,1981-08-01,1982-04-01,170.59787506400409,0,0
San Marcos Springs,9,1981-09-01,1982-05-01,159.37565284178189,0,0
San Marcos Springs,9,1981-10-01,1982-06-01,150.39046765659668,0,0
San Marcos Springs,9,1981-11-01,1982-07-01,143.35820959208056,0,0
San Marcos Springs,9,1981-12-01,1982-08-01,137.48748079877112,0,0
San Marcos Springs,9,1982-01-01,1982-09-01,132.66047960402798,0,0
San Marcos Springs,9,1982-02-01,1982-10-01,128.7715907151391,0,0
San Marcos Springs,9,1982-03-01,1982-11-01,126.08243727598567,0,0
San Marcos Springs,9,1982-04-01,1982-12-01,124.57706093189964,0,0
San Marcos Springs,9,1982-05-01,1983-01-01,123.49235364396655,0,0
San Marcos Springs,9,1982-06-01,1983-02-01,121.41938897422769,0,0
San Marcos Springs,9,1982-07-01,1983-03-01,122.53312852022529,0,0
San Marcos Springs,9,1982-08-01,1983-04-01,126.39644990612733,0,0
San Marcos Springs,9,1982-09-01,1983-05-01,131.01652159071514,0,0
San Marcos Springs,9,1982-10-01,1983-06-01,137.268373442567,0,0
San Marcos Springs,9,1982-11-01,1983-07-01,143.46550605905443,0,0
San Marcos Springs,9,1982-12-01,1983-08-01,148.15427547363032,0,0
San Marcos Springs,9,1983-01-01,1983-09-01,151.0988393923878,0,0
San Marcos Springs,9,1983-02-01,1983-10-01,153.45726233145587,0,0
San Marcos Springs,9,1983-03-01,1983-11-01,154.9593787335723,0,0
San Marcos Springs,9,1983-04-01,1983-12-01,153.8088410991637,0,0
San Marcos Springs,9,1983-05-01,1984-01-01,149.99928315412185,0,0
San Marcos Springs,9,1983-06-01,1984-02-01,145.30715609936968,0,0
San Marcos Springs,9,1983-07-01,1984-03-01,138.15829110534338,0,0
San Marcos Springs,9,1983-08-01,1984-04-01,130.45040580068388,0,0
San Marcos Springs,9,1983-09-01,1984-05-01,123.69771762864087,0,0
San Marcos Springs,9,1983-10-01,1984-06-01,118.64216207308532,0,0
San Marcos Springs,9,1983-11-01,1984-07-01,113.01850615910682,0,0
San Marcos Springs,9,1983-12-01,1984-08-01,106.56068059160384,0,0
San Marcos Springs,9,1984-01-01,1984-09-01,100.03081201334817,0,0
San Marcos Springs,9,1984-02-01,1984-10-01,95.32113459399332,0,0
San Marcos Springs,9,1984-03-01,1984-11-01,92.79725209080048,0,0
San Marcos Springs,9,1984-04-01,1984-12-01,92.58219832735962,0,0
San Marcos Springs,9,1984-05-01,1985-01-01,95.78112305854242,0,0
San Marcos Springs,9,1984-06-01,1985-02-01,101.32784604881378,0,0
San Marcos Springs,9,1984-07-01,1985-03-01,108.34564772145417,0,0
San Marcos Springs,9,1984-08-01,1985-04-01,117.62151391022358,0,0
San Marcos Springs,9,1984-09-01,1985-05-01,126.56416623997269,0,0
San Marcos Springs,9,1984-10-01,1985-06-01,140.12712920293566,0,0
San Marcos Springs,9,1984-11-01,1985-07-01,157.3278460488138,0,0
San Marcos Springs,9,1984-12-01,1985-08-01,168.82342549923194,0,0
San Marcos Springs,9,1985-01-01,1985-09-01,176.9910479604028,0,0
San Marcos Springs,9,1985-02-01,1985-10-01,180.06273254821642,0,0
San Marcos Springs,9,1985-03-01,1985-11-01,184.01326164874553,0,0
San Marcos Springs,9,1985-04-01,1985-12-01,193.17455197132617,0,0
San Marcos Springs,9,1985-05-01,1986-01-01,198.8126642771804,0,0
San Marcos Springs,9,1985-06-01,1986-02-01,203.80984809694488,0,0
San Marcos Springs,9,1985-07-01,1986-03-01,202.97030209933436,0,0
San Marcos Springs,9,1985-08-01,1986-04-01,194.37770950674178,0,0
San Marcos Springs,9,1985-09-01,1986-05-01,193.16982420208228,0,0
San Marcos Springs,9,1985-10-01,1986-06-01,200.38463901689707,0,0
San Marcos Springs,9,1985-11-01,1986-07-01,208.52442396313364,0,0
San Marcos Springs,9,1985-12-01,1986-08-01,210.80494965011093,0,0
San Marcos Springs,9,1986-01-01,1986-09-01,203.96659839563065,0,0
San Marcos Springs,9,1986-02-01,1986-10-01,200.71928656767366,0,0
San Marcos Springs,9,1986-03-01,1986-11-01,198.7594982078853,0,0
San Marcos Springs,9,1986-04-01,1986-12-01,200.44767025089604,0,0
San Marcos Springs,9,1986-05-01,1987-01-01,210.07968936678614,0,0
San Marcos Springs,9,1986-06-01,1987-02-01,212.76606929510154,0,0
San Marcos Springs,9,1986-07-01,1987-03-01,212.92485065710872,0,0
San Marcos Springs,9,1986-08-01,1987-04-01,211.14408602150536,0,0
San Marcos Springs,9,1986-09-01,1987-05-01,210.09749103942653,0,0
San Marcos Springs,9,1986-10-01,1987-06-01,230.81971326164876,0,0
San Marcos Springs,9,1986-11-01,1987-07-01,247.24265232974912,0,0
San Marcos Springs,9,1986-12-01,1987-08-01,261.35937873357227,0,0
San Marcos Springs,9,1987-01-01,1987-09-01,268.84778972520905,0,0
San Marcos Springs,9,1987-02-01,1987-10-01,265.22771804062126,0,0
San Marcos Springs,9,1987-03-01,1987-11-01,263.2647550776583,0,0
San Marcos Springs,9,1987-04-01,1987-12-01,258.0927120669056,0,0
San Marcos Springs,9,1987-05-01,1988-01-01,253.29283154121865,0,0
San Marcos Springs,9,1987-06-01,1988-02-01,249.89312816709926,0,0
San Marcos Springs,9,1987-07-01,1988-03-01,226.38201705598814,0,0
San Marcos Springs,9,1987-08-01,1988-04-01,205.6423515840646,0,0
San Marcos Springs,9,1987-09-01,1988-05-01,187.9219214765377,0,0
San Marcos Springs,9,1987-10-01,1988-06-01,175.23673629135254,0,0
San Marcos Springs,9,1987-11-01,1988-07-01,166.29049973221274,0,0
San Marcos Springs,9,1987-12-01,1988-08-01,158.0939644872904,0,0
San Marcos Springs,9,1988-01-01,1988-09-01,148.42204095085074,0,0
San Marcos Springs,9,1988-02-01,1988-10-01,142.1317183702056,0,0
San Marcos Springs,9,1988-03-01,1988-11-01,136.8678614097969,0,0
San Marcos Springs,9,1988-04-01,1988-12-01,131.9180406212664,0,0
San Marcos Springs,9,1988-05-01,1989-01-01,127.668458781362,0,0
San Marcos Springs,9,1988-06-01,1989-02-01,123.47004608294931,0,0
San Marcos Springs,9,1988-07-01,1989-03-01,118.45535074244752,0,0
San Marcos Springs,9,1988-08-01,1989-04-01,115.40075098139614,0,0
San Marcos Springs,9,1988-09-01,1989-05-01,114.0889230244069,0,0
San Marcos Springs,9,1988-10-01,1989-06-01,113.14447857996245,0,0
San Marcos Springs,9,1988-11-01,1989-07-01,111.43838538999829,0,0
San Marcos Springs,9,1988-12-01,1989-08-01,109.19871991807476,0,0
San Marcos Springs,9,1989-01-01,1989-09-01,106.09298515104966,0,0
San Marcos Springs,9,1989-02-01,1989-10-01,102.6521249359959,0,0
San Marcos Springs,9,1989-03-01,1989-11-01,99.28016726403823,0,0
San Marcos Springs,9,1989-04-01,1989-12-01,96.37335722819594,0,0
San Marcos Springs,9,1989-05-01,1990-01-01,93.52831541218637,0,0
San Marcos Springs,9,1989-06-01,1990-02-01,90.44805427547362,0,0
San Marcos Springs,9,1989-07-01,1990-03-01,88.87804232804233,0,0
San Marcos Springs,9,1989-08-01,1990-04-01,89.21878306878307,0,0
San Marcos Springs,9,1989-09-01,1990-05-01,92.94638163509131,0,0
San Marcos Springs,9,1989-10-01,1990-06-01,96.98712237583206,0,0
San Marcos Springs,9,1989-11-01,1990-07-01,102.01938044034819,0,0
San Marcos Springs,9,1989-12-01,1990-08-01,107.77613073903396,0,0
San Marcos Springs,9,1990-01-01,1990-09-01,112.1494879672299,0,0
San Marcos Springs,9,1990-02-01,1990-10-01,115.90934459805428,0,0
San Marcos Springs,9,1990-03-01,1990-11-01,119.93870967741935,0,0
San Marcos Springs,9,1990-04-01,1990-12-01,122.51577060931899,0,0
San Marcos Springs,9,1990-05-01,1991-01-01,128.90621266427718,0,0
San Marcos Springs,9,1990-06-01,1991-02-01,135.7862689878819,0,0
San Marcos Springs,9,1990-07-01,1991-03-01,143.5931984980372,0,0
San Marcos Springs,9,1990-08-01,1991-04-01,152.65508619218298,0,0
San Marcos Springs,9,1990-09-01,1991-05-01,162.4579535756955,0,0
San Marcos Springs,9,1990-10-01,1991-06-01,172.75424987199182,0,0
San Marcos Springs,9,1990-11-01,1991-07-01,182.4173323092678,0,0
San Marcos Springs,9,1990-12-01,1991-08-01,190.26034306195598,0,0
San Marcos Springs,9,1991-01-01,1991-09-01,196.67181259600613,0,0
San Marcos Springs,9,1991-02-01,1991-10-01,195.23812083973374,0,0
San Marcos Springs,9,1991-03-01,1991-11-01,189.61087216248507,0,0
San Marcos Springs,9,1991-04-01,1991-12-01,192.71481481481482,0,0
San Marcos Springs,9,1991-05-01,1992-01-01,211.8715651135006,0,0
San Marcos Springs,9,1991-06-01,1992-02-01,233.61794998558068,0,0
San Marcos Springs,9,1991-07-01,1992-03-01,259.12033947184113,0,0
San Marcos Springs,9,1991-08-01,1992-04-01,283.75725703456516,0,0
San Marcos Springs,9,1991-09-01,1992-05-01,307.72141474065836,0,0
San Marcos Springs,9,1991-10-01,1992-06-01,334.2621554813991,0,0
San Marcos Springs,9,1991-11-01,1992-07-01,359.73885799035963,0,0
San Marcos Springs,9,1991-12-01,1992-08-01,378.8516417418531,0,0
San Marcos Springs,9,1992-01-01,1992-09-01,384.18151032010877,0,0
San Marcos Springs,9,1992-02-01,1992-10-01,368.61878630577183,0,0
San Marcos Springs,9,1992-03-01,1992-11-01,346.805376344086,0,0
San Marcos Springs,9,1992-04-01,1992-12-01,320.5078853046595,0,0
San Marcos Springs,9,1992-05-01,1993-01-01,295.27598566308245,0,0
San Marcos Springs,9,1992-06-01,1993-02-01,271.65770609319,0,0
San Marcos Springs,9,1992-07-01,1993-03-01,247.42234169653526,0,0
San Marcos Springs,9,1992-08-01,1993-04-01,226.82592592592593,0,0
San Marcos Springs,9,1992-09-01,1993-05-01,216.18076463560337,0,0
San Marcos Springs,9,1992-10-01,1993-06-01,210.80669056152928,0,0
San Marcos Springs,9,1992-11-01,1993-07-01,208.30131421744326,0,0
San Marcos Springs,9,1992-12-01,1993-08-01,205.61565113500598,0,0
San Marcos Springs,9,1993-01-01,1993-09-01,202.07371565113502,0,0
San Marcos Springs,9,1993-02-01,1993-10-01,197.72962962962964,0,0
San Marcos Springs,9,1993-03-01,1993-11-01,193.67037037037036,0,0
San Marcos Springs,9,1993-04-01,1993-12-01,188.6882915173238,0,0
San Marcos Springs,9,1993-05-01,1994-01-01,183.0804062126643,0,0
San Marcos Springs,9,1993-06-01,1994-02-01,174.37098480969448,0,0
San Marcos Springs,9,1993-07-01,1994-03-01,165.08902543096093,0,0
San Marcos Springs,9,1993-08-01,1994-04-01,155.68556067588327,0,0
San Marcos Springs,9,1993-09-01,1994-05-01,149.18376856118792,0,0
San Marcos Springs,9,1993-10-01,1994-06-01,144.77265745007682,0,0
San Marcos Springs,9,1993-11-01,1994-07-01,141.37122375832053,0,0
San Marcos Springs,9,1993-12-01,1994-08-01,137.6831711896228,0,0
San Marcos Springs,9,1994-01-01,1994-09-01,134.55616999487967,0,0
San Marcos Springs,9,1994-02-01,1994-10-01,132.7031233998976,0,0
San Marcos Springs,9,1994-03-01,1994-11-01,133.36714456391877,0,0
San Marcos Springs,9,1994-04-01,1994-12-01,134.67538829151732,0,0
San Marcos Springs,9,1994-05-01,1995-01-01,137.4516129032258,0,0
San Marcos Springs,9,1994-06-01,1995-02-01,138.0779569892473,0,0
San Marcos Springs,9,1994-07-01,1995-03-01,140.07759856630824,0,0
San Marcos Springs,9,1994-08-01,1995-04-01,143.8142771804062,0,0
San Marcos Springs,9,1994-09-01,1995-05-01,146.75692951015532,0,0
San Marcos Springs,9,1994-10-01,1995-06-01,156.19767025089607,0,0
San Marcos Springs,9,1994-11-01,1995-07-01,162.62777777777777,0,0
San Marcos Springs,9,1994-12-01,1995-08-01,165.04593787335722,0,0
San Marcos Springs,9,1995-01-01,1995-09-01,165.63817204301074,0,0
San Marcos Springs,9,1995-02-01,1995-10-01,163.65250896057347,0,0
San Marcos Springs,9,1995-03-01,1995-11-01,163.4321385902031,0,0
San Marcos Springs,9,1995-04-01,1995-12-01,160.72604540023895,0,0
San Marcos Springs,9,1995-05-01,1996-01-01,155.52700119474312,0,0
San Marcos Springs,9,1995-06-01,1996-02-01,150.64392122934947,0,0
San Marcos Springs,9,1995-07-01,1996-03-01,139.43054010629095,0,0
San Marcos Springs,9,1995-08-01,1996-04-01,129.9761792938656,0,0
San Marcos Springs,9,1995-09-01,1996-05-01,122.36327606805916,0,0
San Marcos Springs,9,1995-10-01,1996-06-01,115.70772051250361,0,0
San Marcos Springs,9,1995-11-01,1996-07-01,109.3492975734355,0,0
San Marcos Springs,9,1995-12-01,1996-08-01,102.50963210151197,0,0
San Marcos Springs,9,1996-01-01,1996-09-01,100.03460223293371,0,0
San Marcos Springs,9,1996-02-01,1996-10-01,98.97725456268282,0,0
San Marcos Springs,9,1996-03-01,1996-11-01,97.36129032258064,0,0
San Marcos Springs,9,1996-04-01,1996-12-01,95.56200716845878,0,0
San Marcos Springs,9,1996-05-01,1997-01-01,95.31744324970131,0,0
San Marcos Springs,9,1996-06-01,1997-02-01,95.1457842635262,0,0
San Marcos Springs,9,1996-07-01,1997-03-01,97.30229561358594,0,0
San Marcos Springs,9,1996-08-01,1997-04-01,103.48497183819764,0,0
San Marcos Springs,9,1996-09-01,1997-05-01,114.68568868407579,0,0
San Marcos Springs,9,1996-10-01,1997-06-01,133.06346646185355,0,0
San Marcos Springs,9,1996-11-01,1997-07-01,155.23550947260625,0,0
San Marcos Springs,9,1996-12-01,1997-08-01,174.5625106673494,0,0
San Marcos Springs,9,1997-01-01,1997-09-01,189.61961938897423,0,0
San Marcos Springs,9,1997-02-01,1997-10-01,200.64829322409966,0,0
San Marcos Springs,9,1997-03-01,1997-11-01,209.67025089605735,0,0
San Marcos Springs,9,1997-04-01,1997-12-01,215.50179211469535,0,0
San Marcos Springs,9,1997-05-01,1998-01-01,218.82449223416964,0,0
San Marcos Springs,9,1997-06-01,1998-02-01,219.19174773852194,0,0
San Marcos Springs,9,1997-07-01,1998-03-01,211.80512886158047,0,0
San Marcos Springs,9,1997-08-01,1998-04-01,200.6116999487967,0,0
San Marcos Springs,9,1997-09-01,1998-05-01,190.6511264720942,0,0
San Marcos Springs,9,1997-10-01,1998-06-01,183.66594128690903,0,0
San Marcos Springs,9,1997-11-01,1998-07-01,179.09604881379076,0,0
San Marcos Springs,9,1997-12-01,1998-08-01,176.37119815668203,0,0
San Marcos Springs,9,1998-01-01,1998-09-01,178.9016641065028,0,0
San Marcos Springs,9,1998-02-01,1998-10-01,190.528904249872,0,0
San Marcos Springs,9,1998-03-01,1998-11-01,211.33022700119474,0,0
San Marcos Springs,9,1998-04-01,1998-12-01,227.7531660692951,0,0
San Marcos Springs,9,1998-05-01,1999-01-01,239.5021505376344,0,0
San Marcos Springs,9,1998-06-01,1999-02-01,250.39974398361494,0,0
San Marcos Springs,9,1998-07-01,1999-03-01,257.5142003754907,0,0
San Marcos Springs,9,1998-08-01,1999-04-01,261.65924219150025,0,0
San Marcos Springs,9,1998-09-01,1999-05-01,264.437019969278,0,0
San Marcos Springs,9,1998-10-01,1999-06-01,263.53331626557434,0,0
San Marcos Springs,9,1998-11-01,1999-07-01,252.8021334698754,0,0
San Marcos Springs,9,1998-12-01,1999-08-01,227.7984297661717,0,0
San Marcos Springs,9,1999-01-01,1999-09-01,202.64729476019798,0,0
San Marcos Springs,9,1999-02-01,1999-10-01,180.65446321897934,0,0
San Marcos Springs,9,1999-03-01,1999-11-01,162.72377538829153,0,0
San Marcos Springs,9,1999-04-01,1999-12-01,150.1825567502987,0,0
San Marcos Springs,9,1999-05-01,2000-01-01,140.84755077658303,0,0
San Marcos Springs,9,1999-06-01,2000-02-01,133.67291228937503,0,0
San Marcos Springs,9,1999-07-01,2000-03-01,126.30421455938698,0,0
San Marcos Springs,9,1999-08-01,2000-04-01,119.0706422774276,0,0
San Marcos Springs,9,1999-09-01,2000-05-01,116.28211181147778,0,0
San Marcos Springs,9,1999-10-01,2000-06-01,120.44137107073703,0,0
San Marcos Springs,9,1999-11-01,2000-07-01,124.64567214600585,0,0
San Marcos Springs,9,1999-12-01,2000-08-01,125.82571993573106,0,0
San Marcos Springs,9,2000-01-01,2000-09-01,125.36729699666296,0,0
San Marcos Springs,9,2000-02-01,2000-10-01,125.8870102583117,0,0
San Marcos Springs,9,2000-03-01,2000-11-01,137.00131421744325,0,0
San Marcos Springs,9,2000-04-01,2000-12-01,148.7289127837515,0,0
San Marcos Springs,9,2000-05-01,2001-01-01,162.4821983273596,0,0
San Marcos Springs,9,2000-06-01,2001-02-01,177.27866530124595,0,0
San Marcos Springs,9,2000-07-01,2001-03-01,187.94437617340844,0,0
San Marcos Springs,9,2000-08-01,2001-04-01,199.28762587472266,0,0
San Marcos Springs,9,2000-09-01,2001-05-01,211.47400580303807,0,0
San Marcos Springs,9,2000-10-01,2001-06-01,222.26289469192696,0,0
San Marcos Springs,9,2000-11-01,2001-07-01,230.53529612561871,0,0
San Marcos Springs,9,2000-12-01,2001-08-01,226.136849291688,0,0
San Marcos Springs,9,2001-01-01,2001-09-01,225.4483188257382,0,0
San Marcos Springs,9,2001-02-01,2001-10-01,221.34079194401775,0,0
San Marcos Springs,9,2001-03-01,2001-11-01,219.25137395459976,0,0
San Marcos Springs,9,2001-04-01,2001-12-01,225.63130227001196,0,0
San Marcos Springs,9,2001-05-01,2002-01-01,231.98339307048985,0,0
San Marcos Springs,9,2001-06-01,2002-02-01,237.71035159583548,0,0
San Marcos Springs,9,2001-07-01,2002-03-01,242.93902543096092,0,0
San Marcos Springs,9,2001-08-01,2002-04-01,245.79673152415089,0,0
San Marcos Springs,9,2001-09-01,2002-05-01,247.89350571769927,0,0
San Marcos Springs,9,2001-10-01,2002-06-01,243.16017238436592,0,0
San Marcos Springs,9,2001-11-01,2002-07-01,253.83042328042328,0,0
San Marcos Springs,9,2001-12-01,2002-08-01,262.0194316436252,0,0
San Marcos Springs,9,2002-01-01,2002-09-01,258.9886072708653,0,0
San Marcos Springs,9,2002-02-01,2002-10-01,254.4438044034818,0,0
San Marcos Springs,9,2002-03-01,2002-11-01,259.13189964157704,0,0
San Marcos Springs,9,2002-04-01,2002-12-01,266.22508960573475,0,0
San Marcos Springs,9,2002-05-01,2003-01-01,277.49283154121866,0,0
San Marcos Springs,9,2002-06-01,2003-02-01,290.33550947260625,0,0
San Marcos Springs,9,2002-07-01,2003-03-01,304.5100614439324,0,0
San Marcos Springs,9,2002-08-01,2003-04-01,302.6459037378392,0,0
San Marcos Springs,9,2002-09-01,2003-05-01,295.49178187403993,0,0
San Marcos Springs,9,2002-10-01,2003-06-01,288.6547448370029,0,0
San Marcos Springs,9,2002-11-01,2003-07-01,282.9916623997269,0,0
San Marcos Springs,9,2002-12-01,2003-08-01,268.13216419184164,0,0
San Marcos Springs,9,2003-01-01,2003-09-01,253.95104113329919,0,0
San Marcos Springs,9,2003-02-01,2003-10-01,239.59978665301247,0,0
San Marcos Springs,9,2003-03-01,2003-11-01,224.3810035842294,0,0
San Marcos Springs,9,2003-04-01,2003-12-01,209.1336917562724,0,0
San Marcos Springs,9,2003-05-01,2004-01-01,195.60716845878136,0,0
San Marcos Springs,9,2003-06-01,2004-02-01,185.4890124830058,0,0
San Marcos Springs,9,2003-07-01,2004-03-01,176.5253326741647,0,0
San Marcos Springs,9,2003-08-01,2004-04-01,169.62186791908707,0,0
San Marcos Springs,9,2003-09-01,2004-05-01,167.68996827751,0,0
San Marcos Springs,9,2003-10-01,2004-06-01,170.74922753676924,0,0
San Marcos Springs,9,2003-11-01,2004-07-01,179.00012359411693,0,0
San Marcos Springs,9,2003-12-01,2004-08-01,184.99988464549088,0,0
San Marcos Springs,9,2004-01-01,2004-09-01,188.95782968730688,0,0
San Marcos Springs,9,2004-02-01,2004-10-01,193.0330985045112,0,0
San Marcos Springs,9,2004-03-01,2004-11-01,207.2126642771804,0,0
San Marcos Springs,9,2004-04-01,2004-12-01,231.09796893667863,0,0
San Marcos Springs,9,2004-05-01,2005-01-01,250.66093189964158,0,0
San Marcos Springs,9,2004-06-01,2005-02-01,265.95867895545314,0,0
San Marcos Springs,9,2004-07-01,2005-03-01,275.25616999487966,0,0
San Marcos Springs,9,2004-08-01,2005-04-01,278.7739716675201,0,0
San Marcos Springs,9,2004-09-01,2005-05-01,283.1933265062297,0,0
San Marcos Springs,9,2004-10-01,2005-06-01,288.25628946919267,0,0
San Marcos Springs,9,2004-11-01,2005-07-01,289.9910564942823,0,0
San Marcos Springs,9,2004-12-01,2005-08-01,280.13036354326675,0,0
San Marcos Springs,9,2005-01-01,2005-09-01,259.88651647038745,0,0
San Marcos Springs,9,2005-02-01,2005-10-01,242.39189281447347,0,0
San Marcos Springs,9,2005-03-01,2005-11-01,224.7225806451613,0,0
San Marcos Springs,9,2005-04-01,2005-12-01,207.07025089605733,0,0
San Marcos Springs,9,2005-05-01,2006-01-01,189.70298685782558,0,0
San Marcos Springs,9,2005-06-01,2006-02-01,174.4074159412869,0,0
San Marcos Springs,9,2005-07-01,2006-03-01,161.6947516641065,0,0
San Marcos Springs,9,2005-08-01,2006-04-01,151.4742020822666,0,0
San Marcos Springs,9,2005-09-01,2006-05-01,143.67491892814473,0,0
San Marcos Springs,9,2005-10-01,2006-06-01,135.934178187404,0,0
San Marcos Springs,9,2005-11-01,2006-07-01,128.48973374295954,0,0
San Marcos Springs,9,2005-12-01,2006-08-01,122.24839563065369,0,0
San Marcos Springs,9,2006-01-01,2006-09-01,116.5958269329237,0,0
San Marcos Springs,9,2006-02-01,2006-10-01,111.95783410138249,0,0
San Marcos Springs,9,2006-03-01,2006-11-01,108.54910394265232,0,0
San Marcos Springs,9,2006-04-01,2006-12-01,105.2516129032258,0,0
San Marcos Springs,9,2006-05-01,2007-01-01,108.5295101553166,0,0
San Marcos Springs,9,2006-06-01,2007-02-01,113.6826079535757,0,0
San Marcos Springs,9,2006-07-01,2007-03-01,123.29443591056494,0,0
San Marcos Springs,9,2006-08-01,2007-04-01,136.0705410479604,0,0
San Marcos Springs,9,2006-09-01,2007-05-01,148.53290663935826,0,0
San Marcos Springs,9,2006-10-01,2007-06-01,165.92920293565456,0,0
San Marcos Springs,9,2006-11-01,2007-07-01,189.82884451271548,0,0
San Marcos Springs,9,2006-12-01,2007-08-01,225.67293053422085,0,0
San Marcos Springs,9,2007-01-01,2007-09-01,258.3867895545315,0,0
San Marcos Springs,9,2007-02-01,2007-10-01,276.89933435739886,0,0
San Marcos Springs,9,2007-03-01,2007-11-01,288.5025089605735,0,0
San Marcos Springs,9,2007-04-01,2007-12-01,292.8,0,0
San Marcos Springs,9,2007-05-01,2008-01-01,290.68339307048984,0,0
San Marcos Springs,9,2007-06-01,2008-02-01,287.50961974210026,0,0
San Marcos Springs,9,2007-07-01,2008-03-01,278.95944053063073,0,0
San Marcos Springs,9,2007-08-01,2008-04-01,262.13542619371316,0,0
San Marcos Springs,9,2007-09-01,2008-05-01,230.60496024389238,0,0
San Marcos Springs,9,2007-10-01,2008-06-01,201.55681209574425,0,0
San Marcos Springs,9,2007-11-01,2008-07-01,181.3202529559593,0,0
San Marcos Springs,9,2007-12-01,2008-08-01,164.6750916656367,0,0
San Marcos Springs,9,2008-01-01,2008-09-01,151.15836526181354,0,0
San Marcos Springs,9,2008-02-01,2008-10-01,140.46302476002143,0,0
San Marcos Springs,9,2008-03-01,2008-11-01,131.69725209080048,0,0
San Marcos Springs,9,2008-04-01,2008-12-01,123.55388291517323,0,0
San Marcos Springs,9,2008-05-01,2009-01-01,116.71123058542413,0,0
San Marcos Springs,9,2008-06-01,2009-02-01,112.41348352961256,0,0
San Marcos Springs,9,2008-07-01,2009-03-01,108.86963645673323,0,0
San Marcos Springs,9,2008-08-01,2009-04-01,104.87871650452296,0,0
San Marcos Springs,9,2008-09-01,2009-05-01,101.34825055470216,0,0
San Marcos Springs,9,2008-10-01,2009-06-01,98.34454685099847,0,0
San Marcos Springs,9,2008-11-01,2009-07-01,96.12232462877624,0,0
San Marcos Springs,9,2008-12-01,2009-08-01,94.20882403140467,0,0
San Marcos Springs,9,2009-01-01,2009-09-01,93.5505205666496,0,0
San Marcos Springs,9,2009-02-01,2009-10-01,99.13116572793992,0,0
San Marcos Springs,9,2009-03-01,2009-11-01,108.09677419354838,0,0
San Marcos Springs,9,2009-04-01,2009-12-01,117.38351254480287,0,0
San Marcos Springs,9,2009-05-01,2010-01-01,128.19522102747908,0,0
San Marcos Springs,9,2009-06-01,2010-02-01,145.84307048984468,0,0
San Marcos Springs,9,2009-07-01,2010-03-01,164.28823178016725,0,0
San Marcos Springs,9,2009-08-01,2010-04-01,182.04462365591397,0,0
San Marcos Springs,9,2009-09-01,2010-05-01,198.35286738351255,0,0
San Marcos Springs,9,2009-10-01,2010-06-01,212.97879330943846,0,0
San Marcos Springs,9,2009-11-01,2010-07-01,220.8031660692951,0,0
San Marcos Springs,9,2009-12-01,2010-08-01,223.8951612903226,0,0
San Marcos Springs,9,2010-01-01,2010-09-01,227.48189964157706,0,0
San Marcos Springs,9,2010-02-01,2010-10-01,228.4926523297491,0,0
San Marcos Springs,9,2010-03-01,2010-11-01,220.76857825567504,0,0
San Marcos Springs,9,2010-04-01,2010-12-01,211.18076463560334,0,0
San Marcos Springs,9,2010-05-01,2011-01-01,201.80071684587813,0,0
San Marcos Springs,9,2010-06-01,2011-02-01,192.74618535586276,0,0
San Marcos Springs,9,2010-07-01,2011-03-01,184.3090288445127,0,0
San Marcos Springs,9,2010-08-01,2011-04-01,175.30221880867043,0,0
San Marcos Springs,9,2010-09-01,2011-05-01,165.88644819935143,0,0
San Marcos Springs,9,2010-10-01,2011-06-01,154.2494111623144,0,0
San Marcos Springs,9,2010-11-01,2011-07-01,143.38202764976958,0,0
San Marcos Springs,9,2010-12-01,2011-08-01,133.82025942993684,0,0
San Marcos Springs,9,2011-01-01,2011-09-01,125.04439324116743,0,0
San Marcos Springs,9,2011-02-01,2011-10-01,117.07306707629289,0,0
San Marcos Springs,9,2011-03-01,2011-11-01,110.61804062126643,0,0
San Marcos Springs,9,2011-04-01,2011-12-01,105.09115890083632,0,0
San Marcos Springs,9,2011-05-01,2012-01-01,101.74671445639187,0,0
San Marcos Springs,9,2011-06-01,2012-02-01,104.5506941869567,0,0
San Marcos Springs,9,2011-07-01,2012-03-01,112.09920075804392,0,0
San Marcos Springs,9,2011-08-01,2012-04-01,123.47004902566638,0,0
San Marcos Springs,9,2011-09-01,2012-05-01,136.5811601367775,0,0
San Marcos Springs,9,2011-10-01,2012-06-01,149.55153050714787,0,0
San Marcos Springs,9,2011-11-01,2012-07-01,159.72715774729124,0,0
San Marcos Springs,9,2011-12-01,2012-08-01,167.36574795039758,0,0
San Marcos Springs,9,2012-01-01,2012-09-01,172.64460099699255,0,0
San Marcos Springs,9,2012-02-01,2012-10-01,177.30051497548718,0,0
San Marcos Springs,9,2012-03-01,2012-11-01,175.88327359617682,0,0
San Marcos Springs,9,2012-04-01,2012-12-01,169.72915173237755,0,0
San Marcos Springs,9,2012-05-01,2013-01-01,160.1253285543608,0,0
San Marcos Springs,9,2012-06-01,2013-02-01,149.08180576890254,0,0
San Marcos Springs,9,2012-07-01,2013-03-01,138.08801843317974,0,0
San Marcos Springs,9,2012-08-01,2013-04-01,129.6489503328213,0,0
San Marcos Springs,9,2012-09-01,2013-05-01,123.12923707117255,0,0
San Marcos Springs,9,2012-10-01,2013-06-01,120.21812596006144,0,0
San Marcos Springs,9,2012-11-01,2013-07-01,116.29339477726575,0,0
San Marcos Springs,9,2012-12-01,2013-08-01,113.2005632360471,0,0
San Marcos Springs,9,2013-01-01,2013-09-01,110.91728963987029,0,0
San Marcos Springs,9,2013-02-01,2013-10-01,110.55886670080218,0,0
San Marcos Springs,9,2013-03-01,2013-11-01,121.3863799283154,0,0
San Marcos Springs,9,2013-04-01,2013-12-01,129.90609318996417,0,0
San Marcos Springs,9,2013-05-01,2014-01-01,135.99390681003584,0,0
San Marcos Springs,9,2013-06-01,2014-02-01,141.1395801331285,0,0
San Marcos Springs,9,2013-07-01,2014-03-01,143.1230926779314,0,0
San Marcos Springs,9,2013-08-01,2014-04-01,144.310428400751,0,0
San Marcos Springs,9,2013-09-01,2014-05-01,145.61508789895888,0,0
San Marcos Springs,9,2013-10-01,2014-06-01,151.23360641747738,0,0
San Marcos Springs,9,2013-11-01,2014-07-01,153.42715480457417,0,0
San Marcos Springs,9,2013-12-01,2014-08-01,142.60015360983104,0,0
San Marcos Springs,9,2014-01-01,2014-09-01,133.94830175797918,0,0
San Marcos Springs,9,2014-02-01,2014-10-01,127.736832223929,0,0
San Marcos Springs,9,2014-03-01,2014-11-01,123.20191158900836,0,0
San Marcos Springs,9,2014-04-01,2014-12-01,121.01194743130227,0,0
San Marcos Springs,9,2014-05-01,2015-01-01,121.11135005973716,0,0
San Marcos Springs,9,2014-06-01,2015-02-01,125.24396654719236,0,0
San Marcos Springs,9,2014-07-01,2015-03-01,126.50011947431302,0,0
San Marcos Springs,9,2014-08-01,2015-04-01,130.82807646356034,0,0
San Marcos Springs,9,2014-09-01,2015-05-01,141.24743130227,0,0
San Marcos Springs,9,2014-10-01,2015-06-01,167.15483870967742,0,0
San Marcos Springs,9,2014-11-01,2015-07-01,190.6709677419355,0,0
San Marcos Springs,9,2014-12-01,2015-08-01,209.82724014336918,0,0
San Marcos Springs,9,2015-01-01,2015-09-01,223.36332138590203,0,0
San Marcos Springs,9,2015-02-01,2015-10-01,232.33823178016726,0,0
San Marcos Springs,9,2015-03-01,2015-11-01,251.14193548387098,0,0
San Marcos Springs,9,2015-04-01,2015-12-01,268.9985663082437,0,0
San Marcos Springs,9,2015-05-01,2016-01-01,281.81039426523296,0,0
San Marcos Springs,9,2015-06-01,2016-02-01,286.79556297120257,0,0
San Marcos Springs,9,2015-07-01,2016-03-01,275.7192188851811,0,0
San Marcos Springs,9,2015-08-01,2016-04-01,268.99341243356815,0,0
San Marcos Springs,9,2015-09-01,2016-05-01,272.31599307872943,0,0
San Marcos Springs,9,2015-10-01,2016-06-01,283.634511597248,0,0
San Marcos Springs,9,2015-11-01,2016-07-01,295.78863346104725,0,0
San Marcos Springs,9,2015-12-01,2016-08-01,291.3182630906769,0,0
San Marcos Springs,9,2016-01-01,2016-09-01,284.36844230214643,0,0
San Marcos Springs,9,2016-02-01,2016-10-01,282.0171878218597,0,0
San Marcos Springs,9,2016-03-01,2016-11-01,281.2952210274791,0,0
San Marcos Springs,9,2016-04-01,2016-12-01,281.33823178016723,0,0
San Marcos Springs,9,2016-05-01,2017-01-01,277.89557945041815,0,0
San Marcos Springs,9,2016-06-01,2017-02-01,269.52704386414064,0,0
San Marcos Springs,9,2016-07-01,2017-03-01,258.0487881891108,0,0
San Marcos Springs,9,2016-08-01,2017-04-01,253.23516811742618,0,0
San Marcos Springs,9,2016-09-01,2017-05-01,251.47889571599248,0,0
San Marcos Springs,9,2016-10-01,2017-06-01,249.0937105308073,0,0
San Marcos Springs,9,2016-11-01,2017-07-01,241.63134493940944,0,0
San Marcos Springs,9,2016-12-01,2017-08-01,234.9057774364226,0,0
San Marcos Springs,9,2017-01-01,2017-09-01,233.58355521420037,0,0
San Marcos Springs,9,2017-02-01,2017-10-01,230.94914661204984,0,0
San Marcos Springs,9,2017-03-01,2017-11-01,225.38327359617682,0,0
San Marcos Springs,9,2017-04-01,2017-12-01,218.05352449223417,0,0
San Marcos Springs,9,2017-05-01,2018-01-01,206.16821983273596,0,0
San Marcos Springs,9,2017-06-01,2018-02-01,194.52766683734424,0,0
San Marcos Springs,9,2017-07-01,2018-03-01,185.20675883256527,0,0
San Marcos Springs,9,2017-08-01,2018-04-01,182.94558798429767,0,0
San Marcos Springs,9,2017-09-01,2018-05-01,181.73411845024748,0,0
San Marcos Springs,9,2017-10-01,2018-06-01,172.23041474654377,0,0
San Marcos Springs,9,2017-11-01,2018-07-01,166.19098822324628,0,0
San Marcos Springs,9,2017-12-01,2018-08-01,159.88166922683052,0,0
San Marcos Springs,9,2018-01-01,2018-09-01,157.16745178358082,0,0
San Marcos Springs,9,2018-02-01,2018-10-01,159.70508619218296,0,0
San Marcos Springs,9,2018-03-01,2018-11-01,165.60931899641577,0,0
San Marcos Springs,9,2018-04-01,2018-12-01,174.3942652329749,0,0
San Marcos Springs,9,2018-05-01,2019-01-01,182.46547192353643,0,0
San Marcos Springs,9,2018-06-01,2019-02-01,190.56467827274278,0,0
San Marcos Springs,9,2018-07-01,2019-03-01,201.13612391193035,0,0
San Marcos Springs,9,2018-08-01,2019-04-01,211.11927803379416,0,0
San Marcos Springs,9,2018-09-01,2019-05-01,226.8253712237583,0,0
San Marcos Springs,9,2018-10-01,2019-06-01,239.42166752005463,0,0
San Marcos Springs,9,2018-11-01,2019-07-01,243.84819081754566,0,0
San Marcos Springs,9,2018-12-01,2019-08-01,243.40171530977983,0,0
San Marcos Springs,9,2019-01-01,2019-09-01,238.571010411333,0,0
San Marcos Springs,9,2019-02-01,2019-10-01,230.0978921317631,0,0
San Marcos Springs,9,2019-03-01,2019-11-01,222.28387096774193,0,0
San Marcos Springs,9,2019-04-01,2019-12-01,214.14767025089606,0,0
San Marcos Springs,9,2019-05-01,2020-01-01,205.2935483870968,0,0
San Marcos Springs,9,2019-06-01,2020-02-01,191.9247435422074,0,0
San Marcos Springs,9,2019-07-01,2020-03-01,179.30072920528983,0,0
San Marcos Springs,9,2019-08-01,2020-04-01,170.2922465290652,0,0
San Marcos Springs,9,2019-09-01,2020-05-01,165.00192394842006,0,0
San Marcos Springs,9,2019-10-01,2020-06-01,164.77599802249412,0,0
San Marcos Springs,9,2019-11-01,2020-07-01,163.6684711407737,0,0
San Marcos Springs,9,2019-12-01,2020-08-01,159.42629670827668,0,0
San Marcos Springs,9,2020-01-01,2020-09-01,156.13179252667572,0,0
San Marcos Springs,9,2020-02-01,2020-10-01,154.71960614674742,0,0
San Marcos Springs,9,2020-03-01,2020-11-01,152.55459976105138,0,0
San Marcos Springs,9,2020-04-01,2020-12-01,149.55101553166068,0,0
San Marcos Springs,9,2020-05-01,2021-01-01,146.33727598566307,0,0
San Marcos Springs,9,2020-06-01,2021-02-01,140.18174603174603,0,0
San Marcos Springs,9,2020-07-01,2021-03-01,130.9731438812084,0,0
San Marcos Springs,9,2020-08-01,2021-04-01,123.61961938897423,0,0
San Marcos Springs,9,2020-09-01,2021-05-01,123.4368236900495,0,0
San Marcos Springs,9,2020-10-01,2021-06-01,127.3442310974569,0,0
San Marcos Springs,9,2020-11-01,2021-07-01,129.82451783580817,0,0
San Marcos Springs,9,2020-12-01,2021-08-01,133.04650110940435,0,0
San Marcos Springs,9,2021-01-01,2021-09-01,135.82965523126813,0,0
San Marcos Springs,9,2021-02-01,2021-10-01,142.62535415599933,0,0
San Marcos Springs,9,2021-03-01,2021-11-01,153.1658303464755,0,0
San Marcos Springs,9,2021-04-01,2021-12-01,160.72138590203107,0,0
San Marcos Springs,9,2021-05-01,2022-01-01,167.08924731182796,0,0
San Marcos Springs,9,2021-06-01,2022-02-01,170.58220686123911,0,0
San Marcos Springs,9,2021-07-01,2022-03-01,170.43883768561187,0,0
San Marcos Springs,9,2021-08-01,2022-04-01,168.05078511691414,0,0
San Marcos Springs,9,2021-09-01,2022-05-01,164.54540877282813,0,0
San Marcos Springs,9,2021-10-01,2022-06-01,160.26763099505035,0,0
San Marcos Springs,9,2021-11-01,2022-07-01,151.52569551117938,0,0
San Marcos Springs,9,2021-12-01,2022-08-01,138.7859105649428,0,0
San Marcos Springs,9,2022-01-01,2022-09-01,128.9537719747397,0,0
San Marcos Springs,9,2022-02-01,2022-10-01,120.61327018262502,0,0
San Marcos Springs,9,2022-03-01,2022-11-01,111.55639187574671,0,0
San Marcos Springs,9,2022-04-01,2022-12-01,102.37718040621266,0,0
San Marcos Springs,9,2022-05-01,2023-01-01,96.04480286738351,0,0
San Marcos Springs,9,2022-06-01,2023-02-01,91.82078853046595,0,0
San Marcos Springs,9,2022-07-01,2023-03-01,89.25806451612902,0,0
San Marcos Springs,9,2022-08-01,2023-04-01,87.84767025089606,0,0
San Marcos Springs,9,2022-09-01,2023-05-01,88.85041816009557,1,0
San Marcos Springs,9,2022-10-01,2023-06-01,89.02449223416966,1,0
San Marcos Springs,9,2022-11-01,2023-07-01,89.22520908004779,1,0
San Marcos Springs,9,2022-12-01,2023-08-01,87.68876941457587,1,0
San Marcos Springs,9,2023-01-01,2023-09-01,85.67801672640383,1,0
San Marcos Springs,9,2023-02-01,2023-10-01,84.4557945041816,1,0
San Marcos Springs,9,2023-03-01,2023-11-01,84.16320191158901,1,0
San Marcos Springs,9,2023-04-01,2023-12-01,84.13452807646355,1,0
San Marcos Springs,9,2023-05-01,2024-01-01,86.08614097968936,1,0
San Marcos Springs,9,2023-06-01,2024-02-01,93.68677954929345,0,0
San Marcos Springs,9,2023-07-01,2024-03-01,100.4917974704404,0,0
San Marcos Springs,9,2023-08-01,2024-04-01,104.72298026613933,0,0
San Marcos Springs,9,2023-09-01,2024-05-01,110.8233386890784,0,0
San Marcos Springs,9,2023-10-01,2024-06-01,115.57889424463396,0,0
San Marcos Springs,9,2023-11-01,2024-07-01,118.80828492563754,0,0
San Marcos Springs,9,2023-12-01,2024-08-01,120.19585959708319,0,0
San Marcos Springs,9,2024-01-01,2024-09-01,121.01318337247147,0,0
San Marcos Springs,9,2024-02-01,2024-10-01,119.04902566637828,0,0
San Marcos Springs,9,2024-03-01,2024-11-01,109.4520908004779,0,0
San Marcos Springs,9,2024-04-01,2024-12-01,102.01481481481481,0,0
San Marcos Springs,9,2024-05-01,2025-01-01,97.4252090800478,0,0
San Marcos Springs,9,2024-06-01,2025-02-01,92.52531148660181,0,0
San Marcos Springs,9,2024-07-01,2025-03-01,89.61563406724697,0,0
San Marcos Springs,9,2024-08-01,2025-04-01,87.2704727769244,0,0
San Marcos Springs,9,2024-09-01,2025-05-01,85.52853729305342,0,0
San Marcos Springs,9,2024-10-01,2025-06-01,85.97298173749786,0,0
San Marcos Springs,9,2024-11-01,2025-07-01,87.85828639699608,0,0
San Marcos Springs,9,2024-12-01,2025-08-01,89.90918245434375,0,0
San Marcos Springs,9,2025-01-01,2025-09-01,90.7747738521932,0,0
San Marcos Springs,9,2025-02-01,2025-10-01,91.36975593104626,0,0
San Marcos Springs,9,2025-03-01,2025-11-01,91.49091995221028,0,0
San Marcos Springs,9,2025-04-01,2025-12-01,90.98195937873358,0,0
San Marcos Springs,9,2025-05-01,2026-01-01,90.64970131421744,0,0
San Marcos Springs,9,2025-06-01,2026-02-01,90.17760710018774,0,0
San Marcos Springs,9,2025-07-01,2026-03-01,87.98752346816863,0,0
San Marcos Springs,9,2025-08-01,2026-04-01,85.07402287079707,0,0
San Marcos Springs,9,2025-09-01,2026-05-01,83.72276839051032,0,0
San Marcos Springs,9,2025-10-01,2026-06-01,84.00795357569551,0,0
San Marcos Springs,9,2025-11-01,2026-07-01,86.71046253626899,0,0
San Marcos Springs,12,1955-02-01,1956-01-01,NA,NA,NA
San Marcos Springs,12,1955-03-01,1956-02-01,NA,NA,NA
San Marcos Springs,12,1955-04-01,1956-03-01,NA,NA,NA
San Marcos Springs,12,1955-05-01,1956-04-01,NA,NA,NA
San Marcos Springs,12,1955-06-01,1956-05-01,NA,NA,NA
San Marcos Springs,12,1955-07-01,1956-06-01,NA,NA,NA
San Marcos Springs,12,1955-08-01,1956-07-01,NA,NA,NA
San Marcos Springs,12,1955-09-01,1956-08-01,NA,NA,NA
San Marcos Springs,12,1955-10-01,1956-09-01,NA,NA,NA
San Marcos Springs,12,1955-11-01,1956-10-01,NA,NA,NA
San Marcos Springs,12,1955-12-01,1956-11-01,NA,NA,NA
San Marcos Springs,12,1956-01-01,1956-12-01,NA,5,5
San Marcos Springs,12,1956-02-01,1957-01-01,NA,4,4
San Marcos Springs,12,1956-03-01,1957-02-01,NA,3,3
San Marcos Springs,12,1956-04-01,1957-03-01,NA,2,2
San Marcos Springs,12,1956-05-01,1957-04-01,NA,1,1
San Marcos Springs,12,1956-06-01,1957-05-01,84.25361623143881,0,0
San Marcos Springs,12,1956-07-01,1957-06-01,95.03417178699436,0,0
San Marcos Springs,12,1956-08-01,1957-07-01,103.35675243215566,0,0
San Marcos Springs,12,1956-09-01,1957-08-01,110.19815028161803,0,0
San Marcos Springs,12,1956-10-01,1957-09-01,116.44259472606247,0,0
San Marcos Springs,12,1956-11-01,1957-10-01,127.66571300563236,0,0
San Marcos Springs,12,1956-12-01,1957-11-01,140.28237967229902,0,0
San Marcos Springs,12,1957-01-01,1957-12-01,151.86840117767537,0,0
San Marcos Springs,12,1957-02-01,1958-01-01,162.1533474142345,0,0
San Marcos Springs,12,1957-03-01,1958-02-01,174.30513312852023,0,0
San Marcos Springs,12,1957-04-01,1958-03-01,188.20029441884282,0,0
San Marcos Springs,12,1957-05-01,1958-04-01,196.6864055299539,0,0
San Marcos Springs,12,1957-06-01,1958-05-01,202.3557603686636,0,0
San Marcos Springs,12,1957-07-01,1958-06-01,205.88353814644137,0,0
San Marcos Springs,12,1957-08-01,1958-07-01,209.36740911418332,0,0
San Marcos Springs,12,1957-09-01,1958-08-01,212.20880696364569,0,0
San Marcos Springs,12,1957-10-01,1958-09-01,214.72825140809013,0,0
San Marcos Springs,12,1957-11-01,1958-10-01,213.20405785970303,0,0
San Marcos Springs,12,1957-12-01,1958-11-01,212.77628008192525,0,0
San Marcos Springs,12,1958-01-01,1958-12-01,211.99671018945213,0,0
San Marcos Springs,12,1958-02-01,1959-01-01,210.1687532002048,0,0
San Marcos Springs,12,1958-03-01,1959-02-01,206.5764912954429,0,0
San Marcos Springs,12,1958-04-01,1959-03-01,198.51466333845366,0,0
San Marcos Springs,12,1958-05-01,1959-04-01,192.85633000512033,0,0
San Marcos Springs,12,1958-06-01,1959-05-01,185.18159882232464,0,0
San Marcos Springs,12,1958-07-01,1959-06-01,179.08159882232462,0,0
San Marcos Springs,12,1958-08-01,1959-07-01,175.54396441372248,0,0
San Marcos Springs,12,1958-09-01,1959-08-01,173.2025665642601,0,0
San Marcos Springs,12,1958-10-01,1959-09-01,170.77478878648233,0,0
San Marcos Springs,12,1958-11-01,1959-10-01,169.25597158218125,0,0
San Marcos Springs,12,1958-12-01,1959-11-01,164.57263824884794,0,0
San Marcos Springs,12,1959-01-01,1959-12-01,160.3656490015361,0,0
San Marcos Springs,12,1959-02-01,1960-01-01,158.0108102918587,0,0
San Marcos Springs,12,1959-03-01,1960-02-01,156.55935298479793,0,0
San Marcos Springs,12,1959-04-01,1960-03-01,155.80666481275492,0,0
San Marcos Springs,12,1959-05-01,1960-04-01,155.87055370164381,0,0
San Marcos Springs,12,1959-06-01,1960-05-01,159.32754294895562,0,0
San Marcos Springs,12,1959-07-01,1960-06-01,162.77476517117785,0,0
San Marcos Springs,12,1959-08-01,1960-07-01,167.6322920528983,0,0
San Marcos Springs,12,1959-09-01,1960-08-01,172.67530280558645,0,0
San Marcos Springs,12,1959-10-01,1960-09-01,178.25030280558644,0,0
San Marcos Springs,12,1959-11-01,1960-10-01,180.5836361389198,0,0
San Marcos Springs,12,1959-12-01,1960-11-01,187.12252502780868,0,0
San Marcos Springs,12,1960-01-01,1960-12-01,194.67091212458286,0,0
San Marcos Springs,12,1960-02-01,1961-01-01,202.18435298479793,0,0
San Marcos Springs,12,1960-03-01,1961-02-01,209.5018817204301,0,0
San Marcos Springs,12,1960-04-01,1961-03-01,215.66317204301075,0,0
San Marcos Springs,12,1960-05-01,1961-04-01,220.09372759856632,0,0
San Marcos Springs,12,1960-06-01,1961-05-01,219.2953405017921,0,0
San Marcos Springs,12,1960-07-01,1961-06-01,218.40645161290323,0,0
San Marcos Springs,12,1960-08-01,1961-07-01,215.68064516129033,0,0
San Marcos Springs,12,1960-09-01,1961-08-01,213.28279569892473,0,0
San Marcos Springs,12,1960-10-01,1961-09-01,209.29112903225806,0,0
San Marcos Springs,12,1960-11-01,1961-10-01,206.29112903225806,0,0
San Marcos Springs,12,1960-12-01,1961-11-01,198.9744623655914,0,0
San Marcos Springs,12,1961-01-01,1961-12-01,191.30241935483872,0,0
San Marcos Springs,12,1961-02-01,1962-01-01,183.34543010752688,0,0
San Marcos Springs,12,1961-03-01,1962-02-01,174.2174539170507,0,0
San Marcos Springs,12,1961-04-01,1962-03-01,166.3222926267281,0,0
San Marcos Springs,12,1961-05-01,1962-04-01,158.89173707117254,0,0
San Marcos Springs,12,1961-06-01,1962-05-01,152.3272209421403,0,0
San Marcos Springs,12,1961-07-01,1962-06-01,145.96610983102917,0,0
San Marcos Springs,12,1961-08-01,1962-07-01,139.95535714285714,0,0
San Marcos Springs,12,1961-09-01,1962-08-01,134.78062596006146,0,0
San Marcos Springs,12,1961-10-01,1962-09-01,133.711181515617,0,0
San Marcos Springs,12,1961-11-01,1962-10-01,134.57408474142346,0,0
San Marcos Springs,12,1961-12-01,1962-11-01,133.72686251920123,0,0
San Marcos Springs,12,1962-01-01,1962-12-01,132.4392281105991,0,0
San Marcos Springs,12,1962-02-01,1963-01-01,131.25643241167435,0,0
San Marcos Springs,12,1962-03-01,1963-02-01,130.29214669738863,0,0
San Marcos Springs,12,1962-04-01,1963-03-01,129.64429723502303,0,0
San Marcos Springs,12,1962-05-01,1963-04-01,129.25540834613415,0,0
San Marcos Springs,12,1962-06-01,1963-05-01,129.0887416794675,0,0
San Marcos Springs,12,1962-07-01,1963-06-01,129.85263056835637,0,0
San Marcos Springs,12,1962-08-01,1963-07-01,129.7316628264209,0,0
San Marcos Springs,12,1962-09-01,1963-08-01,128.68596390168972,0,0
San Marcos Springs,12,1962-10-01,1963-09-01,124.30818612391192,0,0
San Marcos Springs,12,1962-11-01,1963-10-01,117.36463773681515,0,0
San Marcos Springs,12,1962-12-01,1963-11-01,112.81185995903738,0,0
San Marcos Springs,12,1963-01-01,1963-12-01,108.82261264720943,0,0
San Marcos Springs,12,1963-02-01,1964-01-01,105.17745135688685,0,0
San Marcos Springs,12,1963-03-01,1964-02-01,101.8803454455568,0,0
San Marcos Springs,12,1963-04-01,1964-03-01,98.86421641329873,0,0
San Marcos Springs,12,1963-05-01,1964-04-01,96.43921641329872,0,0
San Marcos Springs,12,1963-06-01,1964-05-01,94.20265727351378,0,0
San Marcos Springs,12,1963-07-01,1964-06-01,92.4637683846249,0,0
San Marcos Springs,12,1963-08-01,1964-07-01,92.18688666419479,0,0
San Marcos Springs,12,1963-09-01,1964-08-01,91.65194042763565,0,0
San Marcos Springs,12,1963-10-01,1964-09-01,92.02971820541342,0,0
San Marcos Springs,12,1963-11-01,1964-10-01,93.87918057100482,0,0
San Marcos Springs,12,1963-12-01,1964-11-01,95.32918057100483,0,0
San Marcos Springs,12,1964-01-01,1964-12-01,96.63563218390804,0,0
San Marcos Springs,12,1964-02-01,1965-01-01,98.6490730441231,0,0
San Marcos Springs,12,1964-03-01,1965-02-01,106.09201228878648,0,0
San Marcos Springs,12,1964-04-01,1965-03-01,112.95760368663595,0,0
San Marcos Springs,12,1964-05-01,1965-04-01,118.54093701996928,0,0
San Marcos Springs,12,1964-06-01,1965-05-01,126.33932411674347,0,0
San Marcos Springs,12,1964-07-01,1965-06-01,136.06432411674348,0,0
San Marcos Springs,12,1964-08-01,1965-07-01,143.90841013824885,0,0
San Marcos Springs,12,1964-09-01,1965-08-01,150.88959293394777,0,0
San Marcos Springs,12,1964-10-01,1965-09-01,156.01459293394777,0,0
San Marcos Springs,12,1964-11-01,1965-10-01,159.45276497695852,0,0
San Marcos Springs,12,1964-12-01,1965-11-01,162.0444316436252,0,0
San Marcos Springs,12,1965-01-01,1965-12-01,169.9476574500768,0,0
San Marcos Springs,12,1965-02-01,1966-01-01,176.7944316436252,0,0
San Marcos Springs,12,1965-03-01,1966-02-01,177.1337173579109,0,0
San Marcos Springs,12,1965-04-01,1966-03-01,178.06113671274963,0,0
San Marcos Springs,12,1965-05-01,1966-04-01,178.5000256016385,0,0
San Marcos Springs,12,1965-06-01,1966-05-01,176.52959549411162,0,0
San Marcos Springs,12,1965-07-01,1966-06-01,171.87959549411164,0,0
San Marcos Springs,12,1965-08-01,1966-07-01,168.2720686123912,0,0
San Marcos Springs,12,1965-09-01,1966-08-01,165.60540194572454,0,0
San Marcos Springs,12,1965-10-01,1966-09-01,163.85540194572454,0,0
San Marcos Springs,12,1965-11-01,1966-10-01,162.39303635432668,0,0
San Marcos Springs,12,1965-12-01,1966-11-01,160.97359190988223,0,0
San Marcos Springs,12,1966-01-01,1966-12-01,153.93326932923708,0,0
San Marcos Springs,12,1966-02-01,1967-01-01,146.9359575012801,0,0
San Marcos Springs,12,1966-03-01,1967-02-01,140.2484575012801,0,0
San Marcos Springs,12,1966-04-01,1967-03-01,133.64093061955964,0,0
San Marcos Springs,12,1966-05-01,1967-04-01,128.56315284178189,0,0
San Marcos Springs,12,1966-06-01,1967-05-01,122.845410906298,0,0
San Marcos Springs,12,1966-07-01,1967-06-01,116.97874423963134,0,0
San Marcos Springs,12,1966-08-01,1967-07-01,111.2206797235023,0,0
San Marcos Springs,12,1966-09-01,1967-08-01,106.22605606758833,0,0
San Marcos Springs,12,1966-10-01,1967-09-01,103.47327828981055,0,0
San Marcos Springs,12,1966-11-01,1967-10-01,102.66682667690732,0,0
San Marcos Springs,12,1966-12-01,1967-11-01,104.59738223246288,0,0
San Marcos Springs,12,1967-01-01,1967-12-01,107.22372631848438,0,0
San Marcos Springs,12,1967-02-01,1968-01-01,114.54899513568868,0,0
San Marcos Springs,12,1967-03-01,1968-02-01,128.13530465949822,0,0
San Marcos Springs,12,1967-04-01,1968-03-01,139.331541218638,0,0
San Marcos Springs,12,1967-05-01,1968-04-01,149.29820788530466,0,0
San Marcos Springs,12,1967-06-01,1968-05-01,160.41648745519714,0,0
San Marcos Springs,12,1967-07-01,1968-06-01,171.7692652329749,0,0
San Marcos Springs,12,1967-08-01,1968-07-01,182.35528673835125,0,0
San Marcos Springs,12,1967-09-01,1968-08-01,189.5622759856631,0,0
San Marcos Springs,12,1967-10-01,1968-09-01,194.6206093189964,0,0
San Marcos Springs,12,1967-11-01,1968-10-01,197.2926523297491,0,0
San Marcos Springs,12,1967-12-01,1968-11-01,197.45931899641576,0,0
San Marcos Springs,12,1968-01-01,1968-12-01,197.33835125448027,0,0
San Marcos Springs,12,1968-02-01,1969-01-01,192.22544802867384,0,0
San Marcos Springs,12,1968-03-01,1969-02-01,181.5796146953405,0,0
San Marcos Springs,12,1968-04-01,1969-03-01,174.2328405017921,0,0
San Marcos Springs,12,1968-05-01,1969-04-01,169.59117383512546,0,0
San Marcos Springs,12,1968-06-01,1969-05-01,167.39224910394265,0,0
San Marcos Springs,12,1968-07-01,1969-06-01,165.90336021505377,0,0
San Marcos Springs,12,1968-08-01,1969-07-01,163.34690860215053,0,0
San Marcos Springs,12,1968-09-01,1969-08-01,162.5592741935484,0,0
San Marcos Springs,12,1968-10-01,1969-09-01,161.73982974910393,0,0
San Marcos Springs,12,1968-11-01,1969-10-01,161.91456093189964,0,0
San Marcos Springs,12,1968-12-01,1969-11-01,162.03956093189964,0,0
San Marcos Springs,12,1969-01-01,1969-12-01,162.59870071684588,0,0
San Marcos Springs,12,1969-02-01,1970-01-01,164.52074372759856,0,0
San Marcos Springs,12,1969-03-01,1970-02-01,167.50288658474142,0,0
San Marcos Springs,12,1969-04-01,1970-03-01,171.7501984126984,0,0
San Marcos Springs,12,1969-05-01,1970-04-01,174.8779761904762,0,0
San Marcos Springs,12,1969-06-01,1970-05-01,177.67367511520737,0,0
San Marcos Springs,12,1969-07-01,1970-06-01,181.55423067076293,0,0
San Marcos Springs,12,1969-08-01,1970-07-01,185.6725102406554,0,0
San Marcos Springs,12,1969-09-01,1970-08-01,188.76390809011778,0,0
San Marcos Springs,12,1969-10-01,1970-09-01,191.35557475678445,0,0
San Marcos Springs,12,1969-11-01,1970-10-01,194.7668650793651,0,0
San Marcos Springs,12,1969-12-01,1970-11-01,198.1779761904762,0,0
San Marcos Springs,12,1970-01-01,1970-12-01,199.55163210445468,0,0
San Marcos Springs,12,1970-02-01,1971-01-01,199.01399769585254,0,0
San Marcos Springs,12,1970-03-01,1971-02-01,196.93959293394778,0,0
San Marcos Springs,12,1970-04-01,1971-03-01,191.13314132104455,0,0
San Marcos Springs,12,1970-05-01,1971-04-01,183.952585765489,0,0
San Marcos Springs,12,1970-06-01,1971-05-01,173.73753200204814,0,0
San Marcos Springs,12,1970-07-01,1971-06-01,161.34864311315926,0,0
San Marcos Springs,12,1970-08-01,1971-07-01,150.56907322068614,0,0
San Marcos Springs,12,1970-09-01,1971-08-01,143.70348182283666,0,0
San Marcos Springs,12,1970-10-01,1971-09-01,137.51181515617,0,0
San Marcos Springs,12,1970-11-01,1971-10-01,130.41504096262162,0,0
San Marcos Springs,12,1970-12-01,1971-11-01,124.95670762928827,0,0
San Marcos Springs,12,1971-01-01,1971-12-01,126.8626216077829,0,0
San Marcos Springs,12,1971-02-01,1972-01-01,130.05616999487967,0,0
San Marcos Springs,12,1971-03-01,1972-02-01,132.57300086515883,0,0
San Marcos Springs,12,1971-04-01,1972-03-01,134.77730194042763,0,0
San Marcos Springs,12,1971-05-01,1972-04-01,137.1800797182054,0,0
San Marcos Springs,12,1971-06-01,1972-05-01,141.21233778272153,0,0
San Marcos Springs,12,1971-07-01,1972-06-01,146.12900444938822,0,0
San Marcos Springs,12,1971-08-01,1972-07-01,151.68814423433443,0,0
San Marcos Springs,12,1971-09-01,1972-08-01,155.05911197626992,0,0
San Marcos Springs,12,1971-10-01,1972-09-01,158.3257786429366,0,0
San Marcos Springs,12,1971-11-01,1972-10-01,160.64835928809788,0,0
San Marcos Springs,12,1971-12-01,1972-11-01,163.034470399209,0,0
San Marcos Springs,12,1972-01-01,1972-12-01,160.71457792609073,0,0
San Marcos Springs,12,1972-02-01,1973-01-01,158.56672846372513,0,0
San Marcos Springs,12,1972-03-01,1973-02-01,158.9546594982079,0,0
San Marcos Springs,12,1972-04-01,1973-03-01,162.31756272401432,0,0
San Marcos Springs,12,1972-05-01,1973-04-01,166.72867383512545,0,0
San Marcos Springs,12,1972-06-01,1973-05-01,170.26362007168458,0,0
San Marcos Springs,12,1972-07-01,1973-06-01,174.18306451612904,0,0
San Marcos Springs,12,1972-08-01,1973-07-01,179.84435483870968,0,0
San Marcos Springs,12,1972-09-01,1973-08-01,185.2771505376344,0,0
San Marcos Springs,12,1972-10-01,1973-09-01,189.7521505376344,0,0
San Marcos Springs,12,1972-11-01,1973-10-01,200.2951612903226,0,0
San Marcos Springs,12,1972-12-01,1973-11-01,211.20349462365593,0,0
San Marcos Springs,12,1973-01-01,1973-12-01,218.28682795698924,0,0
San Marcos Springs,12,1973-02-01,1974-01-01,222.43736559139785,0,0
San Marcos Springs,12,1973-03-01,1974-02-01,223.78260368663595,0,0
San Marcos Springs,12,1973-04-01,1974-03-01,222.3256144393241,0,0
San Marcos Springs,12,1973-05-01,1974-04-01,219.40616999487966,0,0
San Marcos Springs,12,1973-06-01,1974-05-01,217.5916538658474,0,0
San Marcos Springs,12,1973-07-01,1974-06-01,214.45832053251408,0,0
San Marcos Springs,12,1973-08-01,1974-07-01,207.9690732206861,0,0
San Marcos Springs,12,1973-09-01,1974-08-01,202.04165386584742,0,0
San Marcos Springs,12,1973-10-01,1974-09-01,199.57776497695852,0,0
San Marcos Springs,12,1973-11-01,1974-10-01,192.20142089093702,0,0
San Marcos Springs,12,1973-12-01,1974-11-01,185.53753200204812,0,0
San Marcos Springs,12,1974-01-01,1974-12-01,184.81172555043523,0,0
San Marcos Springs,12,1974-02-01,1975-01-01,185.86011264720943,0,0
San Marcos Springs,12,1974-03-01,1975-02-01,191.5595174091142,0,0
San Marcos Springs,12,1974-04-01,1975-03-01,196.6885496671787,0,0
San Marcos Springs,12,1974-05-01,1975-04-01,201.00799411162313,0,0
San Marcos Springs,12,1974-06-01,1975-05-01,207.38702636968765,0,0
San Marcos Springs,12,1974-07-01,1975-06-01,216.7925819252432,0,0
San Marcos Springs,12,1974-08-01,1975-07-01,226.29795826932923,0,0
San Marcos Springs,12,1974-09-01,1975-08-01,234.15548515104967,0,0
San Marcos Springs,12,1974-10-01,1975-09-01,237.64437403993855,0,0
San Marcos Springs,12,1974-11-01,1975-10-01,240.1255568356375,0,0
San Marcos Springs,12,1974-12-01,1975-11-01,239.83944572452637,0,0
San Marcos Springs,12,1975-01-01,1975-12-01,235.1190156169995,0,0
San Marcos Springs,12,1975-02-01,1976-01-01,230.46847798259088,0,0
San Marcos Springs,12,1975-03-01,1976-02-01,221.6163638610802,0,0
San Marcos Springs,12,1975-04-01,1976-03-01,213.35023482882215,0,0
San Marcos Springs,12,1975-05-01,1976-04-01,207.0307903843777,0,0
San Marcos Springs,12,1975-06-01,1976-05-01,201.82380113706589,0,0
San Marcos Springs,12,1975-07-01,1976-06-01,198.46546780373254,0,0
San Marcos Springs,12,1975-08-01,1976-07-01,196.5568656531949,0,0
San Marcos Springs,12,1975-09-01,1976-08-01,194.15095167470028,0,0
San Marcos Springs,12,1975-10-01,1976-09-01,193.78428500803363,0,0
San Marcos Springs,12,1975-11-01,1976-10-01,195.2009516747003,0,0
San Marcos Springs,12,1975-12-01,1976-11-01,202.3120627858114,0,0
San Marcos Springs,12,1976-01-01,1976-12-01,210.80131009763937,0,0
San Marcos Springs,12,1976-02-01,1977-01-01,219.73948214065013,0,0
San Marcos Springs,12,1976-03-01,1977-02-01,231.06481054787508,0,0
San Marcos Springs,12,1976-04-01,1977-03-01,242.70459549411163,0,0
San Marcos Springs,12,1976-05-01,1977-04-01,253.2212621607783,0,0
San Marcos Springs,12,1976-06-01,1977-05-01,259.08685355862775,0,0
San Marcos Springs,12,1976-07-01,1977-06-01,258.5618535586278,0,0
San Marcos Springs,12,1976-08-01,1977-07-01,255.9193804403482,0,0
San Marcos Springs,12,1976-09-01,1977-08-01,254.09948796722992,0,0
San Marcos Springs,12,1976-10-01,1977-09-01,251.95504352278547,0,0
San Marcos Springs,12,1976-11-01,1977-10-01,246.90128008192525,0,0
San Marcos Springs,12,1976-12-01,1977-11-01,235.94016897081414,0,0
San Marcos Springs,12,1977-01-01,1977-12-01,223.84608294930877,0,0
San Marcos Springs,12,1977-02-01,1978-01-01,211.16866359447005,0,0
San Marcos Springs,12,1977-03-01,1978-02-01,196.746044546851,0,0
San Marcos Springs,12,1977-04-01,1978-03-01,182.95303379416282,0,0
San Marcos Springs,12,1977-05-01,1978-04-01,169.68636712749617,0,0
San Marcos Springs,12,1977-06-01,1978-05-01,156.76701228878647,0,0
San Marcos Springs,12,1977-07-01,1978-06-01,146.44479006656425,0,0
San Marcos Springs,12,1977-08-01,1978-07-01,137.21629544290835,0,0
San Marcos Springs,12,1977-09-01,1978-08-01,130.38833845366102,0,0
San Marcos Springs,12,1977-10-01,1978-09-01,125.62444956477215,0,0
San Marcos Springs,12,1977-11-01,1978-10-01,122.56530977982591,0,0
San Marcos Springs,12,1977-12-01,1978-11-01,120.60697644649258,0,0
San Marcos Springs,12,1978-01-01,1978-12-01,120.7628904249872,0,0
San Marcos Springs,12,1978-02-01,1979-01-01,125.1150409626216,0,0
San Marcos Springs,12,1978-03-01,1979-02-01,132.26385048643112,0,0
San Marcos Springs,12,1978-04-01,1979-03-01,141.71546338965695,0,0
San Marcos Springs,12,1978-05-01,1979-04-01,152.24601894521248,0,0
San Marcos Springs,12,1978-06-01,1979-05-01,163.97451356886842,0,0
San Marcos Springs,12,1978-07-01,1979-06-01,173.39118023553507,0,0
San Marcos Springs,12,1978-08-01,1979-07-01,182.11161034306195,0,0
San Marcos Springs,12,1978-09-01,1979-08-01,190.36698668714797,0,0
San Marcos Springs,12,1978-10-01,1979-09-01,195.09198668714797,0,0
San Marcos Springs,12,1978-11-01,1979-10-01,198.4979006656426,0,0
San Marcos Springs,12,1978-12-01,1979-11-01,200.1729006656426,0,0
San Marcos Springs,12,1979-01-01,1979-12-01,200.2481694828469,0,0
San Marcos Springs,12,1979-02-01,1980-01-01,197.025051203277,0,0
San Marcos Springs,12,1979-03-01,1980-02-01,191.09996910147078,0,0
San Marcos Springs,12,1979-04-01,1980-03-01,182.4816895315783,0,0
San Marcos Springs,12,1979-05-01,1980-04-01,172.07335619824497,0,0
San Marcos Springs,12,1979-06-01,1980-05-01,161.7561518971697,0,0
San Marcos Springs,12,1979-07-01,1980-06-01,154.52559634161415,0,0
San Marcos Springs,12,1979-08-01,1980-07-01,148.30785440613028,0,0
San Marcos Springs,12,1979-09-01,1980-08-01,141.61968236311952,0,0
San Marcos Springs,12,1979-10-01,1980-09-01,137.41412680756395,0,0
San Marcos Springs,12,1979-11-01,1980-10-01,134.79047089358548,0,0
San Marcos Springs,12,1979-12-01,1980-11-01,133.0599153380299,0,0
San Marcos Springs,12,1980-01-01,1980-12-01,132.1835712520084,0,0
San Marcos Springs,12,1980-02-01,1981-01-01,131.2104529724385,0,0
San Marcos Springs,12,1980-03-01,1981-02-01,130.40636840757807,0,0
San Marcos Springs,12,1980-04-01,1981-03-01,130.4386264720942,0,0
San Marcos Springs,12,1980-05-01,1981-04-01,131.98029313876089,0,0
San Marcos Springs,12,1980-06-01,1981-05-01,132.3620135688684,0,0
San Marcos Springs,12,1980-07-01,1981-06-01,140.52868023553506,0,0
San Marcos Springs,12,1980-08-01,1981-07-01,153.01792754736303,0,0
San Marcos Springs,12,1980-09-01,1981-08-01,162.01792754736303,0,0
San Marcos Springs,12,1980-10-01,1981-09-01,168.6457053251408,0,0
San Marcos Springs,12,1980-11-01,1981-10-01,173.5435547875064,0,0
San Marcos Springs,12,1980-12-01,1981-11-01,177.66022145417307,0,0
San Marcos Springs,12,1981-01-01,1981-12-01,180.60645801331285,0,0
San Marcos Springs,12,1981-02-01,1982-01-01,182.95860855094725,0,0
San Marcos Springs,12,1981-03-01,1982-02-01,184.36337045570917,0,0
San Marcos Springs,12,1981-04-01,1982-03-01,184.80691884280594,0,0
San Marcos Springs,12,1981-05-01,1982-04-01,183.99580773169484,0,0
San Marcos Springs,12,1981-06-01,1982-05-01,183.82376472094214,0,0
San Marcos Springs,12,1981-07-01,1982-06-01,174.20987583205326,0,0
San Marcos Springs,12,1981-08-01,1982-07-01,161.05127368151562,0,0
San Marcos Springs,12,1981-09-01,1982-08-01,151.32009088581668,0,0
San Marcos Springs,12,1981-10-01,1982-09-01,143.74786866359446,0,0
San Marcos Springs,12,1981-11-01,1982-10-01,137.72367511520739,0,0
San Marcos Springs,12,1981-12-01,1982-11-01,132.96534178187403,0,0
San Marcos Springs,12,1982-01-01,1982-12-01,129.15889016897083,0,0
San Marcos Springs,12,1982-02-01,1983-01-01,125.89007296466974,0,0
San Marcos Springs,12,1982-03-01,1983-02-01,123.98828725038402,0,0
San Marcos Springs,12,1982-04-01,1983-03-01,124.71409370199693,0,0
San Marcos Springs,12,1982-05-01,1983-04-01,127.90020481310803,0,0
San Marcos Springs,12,1982-06-01,1983-05-01,130.05074244751665,0,0
San Marcos Springs,12,1982-07-01,1983-06-01,133.9062980030722,0,0
San Marcos Springs,12,1982-08-01,1983-07-01,137.80414746543778,0,0
San Marcos Springs,12,1982-09-01,1983-08-01,140.96543778801842,0,0
San Marcos Springs,12,1982-10-01,1983-09-01,142.98766001024066,0,0
San Marcos Springs,12,1982-11-01,1983-10-01,144.40432667690732,0,0
San Marcos Springs,12,1982-12-01,1983-11-01,145.645993343574,0,0
San Marcos Springs,12,1983-01-01,1983-12-01,146.63792882744497,0,0
San Marcos Springs,12,1983-02-01,1984-01-01,147.78040194572452,0,0
San Marcos Springs,12,1983-03-01,1984-02-01,147.96656779137314,0,0
San Marcos Springs,12,1983-04-01,1984-03-01,145.62516994191077,0,0
San Marcos Springs,12,1983-05-01,1984-04-01,140.8446143863552,0,0
San Marcos Springs,12,1983-06-01,1984-05-01,135.47633481646272,0,0
San Marcos Springs,12,1983-07-01,1984-06-01,129.0180014831294,0,0
San Marcos Springs,12,1983-08-01,1984-07-01,121.56907675194661,0,0
San Marcos Springs,12,1983-09-01,1984-08-01,114.45079718205413,0,0
San Marcos Springs,12,1983-10-01,1984-09-01,108.33690829316525,0,0
San Marcos Springs,12,1983-11-01,1984-10-01,104.1783061426276,0,0
San Marcos Springs,12,1983-12-01,1984-11-01,101.34497280929428,0,0
San Marcos Springs,12,1984-01-01,1984-12-01,99.70518786305772,0,0
San Marcos Springs,12,1984-02-01,1985-01-01,100.18099431467063,0,0
San Marcos Springs,12,1984-03-01,1985-02-01,102.49185227854582,0,0
San Marcos Springs,12,1984-04-01,1985-03-01,106.65851894521249,0,0
San Marcos Springs,12,1984-05-01,1985-04-01,111.94740783410138,0,0
San Marcos Springs,12,1984-06-01,1985-05-01,116.600633640553,0,0
San Marcos Springs,12,1984-07-01,1985-06-01,124.450633640553,0,0
San Marcos Springs,12,1984-08-01,1985-07-01,137.41031105990783,0,0
San Marcos Springs,12,1984-09-01,1985-08-01,148.04203149001535,0,0
San Marcos Springs,12,1984-10-01,1985-09-01,157.4253648233487,0,0
San Marcos Springs,12,1984-11-01,1985-10-01,163.73719278033795,0,0
San Marcos Springs,12,1984-12-01,1985-11-01,170.9038594470046,0,0
San Marcos Springs,12,1985-01-01,1985-12-01,182.1027841781874,0,0
San Marcos Springs,12,1985-02-01,1986-01-01,189.22106374807987,0,0
San Marcos Springs,12,1985-03-01,1986-02-01,193.46213517665132,0,0
San Marcos Springs,12,1985-04-01,1986-03-01,195.41912442396313,0,0
San Marcos Springs,12,1985-05-01,1986-04-01,194.97745775729646,0,0
San Marcos Springs,12,1985-06-01,1986-05-01,197.99627496159755,0,0
San Marcos Springs,12,1985-07-01,1986-06-01,202.61849718381976,0,0
San Marcos Springs,12,1985-08-01,1986-07-01,202.13462621607783,0,0
San Marcos Springs,12,1985-09-01,1986-08-01,202.39000256016385,0,0
San Marcos Springs,12,1985-10-01,1986-09-01,202.3344470046083,0,0
San Marcos Springs,12,1985-11-01,1986-10-01,204.71347926267282,0,0
San Marcos Springs,12,1985-12-01,1986-11-01,204.52181259600616,0,0
San Marcos Springs,12,1986-01-01,1986-12-01,200.87396313364056,0,0
San Marcos Springs,12,1986-02-01,1987-01-01,203.42772657450075,0,0
San Marcos Springs,12,1986-03-01,1987-02-01,204.71344086021506,0,0
San Marcos Springs,12,1986-04-01,1987-03-01,210.08440860215052,0,0
San Marcos Springs,12,1986-05-01,1987-04-01,214.70940860215052,0,0
San Marcos Springs,12,1986-06-01,1987-05-01,215.08575268817205,0,0
San Marcos Springs,12,1986-07-01,1987-06-01,225.16075268817204,0,0
San Marcos Springs,12,1986-08-01,1987-07-01,233.7521505376344,0,0
San Marcos Springs,12,1986-09-01,1987-08-01,242.43763440860215,0,0
San Marcos Springs,12,1986-10-01,1987-09-01,249.53485663082438,0,0
San Marcos Springs,12,1986-11-01,1987-10-01,251.80905017921148,0,0
San Marcos Springs,12,1986-12-01,1987-11-01,253.0923835125448,0,0
San Marcos Springs,12,1987-01-01,1987-12-01,253.3181899641577,0,0
San Marcos Springs,12,1987-02-01,1988-01-01,247.11926523297493,0,0
San Marcos Springs,12,1987-03-01,1988-02-01,242.9310468421703,0,0
San Marcos Springs,12,1987-04-01,1988-03-01,235.2536274873316,0,0
San Marcos Springs,12,1987-05-01,1988-04-01,229.62584970955382,0,0
San Marcos Springs,12,1987-06-01,1988-05-01,225.80595723643555,0,0
San Marcos Springs,12,1987-07-01,1988-06-01,207.8476239031022,0,0
San Marcos Springs,12,1987-08-01,1988-07-01,191.0949357310592,0,0
San Marcos Springs,12,1987-09-01,1988-08-01,175.6433228278334,0,0
San Marcos Springs,12,1987-10-01,1988-09-01,162.99887838338896,0,0
San Marcos Springs,12,1987-11-01,1988-10-01,154.79726548016313,0,0
San Marcos Springs,12,1987-12-01,1988-11-01,148.13337659127424,0,0
San Marcos Springs,12,1988-01-01,1988-12-01,140.6226239031022,0,0
San Marcos Springs,12,1988-02-01,1989-01-01,135.40757013966135,0,0
San Marcos Springs,12,1988-03-01,1989-02-01,130.98864567332308,0,0
San Marcos Springs,12,1988-04-01,1989-03-01,126.90262416794674,0,0
San Marcos Springs,12,1988-05-01,1989-04-01,123.41373527905786,0,0
San Marcos Springs,12,1988-06-01,1989-05-01,120.26857398873528,0,0
San Marcos Springs,12,1988-07-01,1989-06-01,116.4296850998464,0,0
San Marcos Springs,12,1988-08-01,1989-07-01,113.6581797235023,0,0
San Marcos Springs,12,1988-09-01,1989-08-01,111.46194316436252,0,0
San Marcos Springs,12,1988-10-01,1989-09-01,108.8758320532514,0,0
San Marcos Springs,12,1988-11-01,1989-10-01,105.7978750640041,0,0
San Marcos Springs,12,1988-12-01,1989-11-01,102.7978750640041,0,0
San Marcos Springs,12,1989-01-01,1989-12-01,100.24411162314388,0,0
San Marcos Springs,12,1989-02-01,1990-01-01,97.80862775217614,0,0
San Marcos Springs,12,1989-03-01,1990-02-01,95.50208013312852,0,0
San Marcos Springs,12,1989-04-01,1990-03-01,94.2467037890425,0,0
San Marcos Springs,12,1989-05-01,1990-04-01,94.0217037890425,0,0
San Marcos Springs,12,1989-06-01,1990-05-01,95.60503712237583,0,0
San Marcos Springs,12,1989-07-01,1990-06-01,96.7578149001536,0,0
San Marcos Springs,12,1989-08-01,1990-07-01,98.73362135176652,0,0
San Marcos Springs,12,1989-09-01,1990-08-01,101.73093317972351,0,0
San Marcos Springs,12,1989-10-01,1990-09-01,104.78648873527905,0,0
San Marcos Springs,12,1989-11-01,1990-10-01,107.75154249871991,0,0
San Marcos Springs,12,1989-12-01,1990-11-01,110.99598694316437,0,0
San Marcos Springs,12,1990-01-01,1990-12-01,113.85351382488479,0,0
San Marcos Springs,12,1990-02-01,1991-01-01,120.5551267281106,0,0
San Marcos Springs,12,1990-03-01,1991-02-01,129.60869815668204,0,0
San Marcos Springs,12,1990-04-01,1991-03-01,137.79418202764975,0,0
San Marcos Springs,12,1990-05-01,1991-04-01,146.31084869431643,0,0
San Marcos Springs,12,1990-06-01,1991-05-01,153.86461213517666,0,0
San Marcos Springs,12,1990-07-01,1991-06-01,161.61183435739886,0,0
San Marcos Springs,12,1990-08-01,1991-07-01,168.05000640040964,0,0
San Marcos Springs,12,1990-09-01,1991-08-01,172.85914618535585,0,0
San Marcos Springs,12,1990-10-01,1991-09-01,177.24525729646697,0,0
San Marcos Springs,12,1990-11-01,1991-10-01,180.0517089093702,0,0
San Marcos Springs,12,1990-12-01,1991-11-01,181.8628200204813,0,0
San Marcos Springs,12,1991-01-01,1991-12-01,190.44346518177164,0,0
San Marcos Springs,12,1991-02-01,1992-01-01,208.534863031234,0,0
San Marcos Springs,12,1991-03-01,1992-02-01,227.23837288345075,0,0
San Marcos Springs,12,1991-04-01,1992-03-01,248.25719008775184,0,0
San Marcos Springs,12,1991-05-01,1992-04-01,266.37663453219625,0,0
San Marcos Springs,12,1991-06-01,1992-05-01,281.806742059078,0,0
San Marcos Springs,12,1991-07-01,1992-06-01,298.37618650352243,0,0
San Marcos Springs,12,1991-08-01,1992-07-01,313.0428531701891,0,0
San Marcos Springs,12,1991-09-01,1992-08-01,323.30629403040416,0,0
San Marcos Springs,12,1991-10-01,1992-09-01,331.0757384748486,0,0
San Marcos Springs,12,1991-11-01,1992-10-01,338.5703621307626,0,0
San Marcos Springs,12,1991-12-01,1992-11-01,345.13425101965146,0,0
San Marcos Springs,12,1992-01-01,1992-12-01,344.10199295513536,0,0
San Marcos Springs,12,1992-02-01,1993-01-01,328.92994994438266,0,0
San Marcos Springs,12,1992-03-01,1993-02-01,310.336559139785,0,0
San Marcos Springs,12,1992-04-01,1993-03-01,289.60268817204303,0,0
San Marcos Springs,12,1992-05-01,1993-04-01,270.3443548387097,0,0
San Marcos Springs,12,1992-06-01,1993-05-01,254.6508064516129,0,0
San Marcos Springs,12,1992-07-01,1993-06-01,238.48413978494625,0,0
San Marcos Springs,12,1992-08-01,1993-07-01,224.99220430107528,0,0
San Marcos Springs,12,1992-09-01,1993-08-01,215.20725806451614,0,0
San Marcos Springs,12,1992-10-01,1993-09-01,207.52114695340504,0,0
San Marcos Springs,12,1992-11-01,1993-10-01,200.76308243727598,0,0
San Marcos Springs,12,1992-12-01,1993-11-01,195.4853046594982,0,0
San Marcos Springs,12,1993-01-01,1993-12-01,190.73799283154122,0,0
San Marcos Springs,12,1993-02-01,1994-01-01,186.19767025089607,0,0
San Marcos Springs,12,1993-03-01,1994-02-01,181.6857654889913,0,0
San Marcos Springs,12,1993-04-01,1994-03-01,176.73415258576549,0,0
San Marcos Springs,12,1993-05-01,1994-04-01,171.63693036354326,0,0
San Marcos Springs,12,1993-06-01,1994-05-01,164.95951100870457,0,0
San Marcos Springs,12,1993-07-01,1994-06-01,157.99562211981566,0,0
San Marcos Springs,12,1993-08-01,1994-07-01,150.56551459293394,0,0
San Marcos Springs,12,1993-09-01,1994-08-01,144.53594470046085,0,0
San Marcos Springs,12,1993-10-01,1994-09-01,140.09983358934971,0,0
San Marcos Springs,12,1993-11-01,1994-10-01,137.42779057859704,0,0
San Marcos Springs,12,1993-12-01,1994-11-01,136.45834613415258,0,0
San Marcos Springs,12,1994-01-01,1994-12-01,136.22447516641066,0,0
San Marcos Springs,12,1994-02-01,1995-01-01,137.41533538146442,0,0
San Marcos Springs,12,1994-03-01,1995-02-01,137.73974014336918,0,0
San Marcos Springs,12,1994-04-01,1995-03-01,139.23705197132617,0,0
San Marcos Springs,12,1994-05-01,1995-04-01,141.66205197132615,0,0
San Marcos Springs,12,1994-06-01,1995-05-01,142.71581541218637,0,0
San Marcos Springs,12,1994-07-01,1995-06-01,148.66859318996416,0,0
San Marcos Springs,12,1994-08-01,1995-07-01,153.37020609318995,0,0
San Marcos Springs,12,1994-09-01,1995-08-01,156.9804211469534,0,0
San Marcos Springs,12,1994-10-01,1995-09-01,159.53597670250895,0,0
San Marcos Springs,12,1994-11-01,1995-10-01,160.62737455197131,0,0
San Marcos Springs,12,1994-12-01,1995-11-01,160.28848566308244,0,0
San Marcos Springs,12,1995-01-01,1995-12-01,158.77504480286737,0,0
San Marcos Springs,12,1995-02-01,1996-01-01,155.21859318996417,0,0
San Marcos Springs,12,1995-03-01,1996-02-01,152.140288592263,0,0
San Marcos Springs,12,1995-04-01,1996-03-01,148.18329934495117,0,0
San Marcos Springs,12,1995-05-01,1996-04-01,142.9916326782845,0,0
San Marcos Springs,12,1995-06-01,1996-05-01,138.6851810653813,0,0
San Marcos Springs,12,1995-07-01,1996-06-01,129.16851439871462,0,0
San Marcos Springs,12,1995-08-01,1996-07-01,120.66851439871462,0,0
San Marcos Springs,12,1995-09-01,1996-08-01,113.38625633419849,0,0
San Marcos Springs,12,1995-10-01,1996-09-01,109.57236744530961,0,0
San Marcos Springs,12,1995-11-01,1996-10-01,106.71215239154617,0,0
San Marcos Springs,12,1995-12-01,1996-11-01,102.58715239154616,0,0
San Marcos Springs,12,1996-01-01,1996-12-01,99.31027067111606,0,0
San Marcos Springs,12,1996-02-01,1997-01-01,97.83446421950315,0,0
San Marcos Springs,12,1996-03-01,1997-02-01,97.06157834101383,0,0
San Marcos Springs,12,1996-04-01,1997-03-01,97.57233102918586,0,0
San Marcos Springs,12,1996-05-01,1997-04-01,100.80010880696365,0,0
San Marcos Springs,12,1996-06-01,1997-05-01,107.62806579621096,0,0
San Marcos Springs,12,1996-07-01,1997-06-01,122.58917690732207,0,0
San Marcos Springs,12,1996-08-01,1997-07-01,141.12681131592421,0,0
San Marcos Springs,12,1996-09-01,1997-08-01,156.62681131592421,0,0
San Marcos Springs,12,1996-10-01,1997-09-01,166.49903353814645,0,0
San Marcos Springs,12,1996-11-01,1997-10-01,174.0877432155658,0,0
San Marcos Springs,12,1996-12-01,1997-11-01,181.29329877112136,0,0
San Marcos Springs,12,1997-01-01,1997-12-01,187.52716973886328,0,0
San Marcos Springs,12,1997-02-01,1998-01-01,193.4303955453149,0,0
San Marcos Springs,12,1997-03-01,1998-02-01,200.66253840245776,0,0
San Marcos Springs,12,1997-04-01,1998-03-01,208.46630184331798,0,0
San Marcos Springs,12,1997-05-01,1998-04-01,213.9718573988735,0,0
San Marcos Springs,12,1997-06-01,1998-05-01,213.60088965693805,0,0
San Marcos Springs,12,1997-07-01,1998-06-01,204.45088965693805,0,0
San Marcos Springs,12,1997-08-01,1998-07-01,191.98314772145417,0,0
San Marcos Springs,12,1997-09-01,1998-08-01,182.64981438812083,0,0
San Marcos Springs,12,1997-10-01,1998-09-01,179.48870327700973,0,0
San Marcos Springs,12,1997-11-01,1998-10-01,185.84085381464413,0,0
San Marcos Springs,12,1997-12-01,1998-11-01,201.9075204813108,0,0
San Marcos Springs,12,1998-01-01,1998-12-01,217.6548323092678,0,0
San Marcos Springs,12,1998-02-01,1999-01-01,229.4801011264721,0,0
San Marcos Springs,12,1998-03-01,1999-02-01,237.0068868407578,0,0
San Marcos Springs,12,1998-04-01,1999-03-01,238.7326932923707,0,0
San Marcos Springs,12,1998-05-01,1999-04-01,237.76880440348182,0,0
San Marcos Springs,12,1998-06-01,1999-05-01,237.9892345110087,0,0
San Marcos Springs,12,1998-07-01,1999-06-01,239.3892345110087,0,0
San Marcos Springs,12,1998-08-01,1999-07-01,241.12041730670762,0,0
San Marcos Springs,12,1998-09-01,1999-08-01,240.47794418842807,0,0
San Marcos Springs,12,1998-10-01,1999-09-01,235.46405529953918,0,0
San Marcos Springs,12,1998-11-01,1999-10-01,222.0742703533026,0,0
San Marcos Springs,12,1998-12-01,1999-11-01,200.5520481310804,0,0
San Marcos Springs,12,1999-01-01,1999-12-01,180.5547363031234,0,0
San Marcos Springs,12,1999-02-01,2000-01-01,163.7778545826933,0,0
San Marcos Springs,12,1999-03-01,2000-02-01,150.44411074032877,0,0
San Marcos Springs,12,1999-04-01,2000-03-01,140.9817451489309,0,0
San Marcos Springs,12,1999-05-01,2000-04-01,134.17896737115313,0,0
San Marcos Springs,12,1999-06-01,2000-05-01,129.36176307007787,0,0
San Marcos Springs,12,1999-07-01,2000-06-01,128.1450964034112,0,0
San Marcos Springs,12,1999-08-01,2000-07-01,125.95692436040045,0,0
San Marcos Springs,12,1999-09-01,2000-08-01,124.0725157582499,0,0
San Marcos Springs,12,1999-10-01,2000-09-01,122.59473798047213,0,0
San Marcos Springs,12,1999-11-01,2000-10-01,122.70226486219256,0,0
San Marcos Springs,12,1999-12-01,2000-11-01,131.15226486219257,0,0
San Marcos Springs,12,2000-01-01,2000-12-01,139.8915121740205,0,0
San Marcos Springs,12,2000-02-01,2001-01-01,150.40495303423558,0,0
San Marcos Springs,12,2000-03-01,2001-02-01,162.06607782898107,0,0
San Marcos Springs,12,2000-04-01,2001-03-01,174.3752176139273,0,0
San Marcos Springs,12,2000-05-01,2001-04-01,186.11966205837174,0,0
San Marcos Springs,12,2000-06-01,2001-05-01,195.46643625192013,0,0
San Marcos Springs,12,2000-07-01,2001-06-01,198.96088069636457,0,0
San Marcos Springs,12,2000-08-01,2001-07-01,202.1194828469022,0,0
San Marcos Springs,12,2000-09-01,2001-08-01,206.38561187916028,0,0
San Marcos Springs,12,2000-10-01,2001-09-01,214.95227854582694,0,0
San Marcos Springs,12,2000-11-01,2001-10-01,221.9952892985151,0,0
San Marcos Springs,12,2000-12-01,2001-11-01,223.75362263184843,0,0
San Marcos Springs,12,2001-01-01,2001-12-01,232.05200972862264,0,0
San Marcos Springs,12,2001-02-01,2002-01-01,238.2455581157194,0,0
San Marcos Springs,12,2001-03-01,2002-02-01,240.79020097286227,0,0
San Marcos Springs,12,2001-04-01,2002-03-01,240.20686763952892,0,0
San Marcos Springs,12,2001-05-01,2002-04-01,237.00131208397337,0,0
San Marcos Springs,12,2001-06-01,2002-05-01,233.70023681515616,0,0
San Marcos Springs,12,2001-07-01,2002-06-01,230.62523681515617,0,0
San Marcos Springs,12,2001-08-01,2002-07-01,239.46663466461854,0,0
San Marcos Springs,12,2001-09-01,2002-08-01,250.66555939580132,0,0
San Marcos Springs,12,2001-10-01,2002-09-01,257.207226062468,0,0
San Marcos Springs,12,2001-11-01,2002-10-01,263.0728174603175,0,0
San Marcos Springs,12,2001-12-01,2002-11-01,270.7005952380952,0,0
San Marcos Springs,12,2002-01-01,2002-12-01,270.65220814132107,0,0
San Marcos Springs,12,2002-02-01,2003-01-01,271.13339093701995,0,0
San Marcos Springs,12,2002-03-01,2003-02-01,273.16910522273423,0,0
San Marcos Springs,12,2002-04-01,2003-03-01,276.8035138248848,0,0
San Marcos Springs,12,2002-05-01,2003-04-01,282.10351382488477,0,0
San Marcos Springs,12,2002-06-01,2003-05-01,286.36426651305686,0,0
San Marcos Springs,12,2002-07-01,2003-06-01,291.3281554019457,0,0
San Marcos Springs,12,2002-08-01,2003-07-01,284.9437467997952,0,0
San Marcos Springs,12,2002-09-01,2003-08-01,275.2851446492576,0,0
San Marcos Springs,12,2002-10-01,2003-09-01,266.8740335381464,0,0
San Marcos Springs,12,2002-11-01,2003-10-01,260.0003776241679,0,0
San Marcos Springs,12,2002-12-01,2003-11-01,247.1059331797235,0,0
San Marcos Springs,12,2003-01-01,2003-12-01,233.98496543778802,0,0
San Marcos Springs,12,2003-02-01,2004-01-01,220.68926651305685,0,0
San Marcos Springs,12,2003-03-01,2004-02-01,207.72939377085652,0,0
San Marcos Springs,12,2003-04-01,2004-03-01,195.33960882461994,0,0
San Marcos Springs,12,2003-05-01,2004-04-01,185.17571993573105,0,0
San Marcos Springs,12,2003-06-01,2004-05-01,179.4337844518601,0,0
San Marcos Springs,12,2003-07-01,2004-06-01,178.4448955629712,0,0
San Marcos Springs,12,2003-08-01,2004-07-01,182.00672351996045,0,0
San Marcos Springs,12,2003-09-01,2004-08-01,184.75672351996045,0,0
San Marcos Springs,12,2003-10-01,2004-09-01,185.2400568532938,0,0
San Marcos Springs,12,2003-11-01,2004-10-01,185.7642504016809,0,0
San Marcos Springs,12,2003-12-01,2004-11-01,194.85313929056977,0,0
San Marcos Springs,12,2004-01-01,2004-12-01,211.81281670992462,0,0
San Marcos Springs,12,2004-02-01,2005-01-01,226.46604251637623,0,0
San Marcos Springs,12,2004-03-01,2005-02-01,239.7860343061956,0,0
San Marcos Springs,12,2004-04-01,2005-03-01,252.49302355350744,0,0
San Marcos Springs,12,2004-05-01,2005-04-01,263.8708013312852,0,0
San Marcos Springs,12,2004-06-01,2005-05-01,271.3842421915003,0,0
San Marcos Springs,12,2004-07-01,2005-06-01,273.37035330261136,0,0
San Marcos Springs,12,2004-08-01,2005-07-01,269.0074500768049,0,0
San Marcos Springs,12,2004-09-01,2005-08-01,266.20099846390167,0,0
San Marcos Springs,12,2004-10-01,2005-09-01,265.009331797235,0,0
San Marcos Springs,12,2004-11-01,2005-10-01,263.48513824884793,0,0
San Marcos Springs,12,2004-12-01,2005-11-01,252.91847158218127,0,0
San Marcos Springs,12,2005-01-01,2005-12-01,234.47223502304146,0,0
San Marcos Springs,12,2005-02-01,2006-01-01,218.1523425499232,0,0
San Marcos Springs,12,2005-03-01,2006-02-01,202.72079493087557,0,0
San Marcos Springs,12,2005-04-01,2006-03-01,188.19928955453148,0,0
San Marcos Springs,12,2005-05-01,2006-04-01,173.53262288786482,0,0
San Marcos Springs,12,2005-06-01,2006-05-01,161.56219278033794,0,0
San Marcos Springs,12,2005-07-01,2006-06-01,150.7677483358935,0,0
San Marcos Springs,12,2005-08-01,2006-07-01,142.35914618535585,0,0
San Marcos Springs,12,2005-09-01,2006-08-01,134.50699564772145,0,0
San Marcos Springs,12,2005-10-01,2006-09-01,127.00421786994367,0,0
San Marcos Springs,12,2005-11-01,2006-10-01,120.32679851510497,0,0
San Marcos Springs,12,2005-12-01,2006-11-01,115.59068740399385,0,0
San Marcos Springs,12,2006-01-01,2006-12-01,111.83531105990784,0,0
San Marcos Springs,12,2006-02-01,2007-01-01,112.6525153609831,0,0
San Marcos Springs,12,2006-03-01,2007-02-01,116.01858678955453,0,0
San Marcos Springs,12,2006-04-01,2007-03-01,121.96751152073733,0,0
San Marcos Springs,12,2006-05-01,2007-04-01,130.8064004096262,0,0
San Marcos Springs,12,2006-06-01,2007-05-01,138.15048643113158,0,0
San Marcos Springs,12,2006-07-01,2007-06-01,149.5004864311316,0,0
San Marcos Springs,12,2006-08-01,2007-07-01,166.3311315924219,0,0
San Marcos Springs,12,2006-09-01,2007-08-01,193.15908858166924,0,0
San Marcos Springs,12,2006-10-01,2007-09-01,218.17853302611368,0,0
San Marcos Springs,12,2006-11-01,2007-10-01,236.35864055299538,0,0
San Marcos Springs,12,2006-12-01,2007-11-01,250.98364055299538,0,0
San Marcos Springs,12,2007-01-01,2007-12-01,262.628801843318,0,0
San Marcos Springs,12,2007-02-01,2008-01-01,267.42181259600613,0,0
San Marcos Springs,12,2007-03-01,2008-02-01,268.520745272525,0,0
San Marcos Springs,12,2007-04-01,2008-03-01,266.24923989618094,0,0
San Marcos Springs,12,2007-05-01,2008-04-01,260.87979545173647,0,0
San Marcos Springs,12,2007-06-01,2008-05-01,254.71312878506984,0,0
San Marcos Springs,12,2007-07-01,2008-06-01,244.89923989618094,0,0
San Marcos Springs,12,2007-08-01,2008-07-01,229.97719688542824,0,0
San Marcos Springs,12,2007-09-01,2008-08-01,205.2352614015573,0,0
San Marcos Springs,12,2007-10-01,2008-09-01,182.2074836237795,0,0
San Marcos Springs,12,2007-11-01,2008-10-01,165.09458039797306,0,0
San Marcos Springs,12,2007-12-01,2008-11-01,150.91680262019528,0,0
San Marcos Springs,12,2008-01-01,2008-12-01,139.31465208256085,0,0
San Marcos Springs,12,2008-02-01,2009-01-01,130.4006735879372,0,0
San Marcos Springs,12,2008-03-01,2009-02-01,123.39102662570404,0,0
San Marcos Springs,12,2008-04-01,2009-03-01,117.3318868407578,0,0
San Marcos Springs,12,2008-05-01,2009-04-01,112.03466461853559,0,0
San Marcos Springs,12,2008-06-01,2009-05-01,108.29272913466461,0,0
San Marcos Springs,12,2008-07-01,2009-06-01,104.79828469022017,0,0
San Marcos Springs,12,2008-08-01,2009-07-01,101.19613415258576,0,0
San Marcos Springs,12,2008-09-01,2009-08-01,98.06710189452124,0,0
San Marcos Springs,12,2008-10-01,2009-09-01,96.10876856118792,0,0
San Marcos Springs,12,2008-11-01,2009-10-01,99.40177931387609,0,0
San Marcos Springs,12,2008-12-01,2009-11-01,105.69066820276498,0,0
San Marcos Springs,12,2009-01-01,2009-12-01,112.70410906298002,0,0
San Marcos Springs,12,2009-02-01,2010-01-01,120.6476574500768,0,0
San Marcos Springs,12,2009-03-01,2010-02-01,133.36491935483872,0,0
San Marcos Springs,12,2009-04-01,2010-03-01,146.3622311827957,0,0
San Marcos Springs,12,2009-05-01,2010-04-01,159.07056451612902,0,0
San Marcos Springs,12,2009-06-01,2010-05-01,170.82056451612902,0,0
San Marcos Springs,12,2009-07-01,2010-06-01,182.0844534050179,0,0
San Marcos Springs,12,2009-08-01,2010-07-01,192.91241039426524,0,0
San Marcos Springs,12,2009-09-01,2010-08-01,202.9554211469534,0,0
San Marcos Springs,12,2009-10-01,2010-09-01,213.15264336917562,0,0
San Marcos Springs,12,2009-11-01,2010-10-01,217.6687724014337,0,0
San Marcos Springs,12,2009-12-01,2010-11-01,217.8687724014337,0,0
San Marcos Springs,12,2010-01-01,2010-12-01,216.71017025089606,0,0
San Marcos Springs,12,2010-02-01,2011-01-01,214.2746863799283,0,0
San Marcos Springs,12,2010-03-01,2011-02-01,205.9979006656426,0,0
San Marcos Springs,12,2010-04-01,2011-03-01,197.10005120327702,0,0
San Marcos Springs,12,2010-05-01,2011-04-01,187.85560675883255,0,0
San Marcos Springs,12,2010-06-01,2011-05-01,178.60560675883255,0,0
San Marcos Springs,12,2010-07-01,2011-06-01,169.10560675883255,0,0
San Marcos Springs,12,2010-08-01,2011-07-01,159.60291858678954,0,0
San Marcos Springs,12,2010-09-01,2011-08-01,150.3125960061444,0,0
San Marcos Springs,12,2010-10-01,2011-09-01,139.88204045058885,0,0
San Marcos Springs,12,2010-11-01,2011-10-01,130.70999743983614,0,0
San Marcos Springs,12,2010-12-01,2011-11-01,123.38499743983616,0,0
San Marcos Springs,12,2011-01-01,2011-12-01,117.53284690220174,0,0
San Marcos Springs,12,2011-02-01,2012-01-01,112.81510496671787,0,0
San Marcos Springs,12,2011-03-01,2012-02-01,112.45898838215301,0,0
San Marcos Springs,12,2011-04-01,2012-03-01,114.94823569398096,0,0
San Marcos Springs,12,2011-05-01,2012-04-01,120.72879124953653,0,0
San Marcos Springs,12,2011-06-01,2012-05-01,128.33362995921394,0,0
San Marcos Springs,12,2011-07-01,2012-06-01,136.35862995921394,0,0
San Marcos Springs,12,2011-08-01,2012-07-01,142.9688450129774,0,0
San Marcos Springs,12,2011-09-01,2012-08-01,148.5441138301817,0,0
San Marcos Springs,12,2011-10-01,2012-09-01,153.23300271907058,0,0
San Marcos Springs,12,2011-11-01,2012-10-01,157.9856908911136,0,0
San Marcos Springs,12,2011-12-01,2012-11-01,161.4079131133358,0,0
San Marcos Springs,12,2012-01-01,2012-12-01,163.4267303176369,0,0
San Marcos Springs,12,2012-02-01,2013-01-01,164.51275182301322,0,0
San Marcos Springs,12,2012-03-01,2013-02-01,161.73196364567332,0,0
San Marcos Springs,12,2012-04-01,2013-03-01,155.8502432155658,0,0
San Marcos Springs,12,2012-05-01,2013-04-01,147.6030209933436,0,0
San Marcos Springs,12,2012-06-01,2013-05-01,138.455171530978,0,0
San Marcos Springs,12,2012-07-01,2013-06-01,131.23294930875576,0,0
San Marcos Springs,12,2012-08-01,2013-07-01,125.41036866359447,0,0
San Marcos Springs,12,2012-09-01,2013-08-01,120.78402457757296,0,0
San Marcos Springs,12,2012-10-01,2013-09-01,117.13124679979519,0,0
San Marcos Springs,12,2012-11-01,2013-10-01,114.4565156169995,0,0
San Marcos Springs,12,2012-12-01,2013-11-01,120.85929339477727,0,0
San Marcos Springs,12,2013-01-01,2013-12-01,125.98294930875576,0,0
San Marcos Springs,12,2013-02-01,2014-01-01,129.50445468509986,0,0
San Marcos Springs,12,2013-03-01,2014-02-01,132.49850230414745,0,0
San Marcos Springs,12,2013-04-01,2014-03-01,135.0092549923195,0,0
San Marcos Springs,12,2013-05-01,2014-04-01,136.40647721454172,0,0
San Marcos Springs,12,2013-06-01,2014-05-01,137.6484126984127,0,0
San Marcos Springs,12,2013-07-01,2014-06-01,140.39285714285714,0,0
San Marcos Springs,12,2013-08-01,2014-07-01,142.3068356374808,0,0
San Marcos Springs,12,2013-09-01,2014-08-01,142.90898617511522,0,0
San Marcos Springs,12,2013-10-01,2014-09-01,143.25620839733742,0,0
San Marcos Springs,12,2013-11-01,2014-10-01,142.38792882744497,0,0
San Marcos Springs,12,2013-12-01,2014-11-01,133.8601510496672,0,0
San Marcos Springs,12,2014-01-01,2014-12-01,128.3386456733231,0,0
San Marcos Springs,12,2014-02-01,2015-01-01,125.24455965181772,0,0
San Marcos Springs,12,2014-03-01,2015-02-01,125.72670250896057,0,0
San Marcos Springs,12,2014-04-01,2015-03-01,127.92562724014337,0,0
San Marcos Springs,12,2014-05-01,2015-04-01,132.19507168458782,0,0
San Marcos Springs,12,2014-06-01,2015-05-01,139.63324372759857,0,0
San Marcos Springs,12,2014-07-01,2015-06-01,155.19713261648747,0,0
San Marcos Springs,12,2014-08-01,2015-07-01,170.32078853046596,0,0
San Marcos Springs,12,2014-09-01,2015-08-01,184.28046594982078,0,0
San Marcos Springs,12,2014-10-01,2015-09-01,195.39991039426525,0,0
San Marcos Springs,12,2014-11-01,2015-10-01,203.69560931899642,0,0
San Marcos Springs,12,2014-12-01,2015-11-01,221.68172043010753,0,0
San Marcos Springs,12,2015-01-01,2015-12-01,238.91559139784948,0,0
San Marcos Springs,12,2015-02-01,2016-01-01,252.71935483870968,0,0
San Marcos Springs,12,2015-03-01,2016-02-01,260.7969410456062,0,0
San Marcos Springs,12,2015-04-01,2016-03-01,267.1114571746385,0,0
San Marcos Springs,12,2015-05-01,2016-04-01,273.94479050797185,0,0
San Marcos Springs,12,2015-06-01,2016-05-01,282.5818872821654,0,0
San Marcos Springs,12,2015-07-01,2016-06-01,282.75966505994313,0,0
San Marcos Springs,12,2015-08-01,2016-07-01,282.53385860833026,0,0
San Marcos Springs,12,2015-09-01,2016-08-01,282.7999876405883,0,0
San Marcos Springs,12,2015-10-01,2016-09-01,284.6694320850328,0,0
San Marcos Springs,12,2015-11-01,2016-10-01,289.97857186997896,0,0
San Marcos Springs,12,2015-12-01,2016-11-01,283.4119052033123,0,0
San Marcos Springs,12,2016-01-01,2016-12-01,276.36620627858116,0,0
San Marcos Springs,12,2016-02-01,2017-01-01,271.0086793968607,0,0
San Marcos Springs,12,2016-03-01,2017-02-01,269.6304979518689,0,0
San Marcos Springs,12,2016-04-01,2017-03-01,269.5068420378904,0,0
San Marcos Springs,12,2016-05-01,2017-04-01,270.7151753712238,0,0
San Marcos Springs,12,2016-06-01,2017-05-01,267.1721646185356,0,0
San Marcos Springs,12,2016-07-01,2017-06-01,258.76383128520223,0,0
San Marcos Springs,12,2016-08-01,2017-07-01,249.36060547875064,0,0
San Marcos Springs,12,2016-09-01,2017-08-01,241.10254096262162,0,0
San Marcos Springs,12,2016-10-01,2017-09-01,238.2775409626216,0,0
San Marcos Springs,12,2016-11-01,2017-10-01,232.70764848950333,0,0
San Marcos Springs,12,2016-12-01,2017-11-01,227.6965373783922,0,0
San Marcos Springs,12,2017-01-01,2017-12-01,222.0433115719406,0,0
San Marcos Springs,12,2017-02-01,2018-01-01,216.9196556579621,0,0
San Marcos Springs,12,2017-03-01,2018-02-01,210.9226318484383,0,0
San Marcos Springs,12,2017-04-01,2018-03-01,204.13230926779315,0,0
San Marcos Springs,12,2017-05-01,2018-04-01,196.64342037890424,0,0
San Marcos Springs,12,2017-06-01,2018-05-01,188.79395801331285,0,0
San Marcos Springs,12,2017-07-01,2018-06-01,180.63006912442395,0,0
San Marcos Springs,12,2017-08-01,2018-07-01,176.12738095238095,0,0
San Marcos Springs,12,2017-09-01,2018-08-01,171.42845622119816,0,0
San Marcos Springs,12,2017-10-01,2018-09-01,164.73123399897594,0,0
San Marcos Springs,12,2017-11-01,2018-10-01,163.48661034306195,0,0
San Marcos Springs,12,2017-12-01,2018-11-01,166.0921658986175,0,0
San Marcos Springs,12,2018-01-01,2018-12-01,171.3878648233487,0,0
San Marcos Springs,12,2018-02-01,2019-01-01,178.8663594470046,0,0
San Marcos Springs,12,2018-03-01,2019-02-01,185.82171658986175,0,0
San Marcos Springs,12,2018-04-01,2019-03-01,192.57709293394777,0,0
San Marcos Springs,12,2018-05-01,2019-04-01,197.25764848950334,0,0
San Marcos Springs,12,2018-06-01,2019-05-01,205.24689580133128,0,0
San Marcos Springs,12,2018-07-01,2019-06-01,215.12467357910907,0,0
San Marcos Springs,12,2018-08-01,2019-07-01,221.72951228878648,0,0
San Marcos Springs,12,2018-09-01,2019-08-01,228.7322004608295,0,0
San Marcos Springs,12,2018-10-01,2019-09-01,232.44053379416283,0,0
San Marcos Springs,12,2018-11-01,2019-10-01,231.6609639016897,0,0
San Marcos Springs,12,2018-12-01,2019-11-01,228.32763056835637,0,0
San Marcos Springs,12,2019-01-01,2019-12-01,222.39214669738863,0,0
San Marcos Springs,12,2019-02-01,2020-01-01,214.37870583717358,0,0
San Marcos Springs,12,2019-03-01,2020-02-01,206.26694475342975,0,0
San Marcos Springs,12,2019-04-01,2020-03-01,198.74812754912867,0,0
San Marcos Springs,12,2019-05-01,2020-04-01,191.10923866023978,0,0
San Marcos Springs,12,2019-06-01,2020-05-01,182.3646150043258,0,0
San Marcos Springs,12,2019-07-01,2020-06-01,176.45628167099247,0,0
San Marcos Springs,12,2019-08-01,2020-07-01,171.52617414411074,0,0
San Marcos Springs,12,2019-09-01,2020-08-01,165.346066617229,0,0
San Marcos Springs,12,2019-10-01,2020-09-01,160.56273328389568,0,0
San Marcos Springs,12,2019-11-01,2020-10-01,157.8449913484118,0,0
San Marcos Springs,12,2019-12-01,2020-11-01,153.9699913484118,0,0
San Marcos Springs,12,2020-01-01,2020-12-01,150.30063650970214,0,0
San Marcos Springs,12,2020-02-01,2021-01-01,146.8920343591645,0,0
San Marcos Springs,12,2020-03-01,2021-02-01,143.5573668714798,0,0
San Marcos Springs,12,2020-04-01,2021-03-01,140.2105926779314,0,0
San Marcos Springs,12,2020-05-01,2021-04-01,136.5217037890425,0,0
San Marcos Springs,12,2020-06-01,2021-05-01,134.1722414234511,0,0
San Marcos Springs,12,2020-07-01,2021-06-01,132.48890809011777,0,0
San Marcos Springs,12,2020-08-01,2021-07-01,132.46202636968766,0,0
San Marcos Springs,12,2020-09-01,2021-08-01,134.18514464925755,0,0
San Marcos Springs,12,2020-10-01,2021-09-01,135.07403353814644,0,0
San Marcos Springs,12,2020-11-01,2021-10-01,137.82134536610343,0,0
San Marcos Springs,12,2020-12-01,2021-11-01,144.0157898105479,0,0
San Marcos Springs,12,2021-01-01,2021-12-01,148.58837045570917,0,0
San Marcos Springs,12,2021-02-01,2022-01-01,152.08568228366616,0,0
San Marcos Springs,12,2021-03-01,2022-02-01,156.97258704557092,0,0
San Marcos Springs,12,2021-04-01,2022-03-01,162.0881784434204,0,0
San Marcos Springs,12,2021-05-01,2022-04-01,165.7854006656426,0,0
San Marcos Springs,12,2021-06-01,2022-05-01,165.01658346134153,0,0
San Marcos Springs,12,2021-07-01,2022-06-01,159.76658346134153,0,0
San Marcos Springs,12,2021-08-01,2022-07-01,154.09722862263186,0,0
San Marcos Springs,12,2021-09-01,2022-08-01,148.32034690220175,0,0
San Marcos Springs,12,2021-10-01,2022-09-01,143.43145801331286,0,0
San Marcos Springs,12,2021-11-01,2022-10-01,135.57661930363543,0,0
San Marcos Springs,12,2021-12-01,2022-11-01,125.76550819252432,0,0
San Marcos Springs,12,2022-01-01,2022-12-01,118.33002432155658,0,0
San Marcos Springs,12,2022-02-01,2023-01-01,112.50206733230927,0,0
San Marcos Springs,12,2022-03-01,2023-02-01,105.94551971326165,0,0
San Marcos Springs,12,2022-04-01,2023-03-01,98.88100358422939,0,0
San Marcos Springs,12,2022-05-01,2023-04-01,93.94489247311827,0,0
San Marcos Springs,12,2022-06-01,2023-05-01,91.54910394265232,1,0
San Marcos Springs,12,2022-07-01,2023-06-01,89.99910394265233,1,0
San Marcos Springs,12,2022-08-01,2023-07-01,88.85125448028674,1,0
San Marcos Springs,12,2022-09-01,2023-08-01,87.44265232974911,1,0
San Marcos Springs,12,2022-10-01,2023-09-01,85.87320788530467,1,0
San Marcos Springs,12,2022-11-01,2023-10-01,85.3839605734767,1,0
San Marcos Springs,12,2022-12-01,2023-11-01,85.40062724014336,1,0
San Marcos Springs,12,2023-01-01,2023-12-01,85.19901433691756,1,0
San Marcos Springs,12,2023-02-01,2024-01-01,86.47589605734767,1,0
San Marcos Springs,12,2023-03-01,2024-02-01,92.94859720677296,1,0
San Marcos Springs,12,2023-04-01,2024-03-01,98.42440365838586,1,0
San Marcos Springs,12,2023-05-01,2024-04-01,101.5077369917192,1,0
San Marcos Springs,12,2023-06-01,2024-05-01,103.92234272648622,0,0
San Marcos Springs,12,2023-07-01,2024-06-01,105.78900939315288,0,0
San Marcos Springs,12,2023-08-01,2024-07-01,107.57126745766902,0,0
San Marcos Springs,12,2023-09-01,2024-08-01,109.78094487702386,0,0
San Marcos Springs,12,2023-10-01,2024-09-01,111.7003893214683,0,0
San Marcos Springs,12,2023-11-01,2024-10-01,112.42081942899519,0,0
San Marcos Springs,12,2023-12-01,2024-11-01,111.91526387343963,0,0
San Marcos Springs,12,2024-01-01,2024-12-01,111.83461871214931,0,0
San Marcos Springs,12,2024-02-01,2025-01-01,110.01203806698801,0,0
San Marcos Springs,12,2024-03-01,2025-02-01,103.05124167946748,0,0
San Marcos Springs,12,2024-04-01,2025-03-01,97.6318868407578,0,0
San Marcos Springs,12,2024-05-01,2025-04-01,94.48188684075781,0,0
San Marcos Springs,12,2024-06-01,2025-05-01,90.80984383000512,0,0
San Marcos Springs,12,2024-07-01,2025-06-01,89.49595494111622,0,0
San Marcos Springs,12,2024-08-01,2025-07-01,89.20832053251408,0,0
San Marcos Springs,12,2024-09-01,2025-08-01,89.20025601638505,0,0
San Marcos Springs,12,2024-10-01,2025-09-01,89.1558115719406,0,0
San Marcos Springs,12,2024-11-01,2025-10-01,89.25258576548899,0,0
San Marcos Springs,12,2024-12-01,2025-11-01,89.58036354326677,0,0
San Marcos Springs,12,2025-01-01,2025-12-01,89.35724526369688,0,0
San Marcos Springs,12,2025-02-01,2026-01-01,89.40025601638504,0,0
San Marcos Springs,12,2025-03-01,2026-02-01,89.04906554019458,0,0
San Marcos Springs,12,2025-04-01,2026-03-01,88.27487199180747,0,0
San Marcos Springs,12,2025-05-01,2026-04-01,87.56098310291858,0,0
San Marcos Springs,12,2025-06-01,2026-05-01,87.84592933947772,0,0
San Marcos Springs,12,2025-07-01,2026-06-01,87.68204045058884,0,0
San Marcos Springs,12,2025-08-01,2026-07-01,88.39171786994368,0,0
San Marcos Springs,18,1954-08-01,1956-01-01,NA,NA,NA
San Marcos Springs,18,1954-09-01,1956-02-01,NA,NA,NA
San Marcos Springs,18,1954-10-01,1956-03-01,NA,NA,NA
San Marcos Springs,18,1954-11-01,1956-04-01,NA,NA,NA
San Marcos Springs,18,1954-12-01,1956-05-01,NA,NA,NA
San Marcos Springs,18,1955-01-01,1956-06-01,NA,NA,NA
San Marcos Springs,18,1955-02-01,1956-07-01,NA,NA,NA
San Marcos Springs,18,1955-03-01,1956-08-01,NA,NA,NA
San Marcos Springs,18,1955-04-01,1956-09-01,NA,NA,NA
San Marcos Springs,18,1955-05-01,1956-10-01,NA,NA,NA
San Marcos Springs,18,1955-06-01,1956-11-01,NA,NA,NA
San Marcos Springs,18,1955-07-01,1956-12-01,NA,NA,NA
San Marcos Springs,18,1955-08-01,1957-01-01,NA,NA,NA
San Marcos Springs,18,1955-09-01,1957-02-01,NA,NA,NA
San Marcos Springs,18,1955-10-01,1957-03-01,NA,NA,NA
San Marcos Springs,18,1955-11-01,1957-04-01,NA,NA,NA
San Marcos Springs,18,1955-12-01,1957-05-01,NA,NA,NA
San Marcos Springs,18,1956-01-01,1957-06-01,NA,5,5
San Marcos Springs,18,1956-02-01,1957-07-01,NA,4,4
San Marcos Springs,18,1956-03-01,1957-08-01,NA,3,3
San Marcos Springs,18,1956-04-01,1957-09-01,NA,2,2
San Marcos Springs,18,1956-05-01,1957-10-01,NA,1,1
San Marcos Springs,18,1956-06-01,1957-11-01,113.83885048643113,0,0
San Marcos Springs,18,1956-07-01,1957-12-01,122.0276796381635,0,0
San Marcos Springs,18,1956-08-01,1958-01-01,129.97929254138933,0,0
San Marcos Springs,18,1956-09-01,1958-02-01,139.12739802013996,0,0
San Marcos Springs,18,1956-10-01,1958-03-01,150.27948882061784,0,0
San Marcos Springs,18,1956-11-01,1958-04-01,159.74537890424986,0,0
San Marcos Springs,18,1956-12-01,1958-05-01,170.75565369516983,0,0
San Marcos Springs,18,1957-01-01,1958-06-01,179.8297277692439,0,0
San Marcos Springs,18,1957-02-01,1958-07-01,186.60571343232633,0,0
San Marcos Springs,18,1957-03-01,1958-08-01,192.01399556238266,0,0
San Marcos Springs,18,1957-04-01,1958-09-01,195.9679382147124,0,0
San Marcos Springs,18,1957-05-01,1958-10-01,198.62540535927633,0,0
San Marcos Springs,18,1957-06-01,1958-11-01,199.52062638675542,0,0
San Marcos Springs,18,1957-07-01,1958-12-01,200.00270523980203,0,0
San Marcos Springs,18,1957-08-01,1959-01-01,201.18729305342208,0,0
San Marcos Springs,18,1957-09-01,1959-02-01,203.3796253626899,0,0
San Marcos Springs,18,1957-10-01,1959-03-01,204.99420122887864,0,0
San Marcos Springs,18,1957-11-01,1959-04-01,203.20579023724184,0,0
San Marcos Springs,18,1957-12-01,1959-05-01,200.68846646185355,0,0
San Marcos Springs,18,1958-01-01,1959-06-01,197.97185953234342,0,0
San Marcos Springs,18,1958-02-01,1959-07-01,195.53279143198498,0,0
San Marcos Springs,18,1958-03-01,1959-08-01,191.27895118620924,0,0
San Marcos Springs,18,1958-04-01,1959-09-01,184.35093445980542,0,0
San Marcos Springs,18,1958-05-01,1959-10-01,180.33844939409457,0,0
San Marcos Springs,18,1958-06-01,1959-11-01,174.3318783068783,0,0
San Marcos Springs,18,1958-07-01,1959-12-01,169.65744580986518,0,0
San Marcos Springs,18,1958-08-01,1960-01-01,166.94956050520568,0,0
San Marcos Springs,18,1958-09-01,1960-02-01,166.27998937679138,0,0
San Marcos Springs,18,1958-10-01,1960-03-01,165.71314349865517,0,0
San Marcos Springs,18,1958-11-01,1960-04-01,164.98345413186902,0,0
San Marcos Springs,18,1958-12-01,1960-05-01,165.05597503987383,0,0
San Marcos Springs,18,1959-01-01,1960-06-01,165.15722952016054,0,0
San Marcos Springs,18,1959-02-01,1960-07-01,167.17515066711397,0,0
San Marcos Springs,18,1959-03-01,1960-08-01,168.67815885963827,0,0
San Marcos Springs,18,1959-04-01,1960-09-01,170.8413607712273,0,0
San Marcos Springs,18,1959-05-01,1960-10-01,172.1566534832942,0,0
San Marcos Springs,18,1959-06-01,1960-11-01,175.62582911053434,0,0
San Marcos Springs,18,1959-07-01,1960-12-01,180.050321344704,0,0
San Marcos Springs,18,1959-08-01,1961-01-01,184.7098195525893,0,0
San Marcos Springs,18,1959-09-01,1961-02-01,190.47953281423804,0,0
San Marcos Springs,18,1959-10-01,1961-03-01,195.63873233634078,0,0
San Marcos Springs,18,1959-11-01,1961-04-01,198.87529147612574,0,0
San Marcos Springs,18,1959-12-01,1961-05-01,201.53777654183662,0,0
San Marcos Springs,18,1960-01-01,1961-06-01,203.85109792773864,0,0
San Marcos Springs,18,1960-02-01,1961-07-01,205.62170724673507,0,0
San Marcos Springs,18,1960-03-01,1961-08-01,206.49378733572283,0,0
San Marcos Springs,18,1960-04-01,1961-09-01,206.49767025089605,0,0
San Marcos Springs,18,1960-05-01,1961-10-01,205.77037037037036,0,0
San Marcos Springs,18,1960-06-01,1961-11-01,202.05710872162484,0,0
San Marcos Springs,18,1960-07-01,1961-12-01,199.06875746714456,0,0
San Marcos Springs,18,1960-08-01,1962-01-01,195.1852449223417,0,0
San Marcos Springs,18,1960-09-01,1962-02-01,191.5076335552142,0,0
San Marcos Springs,18,1960-10-01,1962-03-01,187.68672555043523,0,0
San Marcos Springs,18,1960-11-01,1962-04-01,184.41402543096092,0,0
San Marcos Springs,18,1960-12-01,1962-05-01,178.34090715139104,0,0
San Marcos Springs,18,1961-01-01,1962-06-01,171.3812297320362,0,0
San Marcos Springs,18,1961-02-01,1962-07-01,164.13571001877455,0,0
San Marcos Springs,18,1961-03-01,1962-08-01,156.67961682881037,0,0
San Marcos Springs,18,1961-04-01,1962-09-01,151.8630098993002,0,0
San Marcos Springs,18,1961-05-01,1962-10-01,148.75727513227514,0,0
San Marcos Springs,18,1961-06-01,1962-11-01,145.01145673323092,0,0
San Marcos Springs,18,1961-07-01,1962-12-01,141.75727513227514,0,0
San Marcos Springs,18,1961-08-01,1963-01-01,138.9024364225977,0,0
San Marcos Springs,18,1961-09-01,1963-02-01,136.1805342208568,0,0
San Marcos Springs,18,1961-10-01,1963-03-01,134.58883768561188,0,0
San Marcos Springs,18,1961-11-01,1963-04-01,133.0568783068783,0,0
San Marcos Springs,18,1961-12-01,1963-05-01,131.75042669397507,0,0
San Marcos Springs,18,1962-01-01,1963-06-01,130.4147038743813,0,0
San Marcos Springs,18,1962-02-01,1963-07-01,128.3931984980372,0,0
San Marcos Springs,18,1962-03-01,1963-08-01,126.32529015190306,0,0
San Marcos Springs,18,1962-04-01,1963-09-01,123.85360556408943,0,0
San Marcos Springs,18,1962-05-01,1963-10-01,121.07254224270353,0,0
San Marcos Springs,18,1962-06-01,1963-11-01,118.66788274449564,0,0
San Marcos Springs,18,1962-07-01,1963-12-01,116.9949436763953,0,0
San Marcos Springs,18,1962-08-01,1964-01-01,115.71716589861751,0,0
San Marcos Springs,18,1962-09-01,1964-02-01,114.2470138778537,0,0
San Marcos Springs,18,1962-10-01,1964-03-01,111.3575276173997,0,0
San Marcos Springs,18,1962-11-01,1964-04-01,107.63363275479516,0,0
San Marcos Springs,18,1962-12-01,1964-05-01,105.40095653018345,0,0
San Marcos Springs,18,1963-01-01,1964-06-01,103.7643973903985,0,0
San Marcos Springs,18,1963-02-01,1964-07-01,102.34683466638417,0,0
San Marcos Springs,18,1963-03-01,1964-08-01,100.5651526387344,0,0
San Marcos Springs,18,1963-04-01,1964-09-01,98.77721954434969,0,0
San Marcos Springs,18,1963-05-01,1964-10-01,97.4883903926173,0,0
San Marcos Springs,18,1963-06-01,1964-11-01,96.16150867218721,0,0
San Marcos Springs,18,1963-07-01,1964-12-01,94.85027808676307,0,0
San Marcos Springs,18,1963-08-01,1965-01-01,94.99543937708565,0,0
San Marcos Springs,18,1963-09-01,1965-02-01,99.18437946925155,0,0
San Marcos Springs,18,1963-10-01,1965-03-01,103.79047265921571,0,0
San Marcos Springs,18,1963-11-01,1965-04-01,108.41783227689791,0,0
San Marcos Springs,18,1963-12-01,1965-05-01,114.41926596865417,0,0
San Marcos Springs,18,1964-01-01,1965-06-01,121.92553837008786,0,0
San Marcos Springs,18,1964-02-01,1965-07-01,128.16747385395882,0,0
San Marcos Springs,18,1964-03-01,1965-08-01,133.2379842976617,0,0
San Marcos Springs,18,1964-04-01,1965-09-01,136.87747055811573,0,0
San Marcos Springs,18,1964-05-01,1965-10-01,139.49742276839052,0,0
San Marcos Springs,18,1964-06-01,1965-11-01,141.38935825226147,0,0
San Marcos Springs,18,1964-07-01,1965-12-01,146.5062041303977,0,0
San Marcos Springs,18,1964-08-01,1966-01-01,151.4004693633726,0,0
San Marcos Springs,18,1964-09-01,1966-02-01,156.17223075610173,0,0
San Marcos Springs,18,1964-10-01,1966-03-01,161.1447516641065,0,0
San Marcos Springs,18,1964-11-01,1966-04-01,164.83172896398702,0,0
San Marcos Springs,18,1964-12-01,1966-05-01,168.55287591739204,0,0
San Marcos Springs,18,1965-01-01,1966-06-01,172.08818057689027,0,0
San Marcos Springs,18,1965-02-01,1966-07-01,174.58280423280422,0,0
San Marcos Springs,18,1965-03-01,1966-08-01,172.91357740228707,0,0
San Marcos Springs,18,1965-04-01,1966-09-01,170.80933606417477,0,0
San Marcos Springs,18,1965-05-01,1966-10-01,168.73215565796212,0,0
San Marcos Springs,18,1965-06-01,1966-11-01,164.47887011435398,0,0
San Marcos Springs,18,1965-07-01,1966-12-01,158.41883427206008,0,0
San Marcos Springs,18,1965-08-01,1967-01-01,153.41883427206008,0,0
San Marcos Springs,18,1965-09-01,1967-02-01,149.0781404676566,0,0
San Marcos Springs,18,1965-10-01,1967-03-01,146.22897678784776,0,0
San Marcos Springs,18,1965-11-01,1967-04-01,144.2386542072026,0,0
San Marcos Springs,18,1965-12-01,1967-05-01,142.42019542584057,0,0
San Marcos Springs,18,1966-01-01,1967-06-01,136.77557176992661,0,0
San Marcos Springs,18,1966-02-01,1967-07-01,130.86696961938898,0,0
San Marcos Springs,18,1966-03-01,1967-08-01,125.6418032087387,0,0
San Marcos Springs,18,1966-04-01,1967-09-01,121.08409711554873,0,0
San Marcos Springs,18,1966-05-01,1967-10-01,118.17668970814132,0,0
San Marcos Springs,18,1966-06-01,1967-11-01,116.52406127325482,0,0
San Marcos Springs,18,1966-07-01,1967-12-01,115.31492148830858,0,0
San Marcos Springs,18,1966-08-01,1968-01-01,117.6034519542584,0,0
San Marcos Springs,18,1966-09-01,1968-02-01,124.09807561017239,0,0
San Marcos Springs,18,1966-10-01,1968-03-01,129.8797363031234,0,0
San Marcos Springs,18,1966-11-01,1968-04-01,135.5087685611879,0,0
San Marcos Springs,18,1966-12-01,1968-05-01,142.0487924560505,0,0
San Marcos Springs,18,1967-01-01,1968-06-01,148.66623570575183,0,0
San Marcos Springs,18,1967-02-01,1968-07-01,154.47985577743643,0,0
San Marcos Springs,18,1967-03-01,1968-08-01,158.51768219832735,0,0
San Marcos Springs,18,1967-04-01,1968-09-01,161.73721624850657,0,0
San Marcos Springs,18,1967-05-01,1968-10-01,163.9963560334528,0,0
San Marcos Springs,18,1967-06-01,1968-11-01,166.26666666666665,0,0
San Marcos Springs,18,1967-07-01,1968-12-01,168.88799283154123,0,0
San Marcos Springs,18,1967-08-01,1969-01-01,171.60663082437276,0,0
San Marcos Springs,18,1967-09-01,1969-02-01,174.33378136200716,0,0
San Marcos Springs,18,1967-10-01,1969-03-01,177.05277777777778,0,0
San Marcos Springs,18,1967-11-01,1969-04-01,180.125,0,0
San Marcos Springs,18,1967-12-01,1969-05-01,183.91203703703704,0,0
San Marcos Springs,18,1968-01-01,1969-06-01,187.7859916367981,0,0
San Marcos Springs,18,1968-02-01,1969-07-01,187.01179808841098,0,0
San Marcos Springs,18,1968-03-01,1969-08-01,181.46699522102747,0,0
San Marcos Springs,18,1968-04-01,1969-09-01,176.67607526881721,0,0
San Marcos Springs,18,1968-05-01,1969-10-01,172.40725806451613,0,0
San Marcos Springs,18,1968-06-01,1969-11-01,167.348715651135,0,0
San Marcos Springs,18,1968-07-01,1969-12-01,162.77428315412186,0,0
San Marcos Springs,18,1968-08-01,1970-01-01,159.71693548387097,0,0
San Marcos Springs,18,1968-09-01,1970-02-01,159.62752176139273,0,0
San Marcos Springs,18,1968-10-01,1970-03-01,161.8058371735791,0,0
San Marcos Springs,18,1968-11-01,1970-04-01,165.18188257381806,0,0
San Marcos Springs,18,1968-12-01,1970-05-01,170.7216077828981,0,0
San Marcos Springs,18,1969-01-01,1970-06-01,177.2632445809865,0,0
San Marcos Springs,18,1969-02-01,1970-07-01,182.6431728963987,0,0
San Marcos Springs,18,1969-03-01,1970-08-01,186.256524150879,0,0
San Marcos Springs,18,1969-04-01,1970-09-01,188.0912314388121,0,0
San Marcos Springs,18,1969-05-01,1970-10-01,189.19105222734254,0,0
San Marcos Springs,18,1969-06-01,1970-11-01,187.87253370882402,0,0
San Marcos Springs,18,1969-07-01,1970-12-01,185.20646441372247,0,0
San Marcos Springs,18,1969-08-01,1971-01-01,183.4949948796723,0,0
San Marcos Springs,18,1969-09-01,1971-02-01,182.54773425499232,0,0
San Marcos Springs,18,1969-10-01,1971-03-01,181.40137822153952,0,0
San Marcos Springs,18,1969-11-01,1971-04-01,179.8738991295443,0,0
San Marcos Springs,18,1969-12-01,1971-05-01,178.5202551629971,0,0
San Marcos Springs,18,1970-01-01,1971-06-01,176.42987284519543,0,0
San Marcos Springs,18,1970-02-01,1971-07-01,173.34205922512373,0,0
San Marcos Springs,18,1970-03-01,1971-08-01,170.39025430960916,0,0
San Marcos Springs,18,1970-04-01,1971-09-01,165.26564260112647,0,0
San Marcos Springs,18,1970-05-01,1971-10-01,159.54909540877284,0,0
San Marcos Springs,18,1970-06-01,1971-11-01,152.7278887182113,0,0
San Marcos Springs,18,1970-07-01,1971-12-01,148.74539170506912,0,0
San Marcos Springs,18,1970-08-01,1972-01-01,146.41743471582183,0,0
San Marcos Springs,18,1970-09-01,1972-02-01,145.08712943835303,0,0
San Marcos Springs,18,1970-10-01,1972-03-01,143.68252967730166,0,0
San Marcos Springs,18,1970-11-01,1972-04-01,141.48270888877119,0,0
San Marcos Springs,18,1970-12-01,1972-05-01,140.54316289116068,0,0
San Marcos Springs,18,1971-01-01,1972-06-01,140.81478774181778,0,0
San Marcos Springs,18,1971-02-01,1972-07-01,141.79149025077834,0,0
San Marcos Springs,18,1971-03-01,1972-08-01,142.46993367115726,0,0
San Marcos Springs,18,1971-04-01,1972-09-01,143.39406748238784,0,0
San Marcos Springs,18,1971-05-01,1972-10-01,144.01294442384543,0,0
San Marcos Springs,18,1971-06-01,1972-11-01,145.59251431631853,0,0
San Marcos Springs,18,1971-07-01,1972-12-01,148.32268158035677,0,0
San Marcos Springs,18,1971-08-01,1973-01-01,151.7492048778478,0,0
San Marcos Springs,18,1971-09-01,1973-02-01,155.25458122193385,0,0
San Marcos Springs,18,1971-10-01,1973-03-01,160.21969472253122,0,0
San Marcos Springs,18,1971-11-01,1973-04-01,165.6917974704404,0,0
San Marcos Springs,18,1971-12-01,1973-05-01,170.74777118609154,0,0
San Marcos Springs,18,1972-01-01,1973-06-01,172.3617496807152,0,0
San Marcos Springs,18,1972-02-01,1973-07-01,174.98361347999835,0,0
San Marcos Springs,18,1972-03-01,1973-08-01,177.60603345280765,0,0
San Marcos Springs,18,1972-04-01,1973-09-01,180.04396654719235,0,0
San Marcos Springs,18,1972-05-01,1973-10-01,186.08966547192352,0,0
San Marcos Springs,18,1972-06-01,1973-11-01,192.25328554360811,0,0
San Marcos Springs,18,1972-07-01,1973-12-01,196.42789725209082,0,0
San Marcos Springs,18,1972-08-01,1974-01-01,198.9153524492234,0,0
San Marcos Springs,18,1972-09-01,1974-02-01,201.07024236217785,0,0
San Marcos Springs,18,1972-10-01,1974-03-01,202.8862519201229,0,0
San Marcos Springs,18,1972-11-01,1974-04-01,204.8636712749616,0,0
San Marcos Springs,18,1972-12-01,1974-05-01,207.11922683051716,0,0
San Marcos Springs,18,1973-01-01,1974-06-01,208.19091141833078,0,0
San Marcos Springs,18,1973-02-01,1974-07-01,207.91850998463903,0,0
San Marcos Springs,18,1973-03-01,1974-08-01,206.33069636456733,0,0
San Marcos Springs,18,1973-04-01,1974-09-01,204.88410138248847,0,0
San Marcos Springs,18,1973-05-01,1974-10-01,203.0714968424646,0,0
San Marcos Springs,18,1973-06-01,1974-11-01,202.43589349718383,0,0
San Marcos Springs,18,1973-07-01,1974-12-01,203.5136712749616,0,0
San Marcos Springs,18,1973-08-01,1975-01-01,202.9258576548899,0,0
San Marcos Springs,18,1973-09-01,1975-02-01,205.25848694316437,0,0
San Marcos Springs,18,1973-10-01,1975-03-01,207.51051800648574,0,0
San Marcos Springs,18,1973-11-01,1975-04-01,205.33889315582863,0,0
San Marcos Springs,18,1973-12-01,1975-05-01,204.57491466120499,0,0
San Marcos Springs,18,1974-01-01,1975-06-01,207.19474739716676,0,0
San Marcos Springs,18,1974-02-01,1975-07-01,210.49223843659328,0,0
San Marcos Springs,18,1974-03-01,1975-08-01,213.24595067417647,0,0
San Marcos Springs,18,1974-04-01,1975-09-01,215.0966077828981,0,0
San Marcos Springs,18,1974-05-01,1975-10-01,216.8844214029698,0,0
San Marcos Springs,18,1974-06-01,1975-11-01,217.26775473630312,0,0
San Marcos Springs,18,1974-07-01,1975-12-01,217.28746799795186,0,0
San Marcos Springs,18,1974-08-01,1976-01-01,217.9254608294931,0,0
San Marcos Springs,18,1974-09-01,1976-02-01,218.3082936066529,0,0
San Marcos Springs,18,1974-10-01,1976-03-01,216.69216457439484,0,0
San Marcos Springs,18,1974-11-01,1976-04-01,215.2251394847891,0,0
San Marcos Springs,18,1974-12-01,1976-05-01,215.43242741788347,0,0
San Marcos Springs,18,1975-01-01,1976-06-01,216.2972422326983,0,0
San Marcos Springs,18,1975-02-01,1976-07-01,217.62340710725027,0,0
San Marcos Springs,18,1975-03-01,1976-08-01,214.97357351790055,0,0
San Marcos Springs,18,1975-04-01,1976-09-01,213.16043134346805,0,0
San Marcos Springs,18,1975-05-01,1976-10-01,213.01305977835455,0,0
San Marcos Springs,18,1975-06-01,1976-11-01,213.88444568038562,0,0
San Marcos Springs,18,1975-07-01,1976-12-01,213.2932867795493,0,0
San Marcos Springs,18,1975-08-01,1977-01-01,213.55314341037368,0,0
San Marcos Springs,18,1975-09-01,1977-02-01,216.24784387120317,0,0
San Marcos Springs,18,1975-10-01,1977-03-01,220.06564554384354,0,0
San Marcos Springs,18,1975-11-01,1977-04-01,223.95560970154963,0,0
San Marcos Springs,18,1975-12-01,1977-05-01,228.26403264061773,0,0
San Marcos Springs,18,1976-01-01,1977-06-01,231.92580086045047,0,0
San Marcos Springs,18,1976-02-01,1977-07-01,234.5906754124218,0,0
San Marcos Springs,18,1976-03-01,1977-08-01,236.62898958866703,0,0
San Marcos Springs,18,1976-04-01,1977-09-01,238.89697047277693,0,0
San Marcos Springs,18,1976-05-01,1977-10-01,239.59338624338625,0,0
San Marcos Springs,18,1976-06-01,1977-11-01,236.62869090288444,0,0
San Marcos Springs,18,1976-07-01,1977-12-01,230.2136968766001,0,0
San Marcos Springs,18,1976-08-01,1978-01-01,223.29434203789043,0,0
San Marcos Springs,18,1976-09-01,1978-02-01,217.9779057859703,0,0
San Marcos Springs,18,1976-10-01,1978-03-01,212.84481140126303,0,0
San Marcos Springs,18,1976-11-01,1978-04-01,206.94588667008023,0,0
San Marcos Springs,18,1976-12-01,1978-05-01,197.90066564260113,0,0
San Marcos Springs,18,1977-01-01,1978-06-01,189.02145417306707,0,0
San Marcos Springs,18,1977-02-01,1978-07-01,179.5752176139273,0,0
San Marcos Springs,18,1977-03-01,1978-08-01,169.51134152585766,0,0
San Marcos Springs,18,1977-04-01,1978-09-01,160.84353985321727,0,0
San Marcos Springs,18,1977-05-01,1978-10-01,152.489417989418,0,0
San Marcos Springs,18,1977-06-01,1978-11-01,144.30877282812767,0,0
San Marcos Springs,18,1977-07-01,1978-12-01,138.34772145417307,0,0
San Marcos Springs,18,1977-08-01,1979-01-01,136.09144905273936,0,0
San Marcos Springs,18,1977-09-01,1979-02-01,136.7541474654378,0,0
San Marcos Springs,18,1977-10-01,1979-03-01,139.35175797917734,0,0
San Marcos Springs,18,1977-11-01,1979-04-01,143.84237924560506,0,0
San Marcos Springs,18,1977-12-01,1979-05-01,149.92356204130397,0,0
San Marcos Springs,18,1978-01-01,1979-06-01,155.38485236388462,0,0
San Marcos Springs,18,1978-02-01,1979-07-01,160.20384877965523,0,0
San Marcos Springs,18,1978-03-01,1979-08-01,165.25863628605563,0,0
San Marcos Springs,18,1978-04-01,1979-09-01,168.93617511520736,0,0
San Marcos Springs,18,1978-05-01,1979-10-01,171.69710701484894,0,0
San Marcos Springs,18,1978-06-01,1979-11-01,173.24603174603175,0,0
San Marcos Springs,18,1978-07-01,1979-12-01,174.21664106502817,0,0
San Marcos Springs,18,1978-08-01,1980-01-01,175.96395289298516,0,0
San Marcos Springs,18,1978-09-01,1980-02-01,177.22856789731094,0,0
San Marcos Springs,18,1978-10-01,1980-03-01,177.25658462371476,0,0
San Marcos Springs,18,1978-11-01,1980-04-01,176.84774352455108,0,0
San Marcos Springs,18,1978-12-01,1980-05-01,177.35634567508873,0,0
San Marcos Springs,18,1979-01-01,1980-06-01,177.89332297496924,0,0
San Marcos Springs,18,1979-02-01,1980-07-01,175.665724408661,0,0
San Marcos Springs,18,1979-03-01,1980-08-01,171.49585753718122,0,0
San Marcos Springs,18,1979-04-01,1980-09-01,166.06861739381205,0,0
San Marcos Springs,18,1979-05-01,1980-10-01,160.06007498043093,0,0
San Marcos Springs,18,1979-06-01,1980-11-01,152.6362995921394,0,0
San Marcos Springs,18,1979-07-01,1980-12-01,146.74490174267706,0,0
San Marcos Springs,18,1979-08-01,1981-01-01,142.0298479792362,0,0
San Marcos Springs,18,1979-09-01,1981-02-01,137.2548223775977,0,0
San Marcos Springs,18,1979-10-01,1981-03-01,134.1543444803456,0,0
San Marcos Springs,18,1979-11-01,1981-04-01,132.50267183996328,0,0
San Marcos Springs,18,1979-12-01,1981-05-01,132.1490876105726,0,0
San Marcos Springs,18,1980-01-01,1981-06-01,138.08033014342803,0,0
San Marcos Springs,18,1980-02-01,1981-07-01,146.32764197138502,0,0
San Marcos Springs,18,1980-03-01,1981-08-01,152.10782983444273,0,0
San Marcos Springs,18,1980-04-01,1981-09-01,156.84462792285373,0,0
San Marcos Springs,18,1980-05-01,1981-10-01,161.0402073732719,0,0
San Marcos Springs,18,1980-06-01,1981-11-01,163.23901263014167,0,0
San Marcos Springs,18,1980-07-01,1981-12-01,164.13214285714287,0,0
San Marcos Springs,18,1980-08-01,1982-01-01,165.13035074244752,0,0
San Marcos Springs,18,1980-09-01,1982-02-01,165.75061443932412,0,0
San Marcos Springs,18,1980-10-01,1982-03-01,165.74953917050692,0,0
San Marcos Springs,18,1980-11-01,1982-04-01,165.30622973203617,0,0
San Marcos Springs,18,1980-12-01,1982-05-01,165.9916538658474,0,0
San Marcos Springs,18,1981-01-01,1982-06-01,166.0978665301246,0,0
San Marcos Springs,18,1981-02-01,1982-07-01,166.2215224441031,0,0
San Marcos Springs,18,1981-03-01,1982-08-01,166.0503114866018,0,0
San Marcos Springs,18,1981-04-01,1982-09-01,165.71745605052058,0,0
San Marcos Springs,18,1981-05-01,1982-10-01,164.8691286909029,0,0
San Marcos Springs,18,1981-06-01,1982-11-01,163.64123143881207,0,0
San Marcos Springs,18,1981-07-01,1982-12-01,156.5522828127667,0,0
San Marcos Springs,18,1981-08-01,1983-01-01,147.04511435398533,0,0
San Marcos Springs,18,1981-09-01,1983-02-01,140.39752090800476,0,0
San Marcos Springs,18,1981-10-01,1983-03-01,136.461798088411,0,0
San Marcos Springs,18,1981-11-01,1983-04-01,134.87732974910395,0,0
San Marcos Springs,18,1981-12-01,1983-05-01,134.25200119474314,0,0
San Marcos Springs,18,1982-01-01,1983-06-01,134.9644265232975,0,0
San Marcos Springs,18,1982-02-01,1983-07-01,136.11854838709678,0,0
San Marcos Springs,18,1982-03-01,1983-08-01,137.118356374808,0,0
San Marcos Springs,18,1982-04-01,1983-09-01,137.8379501621437,0,0
San Marcos Springs,18,1982-05-01,1983-10-01,138.47480798771122,0,0
San Marcos Springs,18,1982-06-01,1983-11-01,138.18938385389998,0,0
San Marcos Springs,18,1982-07-01,1983-12-01,138.1709848096945,0,0
San Marcos Springs,18,1982-08-01,1984-01-01,138.1978665301246,0,0
San Marcos Springs,18,1982-09-01,1984-02-01,138.1618388450424,0,0
San Marcos Springs,18,1982-10-01,1984-03-01,137.7133322739552,0,0
San Marcos Springs,18,1982-11-01,1984-04-01,136.95795592986917,0,0
San Marcos Springs,18,1982-12-01,1984-05-01,135.9259965511356,0,0
San Marcos Springs,18,1983-01-01,1984-06-01,134.87050073273656,0,0
San Marcos Springs,18,1983-02-01,1984-07-01,133.23788424528135,0,0
San Marcos Springs,18,1983-03-01,1984-08-01,130.76002966258807,0,0
San Marcos Springs,18,1983-04-01,1984-09-01,126.91982655625593,0,0
San Marcos Springs,18,1983-05-01,1984-10-01,122.66020887405759,0,0
San Marcos Springs,18,1983-06-01,1984-11-01,119.05220409508507,0,0
San Marcos Springs,18,1983-07-01,1984-12-01,115.37024471635151,0,0
San Marcos Springs,18,1983-08-01,1985-01-01,113.11576442961315,0,0
San Marcos Springs,18,1983-09-01,1985-02-01,112.51278183872734,0,0
San Marcos Springs,18,1983-10-01,1985-03-01,113.49390489726974,0,0
San Marcos Springs,18,1983-11-01,1985-04-01,115.3200100346652,0,0
San Marcos Springs,18,1983-12-01,1985-05-01,116.56242341578826,0,0
San Marcos Springs,18,1984-01-01,1985-06-01,120.0789706081419,0,0
San Marcos Springs,18,1984-02-01,1985-07-01,126.32449032140356,0,0
San Marcos Springs,18,1984-03-01,1985-08-01,130.8103387950162,0,0
San Marcos Springs,18,1984-04-01,1985-09-01,134.7866231438812,0,0
San Marcos Springs,18,1984-05-01,1985-10-01,137.92192780337942,0,0
San Marcos Springs,18,1984-06-01,1985-11-01,142.67055384877966,0,0
San Marcos Springs,18,1984-07-01,1985-12-01,150.76009984639018,0,0
San Marcos Springs,18,1984-08-01,1986-01-01,158.217089093702,0,0
San Marcos Springs,18,1984-09-01,1986-02-01,165.1870071684588,0,0
San Marcos Springs,18,1984-10-01,1986-03-01,171.548715651135,0,0
San Marcos Springs,18,1984-11-01,1986-04-01,175.8527777777778,0,0
San Marcos Springs,18,1984-12-01,1986-05-01,180.9966248506571,0,0
San Marcos Springs,18,1985-01-01,1986-06-01,188.68784348864995,0,0
San Marcos Springs,18,1985-02-01,1986-07-01,194.29357825567502,0,0
San Marcos Springs,18,1985-03-01,1986-08-01,197.40910564942823,0,0
San Marcos Springs,18,1985-04-01,1986-09-01,198.5705751834784,0,0
San Marcos Springs,18,1985-05-01,1986-10-01,199.76597542242703,0,0
San Marcos Springs,18,1985-06-01,1986-11-01,201.28467315241508,0,0
San Marcos Springs,18,1985-07-01,1986-12-01,201.7089861751152,0,0
San Marcos Springs,18,1985-08-01,1987-01-01,202.22869943676395,0,0
San Marcos Springs,18,1985-09-01,1987-02-01,202.9679467485919,0,0
San Marcos Springs,18,1985-10-01,1987-03-01,206.6547448370029,0,0
San Marcos Springs,18,1985-11-01,1987-04-01,209.8342549923195,0,0
San Marcos Springs,18,1985-12-01,1987-05-01,210.45122034476873,0,0
San Marcos Springs,18,1986-01-01,1987-06-01,217.3931558286397,0,0
San Marcos Springs,18,1986-02-01,1987-07-01,223.9809694487114,0,0
San Marcos Springs,18,1986-03-01,1987-08-01,230.0594384707288,0,0
San Marcos Springs,18,1986-04-01,1987-09-01,234.64772998805256,0,0
San Marcos Springs,18,1986-05-01,1987-10-01,237.6537037037037,0,0
San Marcos Springs,18,1986-06-01,1987-11-01,238.01541218637993,0,0
San Marcos Springs,18,1986-07-01,1987-12-01,235.50878136200717,0,0
San Marcos Springs,18,1986-08-01,1988-01-01,232.21845878136202,0,0
San Marcos Springs,18,1986-09-01,1988-02-01,229.99530960326288,0,0
San Marcos Springs,18,1986-10-01,1988-03-01,228.60086515881844,0,0
San Marcos Springs,18,1986-11-01,1988-04-01,226.44250195690685,0,0
San Marcos Springs,18,1986-12-01,1988-05-01,224.640650105055,0,0
San Marcos Springs,18,1987-01-01,1988-06-01,222.0422630082808,0,0
San Marcos Springs,18,1987-02-01,1988-07-01,215.759108886417,0,0
San Marcos Springs,18,1987-03-01,1988-08-01,210.67935978247436,0,0
San Marcos Springs,18,1987-04-01,1988-09-01,203.25737650887817,0,0
San Marcos Springs,18,1987-05-01,1988-10-01,197.7122749557121,0,0
San Marcos Springs,18,1987-06-01,1988-11-01,193.38049478844806,0,0
San Marcos Springs,18,1987-07-01,1988-12-01,179.1500288386273,0,0
San Marcos Springs,18,1987-08-01,1989-01-01,166.6554051827133,0,0
San Marcos Springs,18,1987-09-01,1989-02-01,155.6959837797435,0,0
San Marcos Springs,18,1987-10-01,1989-03-01,146.8460435169,0,0
San Marcos Springs,18,1987-11-01,1989-04-01,140.84562535680445,0,0
San Marcos Springs,18,1987-12-01,1989-05-01,136.09144375584864,0,0
San Marcos Springs,18,1988-01-01,1989-06-01,130.7832597654066,0,0
San Marcos Springs,18,1988-02-01,1989-07-01,126.78505188010193,0,0
San Marcos Springs,18,1988-03-01,1989-08-01,123.03329066393583,0,0
San Marcos Springs,18,1988-04-01,1989-09-01,119.00551288615804,0,0
San Marcos Springs,18,1988-05-01,1989-10-01,115.16029185867896,0,0
San Marcos Springs,18,1988-06-01,1989-11-01,111.37510667349378,0,0
San Marcos Springs,18,1988-07-01,1989-12-01,107.41435398532172,0,0
San Marcos Springs,18,1988-08-01,1990-01-01,104.46453319679127,0,0
San Marcos Springs,18,1988-09-01,1990-02-01,102.26848864994027,0,0
San Marcos Springs,18,1988-10-01,1990-03-01,101.01126045400238,0,0
San Marcos Springs,18,1988-11-01,1990-04-01,100.32858422939069,0,0
San Marcos Springs,18,1988-12-01,1990-05-01,101.07255077658303,0,0
San Marcos Springs,18,1989-01-01,1990-06-01,101.54005376344085,0,0
San Marcos Springs,18,1989-02-01,1990-07-01,102.33575268817204,0,0
San Marcos Springs,18,1989-03-01,1990-08-01,103.5281490015361,0,0
San Marcos Springs,18,1989-04-01,1990-09-01,104.26142259771292,0,0
San Marcos Springs,18,1989-05-01,1990-10-01,104.71883000512032,0,0
San Marcos Springs,18,1989-06-01,1990-11-01,105.19338197644649,0,0
San Marcos Springs,18,1989-07-01,1990-12-01,105.69690646868067,0,0
San Marcos Springs,18,1989-08-01,1991-01-01,109.06249786653012,0,0
San Marcos Springs,18,1989-09-01,1991-02-01,114.3663253114866,0,0
San Marcos Springs,18,1989-10-01,1991-03-01,120.29016043693463,0,0
San Marcos Springs,18,1989-11-01,1991-04-01,127.33723331626557,0,0
San Marcos Springs,18,1989-12-01,1991-05-01,135.11704215736475,0,0
San Marcos Springs,18,1990-01-01,1991-06-01,142.45186891961086,0,0
San Marcos Springs,18,1990-02-01,1991-07-01,149.16333845366103,0,0
San Marcos Springs,18,1990-03-01,1991-08-01,155.09952636968765,0,0
San Marcos Springs,18,1990-04-01,1991-09-01,159.59379160266258,0,0
San Marcos Springs,18,1990-05-01,1991-10-01,162.07216675200547,0,0
San Marcos Springs,18,1990-06-01,1991-11-01,162.69857057518348,0,0
San Marcos Springs,18,1990-07-01,1991-12-01,168.15400665642602,0,0
San Marcos Springs,18,1990-08-01,1992-01-01,182.2633256528418,0,0
San Marcos Springs,18,1990-09-01,1992-02-01,198.0379517806381,0,0
San Marcos Springs,18,1990-10-01,1992-03-01,215.93729467191648,0,0
San Marcos Springs,18,1990-11-01,1992-04-01,233.08729467191648,0,0
San Marcos Springs,18,1990-12-01,1992-05-01,248.99087890130716,0,0
San Marcos Springs,18,1991-01-01,1992-06-01,265.4669840387026,0,0
San Marcos Springs,18,1991-02-01,1992-07-01,277.48848941504673,0,0
San Marcos Springs,18,1991-03-01,1992-08-01,284.2312569521691,0,0
San Marcos Springs,18,1991-04-01,1992-09-01,288.4481625674618,0,0
San Marcos Springs,18,1991-05-01,1992-10-01,290.2451757096362,0,0
San Marcos Springs,18,1991-06-01,1992-11-01,290.21166316483334,0,0
San Marcos Springs,18,1991-07-01,1992-12-01,289.81411238825035,0,0
San Marcos Springs,18,1991-08-01,1993-01-01,289.5166213488238,0,0
San Marcos Springs,18,1991-09-01,1993-02-01,289.68956041692417,0,0
San Marcos Springs,18,1991-10-01,1993-03-01,290.84224858896715,0,0
San Marcos Springs,18,1991-11-01,1993-04-01,293.2823919581428,0,0
San Marcos Springs,18,1991-12-01,1993-05-01,297.51620318872824,0,0
San Marcos Springs,18,1992-01-01,1993-06-01,297.494100440819,0,0
San Marcos Springs,18,1992-02-01,1993-07-01,288.46005026160753,0,0
San Marcos Springs,18,1992-03-01,1993-08-01,276.210513739546,0,0
San Marcos Springs,18,1992-04-01,1993-09-01,261.2908004778973,0,0
San Marcos Springs,18,1992-05-01,1993-10-01,246.50280764635605,0,0
San Marcos Springs,18,1992-06-01,1993-11-01,232.66403823178018,0,0
San Marcos Springs,18,1992-07-01,1993-12-01,218.05531660692952,0,0
San Marcos Springs,18,1992-08-01,1994-01-01,204.9531660692951,0,0
San Marcos Springs,18,1992-09-01,1994-02-01,195.27587472264892,0,0
San Marcos Springs,18,1992-10-01,1994-03-01,187.9478579962451,0,0
San Marcos Springs,18,1992-11-01,1994-04-01,181.99343744666325,0,0
San Marcos Springs,18,1992-12-01,1994-05-01,177.39970984809696,0,0
San Marcos Springs,18,1993-01-01,1994-06-01,173.42318655060592,0,0
San Marcos Springs,18,1993-02-01,1994-07-01,169.55042669397508,0,0
San Marcos Springs,18,1993-03-01,1994-08-01,165.6767707799966,0,0
San Marcos Springs,18,1993-04-01,1994-09-01,161.62223075610171,0,0
San Marcos Springs,18,1993-05-01,1994-10-01,157.89176480628095,0,0
San Marcos Springs,18,1993-06-01,1994-11-01,153.8690646868066,0,0
San Marcos Springs,18,1993-07-01,1994-12-01,149.88220686123913,0,0
San Marcos Springs,18,1993-08-01,1995-01-01,146.56858678955453,0,0
San Marcos Springs,18,1993-09-01,1995-02-01,143.63086277521762,0,0
San Marcos Springs,18,1993-10-01,1995-03-01,142.42512800819253,0,0
San Marcos Springs,18,1993-11-01,1995-04-01,142.59275046936338,0,0
San Marcos Springs,18,1993-12-01,1995-05-01,142.22005034988905,0,0
San Marcos Springs,18,1994-01-01,1995-06-01,145.37692012288787,0,0
San Marcos Springs,18,1994-02-01,1995-07-01,147.66545058883767,0,0
San Marcos Springs,18,1994-03-01,1995-08-01,149.206541218638,0,0
San Marcos Springs,18,1994-04-01,1995-09-01,150.15678016726403,0,0
San Marcos Springs,18,1994-05-01,1995-10-01,150.55206093189963,0,0
San Marcos Springs,18,1994-06-01,1995-11-01,150.7550477897252,0,0
San Marcos Springs,18,1994-07-01,1995-12-01,150.4018219832736,0,0
San Marcos Springs,18,1994-08-01,1996-01-01,149.67063918757466,0,0
San Marcos Springs,18,1994-09-01,1996-02-01,148.7004253697524,0,0
San Marcos Springs,18,1994-10-01,1996-03-01,147.8141051785935,0,0
San Marcos Springs,18,1994-11-01,1996-04-01,146.3019785358217,0,0
San Marcos Springs,18,1994-12-01,1996-05-01,143.7046069707082,0,0
San Marcos Springs,18,1995-01-01,1996-06-01,140.67294627775718,0,0
San Marcos Springs,18,1995-02-01,1996-07-01,136.5009032670045,0,0
San Marcos Springs,18,1995-03-01,1996-08-01,132.97088534585754,0,0
San Marcos Springs,18,1995-04-01,1996-09-01,130.38032381658633,0,0
San Marcos Springs,18,1995-05-01,1996-10-01,127.25212787871297,0,0
San Marcos Springs,18,1995-06-01,1996-11-01,124.00260577596507,0,0
San Marcos Springs,18,1995-07-01,1996-12-01,117.49627363737486,0,0
San Marcos Springs,18,1995-08-01,1997-01-01,112.64681127178346,0,0
San Marcos Springs,18,1995-09-01,1997-02-01,108.75453016579269,0,0
San Marcos Springs,18,1995-10-01,1997-03-01,106.50500806304477,0,0
San Marcos Springs,18,1995-11-01,1997-04-01,106.41713470581658,0,0
San Marcos Springs,18,1995-12-01,1997-05-01,108.59766039279387,0,0
San Marcos Springs,18,1996-01-01,1997-06-01,116.54903434739363,0,0
San Marcos Springs,18,1996-02-01,1997-07-01,127.10638201764453,0,0
San Marcos Springs,18,1996-03-01,1997-08-01,135.96190049496502,0,0
San Marcos Springs,18,1996-04-01,1997-09-01,142.5908132787165,0,0
San Marcos Springs,18,1996-05-01,1997-10-01,147.9828682369005,0,0
San Marcos Springs,18,1996-06-01,1997-11-01,152.40801757979176,0,0
San Marcos Springs,18,1996-07-01,1997-12-01,156.40204386414064,0,0
San Marcos Springs,18,1996-08-01,1998-01-01,161.15473203618365,0,0
San Marcos Springs,18,1996-09-01,1998-02-01,166.93871821129886,0,0
San Marcos Springs,18,1996-10-01,1998-03-01,172.434297661717,0,0
San Marcos Springs,18,1996-11-01,1998-04-01,177.92360471070148,0,0
San Marcos Springs,18,1996-12-01,1998-05-01,182.60681856972178,0,0
San Marcos Springs,18,1997-01-01,1998-06-01,186.64278033794162,0,0
San Marcos Springs,18,1997-02-01,1998-07-01,189.8721710189452,0,0
San Marcos Springs,18,1997-03-01,1998-08-01,193.0207245263697,0,0
San Marcos Springs,18,1997-04-01,1998-09-01,197.20172811059908,0,0
San Marcos Springs,18,1997-05-01,1998-10-01,204.67669824202082,0,0
San Marcos Springs,18,1997-06-01,1998-11-01,215.26098736985833,0,0
San Marcos Springs,18,1997-07-01,1998-12-01,219.77914746543777,0,0
San Marcos Springs,18,1997-08-01,1999-01-01,220.05692524321557,0,0
San Marcos Springs,18,1997-09-01,1999-02-01,220.5254352278546,0,0
San Marcos Springs,18,1997-10-01,1999-03-01,220.59007083119985,0,0
San Marcos Springs,18,1997-11-01,1999-04-01,220.3776455026455,0,0
San Marcos Springs,18,1997-12-01,1999-05-01,220.40410906298004,0,0
San Marcos Springs,18,1998-01-01,1999-06-01,221.21749018603856,0,0
San Marcos Springs,18,1998-02-01,1999-07-01,221.6655188598737,0,0
San Marcos Springs,18,1998-03-01,1999-08-01,219.56432838368323,0,0
San Marcos Springs,18,1998-04-01,1999-09-01,215.20023041474656,0,0
San Marcos Springs,18,1998-05-01,1999-10-01,210.07830687830688,0,0
San Marcos Springs,18,1998-06-01,1999-11-01,206.56175968595323,0,0
San Marcos Springs,18,1998-07-01,1999-12-01,203.84837856289468,0,0
San Marcos Springs,18,1998-08-01,2000-01-01,201.25339648404164,0,0
San Marcos Springs,18,1998-09-01,2000-02-01,199.05496612932654,0,0
San Marcos Springs,18,1998-10-01,2000-03-01,194.91876541248067,0,0
San Marcos Springs,18,1998-11-01,2000-04-01,185.9363878736515,0,0
San Marcos Springs,18,1998-12-01,2000-05-01,172.04027078882473,0,0
San Marcos Springs,18,1999-01-01,2000-06-01,161.54433291546752,0,0
San Marcos Springs,18,1999-02-01,2000-07-01,152.6500676824926,0,0
San Marcos Springs,18,1999-03-01,2000-08-01,144.2747476620113,0,0
San Marcos Springs,18,1999-04-01,2000-09-01,137.77492687348084,0,0
San Marcos Springs,18,1999-05-01,2000-10-01,133.36728051744737,0,0
San Marcos Springs,18,1999-06-01,2000-11-01,135.33711325340914,0,0
San Marcos Springs,18,1999-07-01,2000-12-01,137.51656367156923,0,0
San Marcos Springs,18,1999-08-01,2001-01-01,140.7764203023936,0,0
San Marcos Springs,18,1999-09-01,2001-02-01,146.78038855636186,0,0
San Marcos Springs,18,1999-10-01,2001-03-01,154.19287362207274,0,0
San Marcos Springs,18,1999-11-01,2001-04-01,161.96664901036425,0,0
San Marcos Springs,18,1999-12-01,2001-05-01,168.64986286938455,0,0
San Marcos Springs,18,2000-01-01,2001-06-01,173.81509584429494,0,0
San Marcos Springs,18,2000-02-01,2001-07-01,178.2111531919652,0,0
San Marcos Springs,18,2000-03-01,2001-08-01,181.56908175456562,0,0
San Marcos Springs,18,2000-04-01,2001-09-01,187.08861580474485,0,0
San Marcos Springs,18,2000-05-01,2001-10-01,191.91149513568868,0,0
San Marcos Springs,18,2000-06-01,2001-11-01,198.26501962792287,0,0
San Marcos Springs,18,2000-07-01,2001-12-01,206.7878392217102,0,0
San Marcos Springs,18,2000-08-01,2002-01-01,215.63550947260626,0,0
San Marcos Springs,18,2000-09-01,2002-02-01,224.59217869943677,0,0
San Marcos Springs,18,2000-10-01,2002-03-01,232.60096006144394,0,0
San Marcos Springs,18,2000-11-01,2002-04-01,238.1660138248848,0,0
San Marcos Springs,18,2000-12-01,2002-05-01,237.01517750469364,0,0
San Marcos Springs,18,2001-01-01,2002-06-01,234.30424560505207,0,0
San Marcos Springs,18,2001-02-01,2002-07-01,237.5856076122205,0,0
San Marcos Springs,18,2001-03-01,2002-08-01,240.63540279911248,0,0
San Marcos Springs,18,2001-04-01,2002-09-01,242.30995477043865,0,0
San Marcos Springs,18,2001-05-01,2002-10-01,243.21359873698583,0,0
San Marcos Springs,18,2001-06-01,2002-11-01,248.42112561870627,0,0
San Marcos Springs,18,2001-07-01,2002-12-01,254.58205751834785,0,0
San Marcos Springs,18,2001-08-01,2003-01-01,261.64478153268476,0,0
San Marcos Springs,18,2001-09-01,2003-02-01,269.11450759515276,0,0
San Marcos Springs,18,2001-10-01,2003-03-01,273.8351169141492,0,0
San Marcos Springs,18,2001-11-01,2003-04-01,278.23816350913125,0,0
San Marcos Springs,18,2001-12-01,2003-05-01,278.7556067588326,0,0
San Marcos Springs,18,2002-01-01,2003-06-01,273.82167605393414,0,0
San Marcos Springs,18,2002-02-01,2003-07-01,268.7177334016044,0,0
San Marcos Springs,18,2002-03-01,2003-08-01,263.6320319167093,0,0
San Marcos Springs,18,2002-04-01,2003-09-01,260.088065369517,0,0
San Marcos Springs,18,2002-05-01,2003-10-01,258.54630909711557,0,0
San Marcos Springs,18,2002-06-01,2003-11-01,257.3582565284178,0,0
San Marcos Springs,18,2002-07-01,2003-12-01,256.8218766001024,0,0
San Marcos Springs,18,2002-08-01,2004-01-01,249.12653609831028,0,0
San Marcos Springs,18,2002-09-01,2004-02-01,240.49039717852287,0,0
San Marcos Springs,18,2002-10-01,2004-03-01,232.5900387555838,0,0
San Marcos Springs,18,2002-11-01,2004-04-01,226.30676515940698,0,0
San Marcos Springs,18,2002-12-01,2004-05-01,217.91106623467581,0,0
San Marcos Springs,18,2003-01-01,2004-06-01,212.35013433503423,0,0
San Marcos Springs,18,2003-02-01,2004-07-01,209.2999551235647,0,0
San Marcos Springs,18,2003-03-01,2004-08-01,204.69044411486013,0,0
San Marcos Springs,18,2003-04-01,2004-09-01,199.04576072178963,0,0
San Marcos Springs,18,2003-05-01,2004-10-01,194.32013348164628,0,0
San Marcos Springs,18,2003-06-01,2004-11-01,196.3508383800931,0,0
San Marcos Springs,18,2003-07-01,2004-12-01,203.81165080542166,0,0
San Marcos Springs,18,2003-08-01,2005-01-01,210.1413999093643,0,0
San Marcos Springs,18,2003-09-01,2005-02-01,216.82432361648156,0,0
San Marcos Springs,18,2003-10-01,2005-03-01,223.00269876582448,0,0
San Marcos Springs,18,2003-11-01,2005-04-01,228.8870476308185,0,0
San Marcos Springs,18,2003-12-01,2005-05-01,234.0966055758603,0,0
San Marcos Springs,18,2004-01-01,2005-06-01,238.6070595782498,0,0
San Marcos Springs,18,2004-02-01,2005-07-01,241.51207749939675,0,0
San Marcos Springs,18,2004-03-01,2005-08-01,243.67151391022358,0,0
San Marcos Springs,18,2004-04-01,2005-09-01,245.49224270353304,0,0
San Marcos Springs,18,2004-05-01,2005-10-01,246.52641235705752,0,0
San Marcos Springs,18,2004-06-01,2005-11-01,245.34062980030723,0,0
San Marcos Springs,18,2004-07-01,2005-12-01,241.1632104454685,0,0
San Marcos Springs,18,2004-08-01,2006-01-01,234.2384792626728,0,0
San Marcos Springs,18,2004-09-01,2006-02-01,228.8003712237583,0,0
San Marcos Springs,18,2004-10-01,2006-03-01,224.9755205666496,0,0
San Marcos Springs,18,2004-11-01,2006-04-01,220.73262928827444,0,0
San Marcos Springs,18,2004-12-01,2006-05-01,211.90264123570574,0,0
San Marcos Springs,18,2005-01-01,2006-06-01,197.9103473288957,0,0
San Marcos Springs,18,2005-02-01,2006-07-01,185.4408132787165,0,0
San Marcos Springs,18,2005-03-01,2006-08-01,173.48548813790748,0,0
San Marcos Springs,18,2005-04-01,2006-09-01,161.83303891449052,0,0
San Marcos Springs,18,2005-05-01,2006-10-01,150.830410479604,0,0
San Marcos Springs,18,2005-06-01,2006-11-01,141.4782599419696,0,0
San Marcos Springs,18,2005-07-01,2006-12-01,133.47318228366615,0,0
San Marcos Springs,18,2005-08-01,2007-01-01,130.0018561187916,0,0
San Marcos Springs,18,2005-09-01,2007-02-01,128.67876344086022,0,0
San Marcos Springs,18,2005-10-01,2007-03-01,129.61430704898447,0,0
San Marcos Springs,18,2005-11-01,2007-04-01,132.28013739545997,0,0
San Marcos Springs,18,2005-12-01,2007-05-01,135.39065113500598,0,0
San Marcos Springs,18,2006-01-01,2007-06-01,141.26251493428913,0,0
San Marcos Springs,18,2006-02-01,2007-07-01,150.893339307049,0,0
San Marcos Springs,18,2006-03-01,2007-08-01,167.1110172384366,0,0
San Marcos Springs,18,2006-04-01,2007-09-01,181.81920122887865,0,0
San Marcos Springs,18,2006-05-01,2007-10-01,192.71442225635775,0,0
San Marcos Springs,18,2006-06-01,2007-11-01,201.09255845707457,0,0
San Marcos Springs,18,2006-07-01,2007-12-01,208.04721795528246,0,0
San Marcos Springs,18,2006-08-01,2008-01-01,213.37696705922514,0,0
San Marcos Springs,18,2006-09-01,2008-02-01,218.02126319072926,0,0
San Marcos Springs,18,2006-10-01,2008-03-01,222.44432173314266,0,0
San Marcos Springs,18,2006-11-01,2008-04-01,225.98213535321432,0,0
San Marcos Springs,18,2006-12-01,2008-05-01,228.13894538905663,0,0
San Marcos Springs,18,2007-01-01,2008-06-01,229.97180082513788,0,0
San Marcos Springs,18,2007-02-01,2008-07-01,229.10979365667907,0,0
San Marcos Springs,18,2007-03-01,2008-08-01,226.58880031310508,0,0
San Marcos Springs,18,2007-04-01,2008-09-01,221.97918263090676,0,0
San Marcos Springs,18,2007-05-01,2008-10-01,215.57320891525563,0,0
San Marcos Springs,18,2007-06-01,2008-11-01,209.60343591645037,0,0
San Marcos Springs,18,2007-07-01,2008-12-01,201.25666172290198,0,0
San Marcos Springs,18,2007-08-01,2009-01-01,189.42332838956867,0,0
San Marcos Springs,18,2007-09-01,2009-02-01,171.50922188675247,0,0
San Marcos Springs,18,2007-10-01,2009-03-01,155.21322427623872,0,0
San Marcos Springs,18,2007-11-01,2009-04-01,143.09948473024113,0,0
San Marcos Springs,18,2007-12-01,2009-05-01,133.01167111016943,0,0
San Marcos Springs,18,2008-01-01,2009-06-01,124.751456056406,0,0
San Marcos Springs,18,2008-02-01,2009-07-01,118.29267469439883,0,0
San Marcos Springs,18,2008-03-01,2009-08-01,112.95303806110257,0,0
San Marcos Springs,18,2008-04-01,2009-09-01,108.55220174091141,0,0
San Marcos Springs,18,2008-05-01,2009-10-01,107.92119815668202,0,0
San Marcos Springs,18,2008-06-01,2009-11-01,110.25512886158047,0,0
San Marcos Springs,18,2008-07-01,2009-12-01,113.12657450076804,0,0
San Marcos Springs,18,2008-08-01,2010-01-01,116.53696876600102,0,0
San Marcos Springs,18,2008-09-01,2010-02-01,123.59566052227342,0,0
San Marcos Springs,18,2008-10-01,2010-03-01,131.31638931558285,0,0
San Marcos Springs,18,2008-11-01,2010-04-01,139.0834741423451,0,0
San Marcos Springs,18,2008-12-01,2010-05-01,146.2808457074586,0,0
San Marcos Springs,18,2009-01-01,2010-06-01,153.26465693804403,0,0
San Marcos Springs,18,2009-02-01,2010-07-01,159.9671658986175,0,0
San Marcos Springs,18,2009-03-01,2010-08-01,165.9959677419355,0,0
San Marcos Springs,18,2009-04-01,2010-09-01,172.43270609318995,0,0
San Marcos Springs,18,2009-05-01,2010-10-01,178.34393667861409,0,0
San Marcos Springs,18,2009-06-01,2010-11-01,183.30582437275984,0,0
San Marcos Springs,18,2009-07-01,2010-12-01,187.7344982078853,0,0
San Marcos Springs,18,2009-08-01,2011-01-01,191.92267025089606,0,0
San Marcos Springs,18,2009-09-01,2011-02-01,195.54952636968767,0,0
San Marcos Springs,18,2009-10-01,2011-03-01,198.6439110769756,0,0
San Marcos Springs,18,2009-11-01,2011-04-01,198.05269243898277,0,0
San Marcos Springs,18,2009-12-01,2011-05-01,194.890804744837,0,0
San Marcos Springs,18,2010-01-01,2011-06-01,190.86565540194573,0,0
San Marcos Springs,18,2010-02-01,2011-07-01,185.93733998975935,0,0
San Marcos Springs,18,2010-03-01,2011-08-01,177.29441884280592,0,0
San Marcos Springs,18,2010-04-01,2011-09-01,168.11257893838538,0,0
San Marcos Springs,18,2010-05-01,2011-10-01,159.4368919610855,0,0
San Marcos Springs,18,2010-06-01,2011-11-01,151.6821129885646,0,0
San Marcos Springs,18,2010-07-01,2011-12-01,144.70009387267453,0,0
San Marcos Springs,18,2010-08-01,2012-01-01,138.52446663253116,0,0
San Marcos Springs,18,2010-09-01,2012-02-01,135.21857119315405,0,0
San Marcos Springs,18,2010-10-01,2012-03-01,133.17430596017914,0,0
San Marcos Springs,18,2010-11-01,2012-04-01,133.42603833771798,0,0
San Marcos Springs,18,2010-12-01,2012-05-01,135.20070978335718,0,0
San Marcos Springs,18,2011-01-01,2012-06-01,137.29796187415764,0,0
San Marcos Springs,18,2011-02-01,2012-07-01,138.40011241179207,0,0
San Marcos Springs,18,2011-03-01,2012-08-01,138.991894285832,0,0
San Marcos Springs,18,2011-04-01,2012-09-01,138.86787994891444,0,0
San Marcos Springs,18,2011-05-01,2012-10-01,139.52361471593952,0,0
San Marcos Springs,18,2011-06-01,2012-11-01,140.21698389156677,0,0
San Marcos Springs,18,2011-07-01,2012-12-01,140.91417624521074,0,0
San Marcos Springs,18,2011-08-01,2013-01-01,141.7976887900136,0,0
San Marcos Springs,18,2011-09-01,2013-02-01,142.83148295284002,0,0
San Marcos Springs,18,2011-10-01,2013-03-01,143.8197744701638,0,0
San Marcos Springs,18,2011-11-01,2013-04-01,144.68805404005627,0,0
San Marcos Springs,18,2011-12-01,2013-05-01,145.24749251078507,0,0
San Marcos Springs,18,2012-01-01,2013-06-01,146.431363478527,0,0
San Marcos Springs,18,2012-02-01,2013-07-01,146.79695487637645,0,0
San Marcos Springs,18,2012-03-01,2013-08-01,144.54191841611197,0,0
San Marcos Springs,18,2012-04-01,2013-09-01,140.3232206861239,0,0
San Marcos Springs,18,2012-05-01,2013-10-01,135.3420976275815,0,0
San Marcos Springs,18,2012-06-01,2013-11-01,135.23409284860898,0,0
San Marcos Springs,18,2012-07-01,2013-12-01,133.99705581157195,0,0
San Marcos Springs,18,2012-08-01,2014-01-01,132.82142857142858,0,0
San Marcos Springs,18,2012-09-01,2014-02-01,132.13440860215053,0,0
San Marcos Springs,18,2012-10-01,2014-03-01,131.6706093189964,0,0
San Marcos Springs,18,2012-11-01,2014-04-01,130.30191158900837,0,0
San Marcos Springs,18,2012-12-01,2014-05-01,129.40782556750298,0,0
San Marcos Springs,18,2013-01-01,2014-06-01,131.07544802867383,0,0
San Marcos Springs,18,2013-02-01,2014-07-01,131.99301075268818,0,0
San Marcos Springs,18,2013-03-01,2014-08-01,131.99326676907322,0,0
San Marcos Springs,18,2013-04-01,2014-09-01,131.92719747397166,0,0
San Marcos Springs,18,2013-05-01,2014-10-01,131.8653695169824,0,0
San Marcos Springs,18,2013-06-01,2014-11-01,132.17074586106844,0,0
San Marcos Springs,18,2013-07-01,2014-12-01,132.06752005461684,0,0
San Marcos Springs,18,2013-08-01,2015-01-01,132.71088923024408,0,0
San Marcos Springs,18,2013-09-01,2015-02-01,135.4295272230756,0,0
San Marcos Springs,18,2013-10-01,2015-03-01,138.8668629458952,0,0
San Marcos Springs,18,2013-11-01,2015-04-01,142.12761563406724,0,0
San Marcos Springs,18,2013-12-01,2015-05-01,141.92379245605053,0,0
San Marcos Springs,18,2014-01-01,2015-06-01,150.5515702338283,0,0
San Marcos Springs,18,2014-02-01,2015-07-01,159.20389998293226,0,0
San Marcos Springs,18,2014-03-01,2015-08-01,166.51457586618878,0,0
San Marcos Springs,18,2014-04-01,2015-09-01,172.18763440860215,0,0
San Marcos Springs,18,2014-05-01,2015-10-01,176.72479091995223,0,0
San Marcos Springs,18,2014-06-01,2015-11-01,188.19295101553166,0,0
San Marcos Springs,18,2014-07-01,2015-12-01,197.7493428912784,0,0
San Marcos Springs,18,2014-08-01,2016-01-01,206.31923536439666,0,0
San Marcos Springs,18,2014-09-01,2016-02-01,214.0214971367363,0,0
San Marcos Springs,18,2014-10-01,2016-03-01,221.43702879742924,0,0
San Marcos Springs,18,2014-11-01,2016-04-01,229.83219008775183,0,0
San Marcos Springs,18,2014-12-01,2016-05-01,241.0716166110493,0,0
San Marcos Springs,18,2015-01-01,2016-06-01,253.49891649157502,0,0
San Marcos Springs,18,2015-02-01,2016-07-01,264.0634326206073,0,0
San Marcos Springs,18,2015-03-01,2016-08-01,271.2300992872739,0,0
San Marcos Springs,18,2015-04-01,2016-09-01,276.6835043051951,0,0
San Marcos Springs,18,2015-05-01,2016-10-01,281.9137910435463,0,0
San Marcos Springs,18,2015-06-01,2016-11-01,284.04539199934084,0,0
San Marcos Springs,18,2015-07-01,2016-12-01,278.5287253326742,0,0
San Marcos Springs,18,2015-08-01,2017-01-01,273.4444959419932,0,0
San Marcos Springs,18,2015-09-01,2017-02-01,270.92151847143504,0,0
San Marcos Springs,18,2015-10-01,2017-03-01,270.84164989317935,0,0
San Marcos Springs,18,2015-11-01,2017-04-01,274.51190078923673,0,0
San Marcos Springs,18,2015-12-01,2017-05-01,271.3985794033347,0,0
San Marcos Springs,18,2016-01-01,2017-06-01,266.73107641647687,0,0
San Marcos Springs,18,2016-02-01,2017-07-01,261.8242663806346,0,0
San Marcos Springs,18,2016-03-01,2017-08-01,258.10049923195083,0,0
San Marcos Springs,18,2016-04-01,2017-09-01,257.4608934971838,0,0
San Marcos Springs,18,2016-05-01,2017-10-01,254.422363031234,0,0
San Marcos Springs,18,2016-06-01,2017-11-01,247.45515873015873,0,0
San Marcos Springs,18,2016-07-01,2017-12-01,238.05115634067246,0,0
San Marcos Springs,18,2016-08-01,2018-01-01,229.70169397508107,0,0
San Marcos Springs,18,2016-09-01,2018-02-01,223.00328127666836,0,0
San Marcos Springs,18,2016-10-01,2018-03-01,217.1502346816863,0,0
San Marcos Springs,18,2016-11-01,2018-04-01,212.28846646185355,0,0
San Marcos Springs,18,2016-12-01,2018-05-01,208.31994794333505,0,0
San Marcos Springs,18,2017-01-01,2018-06-01,202.90698498037207,0,0
San Marcos Springs,18,2017-02-01,2018-07-01,198.57006741764806,0,0
San Marcos Springs,18,2017-03-01,2018-08-01,192.63247141150367,0,0
San Marcos Springs,18,2017-04-01,2018-09-01,187.61048813790748,0,0
San Marcos Springs,18,2017-05-01,2018-10-01,182.93665301245946,0,0
San Marcos Springs,18,2017-06-01,2018-11-01,180.06849291688002,0,0
San Marcos Springs,18,2017-07-01,2018-12-01,179.8005120327701,0,0
San Marcos Springs,18,2017-08-01,2019-01-01,182.70552995391705,0,0
San Marcos Springs,18,2017-09-01,2019-02-01,186.14939836149514,0,0
San Marcos Springs,18,2017-10-01,2019-03-01,186.68326932923708,0,0
San Marcos Springs,18,2017-11-01,2019-04-01,188.65513312852022,0,0
San Marcos Springs,18,2017-12-01,2019-05-01,193.35352022529443,0,0
San Marcos Springs,18,2018-01-01,2019-06-01,198.2945596518177,0,0
San Marcos Springs,18,2018-02-01,2019-07-01,201.7766385048643,0,0
San Marcos Springs,18,2018-03-01,2019-08-01,204.5055171530978,0,0
San Marcos Springs,18,2018-04-01,2019-09-01,206.48263782215395,0,0
San Marcos Springs,18,2018-05-01,2019-10-01,206.28168202764977,0,0
San Marcos Springs,18,2018-06-01,2019-11-01,206.42427462024236,0,0
San Marcos Springs,18,2018-07-01,2019-12-01,207.64189708141322,0,0
San Marcos Springs,18,2018-08-01,2020-01-01,208.20641321044548,0,0
San Marcos Springs,18,2018-09-01,2020-02-01,209.37505738298285,0,0
San Marcos Springs,18,2018-10-01,2020-03-01,209.3611983626722,0,0
San Marcos Springs,18,2018-11-01,2020-04-01,207.07021867330545,0,0
San Marcos Springs,18,2018-12-01,2020-05-01,204.20181962909993,0,0
San Marcos Springs,18,2019-01-01,2020-06-01,201.67350421691356,0,0
San Marcos Springs,18,2019-02-01,2020-07-01,196.8831816362684,0,0
San Marcos Springs,18,2019-03-01,2020-08-01,190.8550838380093,0,0
San Marcos Springs,18,2019-04-01,2020-09-01,185.1397313887859,0,0
San Marcos Springs,18,2019-05-01,2020-10-01,180.0065772669221,0,0
San Marcos Springs,18,2019-06-01,2020-11-01,172.23967165162938,0,0
San Marcos Springs,18,2019-07-01,2020-12-01,164.42587236847527,0,0
San Marcos Springs,18,2019-08-01,2021-01-01,158.31476125736415,0,0
San Marcos Springs,18,2019-09-01,2021-02-01,152.59183499008304,0,0
San Marcos Springs,18,2019-10-01,2021-03-01,147.87457095185127,0,0
San Marcos Springs,18,2019-11-01,2021-04-01,143.64404526487397,0,0
San Marcos Springs,18,2019-12-01,2021-05-01,141.4315601991631,0,0
San Marcos Springs,18,2020-01-01,2021-06-01,141.7380118120663,0,0
San Marcos Springs,18,2020-02-01,2021-07-01,142.27206199127778,0,0
San Marcos Springs,18,2020-03-01,2021-08-01,142.80055043522785,0,0
San Marcos Springs,18,2020-04-01,2021-09-01,142.69033538146442,0,0
San Marcos Springs,18,2020-05-01,2021-10-01,144.4813150708312,0,0
San Marcos Springs,18,2020-06-01,2021-11-01,146.67378818911078,0,0
San Marcos Springs,18,2020-07-01,2021-12-01,145.84726489161974,0,0
San Marcos Springs,18,2020-08-01,2022-01-01,145.35443335040108,0,0
San Marcos Springs,18,2020-09-01,2022-02-01,147.0095152756443,0,0
San Marcos Springs,18,2020-10-01,2022-03-01,148.89153439153438,0,0
San Marcos Springs,18,2020-11-01,2022-04-01,148.93765147636114,0,0
San Marcos Springs,18,2020-12-01,2022-05-01,148.79595494111624,0,0
San Marcos Springs,18,2021-01-01,2022-06-01,148.04864311315924,0,0
San Marcos Springs,18,2021-02-01,2022-07-01,147.07552483358936,0,0
San Marcos Springs,18,2021-03-01,2022-08-01,145.97587045570916,0,0
San Marcos Springs,18,2021-04-01,2022-09-01,144.83757893838538,0,0
San Marcos Springs,18,2021-05-01,2022-10-01,143.8512587472265,0,0
San Marcos Springs,18,2021-06-01,2022-11-01,141.06929936849292,0,0
San Marcos Springs,18,2021-07-01,2022-12-01,136.40800904591228,0,0
San Marcos Springs,18,2021-08-01,2023-01-01,132.04779399214883,0,0
San Marcos Springs,18,2021-09-01,2023-02-01,128.18309865164704,0,0
San Marcos Springs,18,2021-10-01,2023-03-01,124.76284775558969,0,0
San Marcos Springs,18,2021-11-01,2023-04-01,119.68668288103771,0,0
San Marcos Springs,18,2021-12-01,2023-05-01,113.8181643625192,1,0
San Marcos Springs,18,2022-01-01,2023-06-01,108.98913210445468,1,0
San Marcos Springs,18,2022-02-01,2023-07-01,104.91923963133641,1,0
San Marcos Springs,18,2022-03-01,2023-08-01,99.62258064516129,1,0
San Marcos Springs,18,2022-04-01,2023-09-01,94.02759856630824,1,0
San Marcos Springs,18,2022-05-01,2023-10-01,90.25029868578255,1,0
San Marcos Springs,18,2022-06-01,2023-11-01,87.99199522102748,1,0
San Marcos Springs,18,2022-07-01,2023-12-01,86.6962962962963,1,0
San Marcos Springs,18,2022-08-01,2024-01-01,86.96690561529272,1,0
San Marcos Springs,18,2022-09-01,2024-02-01,91.26859885469452,1,0
San Marcos Springs,18,2022-10-01,2024-03-01,94.75814485230504,1,0
San Marcos Springs,18,2022-11-01,2024-04-01,96.97409467309356,1,0
San Marcos Springs,18,2022-12-01,2024-05-01,99.25605405182714,1,0
San Marcos Springs,18,2023-01-01,2024-06-01,100.62845548551888,1,0
San Marcos Springs,18,2023-02-01,2024-07-01,101.63203971490957,1,0
San Marcos Springs,18,2023-03-01,2024-08-01,102.1795307543361,1,0
San Marcos Springs,18,2023-04-01,2024-09-01,102.57385572446752,1,0
San Marcos Springs,18,2023-05-01,2024-10-01,102.56758332303383,1,0
San Marcos Springs,18,2023-06-01,2024-11-01,101.56943517488568,0,0
San Marcos Springs,18,2023-07-01,2024-12-01,101.25330614262761,0,0
San Marcos Springs,18,2023-08-01,2025-01-01,101.07409467309355,0,0
San Marcos Springs,18,2023-09-01,2025-02-01,101.6743250878401,0,0
San Marcos Springs,18,2023-10-01,2025-03-01,102.59726415594047,0,0
San Marcos Springs,18,2023-11-01,2025-04-01,103.03937885128096,0,0
San Marcos Springs,18,2023-12-01,2025-05-01,102.8621984450683,0,0
San Marcos Springs,18,2024-01-01,2025-06-01,103.49308255498467,0,0
San Marcos Springs,18,2024-02-01,2025-07-01,103.45365603168717,0,0
San Marcos Springs,18,2024-03-01,2025-08-01,99.68063662741082,0,0
San Marcos Springs,18,2024-04-01,2025-09-01,96.39479433350401,0,0
San Marcos Springs,18,2024-05-01,2025-10-01,94.39748250554702,0,0
San Marcos Springs,18,2024-06-01,2025-11-01,92.00811571940604,0,0
San Marcos Springs,18,2024-07-01,2025-12-01,90.29879672299028,0,0
San Marcos Springs,18,2024-08-01,2026-01-01,88.96008704557092,0,0
San Marcos Springs,18,2024-09-01,2026-02-01,87.85307219662059,0,0
San Marcos Springs,18,2024-10-01,2026-03-01,86.98025260283325,0,0
San Marcos Springs,18,2024-11-01,2026-04-01,86.46615463389656,0,0
San Marcos Springs,18,2024-12-01,2026-05-01,86.81597542242703,0,0
San Marcos Springs,18,2025-01-01,2026-06-01,87.39136371394436,0,0
San Marcos Springs,18,2025-02-01,2026-07-01,89.04010923365762,0,0
San Marcos Springs,24,1954-02-01,1956-01-01,NA,NA,NA
San Marcos Springs,24,1954-03-01,1956-02-01,NA,NA,NA
San Marcos Springs,24,1954-04-01,1956-03-01,NA,NA,NA
San Marcos Springs,24,1954-05-01,1956-04-01,NA,NA,NA
San Marcos Springs,24,1954-06-01,1956-05-01,NA,NA,NA
San Marcos Springs,24,1954-07-01,1956-06-01,NA,NA,NA
San Marcos Springs,24,1954-08-01,1956-07-01,NA,NA,NA
San Marcos Springs,24,1954-09-01,1956-08-01,NA,NA,NA
San Marcos Springs,24,1954-10-01,1956-09-01,NA,NA,NA
San Marcos Springs,24,1954-11-01,1956-10-01,NA,NA,NA
San Marcos Springs,24,1954-12-01,1956-11-01,NA,NA,NA
San Marcos Springs,24,1955-01-01,1956-12-01,NA,NA,NA
San Marcos Springs,24,1955-02-01,1957-01-01,NA,NA,NA
San Marcos Springs,24,1955-03-01,1957-02-01,NA,NA,NA
San Marcos Springs,24,1955-04-01,1957-03-01,NA,NA,NA
San Marcos Springs,24,1955-05-01,1957-04-01,NA,NA,NA
San Marcos Springs,24,1955-06-01,1957-05-01,NA,NA,NA
San Marcos Springs,24,1955-07-01,1957-06-01,NA,NA,NA
San Marcos Springs,24,1955-08-01,1957-07-01,NA,NA,NA
San Marcos Springs,24,1955-09-01,1957-08-01,NA,NA,NA
San Marcos Springs,24,1955-10-01,1957-09-01,NA,NA,NA
San Marcos Springs,24,1955-11-01,1957-10-01,NA,NA,NA
San Marcos Springs,24,1955-12-01,1957-11-01,NA,NA,NA
San Marcos Springs,24,1956-01-01,1957-12-01,NA,5,5
San Marcos Springs,24,1956-02-01,1958-01-01,NA,4,4
San Marcos Springs,24,1956-03-01,1958-02-01,NA,3,3
San Marcos Springs,24,1956-04-01,1958-03-01,NA,2,2
San Marcos Springs,24,1956-05-01,1958-04-01,NA,1,1
San Marcos Springs,24,1956-06-01,1958-05-01,143.3046883000512,0,0
San Marcos Springs,24,1956-07-01,1958-06-01,150.45885496671787,0,0
San Marcos Springs,24,1956-08-01,1958-07-01,156.36208077316948,0,0
San Marcos Springs,24,1956-09-01,1958-08-01,161.20347862263185,0,0
San Marcos Springs,24,1956-10-01,1958-09-01,165.5854230670763,0,0
San Marcos Springs,24,1956-11-01,1958-10-01,170.4348854326677,0,0
San Marcos Springs,24,1956-12-01,1958-11-01,176.52932987711213,0,0
San Marcos Springs,24,1957-01-01,1958-12-01,181.93255568356375,0,0
San Marcos Springs,24,1957-02-01,1959-01-01,186.16105030721965,0,0
San Marcos Springs,24,1957-03-01,1959-02-01,190.44081221198158,0,0
San Marcos Springs,24,1957-04-01,1959-03-01,193.35747887864824,0,0
San Marcos Springs,24,1957-05-01,1959-04-01,194.77136776753713,0,0
San Marcos Springs,24,1957-06-01,1959-05-01,193.76867959549412,0,0
San Marcos Springs,24,1957-07-01,1959-06-01,192.482568484383,0,0
San Marcos Springs,24,1957-08-01,1959-07-01,192.45568676395288,0,0
San Marcos Springs,24,1957-09-01,1959-08-01,192.70568676395288,0,0
San Marcos Springs,24,1957-10-01,1959-09-01,192.75152009728623,0,0
San Marcos Springs,24,1957-11-01,1959-10-01,191.23001472094214,0,0
San Marcos Springs,24,1957-12-01,1959-11-01,188.6744591653866,0,0
San Marcos Springs,24,1958-01-01,1959-12-01,186.18117959549411,0,0
San Marcos Springs,24,1958-02-01,1960-01-01,184.08978174603175,0,0
San Marcos Springs,24,1958-03-01,1960-02-01,181.5679221401204,0,0
San Marcos Springs,24,1958-04-01,1960-03-01,177.16066407560427,0,0
San Marcos Springs,24,1958-05-01,1960-04-01,174.36344185338206,0,0
San Marcos Springs,24,1958-06-01,1960-05-01,172.25457088564013,0,0
San Marcos Springs,24,1958-07-01,1960-06-01,170.92818199675125,0,0
San Marcos Springs,24,1958-08-01,1960-07-01,171.58812823331039,0,0
San Marcos Springs,24,1958-09-01,1960-08-01,172.93893468492328,0,0
San Marcos Springs,24,1958-10-01,1960-09-01,174.5125457960344,0,0
San Marcos Springs,24,1958-11-01,1960-10-01,174.91980386055053,0,0
San Marcos Springs,24,1958-12-01,1960-11-01,175.8475816383283,0,0
San Marcos Springs,24,1959-01-01,1960-12-01,177.51828056305948,0,0
San Marcos Springs,24,1959-02-01,1961-01-01,180.0975816383283,0,0
San Marcos Springs,24,1959-03-01,1961-02-01,183.030617352614,0,0
San Marcos Springs,24,1959-04-01,1961-03-01,185.73491842788283,0,0
San Marcos Springs,24,1959-05-01,1961-04-01,187.98214065010507,0,0
San Marcos Springs,24,1959-06-01,1961-05-01,189.31144172537387,0,0
San Marcos Springs,24,1959-07-01,1961-06-01,190.59060839204054,0,0
San Marcos Springs,24,1959-08-01,1961-07-01,191.6564686070943,0,0
San Marcos Springs,24,1959-09-01,1961-08-01,192.9790492522556,0,0
San Marcos Springs,24,1959-10-01,1961-09-01,193.77071591892226,0,0
San Marcos Springs,24,1959-11-01,1961-10-01,193.43738258558892,0,0
San Marcos Springs,24,1959-12-01,1961-11-01,193.04849369670004,0,0
San Marcos Springs,24,1960-01-01,1961-12-01,192.9866657397108,0,0
San Marcos Springs,24,1960-02-01,1962-01-01,192.7648915461624,0,0
San Marcos Springs,24,1960-03-01,1962-02-01,191.8596678187404,0,0
San Marcos Springs,24,1960-04-01,1962-03-01,190.99273233486943,0,0
San Marcos Springs,24,1960-05-01,1962-04-01,189.49273233486943,0,0
San Marcos Springs,24,1960-06-01,1962-05-01,185.8112807219662,0,0
San Marcos Springs,24,1960-07-01,1962-06-01,182.1862807219662,0,0
San Marcos Springs,24,1960-08-01,1962-07-01,177.81800115207372,0,0
San Marcos Springs,24,1960-09-01,1962-08-01,174.03171082949308,0,0
San Marcos Springs,24,1960-10-01,1962-09-01,171.50115527393754,0,0
San Marcos Springs,24,1960-11-01,1962-10-01,170.43260688684074,0,0
San Marcos Springs,24,1960-12-01,1962-11-01,166.35066244239633,0,0
San Marcos Springs,24,1961-01-01,1962-12-01,161.8708237327189,0,0
San Marcos Springs,24,1961-02-01,1963-01-01,157.30093125960062,0,0
San Marcos Springs,24,1961-03-01,1963-02-01,152.25480030721965,0,0
San Marcos Springs,24,1961-04-01,1963-03-01,147.9832949308756,0,0
San Marcos Springs,24,1961-05-01,1963-04-01,144.07357270865336,0,0
San Marcos Springs,24,1961-06-01,1963-05-01,140.7079813108039,0,0
San Marcos Springs,24,1961-07-01,1963-06-01,137.90937019969277,0,0
San Marcos Springs,24,1961-08-01,1963-07-01,134.843509984639,0,0
San Marcos Springs,24,1961-09-01,1963-08-01,131.7332949308756,0,0
San Marcos Springs,24,1961-10-01,1963-09-01,129.00968381976446,0,0
San Marcos Springs,24,1961-11-01,1963-10-01,125.96936123911931,0,0
San Marcos Springs,24,1961-12-01,1963-11-01,123.2693612391193,0,0
San Marcos Springs,24,1962-01-01,1963-12-01,120.63092037890425,0,0
San Marcos Springs,24,1962-02-01,1964-01-01,118.2169418842806,0,0
San Marcos Springs,24,1962-03-01,1964-02-01,116.08624607147271,0,0
San Marcos Springs,24,1962-04-01,1964-03-01,114.25425682416089,0,0
San Marcos Springs,24,1962-05-01,1964-04-01,112.84731237971644,0,0
San Marcos Springs,24,1962-06-01,1964-05-01,111.64569947649063,0,0
San Marcos Springs,24,1962-07-01,1964-06-01,111.15819947649064,0,0
San Marcos Springs,24,1962-08-01,1964-07-01,110.95927474530784,0,0
San Marcos Springs,24,1962-09-01,1964-08-01,110.16895216466267,0,0
San Marcos Springs,24,1962-10-01,1964-09-01,108.16895216466267,0,0
San Marcos Springs,24,1962-11-01,1964-10-01,105.62190915390998,0,0
San Marcos Springs,24,1962-12-01,1964-11-01,104.0705202650211,0,0
San Marcos Springs,24,1963-01-01,1964-12-01,102.72912241555873,0,0
San Marcos Springs,24,1963-02-01,1965-01-01,101.91326220050497,0,0
San Marcos Springs,24,1963-03-01,1965-02-01,103.98617886717163,0,0
San Marcos Springs,24,1963-04-01,1965-03-01,105.91091004996734,0,0
San Marcos Springs,24,1963-05-01,1965-04-01,107.49007671663401,0,0
San Marcos Springs,24,1963-06-01,1965-05-01,110.27099069512863,0,0
San Marcos Springs,24,1963-07-01,1965-06-01,114.26404625068417,0,0
San Marcos Springs,24,1963-08-01,1965-07-01,118.04764840122182,0,0
San Marcos Springs,24,1963-09-01,1965-08-01,121.27076668079171,0,0
San Marcos Springs,24,1963-10-01,1965-09-01,124.02215556968059,0,0
San Marcos Springs,24,1963-11-01,1965-10-01,126.66597277398168,0,0
San Marcos Springs,24,1963-12-01,1965-11-01,128.686806107315,0,0
San Marcos Springs,24,1964-01-01,1965-12-01,133.29164481699243,0,0
San Marcos Springs,24,1964-02-01,1966-01-01,137.72175234387416,0,0
San Marcos Springs,24,1964-03-01,1966-02-01,141.6128648233487,0,0
San Marcos Springs,24,1964-04-01,1966-03-01,145.50937019969277,0,0
San Marcos Springs,24,1964-05-01,1966-04-01,148.5204813108039,0,0
San Marcos Springs,24,1964-06-01,1966-05-01,151.43445980542754,0,0
San Marcos Springs,24,1964-07-01,1966-06-01,153.97195980542756,0,0
San Marcos Springs,24,1964-08-01,1966-07-01,156.09023937532,0,0
San Marcos Springs,24,1964-09-01,1966-08-01,158.24749743983614,0,0
San Marcos Springs,24,1964-10-01,1966-09-01,159.93499743983614,0,0
San Marcos Springs,24,1964-11-01,1966-10-01,160.9229006656426,0,0
San Marcos Springs,24,1964-12-01,1966-11-01,161.5090117767537,0,0
San Marcos Springs,24,1965-01-01,1966-12-01,161.94046338965694,0,0
San Marcos Springs,24,1965-02-01,1967-01-01,161.86519457245265,0,0
San Marcos Springs,24,1965-03-01,1967-02-01,158.69108742959548,0,0
San Marcos Springs,24,1965-04-01,1967-03-01,155.85103366615465,0,0
San Marcos Springs,24,1965-05-01,1967-04-01,153.5315892217102,0,0
San Marcos Springs,24,1965-06-01,1967-05-01,149.68750320020482,0,0
San Marcos Springs,24,1965-07-01,1967-06-01,144.4291698668715,0,0
San Marcos Springs,24,1965-08-01,1967-07-01,139.74637416794675,0,0
San Marcos Springs,24,1965-09-01,1967-08-01,135.91572900665642,0,0
San Marcos Springs,24,1965-10-01,1967-09-01,133.66434011776755,0,0
San Marcos Springs,24,1965-11-01,1967-10-01,132.529931515617,0,0
San Marcos Springs,24,1965-12-01,1967-11-01,132.78548707117255,0,0
San Marcos Springs,24,1966-01-01,1967-12-01,130.57849782386072,0,0
San Marcos Springs,24,1966-02-01,1968-01-01,130.7424763184844,0,0
San Marcos Springs,24,1966-03-01,1968-02-01,134.19188108038915,0,0
San Marcos Springs,24,1966-04-01,1968-03-01,136.48623591909882,0,0
San Marcos Springs,24,1966-05-01,1968-04-01,138.93068036354327,0,0
San Marcos Springs,24,1966-06-01,1968-05-01,141.63094918074756,0,0
San Marcos Springs,24,1966-07-01,1968-06-01,144.37400473630314,0,0
San Marcos Springs,24,1966-08-01,1968-07-01,146.78798323092678,0,0
San Marcos Springs,24,1966-09-01,1968-08-01,147.8941660266257,0,0
San Marcos Springs,24,1966-10-01,1968-09-01,149.04694380440347,0,0
San Marcos Springs,24,1966-11-01,1968-10-01,149.9797395033282,0,0
San Marcos Springs,24,1966-12-01,1968-11-01,151.02835061443932,0,0
San Marcos Springs,24,1967-01-01,1968-12-01,152.28103878648233,0,0
San Marcos Springs,24,1967-02-01,1969-01-01,153.38722158218127,0,0
San Marcos Springs,24,1967-03-01,1969-02-01,154.85745967741934,0,0
San Marcos Springs,24,1967-04-01,1969-03-01,156.78219086021505,0,0
San Marcos Springs,24,1967-05-01,1969-04-01,159.44469086021505,0,0
San Marcos Springs,24,1967-06-01,1969-05-01,163.9043682795699,0,0
San Marcos Springs,24,1967-07-01,1969-06-01,168.83631272401433,0,0
San Marcos Springs,24,1967-08-01,1969-07-01,172.8510976702509,0,0
San Marcos Springs,24,1967-09-01,1969-08-01,176.06077508960573,0,0
San Marcos Springs,24,1967-10-01,1969-09-01,178.18021953405017,0,0
San Marcos Springs,24,1967-11-01,1969-10-01,179.60360663082437,0,0
San Marcos Springs,24,1967-12-01,1969-11-01,179.74943996415772,0,0
San Marcos Springs,24,1968-01-01,1969-12-01,179.9685259856631,0,0
San Marcos Springs,24,1968-02-01,1970-01-01,178.3730958781362,0,0
San Marcos Springs,24,1968-03-01,1970-02-01,174.54125064004097,0,0
San Marcos Springs,24,1968-04-01,1970-03-01,172.99151945724526,0,0
San Marcos Springs,24,1968-05-01,1970-04-01,172.23457501280083,0,0
San Marcos Springs,24,1968-06-01,1970-05-01,172.532962109575,0,0
San Marcos Springs,24,1968-07-01,1970-06-01,173.72879544290834,0,0
San Marcos Springs,24,1968-08-01,1970-07-01,174.50970942140296,0,0
San Marcos Springs,24,1968-09-01,1970-08-01,175.66159114183307,0,0
San Marcos Springs,24,1968-10-01,1970-09-01,176.5477022529442,0,0
San Marcos Springs,24,1968-11-01,1970-10-01,178.34071300563235,0,0
San Marcos Springs,24,1968-12-01,1970-11-01,180.10876856118793,0,0
San Marcos Springs,24,1969-01-01,1970-12-01,181.0751664106503,0,0
San Marcos Springs,24,1969-02-01,1971-01-01,181.76737071172556,0,0
San Marcos Springs,24,1969-03-01,1971-02-01,182.2212397593446,0,0
San Marcos Springs,24,1969-04-01,1971-03-01,181.44166986687148,0,0
San Marcos Springs,24,1969-05-01,1971-04-01,179.4152809779826,0,0
San Marcos Springs,24,1969-06-01,1971-05-01,175.70560355862776,0,0
San Marcos Springs,24,1969-07-01,1971-06-01,171.4514368919611,0,0
San Marcos Springs,24,1969-08-01,1971-07-01,168.12079173067076,0,0
San Marcos Springs,24,1969-09-01,1971-08-01,166.23369495647722,0,0
San Marcos Springs,24,1969-10-01,1971-09-01,164.4336949564772,0,0
San Marcos Springs,24,1969-11-01,1971-10-01,162.59095302099334,0,0
San Marcos Springs,24,1969-12-01,1971-11-01,161.56734190988223,0,0
San Marcos Springs,24,1970-01-01,1971-12-01,163.2071268561188,0,0
San Marcos Springs,24,1970-02-01,1972-01-01,164.5350838453661,0,0
San Marcos Springs,24,1970-03-01,1972-02-01,164.7562968995533,0,0
San Marcos Springs,24,1970-04-01,1972-03-01,162.9552216307361,0,0
San Marcos Springs,24,1970-05-01,1972-04-01,160.5663327418472,0,0
San Marcos Springs,24,1970-06-01,1972-05-01,157.47493489238485,0,0
San Marcos Springs,24,1970-07-01,1972-06-01,153.73882378127374,0,0
San Marcos Springs,24,1970-08-01,1972-07-01,151.12860872751028,0,0
San Marcos Springs,24,1970-09-01,1972-08-01,149.3812968995533,0,0
San Marcos Springs,24,1970-10-01,1972-09-01,147.91879689955329,0,0
San Marcos Springs,24,1970-11-01,1972-10-01,145.53170012535975,0,0
San Marcos Springs,24,1970-12-01,1972-11-01,143.99558901424862,0,0
San Marcos Springs,24,1971-01-01,1972-12-01,143.7885997669368,0,0
San Marcos Springs,24,1971-02-01,1973-01-01,144.3114492293024,0,0
San Marcos Springs,24,1971-03-01,1973-02-01,145.76383018168335,0,0
San Marcos Springs,24,1971-04-01,1973-03-01,148.54743233222098,0,0
San Marcos Springs,24,1971-05-01,1973-04-01,151.95437677666544,0,0
San Marcos Springs,24,1971-06-01,1973-05-01,155.73797892720307,0,0
San Marcos Springs,24,1971-07-01,1973-06-01,160.15603448275863,0,0
San Marcos Springs,24,1971-08-01,1973-07-01,165.76624953652205,0,0
San Marcos Springs,24,1971-09-01,1973-08-01,170.16813125695217,0,0
San Marcos Springs,24,1971-10-01,1973-09-01,174.0389645902855,0,0
San Marcos Springs,24,1971-11-01,1973-10-01,180.47176028921024,0,0
San Marcos Springs,24,1971-12-01,1973-11-01,187.11898251143245,0,0
San Marcos Springs,24,1972-01-01,1973-12-01,189.50070294153997,0,0
San Marcos Springs,24,1972-02-01,1974-01-01,190.50204702756147,0,0
San Marcos Springs,24,1972-03-01,1974-02-01,191.3686315924219,0,0
San Marcos Springs,24,1972-04-01,1974-03-01,192.32158858166923,0,0
San Marcos Springs,24,1972-05-01,1974-04-01,193.06742191500257,0,0
San Marcos Springs,24,1972-06-01,1974-05-01,193.927636968766,0,0
San Marcos Springs,24,1972-07-01,1974-06-01,194.32069252432154,0,0
San Marcos Springs,24,1972-08-01,1974-07-01,193.9067140296979,0,0
San Marcos Springs,24,1972-09-01,1974-08-01,193.6594022017409,0,0
San Marcos Springs,24,1972-10-01,1974-09-01,194.66495775729646,0,0
San Marcos Springs,24,1972-11-01,1974-10-01,196.2482910906298,0,0
San Marcos Springs,24,1972-12-01,1974-11-01,198.370513312852,0,0
San Marcos Springs,24,1973-01-01,1974-12-01,201.54927675371223,0,0
San Marcos Springs,24,1973-02-01,1975-01-01,204.14873911930363,0,0
San Marcos Springs,24,1973-03-01,1975-02-01,207.67106054787507,0,0
San Marcos Springs,24,1973-04-01,1975-03-01,209.5070820532514,0,0
San Marcos Springs,24,1973-05-01,1975-04-01,210.2070820532514,0,0
San Marcos Springs,24,1973-06-01,1975-05-01,212.48934011776754,0,0
San Marcos Springs,24,1973-07-01,1975-06-01,215.62545122887866,0,0
San Marcos Springs,24,1973-08-01,1975-07-01,217.13351574500768,0,0
San Marcos Springs,24,1973-09-01,1975-08-01,218.09856950844855,0,0
San Marcos Springs,24,1973-10-01,1975-09-01,218.61106950844854,0,0
San Marcos Springs,24,1973-11-01,1975-10-01,216.16348886328726,0,0
San Marcos Springs,24,1973-12-01,1975-11-01,212.68848886328726,0,0
San Marcos Springs,24,1974-01-01,1975-12-01,209.96537058371734,0,0
San Marcos Springs,24,1974-02-01,1976-01-01,208.16429531490016,0,0
San Marcos Springs,24,1974-03-01,1976-02-01,206.5879406350972,0,0
San Marcos Springs,24,1974-04-01,1976-03-01,205.01939224800043,0,0
San Marcos Springs,24,1974-05-01,1976-04-01,204.01939224800043,0,0
San Marcos Springs,24,1974-06-01,1976-05-01,204.60541375337678,0,0
San Marcos Springs,24,1974-07-01,1976-06-01,207.6290248644879,0,0
San Marcos Springs,24,1974-08-01,1976-07-01,211.42741196126207,0,0
San Marcos Springs,24,1974-09-01,1976-08-01,214.153218412875,0,0
San Marcos Springs,24,1974-10-01,1976-09-01,215.7143295239861,0,0
San Marcos Springs,24,1974-11-01,1976-10-01,217.66325425516888,0,0
San Marcos Springs,24,1974-12-01,1976-11-01,221.07575425516887,0,0
San Marcos Springs,24,1975-01-01,1976-12-01,222.96016285731943,0,0
San Marcos Springs,24,1975-02-01,1977-01-01,225.1039800616205,0,0
San Marcos Springs,24,1975-03-01,1977-02-01,226.34058720447763,0,0
San Marcos Springs,24,1975-04-01,1977-03-01,228.02741516146688,0,0
San Marcos Springs,24,1975-05-01,1977-04-01,230.126026272578,0,0
San Marcos Springs,24,1975-06-01,1977-05-01,230.45532734784683,0,0
San Marcos Springs,24,1975-07-01,1977-06-01,228.51366068118014,0,0
San Marcos Springs,24,1975-08-01,1977-07-01,226.23812304677156,0,0
San Marcos Springs,24,1975-09-01,1977-08-01,224.1252198209651,0,0
San Marcos Springs,24,1975-10-01,1977-09-01,222.86966426540954,0,0
San Marcos Springs,24,1975-11-01,1977-10-01,221.05111587831277,0,0
San Marcos Springs,24,1975-12-01,1977-11-01,219.12611587831276,0,0
San Marcos Springs,24,1976-01-01,1977-12-01,217.32369652347407,0,0
San Marcos Springs,24,1976-02-01,1978-01-01,215.4540728675601,0,0
San Marcos Springs,24,1976-03-01,1978-02-01,213.90542754736305,0,0
San Marcos Springs,24,1976-04-01,1978-03-01,212.82881464413722,0,0
San Marcos Springs,24,1976-05-01,1978-04-01,211.45381464413722,0,0
San Marcos Springs,24,1976-06-01,1978-05-01,207.9269329237071,0,0
San Marcos Springs,24,1976-07-01,1978-06-01,202.503321812596,0,0
San Marcos Springs,24,1976-08-01,1978-07-01,196.56783794162826,0,0
San Marcos Springs,24,1976-09-01,1978-08-01,192.24391321044547,0,0
San Marcos Springs,24,1976-10-01,1978-09-01,188.7897465437788,0,0
San Marcos Springs,24,1976-11-01,1978-10-01,184.7332949308756,0,0
San Marcos Springs,24,1976-12-01,1978-11-01,178.27357270865335,0,0
San Marcos Springs,24,1977-01-01,1978-12-01,172.30448668714797,0,0
San Marcos Springs,24,1977-02-01,1979-01-01,168.14185227854583,0,0
San Marcos Springs,24,1977-03-01,1979-02-01,164.50494751664107,0,0
San Marcos Springs,24,1977-04-01,1979-03-01,162.33424859190987,0,0
San Marcos Springs,24,1977-05-01,1979-04-01,160.96619303635433,0,0
San Marcos Springs,24,1977-06-01,1979-05-01,160.37076292882745,0,0
San Marcos Springs,24,1977-07-01,1979-06-01,159.91798515104966,0,0
San Marcos Springs,24,1977-08-01,1979-07-01,159.66395289298515,0,0
San Marcos Springs,24,1977-09-01,1979-08-01,160.3776625704045,0,0
San Marcos Springs,24,1977-10-01,1979-09-01,160.35821812596006,0,0
San Marcos Springs,24,1977-11-01,1979-10-01,160.53160522273424,0,0
San Marcos Springs,24,1977-12-01,1979-11-01,160.3899385560676,0,0
San Marcos Springs,24,1978-01-01,1979-12-01,160.50552995391706,0,0
San Marcos Springs,24,1978-02-01,1980-01-01,161.07004608294932,0,0
San Marcos Springs,24,1978-03-01,1980-02-01,161.68190979395095,0,0
San Marcos Springs,24,1978-04-01,1980-03-01,162.0985764606176,0,0
San Marcos Springs,24,1978-05-01,1980-04-01,162.15968757172874,0,0
San Marcos Springs,24,1978-06-01,1980-05-01,162.86533273301905,0,0
San Marcos Springs,24,1978-07-01,1980-06-01,163.9583882885746,0,0
San Marcos Springs,24,1978-08-01,1980-07-01,165.20973237459611,0,0
San Marcos Springs,24,1978-09-01,1980-08-01,165.99333452513375,0,0
San Marcos Springs,24,1978-10-01,1980-09-01,166.25305674735597,0,0
San Marcos Springs,24,1978-11-01,1980-10-01,166.64418577961402,0,0
San Marcos Springs,24,1978-12-01,1980-11-01,166.61640800183625,0,0
San Marcos Springs,24,1979-01-01,1980-12-01,166.21587036742764,0,0
San Marcos Springs,24,1979-02-01,1981-01-01,164.11775208785775,0,0
San Marcos Springs,24,1979-03-01,1981-02-01,160.75316875452444,0,0
San Marcos Springs,24,1979-04-01,1981-03-01,156.46015800183625,0,0
San Marcos Springs,24,1979-05-01,1981-04-01,152.0268246685029,0,0
San Marcos Springs,24,1979-06-01,1981-05-01,147.05908273301904,0,0
San Marcos Springs,24,1979-07-01,1981-06-01,147.5271382885746,0,0
San Marcos Springs,24,1979-08-01,1981-07-01,150.66289097674664,0,0
San Marcos Springs,24,1979-09-01,1981-08-01,151.81880495524126,0,0
San Marcos Springs,24,1979-10-01,1981-09-01,153.02991606635237,0,0
San Marcos Springs,24,1979-11-01,1981-10-01,154.16701284054594,0,0
San Marcos Springs,24,1979-12-01,1981-11-01,155.3600683961015,0,0
San Marcos Springs,24,1980-01-01,1981-12-01,156.39501463266063,0,0
San Marcos Springs,24,1980-02-01,1982-01-01,157.0845307616929,0,0
San Marcos Springs,24,1980-03-01,1982-02-01,157.38486943164364,0,0
San Marcos Springs,24,1980-04-01,1982-03-01,157.62277265745007,0,0
San Marcos Springs,24,1980-05-01,1982-04-01,157.98805043522785,0,0
San Marcos Springs,24,1980-06-01,1982-05-01,158.09288914490529,0,0
San Marcos Springs,24,1980-07-01,1982-06-01,157.36927803379416,0,0
San Marcos Springs,24,1980-08-01,1982-07-01,157.0346006144393,0,0
San Marcos Springs,24,1980-09-01,1982-08-01,156.66900921658987,0,0
San Marcos Springs,24,1980-10-01,1982-09-01,156.19678699436764,0,0
San Marcos Springs,24,1980-11-01,1982-10-01,155.6336149513569,0,0
San Marcos Springs,24,1980-12-01,1982-11-01,155.31278161802356,0,0
San Marcos Springs,24,1981-01-01,1982-12-01,154.88267409114184,0,0
San Marcos Springs,24,1981-02-01,1983-01-01,154.4243407578085,0,0
San Marcos Springs,24,1981-03-01,1983-02-01,154.1758288530466,0,0
San Marcos Springs,24,1981-04-01,1983-03-01,154.76050627240144,0,0
San Marcos Springs,24,1981-05-01,1983-04-01,155.94800627240144,0,0
San Marcos Springs,24,1981-06-01,1983-05-01,156.93725358422938,0,0
San Marcos Springs,24,1981-07-01,1983-06-01,154.05808691756272,0,0
San Marcos Springs,24,1981-08-01,1983-07-01,149.4277105734767,0,0
San Marcos Springs,24,1981-09-01,1983-08-01,146.14276433691757,0,0
San Marcos Springs,24,1981-10-01,1983-09-01,143.36776433691756,0,0
San Marcos Springs,24,1981-11-01,1983-10-01,141.06400089605734,0,0
San Marcos Springs,24,1981-12-01,1983-11-01,139.305667562724,0,0
San Marcos Springs,24,1982-01-01,1983-12-01,137.89840949820788,0,0
San Marcos Springs,24,1982-02-01,1984-01-01,136.83523745519713,0,0
San Marcos Springs,24,1982-03-01,1984-02-01,135.9774275208786,0,0
San Marcos Springs,24,1982-04-01,1984-03-01,135.16963182195386,0,0
San Marcos Springs,24,1982-05-01,1984-04-01,134.3724095997316,0,0
San Marcos Springs,24,1982-06-01,1984-05-01,132.7635386319897,0,0
San Marcos Springs,24,1982-07-01,1984-06-01,131.4621497431008,0,0
San Marcos Springs,24,1982-08-01,1984-07-01,129.6866121086922,0,0
San Marcos Springs,24,1982-09-01,1984-08-01,127.70811748503628,0,0
San Marcos Springs,24,1982-10-01,1984-09-01,125.66228415170295,0,0
San Marcos Springs,24,1982-11-01,1984-10-01,124.29131640976746,0,0
San Marcos Springs,24,1982-12-01,1984-11-01,123.49548307643413,0,0
San Marcos Springs,24,1983-01-01,1984-12-01,123.17155834525134,0,0
San Marcos Springs,24,1983-02-01,1985-01-01,123.98069813019757,0,0
San Marcos Springs,24,1983-03-01,1985-02-01,125.22921003495948,0,0
San Marcos Springs,24,1983-04-01,1985-03-01,126.14184444356162,0,0
San Marcos Springs,24,1983-05-01,1985-04-01,126.3960111102283,0,0
San Marcos Springs,24,1983-06-01,1985-05-01,126.03848422850787,0,0
San Marcos Springs,24,1983-07-01,1985-06-01,126.7343175618412,0,0
San Marcos Springs,24,1983-08-01,1985-07-01,129.48969390592723,0,0
San Marcos Springs,24,1983-09-01,1985-08-01,131.24641433603475,0,0
San Marcos Springs,24,1983-10-01,1985-09-01,132.88113655825697,0,0
San Marcos Springs,24,1983-11-01,1985-10-01,133.95774946148276,0,0
San Marcos Springs,24,1983-12-01,1985-11-01,136.12441612814945,0,0
San Marcos Springs,24,1984-01-01,1985-12-01,140.90398602062257,0,0
San Marcos Springs,24,1984-02-01,1986-01-01,144.70102903137524,0,0
San Marcos Springs,24,1984-03-01,1986-02-01,147.97699372759857,0,0
San Marcos Springs,24,1984-04-01,1986-03-01,151.03882168458782,0,0
San Marcos Springs,24,1984-05-01,1986-04-01,153.46243279569893,0,0
San Marcos Springs,24,1984-06-01,1986-05-01,157.29845430107528,0,0
San Marcos Springs,24,1984-07-01,1986-06-01,163.53456541218637,0,0
San Marcos Springs,24,1984-08-01,1986-07-01,169.77246863799283,0,0
San Marcos Springs,24,1984-09-01,1986-08-01,175.2160170250896,0,0
San Marcos Springs,24,1984-10-01,1986-09-01,179.8799059139785,0,0
San Marcos Springs,24,1984-11-01,1986-10-01,184.22533602150537,0,0
San Marcos Springs,24,1984-12-01,1986-11-01,187.71283602150538,0,0
San Marcos Springs,24,1985-01-01,1986-12-01,191.488373655914,0,0
San Marcos Springs,24,1985-02-01,1987-01-01,196.3243951612903,0,0
San Marcos Springs,24,1985-03-01,1987-02-01,199.08778801843317,0,0
San Marcos Springs,24,1985-04-01,1987-03-01,202.75176651305682,0,0
San Marcos Springs,24,1985-05-01,1987-04-01,204.8434331797235,0,0
San Marcos Springs,24,1985-06-01,1987-05-01,206.5410138248848,0,0
San Marcos Springs,24,1985-07-01,1987-06-01,213.8896249359959,0,0
San Marcos Springs,24,1985-08-01,1987-07-01,217.94338837685612,0,0
San Marcos Springs,24,1985-09-01,1987-08-01,222.413818484383,0,0
San Marcos Springs,24,1985-10-01,1987-09-01,225.93465181771634,0,0
San Marcos Springs,24,1985-11-01,1987-10-01,228.26126472094214,0,0
San Marcos Springs,24,1985-12-01,1987-11-01,228.80709805427549,0,0
San Marcos Springs,24,1986-01-01,1987-12-01,227.09607654889913,0,0
San Marcos Springs,24,1986-02-01,1988-01-01,225.27349590373785,0,0
San Marcos Springs,24,1986-03-01,1988-02-01,223.8222438511927,0,0
San Marcos Springs,24,1986-04-01,1988-03-01,222.66901804474108,0,0
San Marcos Springs,24,1986-05-01,1988-04-01,222.16762915585218,0,0
San Marcos Springs,24,1986-06-01,1988-05-01,220.4458549623038,0,0
San Marcos Springs,24,1986-07-01,1988-06-01,216.50418829563714,0,0
San Marcos Springs,24,1986-08-01,1988-07-01,212.4235431343468,0,0
San Marcos Springs,24,1986-09-01,1988-08-01,209.04047861821778,0,0
San Marcos Springs,24,1986-10-01,1988-09-01,206.26686750710667,0,0
San Marcos Springs,24,1986-11-01,1988-10-01,203.3031578296873,0,0
San Marcos Springs,24,1986-12-01,1988-11-01,200.61288005190954,0,0
San Marcos Springs,24,1987-01-01,1988-12-01,196.97040693362996,0,0
San Marcos Springs,24,1987-02-01,1989-01-01,191.26341768631812,0,0
San Marcos Springs,24,1987-03-01,1989-02-01,186.9598462577467,0,0
San Marcos Springs,24,1987-04-01,1989-03-01,181.07812582763918,0,0
San Marcos Springs,24,1987-05-01,1989-04-01,176.51979249430585,0,0
San Marcos Springs,24,1987-06-01,1989-05-01,173.0372656125854,0,0
San Marcos Springs,24,1987-07-01,1989-06-01,162.1386545014743,0,0
San Marcos Springs,24,1987-08-01,1989-07-01,152.37655772728075,0,0
San Marcos Springs,24,1987-09-01,1989-08-01,143.55263299609797,0,0
San Marcos Springs,24,1987-10-01,1989-09-01,135.9373552183202,0,0
San Marcos Springs,24,1987-11-01,1989-10-01,130.29757027208362,0,0
San Marcos Springs,24,1987-12-01,1989-11-01,125.46562582763917,0,0
San Marcos Springs,24,1988-01-01,1989-12-01,120.43336776312304,0,0
San Marcos Springs,24,1988-02-01,1990-01-01,116.60809894591874,0,0
San Marcos Springs,24,1988-03-01,1990-02-01,113.24536290322581,0,0
San Marcos Springs,24,1988-04-01,1990-03-01,110.57466397849463,0,0
San Marcos Springs,24,1988-05-01,1990-04-01,108.71771953405018,0,0
San Marcos Springs,24,1988-06-01,1990-05-01,107.93680555555555,0,0
San Marcos Springs,24,1988-07-01,1990-06-01,106.59375,0,0
San Marcos Springs,24,1988-08-01,1990-07-01,106.1959005376344,0,0
San Marcos Springs,24,1988-09-01,1990-08-01,106.59643817204301,0,0
San Marcos Springs,24,1988-10-01,1990-09-01,106.83116039426523,0,0
San Marcos Springs,24,1988-11-01,1990-10-01,106.77470878136201,0,0
San Marcos Springs,24,1988-12-01,1990-11-01,106.89693100358423,0,0
San Marcos Springs,24,1989-01-01,1990-12-01,107.04881272401434,0,0
San Marcos Springs,24,1989-02-01,1991-01-01,109.18187724014336,0,0
San Marcos Springs,24,1989-03-01,1991-02-01,112.55538914490528,0,0
San Marcos Springs,24,1989-04-01,1991-03-01,116.02044290834613,0,0
San Marcos Springs,24,1989-05-01,1991-04-01,120.16627624167947,0,0
San Marcos Springs,24,1989-06-01,1991-05-01,124.73482462877624,0,0
San Marcos Springs,24,1989-07-01,1991-06-01,129.18482462877625,0,0
San Marcos Springs,24,1989-08-01,1991-07-01,133.39181387608807,0,0
San Marcos Springs,24,1989-09-01,1991-08-01,137.29503968253968,0,0
San Marcos Springs,24,1989-10-01,1991-09-01,141.015873015873,0,0
San Marcos Springs,24,1989-11-01,1991-10-01,143.90162570404505,0,0
San Marcos Springs,24,1989-12-01,1991-11-01,146.42940348182285,0,0
San Marcos Springs,24,1990-01-01,1991-12-01,152.14848950332822,0,0
San Marcos Springs,24,1990-02-01,1992-01-01,164.5449948796723,0,0
San Marcos Springs,24,1990-03-01,1992-02-01,178.4235355200664,0,0
San Marcos Springs,24,1990-04-01,1992-03-01,193.0256860577008,0,0
San Marcos Springs,24,1990-05-01,1992-04-01,206.34374161325636,0,0
San Marcos Springs,24,1990-06-01,1992-05-01,217.83567709712733,0,0
San Marcos Springs,24,1990-07-01,1992-06-01,229.99401043046066,0,0
San Marcos Springs,24,1990-08-01,1992-07-01,240.54642978529935,0,0
San Marcos Springs,24,1990-09-01,1992-08-01,248.08272010788002,0,0
San Marcos Springs,24,1990-10-01,1992-09-01,254.16049788565778,0,0
San Marcos Springs,24,1990-11-01,1992-10-01,259.3110355200664,0,0
San Marcos Springs,24,1990-12-01,1992-11-01,263.4985355200664,0,0
San Marcos Springs,24,1991-01-01,1992-12-01,267.2727290684535,0,0
San Marcos Springs,24,1991-02-01,1993-01-01,268.7324064878083,0,0
San Marcos Springs,24,1991-03-01,1993-02-01,268.7874660116179,0,0
San Marcos Springs,24,1991-04-01,1993-03-01,268.92993912989743,0,0
San Marcos Springs,24,1991-05-01,1993-04-01,268.360494685453,0,0
San Marcos Springs,24,1991-06-01,1993-05-01,268.22877425534546,0,0
San Marcos Springs,24,1991-07-01,1993-06-01,268.4301631442343,0,0
San Marcos Springs,24,1991-08-01,1993-07-01,269.0175287356322,0,0
San Marcos Springs,24,1991-09-01,1993-08-01,269.25677604746016,0,0
San Marcos Springs,24,1991-10-01,1993-09-01,269.2984427141268,0,0
San Marcos Springs,24,1991-11-01,1993-10-01,269.6667222840193,0,0
San Marcos Springs,24,1991-12-01,1993-11-01,270.30977783957485,0,0
San Marcos Springs,24,1992-01-01,1993-12-01,267.4199928933383,0,0
San Marcos Springs,24,1992-02-01,1994-01-01,257.56381009763936,0,0
San Marcos Springs,24,1992-03-01,1994-02-01,246.01116231438812,0,0
San Marcos Springs,24,1992-04-01,1994-03-01,233.16842037890424,0,0
San Marcos Springs,24,1992-05-01,1994-04-01,220.99064260112647,0,0
San Marcos Springs,24,1992-06-01,1994-05-01,209.80515873015872,0,0
San Marcos Springs,24,1992-07-01,1994-06-01,198.23988095238096,0,0
San Marcos Springs,24,1992-08-01,1994-07-01,187.7788594470046,0,0
San Marcos Springs,24,1992-09-01,1994-08-01,179.87160138248848,0,0
San Marcos Springs,24,1992-10-01,1994-09-01,173.81049027137738,0,0
San Marcos Springs,24,1992-11-01,1994-10-01,169.0954365079365,0,0
San Marcos Springs,24,1992-12-01,1994-11-01,165.9718253968254,0,0
San Marcos Springs,24,1993-01-01,1994-12-01,163.48123399897594,0,0
San Marcos Springs,24,1993-02-01,1995-01-01,161.80650281618023,0,0
San Marcos Springs,24,1993-03-01,1995-02-01,159.71275281618023,0,0
San Marcos Springs,24,1993-04-01,1995-03-01,157.98560227854583,0,0
San Marcos Springs,24,1993-05-01,1995-04-01,156.64949116743472,0,0
San Marcos Springs,24,1993-06-01,1995-05-01,153.83766321044547,0,0
San Marcos Springs,24,1993-07-01,1995-06-01,153.3321076548899,0,0
San Marcos Springs,24,1993-08-01,1995-07-01,151.96786034306194,0,0
San Marcos Springs,24,1993-09-01,1995-08-01,150.75818292370712,0,0
San Marcos Springs,24,1993-10-01,1995-09-01,149.81790514592933,0,0
San Marcos Springs,24,1993-11-01,1995-10-01,149.02758256528418,0,0
San Marcos Springs,24,1993-12-01,1995-11-01,148.3734158986175,0,0
San Marcos Springs,24,1994-01-01,1995-12-01,147.499759984639,0,0
San Marcos Springs,24,1994-02-01,1996-01-01,146.31696428571428,0,0
San Marcos Springs,24,1994-03-01,1996-02-01,144.9400143678161,0,0
San Marcos Springs,24,1994-04-01,1996-03-01,143.71017565813867,0,0
San Marcos Springs,24,1994-05-01,1996-04-01,142.32684232480534,0,0
San Marcos Springs,24,1994-06-01,1996-05-01,140.70049823878384,0,0
San Marcos Springs,24,1994-07-01,1996-06-01,138.9185537943394,0,0
San Marcos Springs,24,1994-08-01,1996-07-01,137.0193602459523,0,0
San Marcos Springs,24,1994-09-01,1996-08-01,135.18333874057595,0,0
San Marcos Springs,24,1994-10-01,1996-09-01,134.55417207390929,0,0
San Marcos Springs,24,1994-11-01,1996-10-01,133.66976347175876,0,0
San Marcos Springs,24,1994-12-01,1996-11-01,131.4378190273143,0,0
San Marcos Springs,24,1995-01-01,1996-12-01,129.0426577369917,0,0
San Marcos Springs,24,1995-02-01,1997-01-01,126.52652870473365,0,0
San Marcos Springs,24,1995-03-01,1997-02-01,124.60093346663841,0,0
San Marcos Springs,24,1995-04-01,1997-03-01,122.87781518706852,0,0
San Marcos Springs,24,1995-05-01,1997-04-01,121.89587074262408,0,0
San Marcos Springs,24,1995-06-01,1997-05-01,123.15662343079612,0,0
San Marcos Springs,24,1995-07-01,1997-06-01,125.87884565301835,0,0
San Marcos Springs,24,1995-08-01,1997-07-01,130.89766285731943,0,0
San Marcos Springs,24,1995-09-01,1997-08-01,135.00653382506135,0,0
San Marcos Springs,24,1995-10-01,1997-09-01,138.03570049172802,0,0
San Marcos Springs,24,1995-11-01,1997-10-01,140.399947803556,0,0
San Marcos Springs,24,1995-12-01,1997-11-01,141.94022558133375,0,0
San Marcos Springs,24,1996-01-01,1997-12-01,143.41872020498965,0,0
San Marcos Springs,24,1996-02-01,1998-01-01,145.632429882409,0,0
San Marcos Springs,24,1996-03-01,1998-02-01,148.8620583717358,0,0
San Marcos Springs,24,1996-04-01,1998-03-01,153.01931643625193,0,0
San Marcos Springs,24,1996-05-01,1998-04-01,157.38598310291857,0,0
San Marcos Springs,24,1996-06-01,1998-05-01,160.6144777265745,0,0
San Marcos Springs,24,1996-07-01,1998-06-01,163.52003328213004,0,0
San Marcos Springs,24,1996-08-01,1998-07-01,166.55497951868918,0,0
San Marcos Springs,24,1996-09-01,1998-08-01,169.63831285202252,0,0
San Marcos Springs,24,1996-10-01,1998-09-01,172.99386840757808,0,0
San Marcos Springs,24,1996-11-01,1998-10-01,179.96429851510496,0,0
San Marcos Springs,24,1996-12-01,1998-11-01,191.60040962621608,0,0
San Marcos Springs,24,1997-01-01,1998-12-01,202.59100102406555,0,0
San Marcos Springs,24,1997-02-01,1999-01-01,211.4552483358935,0,0
San Marcos Springs,24,1997-03-01,1999-02-01,218.8347126216078,0,0
San Marcos Springs,24,1997-04-01,1999-03-01,223.59949756784434,0,0
San Marcos Springs,24,1997-05-01,1999-04-01,225.87033090117768,0,0
San Marcos Springs,24,1997-06-01,1999-05-01,225.79506208397336,0,0
San Marcos Springs,24,1997-07-01,1999-06-01,221.92006208397336,0,0
San Marcos Springs,24,1997-08-01,1999-07-01,216.5517825140809,0,0
San Marcos Springs,24,1997-09-01,1999-08-01,211.56387928827445,0,0
San Marcos Springs,24,1997-10-01,1999-09-01,207.47637928827444,0,0
San Marcos Springs,24,1997-11-01,1999-10-01,203.9575620839734,0,0
San Marcos Springs,24,1997-12-01,1999-11-01,201.2297843061956,0,0
San Marcos Springs,24,1998-01-01,1999-12-01,199.1047843061956,0,0
San Marcos Springs,24,1998-02-01,2000-01-01,196.6289778545827,0,0
San Marcos Springs,24,1998-03-01,2000-02-01,193.7254987905433,0,0
San Marcos Springs,24,1998-04-01,2000-03-01,189.85721922065082,0,0
San Marcos Springs,24,1998-05-01,2000-04-01,185.97388588731746,0,0
San Marcos Springs,24,1998-06-01,2000-05-01,183.6754987905433,0,0
San Marcos Springs,24,1998-07-01,2000-06-01,183.76716545720996,0,0
San Marcos Springs,24,1998-08-01,2000-07-01,183.53867083355405,0,0
San Marcos Springs,24,1998-09-01,2000-08-01,182.27522997333898,0,0
San Marcos Springs,24,1998-10-01,2000-09-01,179.02939664000564,0,0
San Marcos Springs,24,1998-11-01,2000-10-01,172.3882676077476,0,0
San Marcos Springs,24,1998-12-01,2000-11-01,165.85215649663647,0,0
San Marcos Springs,24,1999-01-01,2000-12-01,160.22312423857196,0,0
San Marcos Springs,24,1999-02-01,2001-01-01,157.09140380846443,0,0
San Marcos Springs,24,1999-03-01,2001-02-01,156.25509428465492,0,0
San Marcos Springs,24,1999-04-01,2001-03-01,157.6784813814291,0,0
San Marcos Springs,24,1999-05-01,2001-04-01,160.14931471476243,0,0
San Marcos Springs,24,1999-06-01,2001-05-01,162.414099660999,0,0
San Marcos Springs,24,1999-07-01,2001-06-01,163.55298854988789,0,0
San Marcos Springs,24,1999-08-01,2001-07-01,164.0382036036513,0,0
San Marcos Springs,24,1999-09-01,2001-08-01,165.2290638187051,0,0
San Marcos Springs,24,1999-10-01,2001-09-01,168.77350826314952,0,0
San Marcos Springs,24,1999-11-01,2001-10-01,172.34877708035384,0,0
San Marcos Springs,24,1999-12-01,2001-11-01,177.4529437470205,0,0
San Marcos Springs,24,2000-01-01,2001-12-01,185.97176095132158,0,0
San Marcos Springs,24,2000-02-01,2002-01-01,194.3252555749775,0,0
San Marcos Springs,24,2000-03-01,2002-02-01,201.42813940092165,0,0
San Marcos Springs,24,2000-04-01,2002-03-01,207.2910426267281,0,0
San Marcos Springs,24,2000-05-01,2002-04-01,211.56048707117256,0,0
San Marcos Springs,24,2000-06-01,2002-05-01,214.58333653353816,0,0
San Marcos Springs,24,2000-07-01,2002-06-01,214.79305875576037,0,0
San Marcos Springs,24,2000-08-01,2002-07-01,220.79305875576037,0,0
San Marcos Springs,24,2000-09-01,2002-08-01,228.5255856374808,0,0
San Marcos Springs,24,2000-10-01,2002-09-01,236.07975230414746,0,0
San Marcos Springs,24,2000-11-01,2002-10-01,242.5340533794163,0,0
San Marcos Springs,24,2000-12-01,2002-11-01,247.22710893497185,0,0
San Marcos Springs,24,2001-01-01,2002-12-01,251.35210893497185,0,0
San Marcos Springs,24,2001-02-01,2003-01-01,254.68947452636968,0,0
San Marcos Springs,24,2001-03-01,2003-02-01,256.97965309779823,0,0
San Marcos Springs,24,2001-04-01,2003-03-01,258.50519073220687,0,0
San Marcos Springs,24,2001-05-01,2003-04-01,259.5524129544291,0,0
San Marcos Springs,24,2001-06-01,2003-05-01,260.0322516641065,0,0
San Marcos Springs,24,2001-07-01,2003-06-01,260.9766961085509,0,0
San Marcos Springs,24,2001-08-01,2003-07-01,262.20519073220686,0,0
San Marcos Springs,24,2001-09-01,2003-08-01,262.9753520225294,0,0
San Marcos Springs,24,2001-10-01,2003-09-01,262.0406298003072,0,0
San Marcos Springs,24,2001-11-01,2003-10-01,261.5365975422427,0,0
San Marcos Springs,24,2001-12-01,2003-11-01,258.9032642089094,0,0
San Marcos Springs,24,2002-01-01,2003-12-01,252.31858678955453,0,0
San Marcos Springs,24,2002-02-01,2004-01-01,245.9113287250384,0,0
San Marcos Springs,24,2002-03-01,2004-02-01,240.44924949679537,0,0
San Marcos Springs,24,2002-04-01,2004-03-01,236.07156132475237,0,0
San Marcos Springs,24,2002-05-01,2004-04-01,233.63961688030793,0,0
San Marcos Springs,24,2002-06-01,2004-05-01,232.89902548245846,0,0
San Marcos Springs,24,2002-07-01,2004-06-01,234.88652548245847,0,0
San Marcos Springs,24,2002-08-01,2004-07-01,233.47523515987783,0,0
San Marcos Springs,24,2002-09-01,2004-08-01,230.020934084609,0,0
San Marcos Springs,24,2002-10-01,2004-09-01,226.05704519572012,0,0
San Marcos Springs,24,2002-11-01,2004-10-01,222.8823140129244,0,0
San Marcos Springs,24,2002-12-01,2004-11-01,220.97953623514664,0,0
San Marcos Springs,24,2003-01-01,2004-12-01,222.8988910738563,0,0
San Marcos Springs,24,2003-02-01,2005-01-01,223.57765451471653,0,0
San Marcos Springs,24,2003-03-01,2005-02-01,223.75771403852605,0,0
San Marcos Springs,24,2003-04-01,2005-03-01,223.91631618906368,0,0
San Marcos Springs,24,2003-05-01,2005-04-01,224.52326063350813,0,0
San Marcos Springs,24,2003-06-01,2005-05-01,225.40901332168016,0,0
San Marcos Springs,24,2003-07-01,2005-06-01,225.9076244327913,0,0
San Marcos Springs,24,2003-08-01,2005-07-01,225.5070867983827,0,0
San Marcos Springs,24,2003-09-01,2005-08-01,225.47886099193107,0,0
San Marcos Springs,24,2003-10-01,2005-09-01,225.12469432526441,0,0
San Marcos Springs,24,2003-11-01,2005-10-01,224.62469432526441,0,0
San Marcos Springs,24,2003-12-01,2005-11-01,223.8858054363755,0,0
San Marcos Springs,24,2004-01-01,2005-12-01,223.14252586648303,0,0
San Marcos Springs,24,2004-02-01,2006-01-01,222.3091925331497,0,0
San Marcos Springs,24,2004-03-01,2006-02-01,221.25341461853557,0,0
San Marcos Springs,24,2004-04-01,2006-03-01,220.34615655401944,0,0
San Marcos Springs,24,2004-05-01,2006-04-01,218.701712109575,0,0
San Marcos Springs,24,2004-06-01,2006-05-01,216.4732174859191,0,0
San Marcos Springs,24,2004-07-01,2006-06-01,212.06905081925242,0,0
San Marcos Springs,24,2004-08-01,2006-07-01,205.6832981310804,0,0
San Marcos Springs,24,2004-09-01,2006-08-01,200.35399705581156,0,0
San Marcos Springs,24,2004-10-01,2006-09-01,196.00677483358936,0,0
San Marcos Springs,24,2004-11-01,2006-10-01,191.90596838197644,0,0
San Marcos Springs,24,2004-12-01,2006-11-01,184.25457949308756,0,0
San Marcos Springs,24,2005-01-01,2006-12-01,173.15377304147466,0,0
San Marcos Springs,24,2005-02-01,2007-01-01,165.40242895545313,0,0
San Marcos Springs,24,2005-03-01,2007-02-01,159.36969086021506,0,0
San Marcos Springs,24,2005-04-01,2007-03-01,155.08340053763442,0,0
San Marcos Springs,24,2005-05-01,2007-04-01,152.16951164874553,0,0
San Marcos Springs,24,2005-06-01,2007-05-01,149.85633960573477,0,0
San Marcos Springs,24,2005-07-01,2007-06-01,150.13411738351255,0,0
San Marcos Springs,24,2005-08-01,2007-07-01,154.3451388888889,0,0
San Marcos Springs,24,2005-09-01,2007-08-01,163.83304211469533,0,0
San Marcos Springs,24,2005-10-01,2007-09-01,172.59137544802869,0,0
San Marcos Springs,24,2005-11-01,2007-10-01,178.3427195340502,0,0
San Marcos Springs,24,2005-12-01,2007-11-01,183.28716397849462,0,0
San Marcos Springs,24,2006-01-01,2007-12-01,187.2320564516129,0,0
San Marcos Springs,24,2006-02-01,2008-01-01,190.03716397849462,0,0
San Marcos Springs,24,2006-03-01,2008-02-01,192.26966603103978,0,0
San Marcos Springs,24,2006-04-01,2008-03-01,194.10837570845914,0,0
San Marcos Springs,24,2006-05-01,2008-04-01,195.84309793068135,0,0
San Marcos Springs,24,2006-06-01,2008-05-01,196.4318076081007,0,0
San Marcos Springs,24,2006-07-01,2008-06-01,197.19986316365626,0,0
San Marcos Springs,24,2006-08-01,2008-07-01,198.1541642389251,0,0
San Marcos Springs,24,2006-09-01,2008-08-01,199.19717499161325,0,0
San Marcos Springs,24,2006-10-01,2008-09-01,200.1930083249466,0,0
San Marcos Springs,24,2006-11-01,2008-10-01,200.72661047548422,0,0
San Marcos Springs,24,2006-12-01,2008-11-01,200.95022158659532,0,0
San Marcos Springs,24,2007-01-01,2008-12-01,200.9717269629394,0,0
San Marcos Springs,24,2007-02-01,2009-01-01,198.91124309197167,0,0
San Marcos Springs,24,2007-03-01,2009-02-01,195.95588594911453,0,0
San Marcos Springs,24,2007-04-01,2009-03-01,191.79056336846938,0,0
San Marcos Springs,24,2007-05-01,2009-04-01,186.45723003513604,0,0
San Marcos Springs,24,2007-06-01,2009-05-01,181.50292895986723,0,0
San Marcos Springs,24,2007-07-01,2009-06-01,174.84876229320056,0,0
San Marcos Springs,24,2007-08-01,2009-07-01,165.586665519007,0,0
San Marcos Springs,24,2007-09-01,2009-08-01,151.65118164803926,0,0
San Marcos Springs,24,2007-10-01,2009-09-01,139.1581260924837,0,0
San Marcos Springs,24,2007-11-01,2009-10-01,132.24817985592458,0,0
San Marcos Springs,24,2007-12-01,2009-11-01,128.30373541148012,0,0
San Marcos Springs,24,2008-01-01,2009-12-01,126.00938057277045,0,0
San Marcos Springs,24,2008-02-01,2010-01-01,125.52416551900701,0,0
San Marcos Springs,24,2008-03-01,2010-02-01,128.3779729902714,0,0
San Marcos Springs,24,2008-04-01,2010-03-01,131.84705901177676,0,0
San Marcos Springs,24,2008-05-01,2010-04-01,135.5526145673323,0,0
San Marcos Springs,24,2008-06-01,2010-05-01,139.55664682539683,0,0
San Marcos Springs,24,2008-07-01,2010-06-01,143.44136904761905,0,0
San Marcos Springs,24,2008-08-01,2010-07-01,147.0542722734255,0,0
San Marcos Springs,24,2008-09-01,2010-08-01,150.51126152073732,0,0
San Marcos Springs,24,2008-10-01,2010-09-01,154.63070596518176,0,0
San Marcos Springs,24,2008-11-01,2010-10-01,158.53527585765488,0,0
San Marcos Springs,24,2008-12-01,2010-11-01,161.77972030209932,0,0
San Marcos Springs,24,2009-01-01,2010-12-01,164.70713965693804,0,0
San Marcos Springs,24,2009-02-01,2011-01-01,167.46117191500255,0,0
San Marcos Springs,24,2009-03-01,2011-02-01,169.68141001024065,0,0
San Marcos Springs,24,2009-04-01,2011-03-01,171.73114119303636,0,0
San Marcos Springs,24,2009-05-01,2011-04-01,173.4630856374808,0,0
San Marcos Springs,24,2009-06-01,2011-05-01,174.7130856374808,0,0
San Marcos Springs,24,2009-07-01,2011-06-01,175.59503008192524,0,0
San Marcos Springs,24,2009-08-01,2011-07-01,176.2576644905274,0,0
San Marcos Springs,24,2009-09-01,2011-08-01,176.6340085765489,0,0
San Marcos Springs,24,2009-10-01,2011-09-01,176.51734190988222,0,0
San Marcos Springs,24,2009-11-01,2011-10-01,174.18938492063492,0,0
San Marcos Springs,24,2009-12-01,2011-11-01,170.62688492063492,0,0
San Marcos Springs,24,2010-01-01,2011-12-01,167.1215085765489,0,0
San Marcos Springs,24,2010-02-01,2012-01-01,163.54489567332308,0,0
San Marcos Springs,24,2010-03-01,2012-02-01,159.2284445238978,0,0
San Marcos Springs,24,2010-04-01,2012-03-01,156.024143448629,0,0
San Marcos Springs,24,2010-05-01,2012-04-01,154.29219900418454,0,0
San Marcos Springs,24,2010-06-01,2012-05-01,153.46961835902326,0,0
San Marcos Springs,24,2010-07-01,2012-06-01,152.73211835902325,0,0
San Marcos Springs,24,2010-08-01,2012-07-01,151.28588179988347,0,0
San Marcos Springs,24,2010-09-01,2012-08-01,149.42835491816305,0,0
San Marcos Springs,24,2010-10-01,2012-09-01,146.55752158482971,0,0
San Marcos Springs,24,2010-11-01,2012-10-01,144.34784416547487,0,0
San Marcos Springs,24,2010-12-01,2012-11-01,142.39645527658598,0,0
San Marcos Springs,24,2011-01-01,2012-12-01,140.47978860991932,0,0
San Marcos Springs,24,2011-02-01,2013-01-01,138.66392839486554,0,0
San Marcos Springs,24,2011-03-01,2013-02-01,137.09547601391316,0,0
San Marcos Springs,24,2011-04-01,2013-03-01,135.39923945477338,0,0
San Marcos Springs,24,2011-05-01,2013-04-01,134.16590612144006,0,0
San Marcos Springs,24,2011-06-01,2013-05-01,133.39440074509596,0,0
San Marcos Springs,24,2011-07-01,2013-06-01,133.79578963398484,0,0
San Marcos Springs,24,2011-08-01,2013-07-01,134.18960683828593,0,0
San Marcos Springs,24,2011-09-01,2013-08-01,134.66406920387732,0,0
San Marcos Springs,24,2011-10-01,2013-09-01,135.1821247594329,0,0
San Marcos Springs,24,2011-11-01,2013-10-01,136.22110325405654,0,0
San Marcos Springs,24,2011-12-01,2013-11-01,141.13360325405654,0,0
San Marcos Springs,24,2012-01-01,2013-12-01,144.70483981319632,0,0
San Marcos Springs,24,2012-02-01,2014-01-01,147.00860325405654,0,0
San Marcos Springs,24,2012-03-01,2014-02-01,147.11523297491038,0,0
San Marcos Springs,24,2012-04-01,2014-03-01,145.42974910394264,0,0
San Marcos Springs,24,2012-05-01,2014-04-01,142.00474910394266,0,0
San Marcos Springs,24,2012-06-01,2014-05-01,138.05179211469533,0,0
San Marcos Springs,24,2012-07-01,2014-06-01,135.81290322580645,0,0
San Marcos Springs,24,2012-08-01,2014-07-01,133.85860215053765,0,0
San Marcos Springs,24,2012-09-01,2014-08-01,131.84650537634408,0,0
San Marcos Springs,24,2012-10-01,2014-09-01,130.1937275985663,0,0
San Marcos Springs,24,2012-11-01,2014-10-01,128.42222222222222,0,0
San Marcos Springs,24,2012-12-01,2014-11-01,127.35972222222222,0,0
San Marcos Springs,24,2013-01-01,2014-12-01,127.16079749103943,0,0
San Marcos Springs,24,2013-02-01,2015-01-01,127.37450716845878,0,0
San Marcos Springs,24,2013-03-01,2015-02-01,129.11260240655403,0,0
San Marcos Springs,24,2013-04-01,2015-03-01,131.46744111623144,0,0
San Marcos Springs,24,2013-05-01,2015-04-01,134.30077444956478,0,0
San Marcos Springs,24,2013-06-01,2015-05-01,138.64082821300562,0,0
San Marcos Springs,24,2013-07-01,2015-06-01,147.7949948796723,0,0
San Marcos Springs,24,2013-08-01,2015-07-01,156.31381208397337,0,0
San Marcos Springs,24,2013-09-01,2015-08-01,163.594726062468,0,0
San Marcos Springs,24,2013-10-01,2015-09-01,169.32805939580135,0,0
San Marcos Springs,24,2013-11-01,2015-10-01,173.04176907322068,0,0
San Marcos Springs,24,2013-12-01,2015-11-01,177.77093573988736,0,0
San Marcos Springs,24,2014-01-01,2015-12-01,183.62711853558628,0,0
San Marcos Springs,24,2014-02-01,2016-01-01,188.98195724526371,0,0
San Marcos Springs,24,2014-03-01,2016-02-01,193.26182177728342,0,0
San Marcos Springs,24,2014-04-01,2016-03-01,197.51854220739094,0,0
San Marcos Springs,24,2014-05-01,2016-04-01,203.06993109627982,0,0
San Marcos Springs,24,2014-06-01,2016-05-01,211.10756550488196,0,0
San Marcos Springs,24,2014-07-01,2016-06-01,218.9783988382153,0,0
San Marcos Springs,24,2014-08-01,2016-07-01,226.4273235693981,0,0
San Marcos Springs,24,2014-09-01,2016-08-01,233.54022679520455,0,0
San Marcos Springs,24,2014-10-01,2016-09-01,240.034671239649,0,0
San Marcos Springs,24,2014-11-01,2016-10-01,246.8370905944877,0,0
San Marcos Springs,24,2014-12-01,2016-11-01,252.54681281670992,0,0
San Marcos Springs,24,2015-01-01,2016-12-01,257.6408988382153,0,0
San Marcos Springs,24,2015-02-01,2017-01-01,261.8640171177852,0,0
San Marcos Springs,24,2015-03-01,2017-02-01,265.2137194987376,0,0
San Marcos Springs,24,2015-04-01,2017-03-01,268.30914960626444,0,0
San Marcos Springs,24,2015-05-01,2017-04-01,272.3299829395978,0,0
San Marcos Springs,24,2015-06-01,2017-05-01,274.87702595035046,0,0
San Marcos Springs,24,2015-07-01,2017-06-01,270.7617481725727,0,0
San Marcos Springs,24,2015-08-01,2017-07-01,265.94723204354045,0,0
San Marcos Springs,24,2015-09-01,2017-08-01,261.95126430160497,0,0
San Marcos Springs,24,2015-10-01,2017-09-01,261.4734865238272,0,0
San Marcos Springs,24,2015-11-01,2017-10-01,261.34311017974113,0,0
San Marcos Springs,24,2015-12-01,2017-11-01,255.55422129085227,0,0
San Marcos Springs,24,2016-01-01,2017-12-01,249.20475892526088,0,0
San Marcos Springs,24,2016-02-01,2018-01-01,243.9641675274114,0,0
San Marcos Springs,24,2016-03-01,2018-02-01,240.2765649001536,0,0
San Marcos Springs,24,2016-04-01,2018-03-01,236.8195756528418,0,0
San Marcos Springs,24,2016-05-01,2018-04-01,233.679297875064,0,0
San Marcos Springs,24,2016-06-01,2018-05-01,227.9830613159242,0,0
San Marcos Springs,24,2016-07-01,2018-06-01,219.6969502048131,0,0
San Marcos Springs,24,2016-08-01,2018-07-01,212.7439932155658,0,0
San Marcos Springs,24,2016-09-01,2018-08-01,206.26549859190987,0,0
San Marcos Springs,24,2016-10-01,2018-09-01,201.50438748079875,0,0
San Marcos Springs,24,2016-11-01,2018-10-01,198.09712941628266,0,0
San Marcos Springs,24,2016-12-01,2018-11-01,196.89435163850487,0,0
San Marcos Springs,24,2017-01-01,2018-12-01,196.71558819764465,0,0
San Marcos Springs,24,2017-02-01,2019-01-01,197.89300755248337,0,0
San Marcos Springs,24,2017-03-01,2019-02-01,198.37217421915003,0,0
San Marcos Springs,24,2017-04-01,2019-03-01,198.35470110087044,0,0
San Marcos Springs,24,2017-05-01,2019-04-01,196.9505344342038,0,0
San Marcos Springs,24,2017-06-01,2019-05-01,197.02042690732208,0,0
San Marcos Springs,24,2017-07-01,2019-06-01,197.87737135176653,0,0
San Marcos Springs,24,2017-08-01,2019-07-01,198.9284466205837,0,0
San Marcos Springs,24,2017-09-01,2019-08-01,200.08032834101382,0,0
San Marcos Springs,24,2017-10-01,2019-09-01,198.58588389656938,0,0
San Marcos Springs,24,2017-11-01,2019-10-01,197.57378712237585,0,0
San Marcos Springs,24,2017-12-01,2019-11-01,197.20989823348694,0,0
San Marcos Springs,24,2018-01-01,2019-12-01,196.89000576036867,0,0
San Marcos Springs,24,2018-02-01,2020-01-01,196.62253264208908,0,0
San Marcos Springs,24,2018-03-01,2020-02-01,196.04433067164575,0,0
San Marcos Springs,24,2018-04-01,2020-03-01,195.66261024153823,0,0
San Marcos Springs,24,2018-05-01,2020-04-01,194.18344357487155,0,0
San Marcos Springs,24,2018-06-01,2020-05-01,193.80575540282854,0,0
San Marcos Springs,24,2018-07-01,2020-06-01,195.79047762505076,0,0
San Marcos Springs,24,2018-08-01,2020-07-01,196.6278432164486,0,0
San Marcos Springs,24,2018-09-01,2020-08-01,197.03913353902925,0,0
San Marcos Springs,24,2018-10-01,2020-09-01,196.50163353902926,0,0
San Marcos Springs,24,2018-11-01,2020-10-01,194.75297762505076,0,0
San Marcos Springs,24,2018-12-01,2020-11-01,191.1488109583841,0,0
San Marcos Springs,24,2019-01-01,2020-12-01,186.34639160354538,0,0
San Marcos Springs,24,2019-02-01,2021-01-01,180.63537009816903,0,0
San Marcos Springs,24,2019-03-01,2021-02-01,174.91215581245476,0,0
San Marcos Springs,24,2019-04-01,2021-03-01,169.47936011353002,0,0
San Marcos Springs,24,2019-05-01,2021-04-01,163.81547122464113,0,0
San Marcos Springs,24,2019-06-01,2021-05-01,158.26842821388846,0,0
San Marcos Springs,24,2019-07-01,2021-06-01,154.4725948805551,0,0
San Marcos Springs,24,2019-08-01,2021-07-01,151.9941002568992,0,0
San Marcos Springs,24,2019-09-01,2021-08-01,149.7656056332433,0,0
San Marcos Springs,24,2019-10-01,2021-09-01,147.81838341102107,0,0
San Marcos Springs,24,2019-11-01,2021-10-01,147.83316835725762,0,0
San Marcos Springs,24,2019-12-01,2021-11-01,148.99289057947985,0,0
San Marcos Springs,24,2020-01-01,2021-12-01,149.44450348270564,0,0
San Marcos Springs,24,2020-02-01,2022-01-01,149.48885832141534,0,0
San Marcos Springs,24,2020-03-01,2022-02-01,150.26497695852535,0,0
San Marcos Springs,24,2020-04-01,2022-03-01,151.14938556067588,0,0
San Marcos Springs,24,2020-05-01,2022-04-01,151.15355222734254,0,0
San Marcos Springs,24,2020-06-01,2022-05-01,149.5944124423963,0,0
San Marcos Springs,24,2020-07-01,2022-06-01,146.12774577572964,0,0
San Marcos Springs,24,2020-08-01,2022-07-01,143.27962749615975,0,0
San Marcos Springs,24,2020-09-01,2022-08-01,141.25274577572964,0,0
San Marcos Springs,24,2020-10-01,2022-09-01,139.25274577572964,0,0
San Marcos Springs,24,2020-11-01,2022-10-01,136.69898233486944,0,0
San Marcos Springs,24,2020-12-01,2022-11-01,134.8906490015361,0,0
San Marcos Springs,24,2021-01-01,2022-12-01,133.45919738863287,0,0
San Marcos Springs,24,2021-02-01,2023-01-01,132.29387480798772,0,0
San Marcos Springs,24,2021-03-01,2023-02-01,131.45905337941628,0,0
San Marcos Springs,24,2021-04-01,2023-03-01,130.48459101382488,0,0
San Marcos Springs,24,2021-05-01,2023-04-01,129.86514656938044,0,0
San Marcos Springs,24,2021-06-01,2023-05-01,128.28284370199694,1,0
San Marcos Springs,24,2021-07-01,2023-06-01,124.88284370199693,1,0
San Marcos Springs,24,2021-08-01,2023-07-01,121.47424155145929,1,0
San Marcos Springs,24,2021-09-01,2023-08-01,117.88149961597543,1,0
San Marcos Springs,24,2021-10-01,2023-09-01,114.65233294930876,1,0
San Marcos Springs,24,2021-11-01,2023-10-01,110.48028993855607,1,0
San Marcos Springs,24,2021-12-01,2023-11-01,105.58306771633384,1,0
San Marcos Springs,24,2022-01-01,2023-12-01,101.76451932923707,1,0
San Marcos Springs,24,2022-02-01,2024-01-01,99.48898169482847,1,0
San Marcos Springs,24,2022-03-01,2024-02-01,99.4470584600173,1,0
San Marcos Springs,24,2022-04-01,2024-03-01,98.65270362130762,1,0
San Marcos Springs,24,2022-05-01,2024-04-01,97.72631473241874,1,0
San Marcos Springs,24,2022-06-01,2024-05-01,97.73572333456927,1,0
San Marcos Springs,24,2022-07-01,2024-06-01,97.8940566679026,1,0
San Marcos Springs,24,2022-08-01,2024-07-01,98.21126096897788,1,0
San Marcos Springs,24,2022-09-01,2024-08-01,98.61179860338648,1,0
San Marcos Springs,24,2022-10-01,2024-09-01,98.78679860338647,1,0
San Marcos Springs,24,2022-11-01,2024-10-01,98.90239000123594,1,0
San Marcos Springs,24,2022-12-01,2024-11-01,98.6579455567915,1,0
San Marcos Springs,24,2023-01-01,2024-12-01,98.51681652453344,1,0
San Marcos Springs,24,2023-02-01,2025-01-01,98.24396706216784,1,0
San Marcos Springs,24,2023-03-01,2025-02-01,97.99991944312022,1,0
San Marcos Springs,24,2023-04-01,2025-03-01,98.02814524957184,1,0
San Marcos Springs,24,2023-05-01,2025-04-01,97.9948119162385,1,0
San Marcos Springs,24,2023-06-01,2025-05-01,97.36609327824567,0,0
San Marcos Springs,24,2023-07-01,2025-06-01,97.64248216713456,0,0
San Marcos Springs,24,2023-08-01,2025-07-01,98.38979399509155,0,0
San Marcos Springs,24,2023-09-01,2025-08-01,99.49060044670445,0,0
San Marcos Springs,24,2023-10-01,2025-09-01,100.42810044670445,0,0
San Marcos Springs,24,2023-11-01,2025-10-01,100.83670259724208,0,0
San Marcos Springs,24,2023-12-01,2025-11-01,100.74781370835319,0,0
San Marcos Springs,24,2024-01-01,2025-12-01,100.5959319879231,0,0
San Marcos Springs,24,2024-02-01,2026-01-01,99.70614704168653,0,0
San Marcos Springs,24,2024-03-01,2026-02-01,96.05015360983103,0,0
San Marcos Springs,24,2024-04-01,2026-03-01,92.95337941628264,0,0
San Marcos Springs,24,2024-05-01,2026-04-01,91.0214349718382,0,0
San Marcos Springs,24,2024-06-01,2026-05-01,89.32788658474142,0,0
San Marcos Springs,24,2024-07-01,2026-06-01,88.58899769585254,0,0
San Marcos Springs,24,2024-08-01,2026-07-01,88.80001920122888,0,0
