"Day","Comal Springs (cfs)","San Marcos Springs (cfs)"
"1927-12-19",311,
"1927-12-20",311,
"1927-12-21",306,
"1927-12-22",302,
"1927-12-23",298,
"1927-12-24",294,
"1927-12-25",294,
"1927-12-26",294,
"1927-12-27",294,
"1927-12-28",294,
"1927-12-29",294,
"1927-12-30",294,
"1927-12-31",294,
"1928-01-01",301,
"1928-01-02",308,
"1928-01-03",301,
"1928-01-04",294,
"1928-01-05",295,
"1928-01-06",296,
"1928-01-07",297,
"1928-01-08",297,
"1928-01-09",297,
"1928-01-10",297,
"1928-01-11",294,
"1928-01-12",291,
"1928-01-13",289,
"1928-01-14",291,
"1928-01-15",295,
"1928-01-16",300,
"1928-01-17",302,
"1928-01-18",298,
"1928-01-19",294,
"1928-01-20",297,
"1928-01-21",297,
"1928-01-22",300,
"1928-01-23",300,
"1928-01-24",300,
"1928-01-25",297,
"1928-01-26",297,
"1928-01-27",297,
"1928-01-28",297,
"1928-01-29",297,
"1928-01-30",296,
"1928-01-31",294,
"1928-02-01",294,
"1928-02-02",294,
"1928-02-03",294,
"1928-02-04",297,
"1928-02-05",294,
"1928-02-06",297,
"1928-02-07",300,
"1928-02-08",294,
"1928-02-09",289,
"1928-02-10",286,
"1928-02-11",291,
"1928-02-12",291,
"1928-02-13",291,
"1928-02-14",292,
"1928-02-15",294,
"1928-02-16",294,
"1928-02-17",294,
"1928-02-18",291,
"1928-02-19",294,
"1928-02-20",294,
"1928-02-21",NaN,
"1928-02-22",NaN,
"1928-02-23",NaN,
"1928-02-24",NaN,
"1928-02-25",305,
"1928-02-26",305,
"1928-02-27",302,
"1928-02-28",302,
"1928-02-29",300,
"1928-03-01",297,
"1928-03-02",297,
"1928-03-03",297,
"1928-03-04",294,
"1928-03-05",294,
"1928-03-06",294,
"1928-03-07",294,
"1928-03-08",291,
"1928-03-09",NaN,
"1928-03-10",NaN,
"1928-03-11",NaN,
"1928-03-12",NaN,
"1928-03-13",297,
"1928-03-14",297,
"1928-03-15",300,
"1928-03-16",297,
"1928-03-17",297,
"1928-03-18",297,
"1928-03-19",297,
"1928-03-20",297,
"1928-03-21",300,
"1928-03-22",297,
"1928-03-23",297,
"1928-03-24",300,
"1928-03-25",300,
"1928-03-26",300,
"1928-03-27",300,
"1928-03-28",300,
"1928-03-29",300,
"1928-03-30",300,
"1928-03-31",300,
"1928-04-01",300,
"1928-04-02",297,
"1928-04-03",297,
"1928-04-04",294,
"1928-04-05",292,
"1928-04-06",291,
"1928-04-07",291,
"1928-04-08",294,
"1928-04-09",297,
"1928-04-10",300,
"1928-04-11",297,
"1928-04-12",296,
"1928-04-13",294,
"1928-04-14",299,
"1928-04-15",305,
"1928-04-16",301,
"1928-04-17",297,
"1928-04-18",300,
"1928-04-19",300,
"1928-04-20",302,
"1928-04-21",300,
"1928-04-22",300,
"1928-04-23",297,
"1928-04-24",297,
"1928-04-25",297,
"1928-04-26",297,
"1928-04-27",294,
"1928-04-28",291,
"1928-04-29",294,
"1928-04-30",294,
"1928-05-01",294,
"1928-05-02",297,
"1928-05-03",294,
"1928-05-04",291,
"1928-05-05",291,
"1928-05-06",291,
"1928-05-07",291,
"1928-05-08",289,
"1928-05-09",289,
"1928-05-10",291,
"1928-05-11",291,
"1928-05-12",289,
"1928-05-13",NaN,
"1928-05-14",NaN,
"1928-05-15",300,
"1928-05-16",297,
"1928-05-17",294,
"1928-05-18",297,
"1928-05-19",294,
"1928-05-20",292,
"1928-05-21",291,
"1928-05-22",291,
"1928-05-23",289,
"1928-05-24",289,
"1928-05-25",289,
"1928-05-26",289,
"1928-05-27",291,
"1928-05-28",286,
"1928-05-29",291,
"1928-05-30",297,
"1928-05-31",300,
"1928-06-01",300,
"1928-06-02",301,
"1928-06-03",302,
"1928-06-04",300,
"1928-06-05",294,
"1928-06-06",291,
"1928-06-07",291,
"1928-06-08",291,
"1928-06-09",294,
"1928-06-10",298,
"1928-06-11",302,
"1928-06-12",302,
"1928-06-13",NaN,
"1928-06-14",NaN,
"1928-06-15",NaN,
"1928-06-16",NaN,
"1928-06-17",305,
"1928-06-18",305,
"1928-06-19",300,
"1928-06-20",300,
"1928-06-21",300,
"1928-06-22",300,
"1928-06-23",297,
"1928-06-24",297,
"1928-06-25",297,
"1928-06-26",297,
"1928-06-27",294,
"1928-06-28",294,
"1928-06-29",297,
"1928-06-30",294,
"1928-07-01",297,
"1928-07-02",294,
"1928-07-03",294,
"1928-07-04",291,
"1928-07-05",291,
"1928-07-06",291,
"1928-07-07",292,
"1928-07-08",294,
"1928-07-09",294,
"1928-07-10",291,
"1928-07-11",289,
"1928-07-12",289,
"1928-07-13",286,
"1928-07-14",289,
"1928-07-15",289,
"1928-07-16",289,
"1928-07-17",286,
"1928-07-18",289,
"1928-07-19",291,
"1928-07-20",286,
"1928-07-21",289,
"1928-07-22",289,
"1928-07-23",291,
"1928-07-24",285,
"1928-07-25",280,
"1928-07-26",283,
"1928-07-27",280,
"1928-07-28",282,
"1928-07-29",283,
"1928-07-30",282,
"1928-07-31",280,
"1928-08-01",280,
"1928-08-02",283,
"1928-08-03",280,
"1928-08-04",280,
"1928-08-05",283,
"1928-08-06",280,
"1928-08-07",283,
"1928-08-08",278,
"1928-08-09",278,
"1928-08-10",283,
"1928-08-11",278,
"1928-08-12",280,
"1928-08-13",275,
"1928-08-14",280,
"1928-08-15",280,
"1928-08-16",278,
"1928-08-17",278,
"1928-08-18",275,
"1928-08-19",272,
"1928-08-20",267,
"1928-08-21",264,
"1928-08-22",262,
"1928-08-23",264,
"1928-08-24",264,
"1928-08-25",264,
"1928-08-26",267,
"1928-08-27",272,
"1928-08-28",272,
"1928-08-29",275,
"1928-08-30",275,
"1928-08-31",272,
"1928-09-01",275,
"1928-09-02",275,
"1928-09-03",275,
"1928-09-04",275,
"1928-09-05",272,
"1928-09-06",270,
"1928-09-07",270,
"1928-09-08",272,
"1928-09-09",272,
"1928-09-10",272,
"1928-09-11",267,
"1928-09-12",270,
"1928-09-13",272,
"1928-09-14",272,
"1928-09-15",275,
"1928-09-16",275,
"1928-09-17",272,
"1928-09-18",270,
"1928-09-19",267,
"1928-09-20",272,
"1928-09-21",275,
"1928-09-22",275,
"1928-09-23",278,
"1928-09-24",280,
"1928-09-25",275,
"1928-09-26",280,
"1928-09-27",278,
"1928-09-28",280,
"1928-09-29",283,
"1928-09-30",283,
"1928-10-01",280,
"1928-10-02",280,
"1928-10-03",280,
"1928-10-04",278,
"1928-10-05",275,
"1928-10-06",278,
"1928-10-07",282,
"1928-10-08",282,
"1928-10-09",282,
"1928-10-10",282,
"1928-10-11",282,
"1928-10-12",282,
"1928-10-13",282,
"1928-10-14",282,
"1928-10-15",282,
"1928-10-16",284,
"1928-10-17",286,
"1928-10-18",283,
"1928-10-19",283,
"1928-10-20",284,
"1928-10-21",286,
"1928-10-22",283,
"1928-10-23",283,
"1928-10-24",283,
"1928-10-25",282,
"1928-10-26",282,
"1928-10-27",283,
"1928-10-28",283,
"1928-10-29",283,
"1928-10-30",280,
"1928-10-31",280,
"1928-11-01",280,
"1928-11-02",275,
"1928-11-03",275,
"1928-11-04",272,
"1928-11-05",277,
"1928-11-06",283,
"1928-11-07",278,
"1928-11-08",280,
"1928-11-09",278,
"1928-11-10",278,
"1928-11-11",278,
"1928-11-12",280,
"1928-11-13",280,
"1928-11-14",280,
"1928-11-15",278,
"1928-11-16",275,
"1928-11-17",275,
"1928-11-18",275,
"1928-11-19",275,
"1928-11-20",275,
"1928-11-21",272,
"1928-11-22",275,
"1928-11-23",272,
"1928-11-24",275,
"1928-11-25",275,
"1928-11-26",274,
"1928-11-27",272,
"1928-11-28",272,
"1928-11-29",272,
"1928-11-30",274,
"1928-12-01",275,
"1928-12-02",278,
"1928-12-03",278,
"1928-12-04",278,
"1928-12-05",278,
"1928-12-06",278,
"1928-12-07",275,
"1928-12-08",275,
"1928-12-09",275,
"1928-12-10",271,
"1928-12-11",267,
"1928-12-12",272,
"1928-12-13",278,
"1928-12-14",280,
"1928-12-15",281,
"1928-12-16",283,
"1928-12-17",283,
"1928-12-18",283,
"1928-12-19",286,
"1928-12-20",286,
"1928-12-21",289,
"1928-12-22",289,
"1928-12-23",283,
"1928-12-24",278,
"1928-12-25",278,
"1928-12-26",278,
"1928-12-27",275,
"1928-12-28",275,
"1928-12-29",278,
"1928-12-30",280,
"1928-12-31",280,
"1929-01-01",278,
"1929-01-02",275,
"1929-01-03",278,
"1929-01-04",281,
"1929-01-05",283,
"1929-01-06",286,
"1929-01-07",283,
"1929-01-08",280,
"1929-01-09",280,
"1929-01-10",280,
"1929-01-11",278,
"1929-01-12",278,
"1929-01-13",283,
"1929-01-14",280,
"1929-01-15",280,
"1929-01-16",280,
"1929-01-17",279,
"1929-01-18",278,
"1929-01-19",278,
"1929-01-20",278,
"1929-01-21",280,
"1929-01-22",280,
"1929-01-23",278,
"1929-01-24",278,
"1929-01-25",280,
"1929-01-26",278,
"1929-01-27",275,
"1929-01-28",280,
"1929-01-29",278,
"1929-01-30",280,
"1929-01-31",278,
"1929-02-01",275,
"1929-02-02",272,
"1929-02-03",274,
"1929-02-04",275,
"1929-02-05",278,
"1929-02-06",278,
"1929-02-07",278,
"1929-02-08",275,
"1929-02-09",274,
"1929-02-10",272,
"1929-02-11",275,
"1929-02-12",275,
"1929-02-13",272,
"1929-02-14",272,
"1929-02-15",272,
"1929-02-16",275,
"1929-02-17",275,
"1929-02-18",272,
"1929-02-19",272,
"1929-02-20",275,
"1929-02-21",270,
"1929-02-22",270,
"1929-02-23",272,
"1929-02-24",272,
"1929-02-25",272,
"1929-02-26",272,
"1929-02-27",272,
"1929-02-28",275,
"1929-03-01",272,
"1929-03-02",272,
"1929-03-03",272,
"1929-03-04",275,
"1929-03-05",278,
"1929-03-06",278,
"1929-03-07",278,
"1929-03-08",280,
"1929-03-09",278,
"1929-03-10",278,
"1929-03-11",278,
"1929-03-12",274,
"1929-03-13",271,
"1929-03-14",267,
"1929-03-15",264,
"1929-03-16",259,
"1929-03-17",264,
"1929-03-18",259,
"1929-03-19",259,
"1929-03-20",264,
"1929-03-21",267,
"1929-03-22",270,
"1929-03-23",267,
"1929-03-24",262,
"1929-03-25",262,
"1929-03-26",264,
"1929-03-27",264,
"1929-03-28",264,
"1929-03-29",264,
"1929-03-30",264,
"1929-03-31",267,
"1929-04-01",266,
"1929-04-02",265,
"1929-04-03",264,
"1929-04-04",264,
"1929-04-05",262,
"1929-04-06",262,
"1929-04-07",262,
"1929-04-08",264,
"1929-04-09",265,
"1929-04-10",267,
"1929-04-11",270,
"1929-04-12",275,
"1929-04-13",280,
"1929-04-14",280,
"1929-04-15",280,
"1929-04-16",280,
"1929-04-17",283,
"1929-04-18",280,
"1929-04-19",280,
"1929-04-20",280,
"1929-04-21",280,
"1929-04-22",278,
"1929-04-23",280,
"1929-04-24",280,
"1929-04-25",280,
"1929-04-26",280,
"1929-04-27",278,
"1929-04-28",278,
"1929-04-29",280,
"1929-04-30",278,
"1929-05-01",280,
"1929-05-02",280,
"1929-05-03",280,
"1929-05-04",275,
"1929-05-05",272,
"1929-05-06",272,
"1929-05-07",270,
"1929-05-08",270,
"1929-05-09",270,
"1929-05-10",267,
"1929-05-11",267,
"1929-05-12",270,
"1929-05-13",275,
"1929-05-14",272,
"1929-05-15",275,
"1929-05-16",275,
"1929-05-17",274,
"1929-05-18",273,
"1929-05-19",272,
"1929-05-20",274,
"1929-05-21",275,
"1929-05-22",280,
"1929-05-23",278,
"1929-05-24",NaN,
"1929-05-25",NaN,
"1929-05-26",NaN,
"1929-05-27",297,
"1929-05-28",NaN,
"1929-05-29",NaN,
"1929-05-30",NaN,
"1929-05-31",NaN,
"1929-06-01",NaN,
"1929-06-02",331,
"1929-06-03",325,
"1929-06-04",319,
"1929-06-05",316,
"1929-06-06",314,
"1929-06-07",314,
"1929-06-08",311,
"1929-06-09",306,
"1929-06-10",302,
"1929-06-11",298,
"1929-06-12",294,
"1929-06-13",294,
"1929-06-14",292,
"1929-06-15",291,
"1929-06-16",291,
"1929-06-17",289,
"1929-06-18",294,
"1929-06-19",297,
"1929-06-20",297,
"1929-06-21",296,
"1929-06-22",294,
"1929-06-23",294,
"1929-06-24",294,
"1929-06-25",294,
"1929-06-26",294,
"1929-06-27",294,
"1929-06-28",297,
"1929-06-29",297,
"1929-06-30",297,
"1929-07-01",297,
"1929-07-02",297,
"1929-07-03",300,
"1929-07-04",302,
"1929-07-05",NaN,
"1929-07-06",NaN,
"1929-07-07",NaN,
"1929-07-08",NaN,
"1929-07-09",322,
"1929-07-10",319,
"1929-07-11",319,
"1929-07-12",316,
"1929-07-13",314,
"1929-07-14",313,
"1929-07-15",311,
"1929-07-16",318,
"1929-07-17",325,
"1929-07-18",325,
"1929-07-19",325,
"1929-07-20",322,
"1929-07-21",325,
"1929-07-22",325,
"1929-07-23",319,
"1929-07-24",322,
"1929-07-25",322,
"1929-07-26",324,
"1929-07-27",325,
"1929-07-28",325,
"1929-07-29",325,
"1929-07-30",322,
"1929-07-31",322,
"1929-08-01",322,
"1929-08-02",322,
"1929-08-03",322,
"1929-08-04",322,
"1929-08-05",322,
"1929-08-06",319,
"1929-08-07",319,
"1929-08-08",319,
"1929-08-09",319,
"1929-08-10",316,
"1929-08-11",316,
"1929-08-12",316,
"1929-08-13",314,
"1929-08-14",314,
"1929-08-15",309,
"1929-08-16",305,
"1929-08-17",305,
"1929-08-18",302,
"1929-08-19",302,
"1929-08-20",302,
"1929-08-21",302,
"1929-08-22",308,
"1929-08-23",305,
"1929-08-24",302,
"1929-08-25",305,
"1929-08-26",300,
"1929-08-27",302,
"1929-08-28",300,
"1929-08-29",302,
"1929-08-30",300,
"1929-08-31",300,
"1929-09-01",302,
"1929-09-02",300,
"1929-09-03",300,
"1929-09-04",300,
"1929-09-05",300,
"1929-09-06",302,
"1929-09-07",302,
"1929-09-08",302,
"1929-09-09",302,
"1929-09-10",302,
"1929-09-11",302,
"1929-09-12",302,
"1929-09-13",302,
"1929-09-14",302,
"1929-09-15",302,
"1929-09-16",305,
"1929-09-17",302,
"1929-09-18",302,
"1929-09-19",300,
"1929-09-20",297,
"1929-09-21",297,
"1929-09-22",294,
"1929-09-23",294,
"1929-09-24",294,
"1929-09-25",294,
"1929-09-26",297,
"1929-09-27",300,
"1929-09-28",297,
"1929-09-29",297,
"1929-09-30",297,
"1929-10-01",297,
"1929-10-02",297,
"1929-10-03",294,
"1929-10-04",291,
"1929-10-05",291,
"1929-10-06",289,
"1929-10-07",291,
"1929-10-08",289,
"1929-10-09",289,
"1929-10-10",289,
"1929-10-11",286,
"1929-10-12",289,
"1929-10-13",289,
"1929-10-14",286,
"1929-10-15",291,
"1929-10-16",289,
"1929-10-17",289,
"1929-10-18",286,
"1929-10-19",286,
"1929-10-20",283,
"1929-10-21",283,
"1929-10-22",280,
"1929-10-23",284,
"1929-10-24",289,
"1929-10-25",289,
"1929-10-26",291,
"1929-10-27",294,
"1929-10-28",291,
"1929-10-29",289,
"1929-10-30",291,
"1929-10-31",292,
"1929-11-01",294,
"1929-11-02",291,
"1929-11-03",294,
"1929-11-04",289,
"1929-11-05",289,
"1929-11-06",294,
"1929-11-07",294,
"1929-11-08",300,
"1929-11-09",301,
"1929-11-10",302,
"1929-11-11",297,
"1929-11-12",294,
"1929-11-13",291,
"1929-11-14",294,
"1929-11-15",294,
"1929-11-16",294,
"1929-11-17",297,
"1929-11-18",294,
"1929-11-19",294,
"1929-11-20",294,
"1929-11-21",291,
"1929-11-22",289,
"1929-11-23",286,
"1929-11-24",291,
"1929-11-25",287,
"1929-11-26",283,
"1929-11-27",287,
"1929-11-28",291,
"1929-11-29",291,
"1929-11-30",291,
"1929-12-01",294,
"1929-12-02",289,
"1929-12-03",289,
"1929-12-04",291,
"1929-12-05",286,
"1929-12-06",286,
"1929-12-07",291,
"1929-12-08",291,
"1929-12-09",294,
"1929-12-10",294,
"1929-12-11",292,
"1929-12-12",291,
"1929-12-13",294,
"1929-12-14",289,
"1929-12-15",286,
"1929-12-16",283,
"1929-12-17",280,
"1929-12-18",280,
"1929-12-19",278,
"1929-12-20",275,
"1929-12-21",278,
"1929-12-22",278,
"1929-12-23",280,
"1929-12-24",280,
"1929-12-25",278,
"1929-12-26",280,
"1929-12-27",278,
"1929-12-28",280,
"1929-12-29",278,
"1929-12-30",278,
"1929-12-31",278,
"1930-01-01",278,
"1930-01-02",278,
"1930-01-03",280,
"1930-01-04",280,
"1930-01-05",280,
"1930-01-06",283,
"1930-01-07",283,
"1930-01-08",283,
"1930-01-09",283,
"1930-01-10",280,
"1930-01-11",280,
"1930-01-12",278,
"1930-01-13",283,
"1930-01-14",280,
"1930-01-15",280,
"1930-01-16",280,
"1930-01-17",278,
"1930-01-18",278,
"1930-01-19",278,
"1930-01-20",280,
"1930-01-21",273,
"1930-01-22",267,
"1930-01-23",272,
"1930-01-24",272,
"1930-01-25",267,
"1930-01-26",272,
"1930-01-27",272,
"1930-01-28",272,
"1930-01-29",272,
"1930-01-30",272,
"1930-01-31",272,
"1930-02-01",272,
"1930-02-02",272,
"1930-02-03",275,
"1930-02-04",278,
"1930-02-05",275,
"1930-02-06",272,
"1930-02-07",272,
"1930-02-08",272,
"1930-02-09",272,
"1930-02-10",275,
"1930-02-11",270,
"1930-02-12",270,
"1930-02-13",272,
"1930-02-14",270,
"1930-02-15",272,
"1930-02-16",268,
"1930-02-17",264,
"1930-02-18",264,
"1930-02-19",264,
"1930-02-20",264,
"1930-02-21",264,
"1930-02-22",264,
"1930-02-23",264,
"1930-02-24",264,
"1930-02-25",264,
"1930-02-26",264,
"1930-02-27",264,
"1930-02-28",264,
"1930-03-01",264,
"1930-03-02",262,
"1930-03-03",259,
"1930-03-04",262,
"1930-03-05",259,
"1930-03-06",257,
"1930-03-07",259,
"1930-03-08",264,
"1930-03-09",264,
"1930-03-10",262,
"1930-03-11",259,
"1930-03-12",262,
"1930-03-13",259,
"1930-03-14",262,
"1930-03-15",259,
"1930-03-16",259,
"1930-03-17",255,
"1930-03-18",251,
"1930-03-19",254,
"1930-03-20",257,
"1930-03-21",254,
"1930-03-22",251,
"1930-03-23",254,
"1930-03-24",254,
"1930-03-25",254,
"1930-03-26",251,
"1930-03-27",251,
"1930-03-28",249,
"1930-03-29",249,
"1930-03-30",249,
"1930-03-31",249,
"1930-04-01",249,
"1930-04-02",249,
"1930-04-03",246,
"1930-04-04",249,
"1930-04-05",251,
"1930-04-06",254,
"1930-04-07",254,
"1930-04-08",254,
"1930-04-09",257,
"1930-04-10",259,
"1930-04-11",259,
"1930-04-12",259,
"1930-04-13",257,
"1930-04-14",257,
"1930-04-15",254,
"1930-04-16",254,
"1930-04-17",254,
"1930-04-18",257,
"1930-04-19",257,
"1930-04-20",257,
"1930-04-21",262,
"1930-04-22",267,
"1930-04-23",272,
"1930-04-24",276,
"1930-04-25",280,
"1930-04-26",278,
"1930-04-27",283,
"1930-04-28",283,
"1930-04-29",283,
"1930-04-30",288,
"1930-05-01",294,
"1930-05-02",294,
"1930-05-03",291,
"1930-05-04",289,
"1930-05-05",291,
"1930-05-06",NaN,
"1930-05-07",NaN,
"1930-05-08",289,
"1930-05-09",294,
"1930-05-10",297,
"1930-05-11",297,
"1930-05-12",297,
"1930-05-13",291,
"1930-05-14",286,
"1930-05-15",289,
"1930-05-16",294,
"1930-05-17",300,
"1930-05-18",305,
"1930-05-19",311,
"1930-05-20",302,
"1930-05-21",294,
"1930-05-22",294,
"1930-05-23",297,
"1930-05-24",294,
"1930-05-25",294,
"1930-05-26",294,
"1930-05-27",289,
"1930-05-28",286,
"1930-05-29",291,
"1930-05-30",291,
"1930-05-31",291,
"1930-06-01",291,
"1930-06-02",291,
"1930-06-03",291,
"1930-06-04",291,
"1930-06-05",289,
"1930-06-06",291,
"1930-06-07",289,
"1930-06-08",289,
"1930-06-09",294,
"1930-06-10",289,
"1930-06-11",289,
"1930-06-12",297,
"1930-06-13",NaN,
"1930-06-14",297,
"1930-06-15",NaN,
"1930-06-16",NaN,
"1930-06-17",NaN,
"1930-06-18",308,
"1930-06-19",308,
"1930-06-20",305,
"1930-06-21",305,
"1930-06-22",302,
"1930-06-23",302,
"1930-06-24",302,
"1930-06-25",305,
"1930-06-26",308,
"1930-06-27",305,
"1930-06-28",305,
"1930-06-29",305,
"1930-06-30",300,
"1930-07-01",300,
"1930-07-02",295,
"1930-07-03",291,
"1930-07-04",294,
"1930-07-05",294,
"1930-07-06",294,
"1930-07-07",294,
"1930-07-08",294,
"1930-07-09",294,
"1930-07-10",294,
"1930-07-11",300,
"1930-07-12",300,
"1930-07-13",305,
"1930-07-14",299,
"1930-07-15",294,
"1930-07-16",299,
"1930-07-17",305,
"1930-07-18",308,
"1930-07-19",305,
"1930-07-20",305,
"1930-07-21",302,
"1930-07-22",302,
"1930-07-23",302,
"1930-07-24",305,
"1930-07-25",302,
"1930-07-26",300,
"1930-07-27",294,
"1930-07-28",297,
"1930-07-29",294,
"1930-07-30",289,
"1930-07-31",291,
"1930-08-01",294,
"1930-08-02",294,
"1930-08-03",291,
"1930-08-04",286,
"1930-08-05",286,
"1930-08-06",283,
"1930-08-07",280,
"1930-08-08",278,
"1930-08-09",275,
"1930-08-10",272,
"1930-08-11",267,
"1930-08-12",262,
"1930-08-13",259,
"1930-08-14",259,
"1930-08-15",262,
"1930-08-16",262,
"1930-08-17",262,
"1930-08-18",259,
"1930-08-19",262,
"1930-08-20",262,
"1930-08-21",259,
"1930-08-22",262,
"1930-08-23",262,
"1930-08-24",262,
"1930-08-25",259,
"1930-08-26",262,
"1930-08-27",262,
"1930-08-28",262,
"1930-08-29",262,
"1930-08-30",262,
"1930-08-31",262,
"1930-09-01",264,
"1930-09-02",264,
"1930-09-03",264,
"1930-09-04",264,
"1930-09-05",262,
"1930-09-06",264,
"1930-09-07",264,
"1930-09-08",262,
"1930-09-09",264,
"1930-09-10",267,
"1930-09-11",267,
"1930-09-12",267,
"1930-09-13",264,
"1930-09-14",264,
"1930-09-15",264,
"1930-09-16",264,
"1930-09-17",264,
"1930-09-18",262,
"1930-09-19",264,
"1930-09-20",262,
"1930-09-21",259,
"1930-09-22",259,
"1930-09-23",264,
"1930-09-24",267,
"1930-09-25",270,
"1930-09-26",272,
"1930-09-27",267,
"1930-09-28",270,
"1930-09-29",264,
"1930-09-30",259,
"1930-10-01",262,
"1930-10-02",264,
"1930-10-03",262,
"1930-10-04",262,
"1930-10-05",270,
"1930-10-06",272,
"1930-10-07",NaN,
"1930-10-08",NaN,
"1930-10-09",262,
"1930-10-10",259,
"1930-10-11",270,
"1930-10-12",267,
"1930-10-13",NaN,
"1930-10-14",270,
"1930-10-15",264,
"1930-10-16",259,
"1930-10-17",259,
"1930-10-18",262,
"1930-10-19",262,
"1930-10-20",259,
"1930-10-21",257,
"1930-10-22",254,
"1930-10-23",252,
"1930-10-24",251,
"1930-10-25",251,
"1930-10-26",251,
"1930-10-27",249,
"1930-10-28",249,
"1930-10-29",251,
"1930-10-30",246,
"1930-10-31",251,
"1930-11-01",254,
"1930-11-02",257,
"1930-11-03",257,
"1930-11-04",257,
"1930-11-05",259,
"1930-11-06",259,
"1930-11-07",259,
"1930-11-08",259,
"1930-11-09",259,
"1930-11-10",262,
"1930-11-11",264,
"1930-11-12",264,
"1930-11-13",264,
"1930-11-14",261,
"1930-11-15",259,
"1930-11-16",259,
"1930-11-17",262,
"1930-11-18",259,
"1930-11-19",259,
"1930-11-20",262,
"1930-11-21",259,
"1930-11-22",259,
"1930-11-23",262,
"1930-11-24",259,
"1930-11-25",259,
"1930-11-26",259,
"1930-11-27",259,
"1930-11-28",259,
"1930-11-29",257,
"1930-11-30",259,
"1930-12-01",264,
"1930-12-02",262,
"1930-12-03",267,
"1930-12-04",270,
"1930-12-05",267,
"1930-12-06",270,
"1930-12-07",272,
"1930-12-08",267,
"1930-12-09",264,
"1930-12-10",264,
"1930-12-11",264,
"1930-12-12",266,
"1930-12-13",267,
"1930-12-14",267,
"1930-12-15",267,
"1930-12-16",270,
"1930-12-17",272,
"1930-12-18",270,
"1930-12-19",267,
"1930-12-20",270,
"1930-12-21",270,
"1930-12-22",270,
"1930-12-23",267,
"1930-12-24",270,
"1930-12-25",272,
"1930-12-26",272,
"1930-12-27",272,
"1930-12-28",275,
"1930-12-29",271,
"1930-12-30",267,
"1930-12-31",270,
"1931-01-01",270,
"1931-01-02",272,
"1931-01-03",270,
"1931-01-04",270,
"1931-01-05",270,
"1931-01-06",270,
"1931-01-07",270,
"1931-01-08",272,
"1931-01-09",275,
"1931-01-10",275,
"1931-01-11",279,
"1931-01-12",283,
"1931-01-13",280,
"1931-01-14",280,
"1931-01-15",282,
"1931-01-16",284,
"1931-01-17",287,
"1931-01-18",289,
"1931-01-19",286,
"1931-01-20",286,
"1931-01-21",286,
"1931-01-22",286,
"1931-01-23",283,
"1931-01-24",280,
"1931-01-25",283,
"1931-01-26",280,
"1931-01-27",283,
"1931-01-28",286,
"1931-01-29",290,
"1931-01-30",294,
"1931-01-31",291,
"1931-02-01",289,
"1931-02-02",300,
"1931-02-03",311,
"1931-02-04",305,
"1931-02-05",305,
"1931-02-06",302,
"1931-02-07",302,
"1931-02-08",305,
"1931-02-09",302,
"1931-02-10",302,
"1931-02-11",305,
"1931-02-12",305,
"1931-02-13",308,
"1931-02-14",305,
"1931-02-15",313,
"1931-02-16",322,
"1931-02-17",331,
"1931-02-18",328,
"1931-02-19",328,
"1931-02-20",328,
"1931-02-21",328,
"1931-02-22",331,
"1931-02-23",336,
"1931-02-24",334,
"1931-02-25",336,
"1931-02-26",331,
"1931-02-27",336,
"1931-02-28",336,
"1931-03-01",336,
"1931-03-02",336,
"1931-03-03",334,
"1931-03-04",334,
"1931-03-05",334,
"1931-03-06",331,
"1931-03-07",331,
"1931-03-08",331,
"1931-03-09",334,
"1931-03-10",338,
"1931-03-11",342,
"1931-03-12",342,
"1931-03-13",342,
"1931-03-14",340,
"1931-03-15",339,
"1931-03-16",337,
"1931-03-17",336,
"1931-03-18",339,
"1931-03-19",341,
"1931-03-20",343,
"1931-03-21",345,
"1931-03-22",339,
"1931-03-23",336,
"1931-03-24",336,
"1931-03-25",336,
"1931-03-26",336,
"1931-03-27",336,
"1931-03-28",339,
"1931-03-29",336,
"1931-03-30",339,
"1931-03-31",336,
"1931-04-01",336,
"1931-04-02",334,
"1931-04-03",336,
"1931-04-04",334,
"1931-04-05",334,
"1931-04-06",334,
"1931-04-07",331,
"1931-04-08",331,
"1931-04-09",331,
"1931-04-10",331,
"1931-04-11",334,
"1931-04-12",334,
"1931-04-13",331,
"1931-04-14",328,
"1931-04-15",328,
"1931-04-16",325,
"1931-04-17",328,
"1931-04-18",325,
"1931-04-19",322,
"1931-04-20",322,
"1931-04-21",325,
"1931-04-22",325,
"1931-04-23",328,
"1931-04-24",331,
"1931-04-25",331,
"1931-04-26",328,
"1931-04-27",331,
"1931-04-28",334,
"1931-04-29",NaN,
"1931-04-30",NaN,
"1931-05-01",NaN,
"1931-05-02",NaN,
"1931-05-03",NaN,
"1931-05-04",351,
"1931-05-05",342,
"1931-05-06",345,
"1931-05-07",NaN,
"1931-05-08",NaN,
"1931-05-09",345,
"1931-05-10",342,
"1931-05-11",339,
"1931-05-12",339,
"1931-05-13",345,
"1931-05-14",342,
"1931-05-15",345,
"1931-05-16",348,
"1931-05-17",345,
"1931-05-18",345,
"1931-05-19",348,
"1931-05-20",345,
"1931-05-21",342,
"1931-05-22",342,
"1931-05-23",342,
"1931-05-24",339,
"1931-05-25",339,
"1931-05-26",338,
"1931-05-27",336,
"1931-05-28",334,
"1931-05-29",339,
"1931-05-30",345,
"1931-05-31",339,
"1931-06-01",342,
"1931-06-02",342,
"1931-06-03",339,
"1931-06-04",339,
"1931-06-05",336,
"1931-06-06",339,
"1931-06-07",342,
"1931-06-08",339,
"1931-06-09",342,
"1931-06-10",342,
"1931-06-11",345,
"1931-06-12",348,
"1931-06-13",348,
"1931-06-14",345,
"1931-06-15",345,
"1931-06-16",348,
"1931-06-17",348,
"1931-06-18",345,
"1931-06-19",348,
"1931-06-20",351,
"1931-06-21",348,
"1931-06-22",351,
"1931-06-23",348,
"1931-06-24",351,
"1931-06-25",348,
"1931-06-26",345,
"1931-06-27",348,
"1931-06-28",348,
"1931-06-29",345,
"1931-06-30",345,
"1931-07-01",348,
"1931-07-02",348,
"1931-07-03",345,
"1931-07-04",342,
"1931-07-05",342,
"1931-07-06",342,
"1931-07-07",342,
"1931-07-08",339,
"1931-07-09",339,
"1931-07-10",339,
"1931-07-11",339,
"1931-07-12",339,
"1931-07-13",339,
"1931-07-14",339,
"1931-07-15",342,
"1931-07-16",345,
"1931-07-17",351,
"1931-07-18",NaN,
"1931-07-19",NaN,
"1931-07-20",336,
"1931-07-21",331,
"1931-07-22",325,
"1931-07-23",331,
"1931-07-24",328,
"1931-07-25",328,
"1931-07-26",328,
"1931-07-27",325,
"1931-07-28",328,
"1931-07-29",323,
"1931-07-30",319,
"1931-07-31",325,
"1931-08-01",322,
"1931-08-02",325,
"1931-08-03",322,
"1931-08-04",325,
"1931-08-05",322,
"1931-08-06",320,
"1931-08-07",319,
"1931-08-08",316,
"1931-08-09",314,
"1931-08-10",314,
"1931-08-11",311,
"1931-08-12",308,
"1931-08-13",311,
"1931-08-14",311,
"1931-08-15",311,
"1931-08-16",311,
"1931-08-17",314,
"1931-08-18",314,
"1931-08-19",314,
"1931-08-20",318,
"1931-08-21",322,
"1931-08-22",322,
"1931-08-23",325,
"1931-08-24",328,
"1931-08-25",325,
"1931-08-26",328,
"1931-08-27",332,
"1931-08-28",336,
"1931-08-29",334,
"1931-08-30",339,
"1931-08-31",339,
"1931-09-01",339,
"1931-09-02",336,
"1931-09-03",336,
"1931-09-04",339,
"1931-09-05",339,
"1931-09-06",339,
"1931-09-07",336,
"1931-09-08",336,
"1931-09-09",336,
"1931-09-10",334,
"1931-09-11",334,
"1931-09-12",336,
"1931-09-13",339,
"1931-09-14",336,
"1931-09-15",336,
"1931-09-16",334,
"1931-09-17",336,
"1931-09-18",331,
"1931-09-19",325,
"1931-09-20",319,
"1931-09-21",319,
"1931-09-22",314,
"1931-09-23",316,
"1931-09-24",319,
"1931-09-25",316,
"1931-09-26",316,
"1931-09-27",314,
"1931-09-28",316,
"1931-09-29",314,
"1931-09-30",316,
"1931-10-01",315,
"1931-10-02",315,
"1931-10-03",311,
"1931-10-04",311,
"1931-10-05",315,
"1931-10-06",315,
"1931-10-07",315,
"1931-10-08",315,
"1931-10-09",315,
"1931-10-10",315,
"1931-10-11",318,
"1931-10-12",318,
"1931-10-13",318,
"1931-10-14",318,
"1931-10-15",318,
"1931-10-16",315,
"1931-10-17",315,
"1931-10-18",315,
"1931-10-19",315,
"1931-10-20",315,
"1931-10-21",315,
"1931-10-22",311,
"1931-10-23",311,
"1931-10-24",315,
"1931-10-25",311,
"1931-10-26",311,
"1931-10-27",311,
"1931-10-28",311,
"1931-10-29",311,
"1931-10-30",315,
"1931-10-31",311,
"1931-11-01",308,
"1931-11-02",308,
"1931-11-03",304,
"1931-11-04",300,
"1931-11-05",300,
"1931-11-06",300,
"1931-11-07",300,
"1931-11-08",297,
"1931-11-09",297,
"1931-11-10",293,
"1931-11-11",290,
"1931-11-12",294,
"1931-11-13",290,
"1931-11-14",290,
"1931-11-15",290,
"1931-11-16",290,
"1931-11-17",290,
"1931-11-18",290,
"1931-11-19",292,
"1931-11-20",294,
"1931-11-21",294,
"1931-11-22",297,
"1931-11-23",297,
"1931-11-24",297,
"1931-11-25",297,
"1931-11-26",294,
"1931-11-27",297,
"1931-11-28",294,
"1931-11-29",297,
"1931-11-30",297,
"1931-12-01",297,
"1931-12-02",297,
"1931-12-03",297,
"1931-12-04",294,
"1931-12-05",294,
"1931-12-06",294,
"1931-12-07",300,
"1931-12-08",300,
"1931-12-09",300,
"1931-12-10",300,
"1931-12-11",300,
"1931-12-12",297,
"1931-12-13",297,
"1931-12-14",297,
"1931-12-15",294,
"1931-12-16",297,
"1931-12-17",294,
"1931-12-18",294,
"1931-12-19",297,
"1931-12-20",294,
"1931-12-21",294,
"1931-12-22",294,
"1931-12-23",294,
"1931-12-24",294,
"1931-12-25",294,
"1931-12-26",294,
"1931-12-27",294,
"1931-12-28",294,
"1931-12-29",294,
"1931-12-30",294,
"1931-12-31",294,
"1932-01-01",294,
"1932-01-02",294,
"1932-01-03",297,
"1932-01-04",306,
"1932-01-05",316,
"1932-01-06",326,
"1932-01-07",326,
"1932-01-08",326,
"1932-01-09",326,
"1932-01-10",326,
"1932-01-11",326,
"1932-01-12",326,
"1932-01-13",329,
"1932-01-14",326,
"1932-01-15",326,
"1932-01-16",326,
"1932-01-17",326,
"1932-01-18",326,
"1932-01-19",326,
"1932-01-20",326,
"1932-01-21",326,
"1932-01-22",322,
"1932-01-23",326,
"1932-01-24",326,
"1932-01-25",322,
"1932-01-26",322,
"1932-01-27",318,
"1932-01-28",316,
"1932-01-29",315,
"1932-01-30",315,
"1932-01-31",311,
"1932-02-01",311,
"1932-02-02",311,
"1932-02-03",311,
"1932-02-04",311,
"1932-02-05",310,
"1932-02-06",308,
"1932-02-07",308,
"1932-02-08",308,
"1932-02-09",308,
"1932-02-10",308,
"1932-02-11",308,
"1932-02-12",308,
"1932-02-13",308,
"1932-02-14",308,
"1932-02-15",308,
"1932-02-16",308,
"1932-02-17",304,
"1932-02-18",304,
"1932-02-19",311,
"1932-02-20",318,
"1932-02-21",315,
"1932-02-22",311,
"1932-02-23",308,
"1932-02-24",308,
"1932-02-25",308,
"1932-02-26",308,
"1932-02-27",308,
"1932-02-28",308,
"1932-02-29",308,
"1932-03-01",308,
"1932-03-02",311,
"1932-03-03",315,
"1932-03-04",315,
"1932-03-05",329,
"1932-03-06",343,
"1932-03-07",358,
"1932-03-08",362,
"1932-03-09",358,
"1932-03-10",358,
"1932-03-11",351,
"1932-03-12",344,
"1932-03-13",340,
"1932-03-14",331,
"1932-03-15",322,
"1932-03-16",322,
"1932-03-17",323,
"1932-03-18",324,
"1932-03-19",324,
"1932-03-20",324,
"1932-03-21",324,
"1932-03-22",324,
"1932-03-23",318,
"1932-03-24",315,
"1932-03-25",311,
"1932-03-26",308,
"1932-03-27",304,
"1932-03-28",304,
"1932-03-29",307,
"1932-03-30",311,
"1932-03-31",308,
"1932-04-01",308,
"1932-04-02",304,
"1932-04-03",304,
"1932-04-04",300,
"1932-04-05",304,
"1932-04-06",308,
"1932-04-07",304,
"1932-04-08",304,
"1932-04-09",300,
"1932-04-10",300,
"1932-04-11",300,
"1932-04-12",300,
"1932-04-13",304,
"1932-04-14",304,
"1932-04-15",308,
"1932-04-16",308,
"1932-04-17",308,
"1932-04-18",308,
"1932-04-19",308,
"1932-04-20",304,
"1932-04-21",304,
"1932-04-22",304,
"1932-04-23",304,
"1932-04-24",304,
"1932-04-25",304,
"1932-04-26",304,
"1932-04-27",308,
"1932-04-28",NaN,
"1932-04-29",NaN,
"1932-04-30",NaN,
"1932-05-01",294,
"1932-05-02",294,
"1932-05-03",294,
"1932-05-04",294,
"1932-05-05",294,
"1932-05-06",294,
"1932-05-07",294,
"1932-05-08",294,
"1932-05-09",294,
"1932-05-10",300,
"1932-05-11",300,
"1932-05-12",302,
"1932-05-13",304,
"1932-05-14",308,
"1932-05-15",308,
"1932-05-16",310,
"1932-05-17",311,
"1932-05-18",311,
"1932-05-19",311,
"1932-05-20",311,
"1932-05-21",311,
"1932-05-22",311,
"1932-05-23",305,
"1932-05-24",300,
"1932-05-25",300,
"1932-05-26",304,
"1932-05-27",304,
"1932-05-28",304,
"1932-05-29",304,
"1932-05-30",304,
"1932-05-31",304,
"1932-06-01",308,
"1932-06-02",308,
"1932-06-03",304,
"1932-06-04",304,
"1932-06-05",304,
"1932-06-06",308,
"1932-06-07",308,
"1932-06-08",308,
"1932-06-09",308,
"1932-06-10",311,
"1932-06-11",311,
"1932-06-12",311,
"1932-06-13",315,
"1932-06-14",311,
"1932-06-15",315,
"1932-06-16",315,
"1932-06-17",318,
"1932-06-18",315,
"1932-06-19",315,
"1932-06-20",315,
"1932-06-21",315,
"1932-06-22",311,
"1932-06-23",308,
"1932-06-24",308,
"1932-06-25",311,
"1932-06-26",308,
"1932-06-27",311,
"1932-06-28",308,
"1932-06-29",308,
"1932-06-30",311,
"1932-07-01",315,
"1932-07-02",315,
"1932-07-03",322,
"1932-07-04",330,
"1932-07-05",330,
"1932-07-06",330,
"1932-07-07",330,
"1932-07-08",330,
"1932-07-09",330,
"1932-07-10",330,
"1932-07-11",330,
"1932-07-12",330,
"1932-07-13",330,
"1932-07-14",330,
"1932-07-15",330,
"1932-07-16",330,
"1932-07-17",335,
"1932-07-18",340,
"1932-07-19",340,
"1932-07-20",340,
"1932-07-21",340,
"1932-07-22",340,
"1932-07-23",340,
"1932-07-24",340,
"1932-07-25",340,
"1932-07-26",340,
"1932-07-27",338,
"1932-07-28",336,
"1932-07-29",336,
"1932-07-30",336,
"1932-07-31",340,
"1932-08-01",344,
"1932-08-02",340,
"1932-08-03",344,
"1932-08-04",344,
"1932-08-05",340,
"1932-08-06",340,
"1932-08-07",342,
"1932-08-08",342,
"1932-08-09",342,
"1932-08-10",342,
"1932-08-11",342,
"1932-08-12",342,
"1932-08-13",342,
"1932-08-14",342,
"1932-08-15",342,
"1932-08-16",346,
"1932-08-17",350,
"1932-08-18",350,
"1932-08-19",351,
"1932-08-20",353,
"1932-08-21",354,
"1932-08-22",351,
"1932-08-23",351,
"1932-08-24",347,
"1932-08-25",347,
"1932-08-26",347,
"1932-08-27",347,
"1932-08-28",347,
"1932-08-29",344,
"1932-08-30",344,
"1932-08-31",347,
"1932-09-01",347,
"1932-09-02",351,
"1932-09-03",347,
"1932-09-04",344,
"1932-09-05",344,
"1932-09-06",344,
"1932-09-07",340,
"1932-09-08",340,
"1932-09-09",340,
"1932-09-10",340,
"1932-09-11",336,
"1932-09-12",333,
"1932-09-13",333,
"1932-09-14",336,
"1932-09-15",340,
"1932-09-16",342,
"1932-09-17",344,
"1932-09-18",340,
"1932-09-19",336,
"1932-09-20",336,
"1932-09-21",336,
"1932-09-22",336,
"1932-09-23",336,
"1932-09-24",NaN,
"1932-09-25",326,
"1932-09-26",326,
"1932-09-27",328,
"1932-09-28",329,
"1932-09-29",329,
"1932-09-30",326,
"1932-10-01",326,
"1932-10-02",326,
"1932-10-03",322,
"1932-10-04",324,
"1932-10-05",326,
"1932-10-06",329,
"1932-10-07",326,
"1932-10-08",322,
"1932-10-09",322,
"1932-10-10",315,
"1932-10-11",308,
"1932-10-12",313,
"1932-10-13",318,
"1932-10-14",324,
"1932-10-15",329,
"1932-10-16",326,
"1932-10-17",329,
"1932-10-18",326,
"1932-10-19",326,
"1932-10-20",326,
"1932-10-21",322,
"1932-10-22",322,
"1932-10-23",322,
"1932-10-24",322,
"1932-10-25",326,
"1932-10-26",322,
"1932-10-27",326,
"1932-10-28",326,
"1932-10-29",326,
"1932-10-30",326,
"1932-10-31",322,
"1932-11-01",316,
"1932-11-02",311,
"1932-11-03",315,
"1932-11-04",318,
"1932-11-05",322,
"1932-11-06",318,
"1932-11-07",318,
"1932-11-08",322,
"1932-11-09",322,
"1932-11-10",322,
"1932-11-11",318,
"1932-11-12",318,
"1932-11-13",315,
"1932-11-14",318,
"1932-11-15",315,
"1932-11-16",315,
"1932-11-17",311,
"1932-11-18",315,
"1932-11-19",311,
"1932-11-20",315,
"1932-11-21",315,
"1932-11-22",315,
"1932-11-23",315,
"1932-11-24",315,
"1932-11-25",315,
"1932-11-26",315,
"1932-11-27",315,
"1932-11-28",315,
"1932-11-29",315,
"1932-11-30",315,
"1932-12-01",315,
"1932-12-02",315,
"1932-12-03",315,
"1932-12-04",315,
"1932-12-05",315,
"1932-12-06",315,
"1932-12-07",315,
"1932-12-08",311,
"1932-12-09",315,
"1932-12-10",315,
"1932-12-11",320,
"1932-12-12",326,
"1932-12-13",322,
"1932-12-14",322,
"1932-12-15",326,
"1932-12-16",322,
"1932-12-17",322,
"1932-12-18",326,
"1932-12-19",322,
"1932-12-20",326,
"1932-12-21",326,
"1932-12-22",326,
"1932-12-23",326,
"1932-12-24",326,
"1932-12-25",326,
"1932-12-26",326,
"1932-12-27",320,
"1932-12-28",315,
"1932-12-29",318,
"1932-12-30",318,
"1932-12-31",318,
"1933-01-01",318,
"1933-01-02",318,
"1933-01-03",318,
"1933-01-04",318,
"1933-01-05",315,
"1933-01-06",315,
"1933-01-07",315,
"1933-01-08",315,
"1933-01-09",318,
"1933-01-10",315,
"1933-01-11",315,
"1933-01-12",311,
"1933-01-13",308,
"1933-01-14",308,
"1933-01-15",311,
"1933-01-16",311,
"1933-01-17",311,
"1933-01-18",311,
"1933-01-19",308,
"1933-01-20",308,
"1933-01-21",308,
"1933-01-22",304,
"1933-01-23",304,
"1933-01-24",304,
"1933-01-25",304,
"1933-01-26",308,
"1933-01-27",308,
"1933-01-28",311,
"1933-01-29",308,
"1933-01-30",308,
"1933-01-31",304,
"1933-02-01",304,
"1933-02-02",308,
"1933-02-03",311,
"1933-02-04",308,
"1933-02-05",304,
"1933-02-06",304,
"1933-02-07",304,
"1933-02-08",300,
"1933-02-09",297,
"1933-02-10",300,
"1933-02-11",300,
"1933-02-12",300,
"1933-02-13",297,
"1933-02-14",297,
"1933-02-15",297,
"1933-02-16",294,
"1933-02-17",294,
"1933-02-18",290,
"1933-02-19",290,
"1933-02-20",294,
"1933-02-21",294,
"1933-02-22",294,
"1933-02-23",297,
"1933-02-24",300,
"1933-02-25",297,
"1933-02-26",297,
"1933-02-27",297,
"1933-02-28",300,
"1933-03-01",304,
"1933-03-02",300,
"1933-03-03",304,
"1933-03-04",300,
"1933-03-05",302,
"1933-03-06",304,
"1933-03-07",308,
"1933-03-08",308,
"1933-03-09",308,
"1933-03-10",308,
"1933-03-11",308,
"1933-03-12",308,
"1933-03-13",308,
"1933-03-14",311,
"1933-03-15",315,
"1933-03-16",311,
"1933-03-17",315,
"1933-03-18",311,
"1933-03-19",311,
"1933-03-20",308,
"1933-03-21",308,
"1933-03-22",308,
"1933-03-23",311,
"1933-03-24",315,
"1933-03-25",311,
"1933-03-26",311,
"1933-03-27",315,
"1933-03-28",315,
"1933-03-29",315,
"1933-03-30",315,
"1933-03-31",318,
"1933-04-01",322,
"1933-04-02",322,
"1933-04-03",322,
"1933-04-04",326,
"1933-04-05",329,
"1933-04-06",334,
"1933-04-07",340,
"1933-04-08",336,
"1933-04-09",336,
"1933-04-10",333,
"1933-04-11",336,
"1933-04-12",340,
"1933-04-13",344,
"1933-04-14",347,
"1933-04-15",351,
"1933-04-16",347,
"1933-04-17",347,
"1933-04-18",351,
"1933-04-19",347,
"1933-04-20",351,
"1933-04-21",354,
"1933-04-22",347,
"1933-04-23",344,
"1933-04-24",344,
"1933-04-25",347,
"1933-04-26",344,
"1933-04-27",340,
"1933-04-28",340,
"1933-04-29",340,
"1933-04-30",336,
"1933-05-01",336,
"1933-05-02",336,
"1933-05-03",336,
"1933-05-04",336,
"1933-05-05",336,
"1933-05-06",336,
"1933-05-07",333,
"1933-05-08",329,
"1933-05-09",331,
"1933-05-10",333,
"1933-05-11",333,
"1933-05-12",329,
"1933-05-13",329,
"1933-05-14",326,
"1933-05-15",326,
"1933-05-16",329,
"1933-05-17",325,
"1933-05-18",322,
"1933-05-19",326,
"1933-05-20",322,
"1933-05-21",322,
"1933-05-22",318,
"1933-05-23",322,
"1933-05-24",322,
"1933-05-25",317,
"1933-05-26",313,
"1933-05-27",308,
"1933-05-28",304,
"1933-05-29",300,
"1933-05-30",297,
"1933-05-31",300,
"1933-06-01",297,
"1933-06-02",300,
"1933-06-03",297,
"1933-06-04",297,
"1933-06-05",297,
"1933-06-06",298,
"1933-06-07",300,
"1933-06-08",297,
"1933-06-09",298,
"1933-06-10",300,
"1933-06-11",297,
"1933-06-12",300,
"1933-06-13",294,
"1933-06-14",292,
"1933-06-15",290,
"1933-06-16",290,
"1933-06-17",294,
"1933-06-18",297,
"1933-06-19",300,
"1933-06-20",304,
"1933-06-21",300,
"1933-06-22",304,
"1933-06-23",313,
"1933-06-24",322,
"1933-06-25",322,
"1933-06-26",326,
"1933-06-27",326,
"1933-06-28",322,
"1933-06-29",318,
"1933-06-30",323,
"1933-07-01",329,
"1933-07-02",329,
"1933-07-03",325,
"1933-07-04",322,
"1933-07-05",322,
"1933-07-06",322,
"1933-07-07",326,
"1933-07-08",322,
"1933-07-09",318,
"1933-07-10",318,
"1933-07-11",322,
"1933-07-12",316,
"1933-07-13",311,
"1933-07-14",314,
"1933-07-15",318,
"1933-07-16",318,
"1933-07-17",315,
"1933-07-18",315,
"1933-07-19",311,
"1933-07-20",308,
"1933-07-21",311,
"1933-07-22",311,
"1933-07-23",311,
"1933-07-24",314,
"1933-07-25",318,
"1933-07-26",315,
"1933-07-27",311,
"1933-07-28",310,
"1933-07-29",310,
"1933-07-30",309,
"1933-07-31",308,
"1933-08-01",304,
"1933-08-02",300,
"1933-08-03",300,
"1933-08-04",304,
"1933-08-05",300,
"1933-08-06",300,
"1933-08-07",300,
"1933-08-08",304,
"1933-08-09",308,
"1933-08-10",304,
"1933-08-11",306,
"1933-08-12",308,
"1933-08-13",308,
"1933-08-14",308,
"1933-08-15",304,
"1933-08-16",306,
"1933-08-17",308,
"1933-08-18",308,
"1933-08-19",308,
"1933-08-20",304,
"1933-08-21",308,
"1933-08-22",304,
"1933-08-23",304,
"1933-08-24",304,
"1933-08-25",304,
"1933-08-26",304,
"1933-08-27",304,
"1933-08-28",308,
"1933-08-29",308,
"1933-08-30",308,
"1933-08-31",313,
"1933-09-01",318,
"1933-09-02",315,
"1933-09-03",315,
"1933-09-04",311,
"1933-09-05",311,
"1933-09-06",315,
"1933-09-07",311,
"1933-09-08",315,
"1933-09-09",311,
"1933-09-10",311,
"1933-09-11",311,
"1933-09-12",315,
"1933-09-13",315,
"1933-09-14",315,
"1933-09-15",315,
"1933-09-16",315,
"1933-09-17",311,
"1933-09-18",311,
"1933-09-19",311,
"1933-09-20",311,
"1933-09-21",311,
"1933-09-22",311,
"1933-09-23",311,
"1933-09-24",308,
"1933-09-25",308,
"1933-09-26",308,
"1933-09-27",308,
"1933-09-28",308,
"1933-09-29",304,
"1933-09-30",304,
"1933-10-01",300,
"1933-10-02",300,
"1933-10-03",300,
"1933-10-04",297,
"1933-10-05",297,
"1933-10-06",297,
"1933-10-07",297,
"1933-10-08",293,
"1933-10-09",290,
"1933-10-10",290,
"1933-10-11",294,
"1933-10-12",294,
"1933-10-13",290,
"1933-10-14",286,
"1933-10-15",286,
"1933-10-16",286,
"1933-10-17",286,
"1933-10-18",286,
"1933-10-19",290,
"1933-10-20",292,
"1933-10-21",294,
"1933-10-22",290,
"1933-10-23",290,
"1933-10-24",290,
"1933-10-25",290,
"1933-10-26",290,
"1933-10-27",294,
"1933-10-28",290,
"1933-10-29",286,
"1933-10-30",290,
"1933-10-31",290,
"1933-11-01",294,
"1933-11-02",300,
"1933-11-03",297,
"1933-11-04",297,
"1933-11-05",294,
"1933-11-06",294,
"1933-11-07",297,
"1933-11-08",297,
"1933-11-09",297,
"1933-11-10",300,
"1933-11-11",297,
"1933-11-12",297,
"1933-11-13",297,
"1933-11-14",300,
"1933-11-15",300,
"1933-11-16",300,
"1933-11-17",300,
"1933-11-18",300,
"1933-11-19",300,
"1933-11-20",300,
"1933-11-21",300,
"1933-11-22",297,
"1933-11-23",297,
"1933-11-24",300,
"1933-11-25",300,
"1933-11-26",304,
"1933-11-27",304,
"1933-11-28",304,
"1933-11-29",304,
"1933-11-30",304,
"1933-12-01",308,
"1933-12-02",304,
"1933-12-03",304,
"1933-12-04",304,
"1933-12-05",304,
"1933-12-06",304,
"1933-12-07",304,
"1933-12-08",308,
"1933-12-09",304,
"1933-12-10",308,
"1933-12-11",308,
"1933-12-12",308,
"1933-12-13",308,
"1933-12-14",308,
"1933-12-15",308,
"1933-12-16",308,
"1933-12-17",308,
"1933-12-18",308,
"1933-12-19",308,
"1933-12-20",308,
"1933-12-21",311,
"1933-12-22",311,
"1933-12-23",308,
"1933-12-24",311,
"1933-12-25",308,
"1933-12-26",308,
"1933-12-27",308,
"1933-12-28",308,
"1933-12-29",309,
"1933-12-30",310,
"1933-12-31",311,
"1934-01-01",308,
"1934-01-02",315,
"1934-01-03",322,
"1934-01-04",329,
"1934-01-05",336,
"1934-01-06",344,
"1934-01-07",336,
"1934-01-08",336,
"1934-01-09",333,
"1934-01-10",333,
"1934-01-11",331,
"1934-01-12",329,
"1934-01-13",329,
"1934-01-14",326,
"1934-01-15",322,
"1934-01-16",324,
"1934-01-17",326,
"1934-01-18",321,
"1934-01-19",317,
"1934-01-20",312,
"1934-01-21",308,
"1934-01-22",304,
"1934-01-23",304,
"1934-01-24",304,
"1934-01-25",304,
"1934-01-26",304,
"1934-01-27",304,
"1934-01-28",304,
"1934-01-29",300,
"1934-01-30",300,
"1934-01-31",302,
"1934-02-01",304,
"1934-02-02",308,
"1934-02-03",304,
"1934-02-04",300,
"1934-02-05",300,
"1934-02-06",300,
"1934-02-07",300,
"1934-02-08",304,
"1934-02-09",307,
"1934-02-10",311,
"1934-02-11",308,
"1934-02-12",311,
"1934-02-13",308,
"1934-02-14",308,
"1934-02-15",308,
"1934-02-16",311,
"1934-02-17",308,
"1934-02-18",304,
"1934-02-19",304,
"1934-02-20",304,
"1934-02-21",304,
"1934-02-22",304,
"1934-02-23",304,
"1934-02-24",304,
"1934-02-25",304,
"1934-02-26",304,
"1934-02-27",304,
"1934-02-28",304,
"1934-03-01",313,
"1934-03-02",323,
"1934-03-03",333,
"1934-03-04",333,
"1934-03-05",333,
"1934-03-06",329,
"1934-03-07",330,
"1934-03-08",331,
"1934-03-09",332,
"1934-03-10",333,
"1934-03-11",333,
"1934-03-12",329,
"1934-03-13",333,
"1934-03-14",329,
"1934-03-15",329,
"1934-03-16",329,
"1934-03-17",328,
"1934-03-18",326,
"1934-03-19",326,
"1934-03-20",329,
"1934-03-21",326,
"1934-03-22",326,
"1934-03-23",326,
"1934-03-24",326,
"1934-03-25",322,
"1934-03-26",322,
"1934-03-27",327,
"1934-03-28",333,
"1934-03-29",333,
"1934-03-30",336,
"1934-03-31",332,
"1934-04-01",329,
"1934-04-02",329,
"1934-04-03",332,
"1934-04-04",336,
"1934-04-05",333,
"1934-04-06",332,
"1934-04-07",330,
"1934-04-08",329,
"1934-04-09",329,
"1934-04-10",329,
"1934-04-11",329,
"1934-04-12",329,
"1934-04-13",329,
"1934-04-14",331,
"1934-04-15",333,
"1934-04-16",329,
"1934-04-17",329,
"1934-04-18",333,
"1934-04-19",329,
"1934-04-20",331,
"1934-04-21",333,
"1934-04-22",329,
"1934-04-23",329,
"1934-04-24",329,
"1934-04-25",329,
"1934-04-26",329,
"1934-04-27",329,
"1934-04-28",329,
"1934-04-29",329,
"1934-04-30",332,
"1934-05-01",336,
"1934-05-02",336,
"1934-05-03",336,
"1934-05-04",333,
"1934-05-05",329,
"1934-05-06",329,
"1934-05-07",329,
"1934-05-08",329,
"1934-05-09",329,
"1934-05-10",329,
"1934-05-11",329,
"1934-05-12",326,
"1934-05-13",326,
"1934-05-14",329,
"1934-05-15",329,
"1934-05-16",329,
"1934-05-17",329,
"1934-05-18",329,
"1934-05-19",326,
"1934-05-20",329,
"1934-05-21",329,
"1934-05-22",326,
"1934-05-23",329,
"1934-05-24",325,
"1934-05-25",322,
"1934-05-26",318,
"1934-05-27",318,
"1934-05-28",322,
"1934-05-29",322,
"1934-05-30",322,
"1934-05-31",322,
"1934-06-01",322,
"1934-06-02",318,
"1934-06-03",322,
"1934-06-04",322,
"1934-06-05",318,
"1934-06-06",315,
"1934-06-07",318,
"1934-06-08",322,
"1934-06-09",318,
"1934-06-10",318,
"1934-06-11",322,
"1934-06-12",322,
"1934-06-13",326,
"1934-06-14",322,
"1934-06-15",318,
"1934-06-16",315,
"1934-06-17",318,
"1934-06-18",322,
"1934-06-19",325,
"1934-06-20",329,
"1934-06-21",326,
"1934-06-22",329,
"1934-06-23",333,
"1934-06-24",333,
"1934-06-25",333,
"1934-06-26",336,
"1934-06-27",333,
"1934-06-28",329,
"1934-06-29",330,
"1934-06-30",332,
"1934-07-01",333,
"1934-07-02",336,
"1934-07-03",333,
"1934-07-04",336,
"1934-07-05",340,
"1934-07-06",336,
"1934-07-07",336,
"1934-07-08",340,
"1934-07-09",340,
"1934-07-10",336,
"1934-07-11",333,
"1934-07-12",329,
"1934-07-13",333,
"1934-07-14",333,
"1934-07-15",333,
"1934-07-16",333,
"1934-07-17",333,
"1934-07-18",333,
"1934-07-19",333,
"1934-07-20",333,
"1934-07-21",333,
"1934-07-22",333,
"1934-07-23",333,
"1934-07-24",333,
"1934-07-25",333,
"1934-07-26",333,
"1934-07-27",333,
"1934-07-28",333,
"1934-07-29",331,
"1934-07-30",329,
"1934-07-31",329,
"1934-08-01",329,
"1934-08-02",329,
"1934-08-03",329,
"1934-08-04",329,
"1934-08-05",329,
"1934-08-06",329,
"1934-08-07",329,
"1934-08-08",329,
"1934-08-09",329,
"1934-08-10",329,
"1934-08-11",326,
"1934-08-12",326,
"1934-08-13",329,
"1934-08-14",329,
"1934-08-15",329,
"1934-08-16",329,
"1934-08-17",329,
"1934-08-18",329,
"1934-08-19",329,
"1934-08-20",325,
"1934-08-21",322,
"1934-08-22",322,
"1934-08-23",326,
"1934-08-24",322,
"1934-08-25",318,
"1934-08-26",318,
"1934-08-27",316,
"1934-08-28",315,
"1934-08-29",318,
"1934-08-30",315,
"1934-08-31",315,
"1934-09-01",311,
"1934-09-02",311,
"1934-09-03",311,
"1934-09-04",308,
"1934-09-05",304,
"1934-09-06",304,
"1934-09-07",300,
"1934-09-08",297,
"1934-09-09",297,
"1934-09-10",297,
"1934-09-11",297,
"1934-09-12",297,
"1934-09-13",294,
"1934-09-14",294,
"1934-09-15",294,
"1934-09-16",297,
"1934-09-17",297,
"1934-09-18",297,
"1934-09-19",294,
"1934-09-20",294,
"1934-09-21",292,
"1934-09-22",290,
"1934-09-23",294,
"1934-09-24",297,
"1934-09-25",294,
"1934-09-26",297,
"1934-09-27",297,
"1934-09-28",297,
"1934-09-29",294,
"1934-09-30",297,
"1934-10-01",300,
"1934-10-02",294,
"1934-10-03",300,
"1934-10-04",306,
"1934-10-05",312,
"1934-10-06",318,
"1934-10-07",315,
"1934-10-08",315,
"1934-10-09",315,
"1934-10-10",315,
"1934-10-11",315,
"1934-10-12",310,
"1934-10-13",305,
"1934-10-14",300,
"1934-10-15",309,
"1934-10-16",318,
"1934-10-17",309,
"1934-10-18",300,
"1934-10-19",302,
"1934-10-20",304,
"1934-10-21",304,
"1934-10-22",302,
"1934-10-23",300,
"1934-10-24",299,
"1934-10-25",297,
"1934-10-26",297,
"1934-10-27",297,
"1934-10-28",294,
"1934-10-29",290,
"1934-10-30",294,
"1934-10-31",290,
"1934-11-01",286,
"1934-11-02",286,
"1934-11-03",286,
"1934-11-04",286,
"1934-11-05",290,
"1934-11-06",286,
"1934-11-07",290,
"1934-11-08",290,
"1934-11-09",286,
"1934-11-10",283,
"1934-11-11",283,
"1934-11-12",283,
"1934-11-13",283,
"1934-11-14",283,
"1934-11-15",285,
"1934-11-16",288,
"1934-11-17",290,
"1934-11-18",290,
"1934-11-19",290,
"1934-11-20",286,
"1934-11-21",283,
"1934-11-22",283,
"1934-11-23",283,
"1934-11-24",286,
"1934-11-25",286,
"1934-11-26",286,
"1934-11-27",290,
"1934-11-28",286,
"1934-11-29",290,
"1934-11-30",286,
"1934-12-01",286,
"1934-12-02",283,
"1934-12-03",280,
"1934-12-04",283,
"1934-12-05",286,
"1934-12-06",286,
"1934-12-07",286,
"1934-12-08",283,
"1934-12-09",283,
"1934-12-10",286,
"1934-12-11",286,
"1934-12-12",286,
"1934-12-13",283,
"1934-12-14",283,
"1934-12-15",283,
"1934-12-16",283,
"1934-12-17",284,
"1934-12-18",286,
"1934-12-19",286,
"1934-12-20",283,
"1934-12-21",286,
"1934-12-22",283,
"1934-12-23",283,
"1934-12-24",283,
"1934-12-25",283,
"1934-12-26",286,
"1934-12-27",290,
"1934-12-28",293,
"1934-12-29",297,
"1934-12-30",294,
"1934-12-31",294,
"1935-01-01",290,
"1935-01-02",294,
"1935-01-03",294,
"1935-01-04",294,
"1935-01-05",290,
"1935-01-06",294,
"1935-01-07",297,
"1935-01-08",294,
"1935-01-09",294,
"1935-01-10",294,
"1935-01-11",294,
"1935-01-12",294,
"1935-01-13",294,
"1935-01-14",294,
"1935-01-15",294,
"1935-01-16",290,
"1935-01-17",294,
"1935-01-18",297,
"1935-01-19",294,
"1935-01-20",294,
"1935-01-21",297,
"1935-01-22",297,
"1935-01-23",297,
"1935-01-24",297,
"1935-01-25",300,
"1935-01-26",300,
"1935-01-27",300,
"1935-01-28",300,
"1935-01-29",304,
"1935-01-30",307,
"1935-01-31",311,
"1935-02-01",311,
"1935-02-02",304,
"1935-02-03",297,
"1935-02-04",294,
"1935-02-05",290,
"1935-02-06",290,
"1935-02-07",292,
"1935-02-08",294,
"1935-02-09",294,
"1935-02-10",297,
"1935-02-11",300,
"1935-02-12",299,
"1935-02-13",298,
"1935-02-14",297,
"1935-02-15",293,
"1935-02-16",290,
"1935-02-17",290,
"1935-02-18",294,
"1935-02-19",294,
"1935-02-20",294,
"1935-02-21",294,
"1935-02-22",294,
"1935-02-23",294,
"1935-02-24",294,
"1935-02-25",294,
"1935-02-26",294,
"1935-02-27",294,
"1935-02-28",294,
"1935-03-01",300,
"1935-03-02",300,
"1935-03-03",300,
"1935-03-04",300,
"1935-03-05",300,
"1935-03-06",300,
"1935-03-07",294,
"1935-03-08",297,
"1935-03-09",297,
"1935-03-10",297,
"1935-03-11",293,
"1935-03-12",290,
"1935-03-13",290,
"1935-03-14",286,
"1935-03-15",290,
"1935-03-16",290,
"1935-03-17",290,
"1935-03-18",290,
"1935-03-19",294,
"1935-03-20",294,
"1935-03-21",294,
"1935-03-22",294,
"1935-03-23",294,
"1935-03-24",290,
"1935-03-25",290,
"1935-03-26",290,
"1935-03-27",290,
"1935-03-28",290,
"1935-03-29",290,
"1935-03-30",294,
"1935-03-31",290,
"1935-04-01",290,
"1935-04-02",294,
"1935-04-03",299,
"1935-04-04",304,
"1935-04-05",300,
"1935-04-06",300,
"1935-04-07",300,
"1935-04-08",297,
"1935-04-09",300,
"1935-04-10",300,
"1935-04-11",297,
"1935-04-12",297,
"1935-04-13",297,
"1935-04-14",297,
"1935-04-15",300,
"1935-04-16",300,
"1935-04-17",304,
"1935-04-18",308,
"1935-04-19",306,
"1935-04-20",304,
"1935-04-21",300,
"1935-04-22",300,
"1935-04-23",300,
"1935-04-24",300,
"1935-04-25",300,
"1935-04-26",300,
"1935-04-27",300,
"1935-04-28",297,
"1935-04-29",298,
"1935-04-30",300,
"1935-05-01",300,
"1935-05-02",304,
"1935-05-03",308,
"1935-05-04",307,
"1935-05-05",306,
"1935-05-06",305,
"1935-05-07",304,
"1935-05-08",300,
"1935-05-09",300,
"1935-05-10",304,
"1935-05-11",308,
"1935-05-12",308,
"1935-05-13",304,
"1935-05-14",304,
"1935-05-15",305,
"1935-05-16",307,
"1935-05-17",308,
"1935-05-18",309,
"1935-05-19",309,
"1935-05-20",310,
"1935-05-21",310,
"1935-05-22",311,
"1935-05-23",310,
"1935-05-24",308,
"1935-05-25",311,
"1935-05-26",308,
"1935-05-27",304,
"1935-05-28",313,
"1935-05-29",323,
"1935-05-30",333,
"1935-05-31",333,
"1935-06-01",329,
"1935-06-02",322,
"1935-06-03",318,
"1935-06-04",318,
"1935-06-05",321,
"1935-06-06",323,
"1935-06-07",326,
"1935-06-08",322,
"1935-06-09",322,
"1935-06-10",326,
"1935-06-11",328,
"1935-06-12",331,
"1935-06-13",333,
"1935-06-14",335,
"1935-06-15",338,
"1935-06-16",340,
"1935-06-17",342,
"1935-06-18",345,
"1935-06-19",347,
"1935-06-20",347,
"1935-06-21",347,
"1935-06-22",341,
"1935-06-23",336,
"1935-06-24",336,
"1935-06-25",336,
"1935-06-26",336,
"1935-06-27",336,
"1935-06-28",336,
"1935-06-29",336,
"1935-06-30",336,
"1935-07-01",336,
"1935-07-02",338,
"1935-07-03",340,
"1935-07-04",340,
"1935-07-05",340,
"1935-07-06",340,
"1935-07-07",336,
"1935-07-08",336,
"1935-07-09",336,
"1935-07-10",336,
"1935-07-11",336,
"1935-07-12",336,
"1935-07-13",336,
"1935-07-14",336,
"1935-07-15",336,
"1935-07-16",340,
"1935-07-17",344,
"1935-07-18",349,
"1935-07-19",354,
"1935-07-20",351,
"1935-07-21",347,
"1935-07-22",354,
"1935-07-23",347,
"1935-07-24",343,
"1935-07-25",340,
"1935-07-26",336,
"1935-07-27",336,
"1935-07-28",336,
"1935-07-29",340,
"1935-07-30",344,
"1935-07-31",344,
"1935-08-01",340,
"1935-08-02",344,
"1935-08-03",344,
"1935-08-04",344,
"1935-08-05",344,
"1935-08-06",344,
"1935-08-07",340,
"1935-08-08",340,
"1935-08-09",344,
"1935-08-10",344,
"1935-08-11",340,
"1935-08-12",340,
"1935-08-13",340,
"1935-08-14",340,
"1935-08-15",340,
"1935-08-16",336,
"1935-08-17",336,
"1935-08-18",336,
"1935-08-19",336,
"1935-08-20",341,
"1935-08-21",347,
"1935-08-22",344,
"1935-08-23",347,
"1935-08-24",347,
"1935-08-25",347,
"1935-08-26",344,
"1935-08-27",342,
"1935-08-28",340,
"1935-08-29",336,
"1935-08-30",336,
"1935-08-31",336,
"1935-09-01",336,
"1935-09-02",336,
"1935-09-03",340,
"1935-09-04",344,
"1935-09-05",340,
"1935-09-06",347,
"1935-09-07",354,
"1935-09-08",351,
"1935-09-09",348,
"1935-09-10",345,
"1935-09-11",339,
"1935-09-12",333,
"1935-09-13",333,
"1935-09-14",329,
"1935-09-15",326,
"1935-09-16",329,
"1935-09-17",329,
"1935-09-18",333,
"1935-09-19",336,
"1935-09-20",340,
"1935-09-21",344,
"1935-09-22",340,
"1935-09-23",340,
"1935-09-24",340,
"1935-09-25",338,
"1935-09-26",336,
"1935-09-27",333,
"1935-09-28",331,
"1935-09-29",329,
"1935-09-30",329,
"1935-10-01",329,
"1935-10-02",333,
"1935-10-03",333,
"1935-10-04",338,
"1935-10-05",344,
"1935-10-06",344,
"1935-10-07",340,
"1935-10-08",340,
"1935-10-09",340,
"1935-10-10",344,
"1935-10-11",340,
"1935-10-12",340,
"1935-10-13",340,
"1935-10-14",336,
"1935-10-15",338,
"1935-10-16",340,
"1935-10-17",336,
"1935-10-18",331,
"1935-10-19",327,
"1935-10-20",322,
"1935-10-21",326,
"1935-10-22",334,
"1935-10-23",342,
"1935-10-24",351,
"1935-10-25",354,
"1935-10-26",358,
"1935-10-27",358,
"1935-10-28",358,
"1935-10-29",354,
"1935-10-30",354,
"1935-10-31",358,
"1935-11-01",351,
"1935-11-02",358,
"1935-11-03",358,
"1935-11-04",358,
"1935-11-05",354,
"1935-11-06",354,
"1935-11-07",354,
"1935-11-08",354,
"1935-11-09",354,
"1935-11-10",354,
"1935-11-11",354,
"1935-11-12",354,
"1935-11-13",354,
"1935-11-14",354,
"1935-11-15",354,
"1935-11-16",354,
"1935-11-17",354,
"1935-11-18",354,
"1935-11-19",354,
"1935-11-20",354,
"1935-11-21",354,
"1935-11-22",354,
"1935-11-23",358,
"1935-11-24",354,
"1935-11-25",354,
"1935-11-26",354,
"1935-11-27",358,
"1935-11-28",358,
"1935-11-29",358,
"1935-11-30",358,
"1935-12-01",362,
"1935-12-02",362,
"1935-12-03",362,
"1935-12-04",362,
"1935-12-05",365,
"1935-12-06",372,
"1935-12-07",372,
"1935-12-08",372,
"1935-12-09",369,
"1935-12-10",365,
"1935-12-11",370,
"1935-12-12",376,
"1935-12-13",372,
"1935-12-14",369,
"1935-12-15",369,
"1935-12-16",372,
"1935-12-17",376,
"1935-12-18",372,
"1935-12-19",376,
"1935-12-20",369,
"1935-12-21",372,
"1935-12-22",372,
"1935-12-23",372,
"1935-12-24",372,
"1935-12-25",369,
"1935-12-26",369,
"1935-12-27",372,
"1935-12-28",372,
"1935-12-29",369,
"1935-12-30",372,
"1935-12-31",372,
"1936-01-01",376,
"1936-01-02",372,
"1936-01-03",376,
"1936-01-04",372,
"1936-01-05",372,
"1936-01-06",372,
"1936-01-07",372,
"1936-01-08",372,
"1936-01-09",369,
"1936-01-10",372,
"1936-01-11",376,
"1936-01-12",376,
"1936-01-13",372,
"1936-01-14",376,
"1936-01-15",376,
"1936-01-16",376,
"1936-01-17",376,
"1936-01-18",376,
"1936-01-19",376,
"1936-01-20",376,
"1936-01-21",380,
"1936-01-22",376,
"1936-01-23",376,
"1936-01-24",376,
"1936-01-25",376,
"1936-01-26",376,
"1936-01-27",376,
"1936-01-28",376,
"1936-01-29",376,
"1936-01-30",376,
"1936-01-31",376,
"1936-02-01",376,
"1936-02-02",376,
"1936-02-03",376,
"1936-02-04",376,
"1936-02-05",376,
"1936-02-06",372,
"1936-02-07",372,
"1936-02-08",372,
"1936-02-09",369,
"1936-02-10",369,
"1936-02-11",372,
"1936-02-12",369,
"1936-02-13",369,
"1936-02-14",369,
"1936-02-15",369,
"1936-02-16",369,
"1936-02-17",362,
"1936-02-18",362,
"1936-02-19",365,
"1936-02-20",365,
"1936-02-21",365,
"1936-02-22",365,
"1936-02-23",365,
"1936-02-24",365,
"1936-02-25",369,
"1936-02-26",365,
"1936-02-27",362,
"1936-02-28",369,
"1936-02-29",369,
"1936-03-01",362,
"1936-03-02",364,
"1936-03-03",367,
"1936-03-04",369,
"1936-03-05",365,
"1936-03-06",359,
"1936-03-07",354,
"1936-03-08",358,
"1936-03-09",358,
"1936-03-10",362,
"1936-03-11",358,
"1936-03-12",358,
"1936-03-13",358,
"1936-03-14",358,
"1936-03-15",358,
"1936-03-16",354,
"1936-03-17",354,
"1936-03-18",354,
"1936-03-19",354,
"1936-03-20",358,
"1936-03-21",351,
"1936-03-22",354,
"1936-03-23",351,
"1936-03-24",354,
"1936-03-25",354,
"1936-03-26",351,
"1936-03-27",351,
"1936-03-28",351,
"1936-03-29",347,
"1936-03-30",351,
"1936-03-31",351,
"1936-04-01",347,
"1936-04-02",347,
"1936-04-03",347,
"1936-04-04",344,
"1936-04-05",340,
"1936-04-06",340,
"1936-04-07",340,
"1936-04-08",340,
"1936-04-09",336,
"1936-04-10",334,
"1936-04-11",333,
"1936-04-12",333,
"1936-04-13",336,
"1936-04-14",333,
"1936-04-15",336,
"1936-04-16",331,
"1936-04-17",326,
"1936-04-18",329,
"1936-04-19",329,
"1936-04-20",326,
"1936-04-21",328,
"1936-04-22",329,
"1936-04-23",326,
"1936-04-24",326,
"1936-04-25",326,
"1936-04-26",326,
"1936-04-27",329,
"1936-04-28",333,
"1936-04-29",329,
"1936-04-30",326,
"1936-05-01",326,
"1936-05-02",324,
"1936-05-03",322,
"1936-05-04",326,
"1936-05-05",326,
"1936-05-06",326,
"1936-05-07",326,
"1936-05-08",322,
"1936-05-09",322,
"1936-05-10",322,
"1936-05-11",322,
"1936-05-12",322,
"1936-05-13",326,
"1936-05-14",322,
"1936-05-15",322,
"1936-05-16",326,
"1936-05-17",322,
"1936-05-18",326,
"1936-05-19",326,
"1936-05-20",331,
"1936-05-21",336,
"1936-05-22",340,
"1936-05-23",347,
"1936-05-24",354,
"1936-05-25",361,
"1936-05-26",368,
"1936-05-27",375,
"1936-05-28",383,
"1936-05-29",390,
"1936-05-30",398,
"1936-05-31",398,
"1936-06-01",398,
"1936-06-02",392,
"1936-06-03",387,
"1936-06-04",380,
"1936-06-05",383,
"1936-06-06",383,
"1936-06-07",383,
"1936-06-08",380,
"1936-06-09",380,
"1936-06-10",383,
"1936-06-11",380,
"1936-06-12",383,
"1936-06-13",383,
"1936-06-14",383,
"1936-06-15",387,
"1936-06-16",387,
"1936-06-17",394,
"1936-06-18",387,
"1936-06-19",390,
"1936-06-20",387,
"1936-06-21",390,
"1936-06-22",390,
"1936-06-23",390,
"1936-06-24",390,
"1936-06-25",387,
"1936-06-26",390,
"1936-06-27",390,
"1936-06-28",394,
"1936-06-29",394,
"1936-06-30",395,
"1936-07-01",396,
"1936-07-02",397,
"1936-07-03",398,
"1936-07-04",388,
"1936-07-05",378,
"1936-07-06",369,
"1936-07-07",365,
"1936-07-08",365,
"1936-07-09",361,
"1936-07-10",358,
"1936-07-11",354,
"1936-07-12",359,
"1936-07-13",365,
"1936-07-14",358,
"1936-07-15",358,
"1936-07-16",358,
"1936-07-17",365,
"1936-07-18",358,
"1936-07-19",358,
"1936-07-20",365,
"1936-07-21",365,
"1936-07-22",358,
"1936-07-23",365,
"1936-07-24",361,
"1936-07-25",358,
"1936-07-26",362,
"1936-07-27",362,
"1936-07-28",358,
"1936-07-29",362,
"1936-07-30",362,
"1936-07-31",362,
"1936-08-01",358,
"1936-08-02",358,
"1936-08-03",358,
"1936-08-04",358,
"1936-08-05",354,
"1936-08-06",358,
"1936-08-07",365,
"1936-08-08",359,
"1936-08-09",354,
"1936-08-10",358,
"1936-08-11",354,
"1936-08-12",354,
"1936-08-13",354,
"1936-08-14",354,
"1936-08-15",354,
"1936-08-16",351,
"1936-08-17",354,
"1936-08-18",358,
"1936-08-19",358,
"1936-08-20",354,
"1936-08-21",358,
"1936-08-22",354,
"1936-08-23",358,
"1936-08-24",358,
"1936-08-25",365,
"1936-08-26",372,
"1936-08-27",365,
"1936-08-28",365,
"1936-08-29",358,
"1936-08-30",360,
"1936-08-31",362,
"1936-09-01",365,
"1936-09-02",362,
"1936-09-03",362,
"1936-09-04",358,
"1936-09-05",354,
"1936-09-06",358,
"1936-09-07",358,
"1936-09-08",358,
"1936-09-09",354,
"1936-09-10",354,
"1936-09-11",354,
"1936-09-12",351,
"1936-09-13",354,
"1936-09-14",358,
"1936-09-15",362,
"1936-09-16",369,
"1936-09-17",369,
"1936-09-18",369,
"1936-09-19",369,
"1936-09-20",369,
"1936-09-21",369,
"1936-09-22",362,
"1936-09-23",369,
"1936-09-24",369,
"1936-09-25",365,
"1936-09-26",365,
"1936-09-27",372,
"1936-09-28",379,
"1936-09-29",387,
"1936-09-30",387,
"1936-10-01",383,
"1936-10-02",380,
"1936-10-03",376,
"1936-10-04",376,
"1936-10-05",376,
"1936-10-06",369,
"1936-10-07",369,
"1936-10-08",369,
"1936-10-09",369,
"1936-10-10",365,
"1936-10-11",365,
"1936-10-12",369,
"1936-10-13",369,
"1936-10-14",362,
"1936-10-15",365,
"1936-10-16",362,
"1936-10-17",362,
"1936-10-18",362,
"1936-10-19",358,
"1936-10-20",358,
"1936-10-21",358,
"1936-10-22",354,
"1936-10-23",358,
"1936-10-24",362,
"1936-10-25",362,
"1936-10-26",358,
"1936-10-27",362,
"1936-10-28",362,
"1936-10-29",358,
"1936-10-30",362,
"1936-10-31",362,
"1936-11-01",362,
"1936-11-02",362,
"1936-11-03",362,
"1936-11-04",358,
"1936-11-05",362,
"1936-11-06",362,
"1936-11-07",358,
"1936-11-08",358,
"1936-11-09",362,
"1936-11-10",365,
"1936-11-11",362,
"1936-11-12",362,
"1936-11-13",362,
"1936-11-14",362,
"1936-11-15",362,
"1936-11-16",358,
"1936-11-17",362,
"1936-11-18",362,
"1936-11-19",358,
"1936-11-20",358,
"1936-11-21",358,
"1936-11-22",358,
"1936-11-23",358,
"1936-11-24",362,
"1936-11-25",358,
"1936-11-26",362,
"1936-11-27",362,
"1936-11-28",362,
"1936-11-29",365,
"1936-11-30",358,
"1936-12-01",362,
"1936-12-02",358,
"1936-12-03",358,
"1936-12-04",354,
"1936-12-05",358,
"1936-12-06",358,
"1936-12-07",358,
"1936-12-08",358,
"1936-12-09",354,
"1936-12-10",354,
"1936-12-11",354,
"1936-12-12",354,
"1936-12-13",354,
"1936-12-14",354,
"1936-12-15",351,
"1936-12-16",351,
"1936-12-17",354,
"1936-12-18",351,
"1936-12-19",351,
"1936-12-20",351,
"1936-12-21",351,
"1936-12-22",354,
"1936-12-23",351,
"1936-12-24",351,
"1936-12-25",351,
"1936-12-26",354,
"1936-12-27",354,
"1936-12-28",351,
"1936-12-29",354,
"1936-12-30",351,
"1936-12-31",351,
"1937-01-01",351,
"1937-01-02",347,
"1937-01-03",347,
"1937-01-04",347,
"1937-01-05",351,
"1937-01-06",351,
"1937-01-07",351,
"1937-01-08",351,
"1937-01-09",347,
"1937-01-10",347,
"1937-01-11",347,
"1937-01-12",347,
"1937-01-13",354,
"1937-01-14",350,
"1937-01-15",347,
"1937-01-16",347,
"1937-01-17",347,
"1937-01-18",344,
"1937-01-19",344,
"1937-01-20",344,
"1937-01-21",344,
"1937-01-22",344,
"1937-01-23",347,
"1937-01-24",351,
"1937-01-25",351,
"1937-01-26",351,
"1937-01-27",351,
"1937-01-28",347,
"1937-01-29",347,
"1937-01-30",347,
"1937-01-31",351,
"1937-02-01",347,
"1937-02-02",351,
"1937-02-03",351,
"1937-02-04",351,
"1937-02-05",351,
"1937-02-06",351,
"1937-02-07",351,
"1937-02-08",351,
"1937-02-09",351,
"1937-02-10",351,
"1937-02-11",351,
"1937-02-12",351,
"1937-02-13",351,
"1937-02-14",347,
"1937-02-15",351,
"1937-02-16",351,
"1937-02-17",351,
"1937-02-18",351,
"1937-02-19",351,
"1937-02-20",351,
"1937-02-21",351,
"1937-02-22",351,
"1937-02-23",351,
"1937-02-24",351,
"1937-02-25",351,
"1937-02-26",351,
"1937-02-27",351,
"1937-02-28",351,
"1937-03-01",358,
"1937-03-02",362,
"1937-03-03",362,
"1937-03-04",365,
"1937-03-05",366,
"1937-03-06",368,
"1937-03-07",369,
"1937-03-08",362,
"1937-03-09",365,
"1937-03-10",362,
"1937-03-11",362,
"1937-03-12",362,
"1937-03-13",362,
"1937-03-14",362,
"1937-03-15",362,
"1937-03-16",362,
"1937-03-17",358,
"1937-03-18",358,
"1937-03-19",362,
"1937-03-20",362,
"1937-03-21",362,
"1937-03-22",362,
"1937-03-23",362,
"1937-03-24",365,
"1937-03-25",369,
"1937-03-26",365,
"1937-03-27",365,
"1937-03-28",365,
"1937-03-29",362,
"1937-03-30",365,
"1937-03-31",369,
"1937-04-01",369,
"1937-04-02",369,
"1937-04-03",369,
"1937-04-04",369,
"1937-04-05",369,
"1937-04-06",369,
"1937-04-07",369,
"1937-04-08",369,
"1937-04-09",372,
"1937-04-10",372,
"1937-04-11",372,
"1937-04-12",376,
"1937-04-13",372,
"1937-04-14",376,
"1937-04-15",376,
"1937-04-16",376,
"1937-04-17",376,
"1937-04-18",372,
"1937-04-19",369,
"1937-04-20",376,
"1937-04-21",383,
"1937-04-22",383,
"1937-04-23",383,
"1937-04-24",380,
"1937-04-25",376,
"1937-04-26",376,
"1937-04-27",380,
"1937-04-28",383,
"1937-04-29",383,
"1937-04-30",387,
"1937-05-01",387,
"1937-05-02",380,
"1937-05-03",380,
"1937-05-04",380,
"1937-05-05",380,
"1937-05-06",376,
"1937-05-07",372,
"1937-05-08",372,
"1937-05-09",369,
"1937-05-10",362,
"1937-05-11",365,
"1937-05-12",362,
"1937-05-13",362,
"1937-05-14",362,
"1937-05-15",362,
"1937-05-16",358,
"1937-05-17",362,
"1937-05-18",362,
"1937-05-19",358,
"1937-05-20",354,
"1937-05-21",358,
"1937-05-22",358,
"1937-05-23",358,
"1937-05-24",358,
"1937-05-25",358,
"1937-05-26",351,
"1937-05-27",358,
"1937-05-28",358,
"1937-05-29",358,
"1937-05-30",358,
"1937-05-31",374,
"1937-06-01",390,
"1937-06-02",391,
"1937-06-03",393,
"1937-06-04",394,
"1937-06-05",395,
"1937-06-06",397,
"1937-06-07",398,
"1937-06-08",398,
"1937-06-09",391,
"1937-06-10",383,
"1937-06-11",376,
"1937-06-12",376,
"1937-06-13",380,
"1937-06-14",376,
"1937-06-15",370,
"1937-06-16",365,
"1937-06-17",370,
"1937-06-18",376,
"1937-06-19",372,
"1937-06-20",372,
"1937-06-21",369,
"1937-06-22",372,
"1937-06-23",372,
"1937-06-24",372,
"1937-06-25",369,
"1937-06-26",369,
"1937-06-27",365,
"1937-06-28",369,
"1937-06-29",369,
"1937-06-30",369,
"1937-07-01",365,
"1937-07-02",369,
"1937-07-03",365,
"1937-07-04",369,
"1937-07-05",365,
"1937-07-06",365,
"1937-07-07",365,
"1937-07-08",362,
"1937-07-09",362,
"1937-07-10",362,
"1937-07-11",362,
"1937-07-12",362,
"1937-07-13",362,
"1937-07-14",362,
"1937-07-15",358,
"1937-07-16",358,
"1937-07-17",362,
"1937-07-18",362,
"1937-07-19",358,
"1937-07-20",358,
"1937-07-21",358,
"1937-07-22",351,
"1937-07-23",354,
"1937-07-24",354,
"1937-07-25",358,
"1937-07-26",354,
"1937-07-27",354,
"1937-07-28",354,
"1937-07-29",351,
"1937-07-30",351,
"1937-07-31",351,
"1937-08-01",351,
"1937-08-02",347,
"1937-08-03",351,
"1937-08-04",351,
"1937-08-05",344,
"1937-08-06",347,
"1937-08-07",344,
"1937-08-08",344,
"1937-08-09",340,
"1937-08-10",340,
"1937-08-11",340,
"1937-08-12",340,
"1937-08-13",340,
"1937-08-14",336,
"1937-08-15",336,
"1937-08-16",338,
"1937-08-17",340,
"1937-08-18",340,
"1937-08-19",336,
"1937-08-20",336,
"1937-08-21",336,
"1937-08-22",333,
"1937-08-23",333,
"1937-08-24",336,
"1937-08-25",340,
"1937-08-26",344,
"1937-08-27",344,
"1937-08-28",340,
"1937-08-29",340,
"1937-08-30",336,
"1937-08-31",333,
"1937-09-01",336,
"1937-09-02",336,
"1937-09-03",336,
"1937-09-04",336,
"1937-09-05",336,
"1937-09-06",336,
"1937-09-07",336,
"1937-09-08",336,
"1937-09-09",336,
"1937-09-10",336,
"1937-09-11",333,
"1937-09-12",333,
"1937-09-13",333,
"1937-09-14",336,
"1937-09-15",340,
"1937-09-16",344,
"1937-09-17",344,
"1937-09-18",340,
"1937-09-19",340,
"1937-09-20",340,
"1937-09-21",340,
"1937-09-22",340,
"1937-09-23",340,
"1937-09-24",340,
"1937-09-25",340,
"1937-09-26",336,
"1937-09-27",336,
"1937-09-28",336,
"1937-09-29",333,
"1937-09-30",329,
"1937-10-01",326,
"1937-10-02",322,
"1937-10-03",322,
"1937-10-04",322,
"1937-10-05",322,
"1937-10-06",322,
"1937-10-07",322,
"1937-10-08",318,
"1937-10-09",322,
"1937-10-10",322,
"1937-10-11",322,
"1937-10-12",318,
"1937-10-13",322,
"1937-10-14",318,
"1937-10-15",318,
"1937-10-16",318,
"1937-10-17",322,
"1937-10-18",322,
"1937-10-19",318,
"1937-10-20",315,
"1937-10-21",315,
"1937-10-22",315,
"1937-10-23",315,
"1937-10-24",315,
"1937-10-25",315,
"1937-10-26",318,
"1937-10-27",318,
"1937-10-28",318,
"1937-10-29",318,
"1937-10-30",318,
"1937-10-31",318,
"1937-11-01",318,
"1937-11-02",322,
"1937-11-03",322,
"1937-11-04",322,
"1937-11-05",322,
"1937-11-06",322,
"1937-11-07",318,
"1937-11-08",318,
"1937-11-09",318,
"1937-11-10",318,
"1937-11-11",318,
"1937-11-12",315,
"1937-11-13",315,
"1937-11-14",311,
"1937-11-15",311,
"1937-11-16",311,
"1937-11-17",315,
"1937-11-18",311,
"1937-11-19",307,
"1937-11-20",304,
"1937-11-21",304,
"1937-11-22",308,
"1937-11-23",308,
"1937-11-24",311,
"1937-11-25",311,
"1937-11-26",311,
"1937-11-27",311,
"1937-11-28",315,
"1937-11-29",318,
"1937-11-30",318,
"1937-12-01",322,
"1937-12-02",322,
"1937-12-03",322,
"1937-12-04",322,
"1937-12-05",326,
"1937-12-06",322,
"1937-12-07",322,
"1937-12-08",322,
"1937-12-09",318,
"1937-12-10",318,
"1937-12-11",318,
"1937-12-12",318,
"1937-12-13",318,
"1937-12-14",327,
"1937-12-15",336,
"1937-12-16",332,
"1937-12-17",329,
"1937-12-18",326,
"1937-12-19",326,
"1937-12-20",326,
"1937-12-21",322,
"1937-12-22",326,
"1937-12-23",322,
"1937-12-24",322,
"1937-12-25",322,
"1937-12-26",322,
"1937-12-27",322,
"1937-12-28",322,
"1937-12-29",323,
"1937-12-30",324,
"1937-12-31",325,
"1938-01-01",326,
"1938-01-02",326,
"1938-01-03",326,
"1938-01-04",326,
"1938-01-05",329,
"1938-01-06",326,
"1938-01-07",322,
"1938-01-08",326,
"1938-01-09",326,
"1938-01-10",329,
"1938-01-11",329,
"1938-01-12",326,
"1938-01-13",329,
"1938-01-14",333,
"1938-01-15",333,
"1938-01-16",327,
"1938-01-17",321,
"1938-01-18",315,
"1938-01-19",315,
"1938-01-20",315,
"1938-01-21",311,
"1938-01-22",311,
"1938-01-23",317,
"1938-01-24",323,
"1938-01-25",329,
"1938-01-26",330,
"1938-01-27",332,
"1938-01-28",333,
"1938-01-29",336,
"1938-01-30",332,
"1938-01-31",329,
"1938-02-01",329,
"1938-02-02",329,
"1938-02-03",329,
"1938-02-04",328,
"1938-02-05",326,
"1938-02-06",326,
"1938-02-07",326,
"1938-02-08",329,
"1938-02-09",326,
"1938-02-10",326,
"1938-02-11",326,
"1938-02-12",326,
"1938-02-13",326,
"1938-02-14",329,
"1938-02-15",329,
"1938-02-16",333,
"1938-02-17",336,
"1938-02-18",333,
"1938-02-19",329,
"1938-02-20",333,
"1938-02-21",329,
"1938-02-22",329,
"1938-02-23",333,
"1938-02-24",329,
"1938-02-25",333,
"1938-02-26",333,
"1938-02-27",333,
"1938-02-28",333,
"1938-03-01",333,
"1938-03-02",333,
"1938-03-03",333,
"1938-03-04",329,
"1938-03-05",329,
"1938-03-06",326,
"1938-03-07",326,
"1938-03-08",329,
"1938-03-09",329,
"1938-03-10",329,
"1938-03-11",329,
"1938-03-12",329,
"1938-03-13",329,
"1938-03-14",329,
"1938-03-15",329,
"1938-03-16",329,
"1938-03-17",326,
"1938-03-18",326,
"1938-03-19",322,
"1938-03-20",322,
"1938-03-21",326,
"1938-03-22",329,
"1938-03-23",329,
"1938-03-24",333,
"1938-03-25",333,
"1938-03-26",329,
"1938-03-27",333,
"1938-03-28",336,
"1938-03-29",333,
"1938-03-30",333,
"1938-03-31",336,
"1938-04-01",333,
"1938-04-02",333,
"1938-04-03",329,
"1938-04-04",329,
"1938-04-05",333,
"1938-04-06",333,
"1938-04-07",338,
"1938-04-08",344,
"1938-04-09",340,
"1938-04-10",336,
"1938-04-11",333,
"1938-04-12",338,
"1938-04-13",344,
"1938-04-14",347,
"1938-04-15",341,
"1938-04-16",336,
"1938-04-17",341,
"1938-04-18",347,
"1938-04-19",344,
"1938-04-20",340,
"1938-04-21",336,
"1938-04-22",336,
"1938-04-23",336,
"1938-04-24",345,
"1938-04-25",355,
"1938-04-26",365,
"1938-04-27",366,
"1938-04-28",367,
"1938-04-29",368,
"1938-04-30",369,
"1938-05-01",365,
"1938-05-02",358,
"1938-05-03",354,
"1938-05-04",358,
"1938-05-05",362,
"1938-05-06",358,
"1938-05-07",359,
"1938-05-08",361,
"1938-05-09",362,
"1938-05-10",365,
"1938-05-11",358,
"1938-05-12",358,
"1938-05-13",358,
"1938-05-14",358,
"1938-05-15",354,
"1938-05-16",372,
"1938-05-17",390,
"1938-05-18",381,
"1938-05-19",372,
"1938-05-20",372,
"1938-05-21",372,
"1938-05-22",372,
"1938-05-23",372,
"1938-05-24",372,
"1938-05-25",376,
"1938-05-26",372,
"1938-05-27",372,
"1938-05-28",369,
"1938-05-29",369,
"1938-05-30",372,
"1938-05-31",369,
"1938-06-01",369,
"1938-06-02",369,
"1938-06-03",372,
"1938-06-04",372,
"1938-06-05",372,
"1938-06-06",372,
"1938-06-07",376,
"1938-06-08",372,
"1938-06-09",372,
"1938-06-10",372,
"1938-06-11",372,
"1938-06-12",369,
"1938-06-13",369,
"1938-06-14",372,
"1938-06-15",367,
"1938-06-16",362,
"1938-06-17",362,
"1938-06-18",362,
"1938-06-19",362,
"1938-06-20",362,
"1938-06-21",358,
"1938-06-22",362,
"1938-06-23",362,
"1938-06-24",358,
"1938-06-25",354,
"1938-06-26",354,
"1938-06-27",358,
"1938-06-28",358,
"1938-06-29",362,
"1938-06-30",358,
"1938-07-01",358,
"1938-07-02",362,
"1938-07-03",358,
"1938-07-04",362,
"1938-07-05",362,
"1938-07-06",358,
"1938-07-07",358,
"1938-07-08",358,
"1938-07-09",358,
"1938-07-10",358,
"1938-07-11",358,
"1938-07-12",358,
"1938-07-13",358,
"1938-07-14",354,
"1938-07-15",354,
"1938-07-16",354,
"1938-07-17",351,
"1938-07-18",347,
"1938-07-19",347,
"1938-07-20",347,
"1938-07-21",351,
"1938-07-22",349,
"1938-07-23",347,
"1938-07-24",347,
"1938-07-25",347,
"1938-07-26",347,
"1938-07-27",347,
"1938-07-28",347,
"1938-07-29",351,
"1938-07-30",347,
"1938-07-31",347,
"1938-08-01",344,
"1938-08-02",347,
"1938-08-03",347,
"1938-08-04",344,
"1938-08-05",344,
"1938-08-06",344,
"1938-08-07",347,
"1938-08-08",344,
"1938-08-09",344,
"1938-08-10",344,
"1938-08-11",344,
"1938-08-12",340,
"1938-08-13",344,
"1938-08-14",340,
"1938-08-15",336,
"1938-08-16",340,
"1938-08-17",340,
"1938-08-18",340,
"1938-08-19",340,
"1938-08-20",344,
"1938-08-21",340,
"1938-08-22",336,
"1938-08-23",333,
"1938-08-24",333,
"1938-08-25",336,
"1938-08-26",340,
"1938-08-27",336,
"1938-08-28",340,
"1938-08-29",340,
"1938-08-30",343,
"1938-08-31",347,
"1938-09-01",354,
"1938-09-02",358,
"1938-09-03",354,
"1938-09-04",354,
"1938-09-05",354,
"1938-09-06",351,
"1938-09-07",351,
"1938-09-08",351,
"1938-09-09",351,
"1938-09-10",354,
"1938-09-11",354,
"1938-09-12",351,
"1938-09-13",354,
"1938-09-14",351,
"1938-09-15",351,
"1938-09-16",358,
"1938-09-17",351,
"1938-09-18",352,
"1938-09-19",354,
"1938-09-20",351,
"1938-09-21",351,
"1938-09-22",354,
"1938-09-23",351,
"1938-09-24",347,
"1938-09-25",351,
"1938-09-26",351,
"1938-09-27",347,
"1938-09-28",344,
"1938-09-29",344,
"1938-09-30",344,
"1938-10-01",346,
"1938-10-02",342,
"1938-10-03",338,
"1938-10-04",342,
"1938-10-05",342,
"1938-10-06",342,
"1938-10-07",342,
"1938-10-08",338,
"1938-10-09",342,
"1938-10-10",346,
"1938-10-11",346,
"1938-10-12",346,
"1938-10-13",342,
"1938-10-14",340,
"1938-10-15",338,
"1938-10-16",342,
"1938-10-17",334,
"1938-10-18",327,
"1938-10-19",327,
"1938-10-20",327,
"1938-10-21",330,
"1938-10-22",334,
"1938-10-23",340,
"1938-10-24",346,
"1938-10-25",342,
"1938-10-26",338,
"1938-10-27",338,
"1938-10-28",342,
"1938-10-29",338,
"1938-10-30",334,
"1938-10-31",338,
"1938-11-01",338,
"1938-11-02",338,
"1938-11-03",336,
"1938-11-04",334,
"1938-11-05",338,
"1938-11-06",342,
"1938-11-07",338,
"1938-11-08",342,
"1938-11-09",342,
"1938-11-10",338,
"1938-11-11",342,
"1938-11-12",342,
"1938-11-13",342,
"1938-11-14",342,
"1938-11-15",342,
"1938-11-16",346,
"1938-11-17",342,
"1938-11-18",342,
"1938-11-19",338,
"1938-11-20",338,
"1938-11-21",334,
"1938-11-22",331,
"1938-11-23",331,
"1938-11-24",331,
"1938-11-25",334,
"1938-11-26",334,
"1938-11-27",334,
"1938-11-28",334,
"1938-11-29",338,
"1938-11-30",338,
"1938-12-01",338,
"1938-12-02",338,
"1938-12-03",338,
"1938-12-04",334,
"1938-12-05",331,
"1938-12-06",331,
"1938-12-07",334,
"1938-12-08",338,
"1938-12-09",342,
"1938-12-10",338,
"1938-12-11",338,
"1938-12-12",338,
"1938-12-13",338,
"1938-12-14",338,
"1938-12-15",338,
"1938-12-16",334,
"1938-12-17",334,
"1938-12-18",331,
"1938-12-19",327,
"1938-12-20",327,
"1938-12-21",323,
"1938-12-22",323,
"1938-12-23",323,
"1938-12-24",319,
"1938-12-25",321,
"1938-12-26",323,
"1938-12-27",319,
"1938-12-28",319,
"1938-12-29",323,
"1938-12-30",323,
"1938-12-31",321,
"1939-01-01",319,
"1939-01-02",315,
"1939-01-03",315,
"1939-01-04",315,
"1939-01-05",312,
"1939-01-06",312,
"1939-01-07",316,
"1939-01-08",319,
"1939-01-09",323,
"1939-01-10",323,
"1939-01-11",323,
"1939-01-12",323,
"1939-01-13",323,
"1939-01-14",319,
"1939-01-15",319,
"1939-01-16",319,
"1939-01-17",319,
"1939-01-18",319,
"1939-01-19",323,
"1939-01-20",323,
"1939-01-21",328,
"1939-01-22",334,
"1939-01-23",338,
"1939-01-24",334,
"1939-01-25",331,
"1939-01-26",329,
"1939-01-27",323,
"1939-01-28",327,
"1939-01-29",327,
"1939-01-30",331,
"1939-01-31",327,
"1939-02-01",327,
"1939-02-02",327,
"1939-02-03",327,
"1939-02-04",327,
"1939-02-05",327,
"1939-02-06",327,
"1939-02-07",331,
"1939-02-08",331,
"1939-02-09",331,
"1939-02-10",331,
"1939-02-11",331,
"1939-02-12",331,
"1939-02-13",334,
"1939-02-14",334,
"1939-02-15",331,
"1939-02-16",325,
"1939-02-17",319,
"1939-02-18",323,
"1939-02-19",323,
"1939-02-20",327,
"1939-02-21",323,
"1939-02-22",323,
"1939-02-23",327,
"1939-02-24",327,
"1939-02-25",327,
"1939-02-26",331,
"1939-02-27",331,
"1939-02-28",327,
"1939-03-01",324,
"1939-03-02",324,
"1939-03-03",323,
"1939-03-04",319,
"1939-03-05",319,
"1939-03-06",319,
"1939-03-07",323,
"1939-03-08",327,
"1939-03-09",323,
"1939-03-10",319,
"1939-03-11",323,
"1939-03-12",323,
"1939-03-13",327,
"1939-03-14",327,
"1939-03-15",323,
"1939-03-16",323,
"1939-03-17",323,
"1939-03-18",319,
"1939-03-19",319,
"1939-03-20",319,
"1939-03-21",323,
"1939-03-22",319,
"1939-03-23",315,
"1939-03-24",312,
"1939-03-25",315,
"1939-03-26",312,
"1939-03-27",315,
"1939-03-28",315,
"1939-03-29",312,
"1939-03-30",312,
"1939-03-31",312,
"1939-04-01",315,
"1939-04-02",315,
"1939-04-03",319,
"1939-04-04",319,
"1939-04-05",315,
"1939-04-06",312,
"1939-04-07",314,
"1939-04-08",315,
"1939-04-09",319,
"1939-04-10",315,
"1939-04-11",319,
"1939-04-12",319,
"1939-04-13",319,
"1939-04-14",323,
"1939-04-15",319,
"1939-04-16",315,
"1939-04-17",315,
"1939-04-18",315,
"1939-04-19",312,
"1939-04-20",312,
"1939-04-21",312,
"1939-04-22",308,
"1939-04-23",312,
"1939-04-24",312,
"1939-04-25",315,
"1939-04-26",319,
"1939-04-27",319,
"1939-04-28",313,
"1939-04-29",308,
"1939-04-30",312,
"1939-05-01",312,
"1939-05-02",309,
"1939-05-03",307,
"1939-05-04",304,
"1939-05-05",304,
"1939-05-06",304,
"1939-05-07",304,
"1939-05-08",304,
"1939-05-09",306,
"1939-05-10",308,
"1939-05-11",308,
"1939-05-12",308,
"1939-05-13",308,
"1939-05-14",308,
"1939-05-15",304,
"1939-05-16",304,
"1939-05-17",304,
"1939-05-18",304,
"1939-05-19",304,
"1939-05-20",300,
"1939-05-21",300,
"1939-05-22",300,
"1939-05-23",300,
"1939-05-24",300,
"1939-05-25",300,
"1939-05-26",300,
"1939-05-27",300,
"1939-05-28",300,
"1939-05-29",300,
"1939-05-30",300,
"1939-05-31",300,
"1939-06-01",300,
"1939-06-02",304,
"1939-06-03",304,
"1939-06-04",308,
"1939-06-05",312,
"1939-06-06",315,
"1939-06-07",315,
"1939-06-08",319,
"1939-06-09",313,
"1939-06-10",308,
"1939-06-11",308,
"1939-06-12",312,
"1939-06-13",312,
"1939-06-14",315,
"1939-06-15",312,
"1939-06-16",312,
"1939-06-17",312,
"1939-06-18",312,
"1939-06-19",312,
"1939-06-20",307,
"1939-06-21",301,
"1939-06-22",296,
"1939-06-23",300,
"1939-06-24",294,
"1939-06-25",289,
"1939-06-26",285,
"1939-06-27",283,
"1939-06-28",281,
"1939-06-29",281,
"1939-06-30",281,
"1939-07-01",281,
"1939-07-02",277,
"1939-07-03",277,
"1939-07-04",277,
"1939-07-05",277,
"1939-07-06",274,
"1939-07-07",274,
"1939-07-08",270,
"1939-07-09",270,
"1939-07-10",270,
"1939-07-11",270,
"1939-07-12",263,
"1939-07-13",256,
"1939-07-14",256,
"1939-07-15",252,
"1939-07-16",249,
"1939-07-17",245,
"1939-07-18",246,
"1939-07-19",248,
"1939-07-20",245,
"1939-07-21",248,
"1939-07-22",254,
"1939-07-23",260,
"1939-07-24",266,
"1939-07-25",273,
"1939-07-26",281,
"1939-07-27",277,
"1939-07-28",281,
"1939-07-29",285,
"1939-07-30",285,
"1939-07-31",285,
"1939-08-01",289,
"1939-08-02",289,
"1939-08-03",285,
"1939-08-04",281,
"1939-08-05",285,
"1939-08-06",281,
"1939-08-07",281,
"1939-08-08",285,
"1939-08-09",285,
"1939-08-10",281,
"1939-08-11",285,
"1939-08-12",285,
"1939-08-13",285,
"1939-08-14",285,
"1939-08-15",281,
"1939-08-16",281,
"1939-08-17",283,
"1939-08-18",285,
"1939-08-19",288,
"1939-08-20",290,
"1939-08-21",293,
"1939-08-22",293,
"1939-08-23",293,
"1939-08-24",293,
"1939-08-25",293,
"1939-08-26",289,
"1939-08-27",289,
"1939-08-28",294,
"1939-08-29",299,
"1939-08-30",304,
"1939-08-31",304,
"1939-09-01",304,
"1939-09-02",308,
"1939-09-03",312,
"1939-09-04",312,
"1939-09-05",312,
"1939-09-06",308,
"1939-09-07",308,
"1939-09-08",306,
"1939-09-09",304,
"1939-09-10",304,
"1939-09-11",306,
"1939-09-12",308,
"1939-09-13",312,
"1939-09-14",312,
"1939-09-15",312,
"1939-09-16",308,
"1939-09-17",306,
"1939-09-18",304,
"1939-09-19",306,
"1939-09-20",308,
"1939-09-21",308,
"1939-09-22",308,
"1939-09-23",308,
"1939-09-24",308,
"1939-09-25",304,
"1939-09-26",304,
"1939-09-27",300,
"1939-09-28",304,
"1939-09-29",300,
"1939-09-30",296,
"1939-10-01",300,
"1939-10-02",300,
"1939-10-03",296,
"1939-10-04",294,
"1939-10-05",293,
"1939-10-06",296,
"1939-10-07",293,
"1939-10-08",293,
"1939-10-09",296,
"1939-10-10",296,
"1939-10-11",294,
"1939-10-12",293,
"1939-10-13",293,
"1939-10-14",289,
"1939-10-15",289,
"1939-10-16",289,
"1939-10-17",285,
"1939-10-18",281,
"1939-10-19",285,
"1939-10-20",283,
"1939-10-21",281,
"1939-10-22",281,
"1939-10-23",277,
"1939-10-24",277,
"1939-10-25",277,
"1939-10-26",281,
"1939-10-27",277,
"1939-10-28",274,
"1939-10-29",275,
"1939-10-30",275,
"1939-10-31",276,
"1939-11-01",277,
"1939-11-02",277,
"1939-11-03",278,
"1939-11-04",279,
"1939-11-05",279,
"1939-11-06",280,
"1939-11-07",275,
"1939-11-08",270,
"1939-11-09",270,
"1939-11-10",274,
"1939-11-11",270,
"1939-11-12",266,
"1939-11-13",270,
"1939-11-14",274,
"1939-11-15",274,
"1939-11-16",274,
"1939-11-17",277,
"1939-11-18",273,
"1939-11-19",270,
"1939-11-20",270,
"1939-11-21",270,
"1939-11-22",270,
"1939-11-23",274,
"1939-11-24",276,
"1939-11-25",277,
"1939-11-26",277,
"1939-11-27",277,
"1939-11-28",279,
"1939-11-29",281,
"1939-11-30",281,
"1939-12-01",285,
"1939-12-02",289,
"1939-12-03",285,
"1939-12-04",289,
"1939-12-05",287,
"1939-12-06",285,
"1939-12-07",285,
"1939-12-08",285,
"1939-12-09",287,
"1939-12-10",289,
"1939-12-11",289,
"1939-12-12",285,
"1939-12-13",281,
"1939-12-14",281,
"1939-12-15",287,
"1939-12-16",293,
"1939-12-17",287,
"1939-12-18",281,
"1939-12-19",285,
"1939-12-20",285,
"1939-12-21",281,
"1939-12-22",285,
"1939-12-23",289,
"1939-12-24",285,
"1939-12-25",289,
"1939-12-26",285,
"1939-12-27",281,
"1939-12-28",285,
"1939-12-29",285,
"1939-12-30",283,
"1939-12-31",281,
"1940-01-01",281,
"1940-01-02",285,
"1940-01-03",285,
"1940-01-04",289,
"1940-01-05",289,
"1940-01-06",287,
"1940-01-07",285,
"1940-01-08",285,
"1940-01-09",285,
"1940-01-10",285,
"1940-01-11",283,
"1940-01-12",281,
"1940-01-13",281,
"1940-01-14",281,
"1940-01-15",285,
"1940-01-16",281,
"1940-01-17",283,
"1940-01-18",285,
"1940-01-19",285,
"1940-01-20",285,
"1940-01-21",285,
"1940-01-22",285,
"1940-01-23",285,
"1940-01-24",285,
"1940-01-25",285,
"1940-01-26",285,
"1940-01-27",285,
"1940-01-28",285,
"1940-01-29",285,
"1940-01-30",289,
"1940-01-31",285,
"1940-02-01",281,
"1940-02-02",281,
"1940-02-03",281,
"1940-02-04",281,
"1940-02-05",288,
"1940-02-06",296,
"1940-02-07",293,
"1940-02-08",293,
"1940-02-09",289,
"1940-02-10",285,
"1940-02-11",285,
"1940-02-12",281,
"1940-02-13",281,
"1940-02-14",285,
"1940-02-15",289,
"1940-02-16",293,
"1940-02-17",289,
"1940-02-18",285,
"1940-02-19",289,
"1940-02-20",285,
"1940-02-21",289,
"1940-02-22",285,
"1940-02-23",289,
"1940-02-24",285,
"1940-02-25",285,
"1940-02-26",289,
"1940-02-27",289,
"1940-02-28",293,
"1940-02-29",289,
"1940-03-01",289,
"1940-03-02",289,
"1940-03-03",293,
"1940-03-04",289,
"1940-03-05",289,
"1940-03-06",293,
"1940-03-07",289,
"1940-03-08",293,
"1940-03-09",289,
"1940-03-10",289,
"1940-03-11",289,
"1940-03-12",287,
"1940-03-13",285,
"1940-03-14",289,
"1940-03-15",285,
"1940-03-16",281,
"1940-03-17",281,
"1940-03-18",277,
"1940-03-19",281,
"1940-03-20",277,
"1940-03-21",281,
"1940-03-22",283,
"1940-03-23",285,
"1940-03-24",285,
"1940-03-25",281,
"1940-03-26",281,
"1940-03-27",281,
"1940-03-28",281,
"1940-03-29",281,
"1940-03-30",281,
"1940-03-31",281,
"1940-04-01",281,
"1940-04-02",281,
"1940-04-03",279,
"1940-04-04",277,
"1940-04-05",277,
"1940-04-06",279,
"1940-04-07",281,
"1940-04-08",283,
"1940-04-09",285,
"1940-04-10",281,
"1940-04-11",281,
"1940-04-12",281,
"1940-04-13",281,
"1940-04-14",281,
"1940-04-15",281,
"1940-04-16",281,
"1940-04-17",275,
"1940-04-18",270,
"1940-04-19",268,
"1940-04-20",266,
"1940-04-21",268,
"1940-04-22",270,
"1940-04-23",270,
"1940-04-24",266,
"1940-04-25",270,
"1940-04-26",272,
"1940-04-27",274,
"1940-04-28",270,
"1940-04-29",274,
"1940-04-30",270,
"1940-05-01",266,
"1940-05-02",266,
"1940-05-03",270,
"1940-05-04",266,
"1940-05-05",261,
"1940-05-06",256,
"1940-05-07",259,
"1940-05-08",255,
"1940-05-09",252,
"1940-05-10",254,
"1940-05-11",256,
"1940-05-12",256,
"1940-05-13",252,
"1940-05-14",252,
"1940-05-15",252,
"1940-05-16",252,
"1940-05-17",256,
"1940-05-18",256,
"1940-05-19",256,
"1940-05-20",261,
"1940-05-21",266,
"1940-05-22",269,
"1940-05-23",271,
"1940-05-24",274,
"1940-05-25",274,
"1940-05-26",270,
"1940-05-27",266,
"1940-05-28",271,
"1940-05-29",277,
"1940-05-30",277,
"1940-05-31",274,
"1940-06-01",274,
"1940-06-02",270,
"1940-06-03",266,
"1940-06-04",271,
"1940-06-05",277,
"1940-06-06",277,
"1940-06-07",277,
"1940-06-08",277,
"1940-06-09",281,
"1940-06-10",277,
"1940-06-11",274,
"1940-06-12",279,
"1940-06-13",285,
"1940-06-14",285,
"1940-06-15",280,
"1940-06-16",275,
"1940-06-17",270,
"1940-06-18",270,
"1940-06-19",274,
"1940-06-20",277,
"1940-06-21",281,
"1940-06-22",285,
"1940-06-23",277,
"1940-06-24",270,
"1940-06-25",274,
"1940-06-26",274,
"1940-06-27",274,
"1940-06-28",274,
"1940-06-29",278,
"1940-06-30",281,
"1940-07-01",285,
"1940-07-02",289,
"1940-07-03",292,
"1940-07-04",296,
"1940-07-05",296,
"1940-07-06",293,
"1940-07-07",289,
"1940-07-08",285,
"1940-07-09",283,
"1940-07-10",281,
"1940-07-11",281,
"1940-07-12",281,
"1940-07-13",281,
"1940-07-14",281,
"1940-07-15",281,
"1940-07-16",283,
"1940-07-17",285,
"1940-07-18",285,
"1940-07-19",285,
"1940-07-20",281,
"1940-07-21",281,
"1940-07-22",281,
"1940-07-23",285,
"1940-07-24",281,
"1940-07-25",281,
"1940-07-26",279,
"1940-07-27",277,
"1940-07-28",281,
"1940-07-29",281,
"1940-07-30",281,
"1940-07-31",281,
"1940-08-01",281,
"1940-08-02",281,
"1940-08-03",277,
"1940-08-04",281,
"1940-08-05",277,
"1940-08-06",274,
"1940-08-07",277,
"1940-08-08",276,
"1940-08-09",274,
"1940-08-10",270,
"1940-08-11",272,
"1940-08-12",274,
"1940-08-13",270,
"1940-08-14",274,
"1940-08-15",277,
"1940-08-16",276,
"1940-08-17",274,
"1940-08-18",277,
"1940-08-19",277,
"1940-08-20",277,
"1940-08-21",277,
"1940-08-22",277,
"1940-08-23",274,
"1940-08-24",270,
"1940-08-25",274,
"1940-08-26",270,
"1940-08-27",274,
"1940-08-28",270,
"1940-08-29",273,
"1940-08-30",277,
"1940-08-31",274,
"1940-09-01",274,
"1940-09-02",274,
"1940-09-03",274,
"1940-09-04",277,
"1940-09-05",274,
"1940-09-06",274,
"1940-09-07",270,
"1940-09-08",274,
"1940-09-09",270,
"1940-09-10",274,
"1940-09-11",270,
"1940-09-12",270,
"1940-09-13",268,
"1940-09-14",266,
"1940-09-15",270,
"1940-09-16",270,
"1940-09-17",275,
"1940-09-18",281,
"1940-09-19",277,
"1940-09-20",281,
"1940-09-21",281,
"1940-09-22",281,
"1940-09-23",281,
"1940-09-24",281,
"1940-09-25",281,
"1940-09-26",281,
"1940-09-27",281,
"1940-09-28",281,
"1940-09-29",279,
"1940-09-30",277,
"1940-10-01",277,
"1940-10-02",277,
"1940-10-03",277,
"1940-10-04",277,
"1940-10-05",274,
"1940-10-06",272,
"1940-10-07",270,
"1940-10-08",274,
"1940-10-09",270,
"1940-10-10",266,
"1940-10-11",267,
"1940-10-12",269,
"1940-10-13",270,
"1940-10-14",274,
"1940-10-15",274,
"1940-10-16",274,
"1940-10-17",274,
"1940-10-18",270,
"1940-10-19",270,
"1940-10-20",270,
"1940-10-21",270,
"1940-10-22",266,
"1940-10-23",270,
"1940-10-24",270,
"1940-10-25",270,
"1940-10-26",270,
"1940-10-27",270,
"1940-10-28",270,
"1940-10-29",270,
"1940-10-30",274,
"1940-10-31",277,
"1940-11-01",281,
"1940-11-02",277,
"1940-11-03",274,
"1940-11-04",277,
"1940-11-05",273,
"1940-11-06",270,
"1940-11-07",266,
"1940-11-08",266,
"1940-11-09",266,
"1940-11-10",262,
"1940-11-11",262,
"1940-11-12",262,
"1940-11-13",259,
"1940-11-14",259,
"1940-11-15",259,
"1940-11-16",259,
"1940-11-17",259,
"1940-11-18",262,
"1940-11-19",262,
"1940-11-20",262,
"1940-11-21",266,
"1940-11-22",273,
"1940-11-23",281,
"1940-11-24",281,
"1940-11-25",281,
"1940-11-26",281,
"1940-11-27",285,
"1940-11-28",281,
"1940-11-29",281,
"1940-11-30",281,
"1940-12-01",281,
"1940-12-02",275,
"1940-12-03",270,
"1940-12-04",274,
"1940-12-05",274,
"1940-12-06",277,
"1940-12-07",274,
"1940-12-08",274,
"1940-12-09",274,
"1940-12-10",270,
"1940-12-11",276,
"1940-12-12",281,
"1940-12-13",287,
"1940-12-14",293,
"1940-12-15",294,
"1940-12-16",294,
"1940-12-17",295,
"1940-12-18",296,
"1940-12-19",296,
"1940-12-20",300,
"1940-12-21",296,
"1940-12-22",296,
"1940-12-23",296,
"1940-12-24",296,
"1940-12-25",300,
"1940-12-26",300,
"1940-12-27",300,
"1940-12-28",300,
"1940-12-29",300,
"1940-12-30",300,
"1940-12-31",304,
"1941-01-01",300,
"1941-01-02",296,
"1941-01-03",296,
"1941-01-04",296,
"1941-01-05",293,
"1941-01-06",293,
"1941-01-07",293,
"1941-01-08",289,
"1941-01-09",293,
"1941-01-10",296,
"1941-01-11",293,
"1941-01-12",296,
"1941-01-13",297,
"1941-01-14",299,
"1941-01-15",300,
"1941-01-16",300,
"1941-01-17",300,
"1941-01-18",296,
"1941-01-19",300,
"1941-01-20",296,
"1941-01-21",296,
"1941-01-22",300,
"1941-01-23",300,
"1941-01-24",300,
"1941-01-25",300,
"1941-01-26",296,
"1941-01-27",300,
"1941-01-28",296,
"1941-01-29",296,
"1941-01-30",296,
"1941-01-31",300,
"1941-02-01",302,
"1941-02-02",303,
"1941-02-03",305,
"1941-02-04",306,
"1941-02-05",308,
"1941-02-06",304,
"1941-02-07",308,
"1941-02-08",308,
"1941-02-09",304,
"1941-02-10",308,
"1941-02-11",308,
"1941-02-12",312,
"1941-02-13",308,
"1941-02-14",308,
"1941-02-15",312,
"1941-02-16",312,
"1941-02-17",312,
"1941-02-18",308,
"1941-02-19",312,
"1941-02-20",308,
"1941-02-21",308,
"1941-02-22",312,
"1941-02-23",315,
"1941-02-24",319,
"1941-02-25",319,
"1941-02-26",315,
"1941-02-27",315,
"1941-02-28",311,
"1941-03-01",308,
"1941-03-02",312,
"1941-03-03",312,
"1941-03-04",315,
"1941-03-05",315,
"1941-03-06",315,
"1941-03-07",315,
"1941-03-08",315,
"1941-03-09",315,
"1941-03-10",319,
"1941-03-11",315,
"1941-03-12",315,
"1941-03-13",315,
"1941-03-14",319,
"1941-03-15",323,
"1941-03-16",327,
"1941-03-17",331,
"1941-03-18",334,
"1941-03-19",338,
"1941-03-20",334,
"1941-03-21",334,
"1941-03-22",329,
"1941-03-23",324,
"1941-03-24",319,
"1941-03-25",319,
"1941-03-26",325,
"1941-03-27",331,
"1941-03-28",331,
"1941-03-29",327,
"1941-03-30",323,
"1941-03-31",327,
"1941-04-01",331,
"1941-04-02",331,
"1941-04-03",331,
"1941-04-04",331,
"1941-04-05",327,
"1941-04-06",330,
"1941-04-07",334,
"1941-04-08",338,
"1941-04-09",342,
"1941-04-10",338,
"1941-04-11",338,
"1941-04-12",334,
"1941-04-13",338,
"1941-04-14",334,
"1941-04-15",334,
"1941-04-16",334,
"1941-04-17",338,
"1941-04-18",338,
"1941-04-19",334,
"1941-04-20",331,
"1941-04-21",332,
"1941-04-22",334,
"1941-04-23",335,
"1941-04-24",337,
"1941-04-25",338,
"1941-04-26",342,
"1941-04-27",346,
"1941-04-28",350,
"1941-04-29",354,
"1941-04-30",358,
"1941-05-01",362,
"1941-05-02",368,
"1941-05-03",374,
"1941-05-04",380,
"1941-05-05",387,
"1941-05-06",393,
"1941-05-07",400,
"1941-05-08",406,
"1941-05-09",413,
"1941-05-10",420,
"1941-05-11",414,
"1941-05-12",409,
"1941-05-13",404,
"1941-05-14",398,
"1941-05-15",393,
"1941-05-16",391,
"1941-05-17",389,
"1941-05-18",385,
"1941-05-19",381,
"1941-05-20",385,
"1941-05-21",387,
"1941-05-22",389,
"1941-05-23",385,
"1941-05-24",381,
"1941-05-25",377,
"1941-05-26",373,
"1941-05-27",377,
"1941-05-28",377,
"1941-05-29",375,
"1941-05-30",373,
"1941-05-31",373,
"1941-06-01",373,
"1941-06-02",373,
"1941-06-03",373,
"1941-06-04",373,
"1941-06-05",373,
"1941-06-06",377,
"1941-06-07",381,
"1941-06-08",375,
"1941-06-09",369,
"1941-06-10",373,
"1941-06-11",377,
"1941-06-12",377,
"1941-06-13",373,
"1941-06-14",369,
"1941-06-15",372,
"1941-06-16",374,
"1941-06-17",377,
"1941-06-18",377,
"1941-06-19",377,
"1941-06-20",373,
"1941-06-21",369,
"1941-06-22",369,
"1941-06-23",369,
"1941-06-24",373,
"1941-06-25",377,
"1941-06-26",377,
"1941-06-27",377,
"1941-06-28",377,
"1941-06-29",373,
"1941-06-30",373,
"1941-07-01",373,
"1941-07-02",377,
"1941-07-03",377,
"1941-07-04",373,
"1941-07-05",373,
"1941-07-06",373,
"1941-07-07",369,
"1941-07-08",373,
"1941-07-09",369,
"1941-07-10",365,
"1941-07-11",369,
"1941-07-12",369,
"1941-07-13",369,
"1941-07-14",365,
"1941-07-15",362,
"1941-07-16",356,
"1941-07-17",350,
"1941-07-18",350,
"1941-07-19",346,
"1941-07-20",346,
"1941-07-21",342,
"1941-07-22",342,
"1941-07-23",342,
"1941-07-24",342,
"1941-07-25",342,
"1941-07-26",342,
"1941-07-27",342,
"1941-07-28",342,
"1941-07-29",342,
"1941-07-30",346,
"1941-07-31",346,
"1941-08-01",346,
"1941-08-02",346,
"1941-08-03",346,
"1941-08-04",350,
"1941-08-05",350,
"1941-08-06",354,
"1941-08-07",354,
"1941-08-08",354,
"1941-08-09",354,
"1941-08-10",358,
"1941-08-11",362,
"1941-08-12",369,
"1941-08-13",373,
"1941-08-14",373,
"1941-08-15",371,
"1941-08-16",369,
"1941-08-17",373,
"1941-08-18",371,
"1941-08-19",369,
"1941-08-20",373,
"1941-08-21",369,
"1941-08-22",367,
"1941-08-23",365,
"1941-08-24",367,
"1941-08-25",369,
"1941-08-26",360,
"1941-08-27",351,
"1941-08-28",342,
"1941-08-29",346,
"1941-08-30",342,
"1941-08-31",342,
"1941-09-01",342,
"1941-09-02",346,
"1941-09-03",342,
"1941-09-04",342,
"1941-09-05",340,
"1941-09-06",338,
"1941-09-07",342,
"1941-09-08",342,
"1941-09-09",340,
"1941-09-10",338,
"1941-09-11",342,
"1941-09-12",342,
"1941-09-13",338,
"1941-09-14",338,
"1941-09-15",342,
"1941-09-16",346,
"1941-09-17",342,
"1941-09-18",342,
"1941-09-19",340,
"1941-09-20",338,
"1941-09-21",338,
"1941-09-22",342,
"1941-09-23",338,
"1941-09-24",342,
"1941-09-25",342,
"1941-09-26",342,
"1941-09-27",338,
"1941-09-28",342,
"1941-09-29",338,
"1941-09-30",338,
"1941-10-01",342,
"1941-10-02",346,
"1941-10-03",346,
"1941-10-04",348,
"1941-10-05",349,
"1941-10-06",351,
"1941-10-07",352,
"1941-10-08",354,
"1941-10-09",354,
"1941-10-10",358,
"1941-10-11",354,
"1941-10-12",354,
"1941-10-13",350,
"1941-10-14",354,
"1941-10-15",354,
"1941-10-16",354,
"1941-10-17",350,
"1941-10-18",350,
"1941-10-19",354,
"1941-10-20",350,
"1941-10-21",354,
"1941-10-22",354,
"1941-10-23",358,
"1941-10-24",365,
"1941-10-25",358,
"1941-10-26",358,
"1941-10-27",354,
"1941-10-28",354,
"1941-10-29",354,
"1941-10-30",354,
"1941-10-31",358,
"1941-11-01",354,
"1941-11-02",354,
"1941-11-03",354,
"1941-11-04",354,
"1941-11-05",354,
"1941-11-06",350,
"1941-11-07",350,
"1941-11-08",346,
"1941-11-09",346,
"1941-11-10",346,
"1941-11-11",342,
"1941-11-12",338,
"1941-11-13",342,
"1941-11-14",338,
"1941-11-15",342,
"1941-11-16",338,
"1941-11-17",342,
"1941-11-18",342,
"1941-11-19",342,
"1941-11-20",338,
"1941-11-21",338,
"1941-11-22",338,
"1941-11-23",338,
"1941-11-24",334,
"1941-11-25",334,
"1941-11-26",334,
"1941-11-27",331,
"1941-11-28",334,
"1941-11-29",331,
"1941-11-30",331,
"1941-12-01",331,
"1941-12-02",334,
"1941-12-03",330,
"1941-12-04",327,
"1941-12-05",331,
"1941-12-06",331,
"1941-12-07",331,
"1941-12-08",331,
"1941-12-09",331,
"1941-12-10",334,
"1941-12-11",334,
"1941-12-12",334,
"1941-12-13",334,
"1941-12-14",334,
"1941-12-15",334,
"1941-12-16",334,
"1941-12-17",334,
"1941-12-18",334,
"1941-12-19",334,
"1941-12-20",334,
"1941-12-21",334,
"1941-12-22",334,
"1941-12-23",334,
"1941-12-24",334,
"1941-12-25",334,
"1941-12-26",334,
"1941-12-27",338,
"1941-12-28",340,
"1941-12-29",342,
"1941-12-30",346,
"1941-12-31",346,
"1942-01-01",342,
"1942-01-02",342,
"1942-01-03",342,
"1942-01-04",342,
"1942-01-05",342,
"1942-01-06",342,
"1942-01-07",342,
"1942-01-08",342,
"1942-01-09",346,
"1942-01-10",342,
"1942-01-11",342,
"1942-01-12",338,
"1942-01-13",338,
"1942-01-14",338,
"1942-01-15",338,
"1942-01-16",338,
"1942-01-17",338,
"1942-01-18",334,
"1942-01-19",331,
"1942-01-20",331,
"1942-01-21",331,
"1942-01-22",331,
"1942-01-23",331,
"1942-01-24",334,
"1942-01-25",334,
"1942-01-26",334,
"1942-01-27",338,
"1942-01-28",334,
"1942-01-29",338,
"1942-01-30",342,
"1942-01-31",342,
"1942-02-01",338,
"1942-02-02",334,
"1942-02-03",338,
"1942-02-04",332,
"1942-02-05",327,
"1942-02-06",327,
"1942-02-07",327,
"1942-02-08",327,
"1942-02-09",327,
"1942-02-10",327,
"1942-02-11",327,
"1942-02-12",327,
"1942-02-13",331,
"1942-02-14",332,
"1942-02-15",334,
"1942-02-16",335,
"1942-02-17",337,
"1942-02-18",338,
"1942-02-19",334,
"1942-02-20",331,
"1942-02-21",334,
"1942-02-22",334,
"1942-02-23",331,
"1942-02-24",334,
"1942-02-25",331,
"1942-02-26",334,
"1942-02-27",331,
"1942-02-28",334,
"1942-03-01",338,
"1942-03-02",334,
"1942-03-03",331,
"1942-03-04",334,
"1942-03-05",338,
"1942-03-06",338,
"1942-03-07",338,
"1942-03-08",338,
"1942-03-09",334,
"1942-03-10",334,
"1942-03-11",334,
"1942-03-12",338,
"1942-03-13",334,
"1942-03-14",338,
"1942-03-15",334,
"1942-03-16",334,
"1942-03-17",331,
"1942-03-18",334,
"1942-03-19",338,
"1942-03-20",334,
"1942-03-21",338,
"1942-03-22",338,
"1942-03-23",334,
"1942-03-24",338,
"1942-03-25",334,
"1942-03-26",331,
"1942-03-27",334,
"1942-03-28",334,
"1942-03-29",331,
"1942-03-30",331,
"1942-03-31",331,
"1942-04-01",331,
"1942-04-02",331,
"1942-04-03",331,
"1942-04-04",331,
"1942-04-05",331,
"1942-04-06",334,
"1942-04-07",338,
"1942-04-08",340,
"1942-04-09",342,
"1942-04-10",336,
"1942-04-11",331,
"1942-04-12",334,
"1942-04-13",338,
"1942-04-14",338,
"1942-04-15",334,
"1942-04-16",338,
"1942-04-17",338,
"1942-04-18",338,
"1942-04-19",338,
"1942-04-20",339,
"1942-04-21",341,
"1942-04-22",342,
"1942-04-23",346,
"1942-04-24",350,
"1942-04-25",348,
"1942-04-26",346,
"1942-04-27",344,
"1942-04-28",342,
"1942-04-29",342,
"1942-04-30",328,
"1942-05-01",315,
"1942-05-02",315,
"1942-05-03",315,
"1942-05-04",315,
"1942-05-05",314,
"1942-05-06",312,
"1942-05-07",315,
"1942-05-08",319,
"1942-05-09",319,
"1942-05-10",319,
"1942-05-11",319,
"1942-05-12",315,
"1942-05-13",312,
"1942-05-14",315,
"1942-05-15",311,
"1942-05-16",308,
"1942-05-17",308,
"1942-05-18",308,
"1942-05-19",312,
"1942-05-20",308,
"1942-05-21",308,
"1942-05-22",308,
"1942-05-23",304,
"1942-05-24",308,
"1942-05-25",311,
"1942-05-26",315,
"1942-05-27",315,
"1942-05-28",312,
"1942-05-29",310,
"1942-05-30",308,
"1942-05-31",312,
"1942-06-01",316,
"1942-06-02",316,
"1942-06-03",313,
"1942-06-04",316,
"1942-06-05",313,
"1942-06-06",316,
"1942-06-07",320,
"1942-06-08",320,
"1942-06-09",324,
"1942-06-10",320,
"1942-06-11",320,
"1942-06-12",320,
"1942-06-13",316,
"1942-06-14",320,
"1942-06-15",316,
"1942-06-16",314,
"1942-06-17",313,
"1942-06-18",316,
"1942-06-19",313,
"1942-06-20",316,
"1942-06-21",320,
"1942-06-22",320,
"1942-06-23",320,
"1942-06-24",316,
"1942-06-25",316,
"1942-06-26",320,
"1942-06-27",316,
"1942-06-28",314,
"1942-06-29",313,
"1942-06-30",316,
"1942-07-01",320,
"1942-07-02",324,
"1942-07-03",324,
"1942-07-04",328,
"1942-07-05",329,
"1942-07-06",330,
"1942-07-07",331,
"1942-07-08",332,
"1942-07-09",332,
"1942-07-10",328,
"1942-07-11",324,
"1942-07-12",328,
"1942-07-13",324,
"1942-07-14",328,
"1942-07-15",328,
"1942-07-16",324,
"1942-07-17",324,
"1942-07-18",320,
"1942-07-19",324,
"1942-07-20",328,
"1942-07-21",324,
"1942-07-22",324,
"1942-07-23",324,
"1942-07-24",324,
"1942-07-25",324,
"1942-07-26",320,
"1942-07-27",320,
"1942-07-28",324,
"1942-07-29",324,
"1942-07-30",324,
"1942-07-31",322,
"1942-08-01",320,
"1942-08-02",322,
"1942-08-03",324,
"1942-08-04",324,
"1942-08-05",324,
"1942-08-06",320,
"1942-08-07",324,
"1942-08-08",320,
"1942-08-09",320,
"1942-08-10",324,
"1942-08-11",320,
"1942-08-12",316,
"1942-08-13",316,
"1942-08-14",316,
"1942-08-15",316,
"1942-08-16",320,
"1942-08-17",324,
"1942-08-18",324,
"1942-08-19",320,
"1942-08-20",316,
"1942-08-21",310,
"1942-08-22",305,
"1942-08-23",309,
"1942-08-24",314,
"1942-08-25",320,
"1942-08-26",320,
"1942-08-27",318,
"1942-08-28",316,
"1942-08-29",313,
"1942-08-30",316,
"1942-08-31",320,
"1942-09-01",316,
"1942-09-02",320,
"1942-09-03",324,
"1942-09-04",326,
"1942-09-05",328,
"1942-09-06",324,
"1942-09-07",324,
"1942-09-08",336,
"1942-09-09",349,
"1942-09-10",362,
"1942-09-11",375,
"1942-09-12",371,
"1942-09-13",371,
"1942-09-14",371,
"1942-09-15",367,
"1942-09-16",367,
"1942-09-17",371,
"1942-09-18",367,
"1942-09-19",363,
"1942-09-20",365,
"1942-09-21",367,
"1942-09-22",371,
"1942-09-23",367,
"1942-09-24",367,
"1942-09-25",367,
"1942-09-26",363,
"1942-09-27",367,
"1942-09-28",367,
"1942-09-29",363,
"1942-09-30",367,
"1942-10-01",369,
"1942-10-02",371,
"1942-10-03",371,
"1942-10-04",371,
"1942-10-05",371,
"1942-10-06",371,
"1942-10-07",371,
"1942-10-08",375,
"1942-10-09",375,
"1942-10-10",375,
"1942-10-11",371,
"1942-10-12",375,
"1942-10-13",371,
"1942-10-14",375,
"1942-10-15",383,
"1942-10-16",390,
"1942-10-17",398,
"1942-10-18",399,
"1942-10-19",400,
"1942-10-20",401,
"1942-10-21",402,
"1942-10-22",406,
"1942-10-23",402,
"1942-10-24",402,
"1942-10-25",402,
"1942-10-26",398,
"1942-10-27",402,
"1942-10-28",402,
"1942-10-29",402,
"1942-10-30",402,
"1942-10-31",402,
"1942-11-01",402,
"1942-11-02",398,
"1942-11-03",398,
"1942-11-04",398,
"1942-11-05",398,
"1942-11-06",398,
"1942-11-07",398,
"1942-11-08",398,
"1942-11-09",398,
"1942-11-10",398,
"1942-11-11",402,
"1942-11-12",398,
"1942-11-13",398,
"1942-11-14",406,
"1942-11-15",406,
"1942-11-16",406,
"1942-11-17",406,
"1942-11-18",406,
"1942-11-19",406,
"1942-11-20",410,
"1942-11-21",410,
"1942-11-22",410,
"1942-11-23",410,
"1942-11-24",414,
"1942-11-25",414,
"1942-11-26",414,
"1942-11-27",414,
"1942-11-28",415,
"1942-11-29",416,
"1942-11-30",417,
"1942-12-01",418,
"1942-12-02",418,
"1942-12-03",414,
"1942-12-04",414,
"1942-12-05",414,
"1942-12-06",418,
"1942-12-07",414,
"1942-12-08",410,
"1942-12-09",414,
"1942-12-10",418,
"1942-12-11",414,
"1942-12-12",414,
"1942-12-13",416,
"1942-12-14",416,
"1942-12-15",416,
"1942-12-16",416,
"1942-12-17",416,
"1942-12-18",416,
"1942-12-19",416,
"1942-12-20",416,
"1942-12-21",416,
"1942-12-22",416,
"1942-12-23",416,
"1942-12-24",416,
"1942-12-25",416,
"1942-12-26",416,
"1942-12-27",416,
"1942-12-28",416,
"1942-12-29",416,
"1942-12-30",418,
"1942-12-31",418,
"1943-01-01",414,
"1943-01-02",418,
"1943-01-03",414,
"1943-01-04",414,
"1943-01-05",414,
"1943-01-06",418,
"1943-01-07",414,
"1943-01-08",414,
"1943-01-09",410,
"1943-01-10",406,
"1943-01-11",406,
"1943-01-12",410,
"1943-01-13",410,
"1943-01-14",406,
"1943-01-15",406,
"1943-01-16",402,
"1943-01-17",410,
"1943-01-18",410,
"1943-01-19",414,
"1943-01-20",414,
"1943-01-21",406,
"1943-01-22",406,
"1943-01-23",402,
"1943-01-24",398,
"1943-01-25",406,
"1943-01-26",402,
"1943-01-27",402,
"1943-01-28",402,
"1943-01-29",398,
"1943-01-30",394,
"1943-01-31",394,
"1943-02-01",390,
"1943-02-02",386,
"1943-02-03",382,
"1943-02-04",386,
"1943-02-05",390,
"1943-02-06",388,
"1943-02-07",386,
"1943-02-08",384,
"1943-02-09",382,
"1943-02-10",392,
"1943-02-11",402,
"1943-02-12",394,
"1943-02-13",394,
"1943-02-14",394,
"1943-02-15",398,
"1943-02-16",392,
"1943-02-17",386,
"1943-02-18",386,
"1943-02-19",386,
"1943-02-20",386,
"1943-02-21",390,
"1943-02-22",390,
"1943-02-23",390,
"1943-02-24",386,
"1943-02-25",388,
"1943-02-26",390,
"1943-02-27",386,
"1943-02-28",379,
"1943-03-01",382,
"1943-03-02",382,
"1943-03-03",380,
"1943-03-04",379,
"1943-03-05",379,
"1943-03-06",382,
"1943-03-07",382,
"1943-03-08",379,
"1943-03-09",375,
"1943-03-10",382,
"1943-03-11",382,
"1943-03-12",379,
"1943-03-13",382,
"1943-03-14",375,
"1943-03-15",375,
"1943-03-16",382,
"1943-03-17",376,
"1943-03-18",371,
"1943-03-19",376,
"1943-03-20",382,
"1943-03-21",379,
"1943-03-22",373,
"1943-03-23",367,
"1943-03-24",361,
"1943-03-25",355,
"1943-03-26",359,
"1943-03-27",357,
"1943-03-28",355,
"1943-03-29",355,
"1943-03-30",359,
"1943-03-31",355,
"1943-04-01",351,
"1943-04-02",353,
"1943-04-03",355,
"1943-04-04",355,
"1943-04-05",359,
"1943-04-06",359,
"1943-04-07",359,
"1943-04-08",359,
"1943-04-09",359,
"1943-04-10",359,
"1943-04-11",359,
"1943-04-12",363,
"1943-04-13",359,
"1943-04-14",359,
"1943-04-15",359,
"1943-04-16",355,
"1943-04-17",351,
"1943-04-18",355,
"1943-04-19",359,
"1943-04-20",355,
"1943-04-21",355,
"1943-04-22",355,
"1943-04-23",355,
"1943-04-24",355,
"1943-04-25",351,
"1943-04-26",351,
"1943-04-27",351,
"1943-04-28",351,
"1943-04-29",347,
"1943-04-30",347,
"1943-05-01",344,
"1943-05-02",351,
"1943-05-03",351,
"1943-05-04",344,
"1943-05-05",344,
"1943-05-06",340,
"1943-05-07",336,
"1943-05-08",332,
"1943-05-09",332,
"1943-05-10",332,
"1943-05-11",328,
"1943-05-12",332,
"1943-05-13",328,
"1943-05-14",328,
"1943-05-15",328,
"1943-05-16",324,
"1943-05-17",328,
"1943-05-18",328,
"1943-05-19",328,
"1943-05-20",328,
"1943-05-21",328,
"1943-05-22",328,
"1943-05-23",328,
"1943-05-24",328,
"1943-05-25",332,
"1943-05-26",336,
"1943-05-27",332,
"1943-05-28",332,
"1943-05-29",328,
"1943-05-30",328,
"1943-05-31",328,
"1943-06-01",328,
"1943-06-02",324,
"1943-06-03",328,
"1943-06-04",330,
"1943-06-05",335,
"1943-06-06",340,
"1943-06-07",334,
"1943-06-08",328,
"1943-06-09",324,
"1943-06-10",324,
"1943-06-11",320,
"1943-06-12",316,
"1943-06-13",320,
"1943-06-14",324,
"1943-06-15",328,
"1943-06-16",328,
"1943-06-17",324,
"1943-06-18",324,
"1943-06-19",324,
"1943-06-20",324,
"1943-06-21",328,
"1943-06-22",328,
"1943-06-23",328,
"1943-06-24",328,
"1943-06-25",328,
"1943-06-26",328,
"1943-06-27",328,
"1943-06-28",328,
"1943-06-29",328,
"1943-06-30",324,
"1943-07-01",328,
"1943-07-02",322,
"1943-07-03",316,
"1943-07-04",320,
"1943-07-05",324,
"1943-07-06",324,
"1943-07-07",320,
"1943-07-08",322,
"1943-07-09",324,
"1943-07-10",324,
"1943-07-11",330,
"1943-07-12",330,
"1943-07-13",330,
"1943-07-14",330,
"1943-07-15",330,
"1943-07-16",330,
"1943-07-17",330,
"1943-07-18",330,
"1943-07-19",330,
"1943-07-20",330,
"1943-07-21",330,
"1943-07-22",330,
"1943-07-23",330,
"1943-07-24",330,
"1943-07-25",330,
"1943-07-26",330,
"1943-07-27",330,
"1943-07-28",330,
"1943-07-29",327,
"1943-07-30",324,
"1943-07-31",328,
"1943-08-01",324,
"1943-08-02",320,
"1943-08-03",320,
"1943-08-04",320,
"1943-08-05",320,
"1943-08-06",324,
"1943-08-07",324,
"1943-08-08",324,
"1943-08-09",328,
"1943-08-10",324,
"1943-08-11",320,
"1943-08-12",320,
"1943-08-13",324,
"1943-08-14",324,
"1943-08-15",324,
"1943-08-16",320,
"1943-08-17",320,
"1943-08-18",316,
"1943-08-19",316,
"1943-08-20",316,
"1943-08-21",313,
"1943-08-22",309,
"1943-08-23",309,
"1943-08-24",313,
"1943-08-25",309,
"1943-08-26",305,
"1943-08-27",305,
"1943-08-28",305,
"1943-08-29",305,
"1943-08-30",305,
"1943-08-31",304,
"1943-09-01",310,
"1943-09-02",317,
"1943-09-03",324,
"1943-09-04",332,
"1943-09-05",332,
"1943-09-06",328,
"1943-09-07",324,
"1943-09-08",324,
"1943-09-09",324,
"1943-09-10",324,
"1943-09-11",324,
"1943-09-12",324,
"1943-09-13",324,
"1943-09-14",324,
"1943-09-15",322,
"1943-09-16",320,
"1943-09-17",324,
"1943-09-18",320,
"1943-09-19",320,
"1943-09-20",320,
"1943-09-21",316,
"1943-09-22",320,
"1943-09-23",324,
"1943-09-24",320,
"1943-09-25",316,
"1943-09-26",316,
"1943-09-27",316,
"1943-09-28",316,
"1943-09-29",316,
"1943-09-30",313,
"1943-10-01",316,
"1943-10-02",316,
"1943-10-03",312,
"1943-10-04",309,
"1943-10-05",309,
"1943-10-06",309,
"1943-10-07",309,
"1943-10-08",309,
"1943-10-09",309,
"1943-10-10",305,
"1943-10-11",309,
"1943-10-12",309,
"1943-10-13",305,
"1943-10-14",305,
"1943-10-15",301,
"1943-10-16",305,
"1943-10-17",305,
"1943-10-18",301,
"1943-10-19",301,
"1943-10-20",305,
"1943-10-21",305,
"1943-10-22",305,
"1943-10-23",301,
"1943-10-24",303,
"1943-10-25",305,
"1943-10-26",305,
"1943-10-27",305,
"1943-10-28",305,
"1943-10-29",301,
"1943-10-30",303,
"1943-10-31",305,
"1943-11-01",305,
"1943-11-02",307,
"1943-11-03",309,
"1943-11-04",312,
"1943-11-05",316,
"1943-11-06",313,
"1943-11-07",313,
"1943-11-08",313,
"1943-11-09",313,
"1943-11-10",309,
"1943-11-11",309,
"1943-11-12",314,
"1943-11-13",320,
"1943-11-14",316,
"1943-11-15",313,
"1943-11-16",316,
"1943-11-17",320,
"1943-11-18",320,
"1943-11-19",320,
"1943-11-20",320,
"1943-11-21",320,
"1943-11-22",320,
"1943-11-23",320,
"1943-11-24",320,
"1943-11-25",318,
"1943-11-26",316,
"1943-11-27",316,
"1943-11-28",316,
"1943-11-29",316,
"1943-11-30",314,
"1943-12-01",313,
"1943-12-02",309,
"1943-12-03",309,
"1943-12-04",309,
"1943-12-05",309,
"1943-12-06",309,
"1943-12-07",309,
"1943-12-08",309,
"1943-12-09",313,
"1943-12-10",313,
"1943-12-11",313,
"1943-12-12",316,
"1943-12-13",316,
"1943-12-14",313,
"1943-12-15",309,
"1943-12-16",309,
"1943-12-17",311,
"1943-12-18",313,
"1943-12-19",313,
"1943-12-20",313,
"1943-12-21",316,
"1943-12-22",316,
"1943-12-23",316,
"1943-12-24",316,
"1943-12-25",316,
"1943-12-26",320,
"1943-12-27",320,
"1943-12-28",316,
"1943-12-29",313,
"1943-12-30",313,
"1943-12-31",319,
"1944-01-01",325,
"1944-01-02",330,
"1944-01-03",335,
"1944-01-04",336,
"1944-01-05",332,
"1944-01-06",336,
"1944-01-07",338,
"1944-01-08",340,
"1944-01-09",336,
"1944-01-10",336,
"1944-01-11",336,
"1944-01-12",332,
"1944-01-13",336,
"1944-01-14",336,
"1944-01-15",336,
"1944-01-16",336,
"1944-01-17",332,
"1944-01-18",328,
"1944-01-19",328,
"1944-01-20",332,
"1944-01-21",332,
"1944-01-22",328,
"1944-01-23",328,
"1944-01-24",330,
"1944-01-25",335,
"1944-01-26",330,
"1944-01-27",328,
"1944-01-28",328,
"1944-01-29",330,
"1944-01-30",331,
"1944-01-31",332,
"1944-02-01",332,
"1944-02-02",332,
"1944-02-03",332,
"1944-02-04",328,
"1944-02-05",324,
"1944-02-06",324,
"1944-02-07",328,
"1944-02-08",332,
"1944-02-09",332,
"1944-02-10",332,
"1944-02-11",328,
"1944-02-12",328,
"1944-02-13",332,
"1944-02-14",332,
"1944-02-15",336,
"1944-02-16",336,
"1944-02-17",332,
"1944-02-18",336,
"1944-02-19",336,
"1944-02-20",336,
"1944-02-21",336,
"1944-02-22",336,
"1944-02-23",336,
"1944-02-24",336,
"1944-02-25",336,
"1944-02-26",340,
"1944-02-27",344,
"1944-02-28",340,
"1944-02-29",340,
"1944-03-01",340,
"1944-03-02",345,
"1944-03-03",351,
"1944-03-04",347,
"1944-03-05",347,
"1944-03-06",349,
"1944-03-07",351,
"1944-03-08",351,
"1944-03-09",347,
"1944-03-10",353,
"1944-03-11",360,
"1944-03-12",355,
"1944-03-13",351,
"1944-03-14",351,
"1944-03-15",350,
"1944-03-16",356,
"1944-03-17",362,
"1944-03-18",363,
"1944-03-19",363,
"1944-03-20",367,
"1944-03-21",367,
"1944-03-22",370,
"1944-03-23",370,
"1944-03-24",371,
"1944-03-25",367,
"1944-03-26",363,
"1944-03-27",363,
"1944-03-28",367,
"1944-03-29",367,
"1944-03-30",367,
"1944-03-31",367,
"1944-04-01",371,
"1944-04-02",375,
"1944-04-03",379,
"1944-04-04",375,
"1944-04-05",382,
"1944-04-06",382,
"1944-04-07",382,
"1944-04-08",386,
"1944-04-09",384,
"1944-04-10",382,
"1944-04-11",382,
"1944-04-12",382,
"1944-04-13",379,
"1944-04-14",386,
"1944-04-15",379,
"1944-04-16",386,
"1944-04-17",382,
"1944-04-18",386,
"1944-04-19",382,
"1944-04-20",382,
"1944-04-21",382,
"1944-04-22",382,
"1944-04-23",382,
"1944-04-24",382,
"1944-04-25",386,
"1944-04-26",379,
"1944-04-27",382,
"1944-04-28",382,
"1944-04-29",386,
"1944-04-30",385,
"1944-05-01",383,
"1944-05-02",382,
"1944-05-03",380,
"1944-05-04",379,
"1944-05-05",386,
"1944-05-06",379,
"1944-05-07",375,
"1944-05-08",375,
"1944-05-09",380,
"1944-05-10",386,
"1944-05-11",379,
"1944-05-12",375,
"1944-05-13",371,
"1944-05-14",371,
"1944-05-15",371,
"1944-05-16",375,
"1944-05-17",371,
"1944-05-18",371,
"1944-05-19",373,
"1944-05-20",375,
"1944-05-21",379,
"1944-05-22",379,
"1944-05-23",375,
"1944-05-24",371,
"1944-05-25",379,
"1944-05-26",388,
"1944-05-27",397,
"1944-05-28",406,
"1944-05-29",398,
"1944-05-30",398,
"1944-05-31",392,
"1944-06-01",386,
"1944-06-02",382,
"1944-06-03",375,
"1944-06-04",375,
"1944-06-05",375,
"1944-06-06",379,
"1944-06-07",379,
"1944-06-08",379,
"1944-06-09",375,
"1944-06-10",371,
"1944-06-11",376,
"1944-06-12",382,
"1944-06-13",379,
"1944-06-14",379,
"1944-06-15",379,
"1944-06-16",382,
"1944-06-17",379,
"1944-06-18",382,
"1944-06-19",379,
"1944-06-20",375,
"1944-06-21",371,
"1944-06-22",375,
"1944-06-23",379,
"1944-06-24",379,
"1944-06-25",375,
"1944-06-26",371,
"1944-06-27",371,
"1944-06-28",371,
"1944-06-29",371,
"1944-06-30",371,
"1944-07-01",371,
"1944-07-02",367,
"1944-07-03",363,
"1944-07-04",365,
"1944-07-05",367,
"1944-07-06",371,
"1944-07-07",367,
"1944-07-08",363,
"1944-07-09",367,
"1944-07-10",367,
"1944-07-11",367,
"1944-07-12",363,
"1944-07-13",359,
"1944-07-14",359,
"1944-07-15",355,
"1944-07-16",355,
"1944-07-17",351,
"1944-07-18",351,
"1944-07-19",351,
"1944-07-20",351,
"1944-07-21",351,
"1944-07-22",347,
"1944-07-23",347,
"1944-07-24",347,
"1944-07-25",343,
"1944-07-26",340,
"1944-07-27",340,
"1944-07-28",340,
"1944-07-29",336,
"1944-07-30",332,
"1944-07-31",332,
"1944-08-01",332,
"1944-08-02",328,
"1944-08-03",330,
"1944-08-04",332,
"1944-08-05",332,
"1944-08-06",332,
"1944-08-07",328,
"1944-08-08",328,
"1944-08-09",328,
"1944-08-10",324,
"1944-08-11",326,
"1944-08-12",328,
"1944-08-13",328,
"1944-08-14",332,
"1944-08-15",328,
"1944-08-16",328,
"1944-08-17",324,
"1944-08-18",328,
"1944-08-19",324,
"1944-08-20",324,
"1944-08-21",324,
"1944-08-22",324,
"1944-08-23",328,
"1944-08-24",324,
"1944-08-25",320,
"1944-08-26",316,
"1944-08-27",322,
"1944-08-28",328,
"1944-08-29",324,
"1944-08-30",328,
"1944-08-31",324,
"1944-09-01",322,
"1944-09-02",320,
"1944-09-03",316,
"1944-09-04",316,
"1944-09-05",321,
"1944-09-06",327,
"1944-09-07",332,
"1944-09-08",328,
"1944-09-09",328,
"1944-09-10",328,
"1944-09-11",332,
"1944-09-12",332,
"1944-09-13",332,
"1944-09-14",332,
"1944-09-15",332,
"1944-09-16",336,
"1944-09-17",332,
"1944-09-18",332,
"1944-09-19",336,
"1944-09-20",340,
"1944-09-21",336,
"1944-09-22",340,
"1944-09-23",340,
"1944-09-24",336,
"1944-09-25",336,
"1944-09-26",340,
"1944-09-27",340,
"1944-09-28",340,
"1944-09-29",340,
"1944-09-30",340,
"1944-10-01",340,
"1944-10-02",336,
"1944-10-03",336,
"1944-10-04",336,
"1944-10-05",336,
"1944-10-06",340,
"1944-10-07",340,
"1944-10-08",340,
"1944-10-09",340,
"1944-10-10",336,
"1944-10-11",336,
"1944-10-12",336,
"1944-10-13",330,
"1944-10-14",324,
"1944-10-15",320,
"1944-10-16",324,
"1944-10-17",324,
"1944-10-18",318,
"1944-10-19",313,
"1944-10-20",316,
"1944-10-21",313,
"1944-10-22",316,
"1944-10-23",316,
"1944-10-24",313,
"1944-10-25",313,
"1944-10-26",313,
"1944-10-27",309,
"1944-10-28",313,
"1944-10-29",313,
"1944-10-30",313,
"1944-10-31",313,
"1944-11-01",316,
"1944-11-02",313,
"1944-11-03",316,
"1944-11-04",313,
"1944-11-05",316,
"1944-11-06",313,
"1944-11-07",313,
"1944-11-08",309,
"1944-11-09",309,
"1944-11-10",309,
"1944-11-11",313,
"1944-11-12",309,
"1944-11-13",309,
"1944-11-14",309,
"1944-11-15",309,
"1944-11-16",309,
"1944-11-17",309,
"1944-11-18",310,
"1944-11-19",312,
"1944-11-20",313,
"1944-11-21",316,
"1944-11-22",313,
"1944-11-23",313,
"1944-11-24",314,
"1944-11-25",316,
"1944-11-26",316,
"1944-11-27",316,
"1944-11-28",316,
"1944-11-29",316,
"1944-11-30",316,
"1944-12-01",320,
"1944-12-02",324,
"1944-12-03",324,
"1944-12-04",324,
"1944-12-05",324,
"1944-12-06",324,
"1944-12-07",324,
"1944-12-08",324,
"1944-12-09",324,
"1944-12-10",325,
"1944-12-11",327,
"1944-12-12",328,
"1944-12-13",328,
"1944-12-14",332,
"1944-12-15",332,
"1944-12-16",328,
"1944-12-17",330,
"1944-12-18",332,
"1944-12-19",332,
"1944-12-20",332,
"1944-12-21",332,
"1944-12-22",332,
"1944-12-23",336,
"1944-12-24",336,
"1944-12-25",336,
"1944-12-26",332,
"1944-12-27",332,
"1944-12-28",336,
"1944-12-29",332,
"1944-12-30",336,
"1944-12-31",336,
"1945-01-01",332,
"1945-01-02",336,
"1945-01-03",332,
"1945-01-04",336,
"1945-01-05",336,
"1945-01-06",340,
"1945-01-07",340,
"1945-01-08",340,
"1945-01-09",340,
"1945-01-10",336,
"1945-01-11",332,
"1945-01-12",334,
"1945-01-13",336,
"1945-01-14",336,
"1945-01-15",336,
"1945-01-16",340,
"1945-01-17",344,
"1945-01-18",349,
"1945-01-19",353,
"1945-01-20",358,
"1945-01-21",363,
"1945-01-22",357,
"1945-01-23",351,
"1945-01-24",351,
"1945-01-25",355,
"1945-01-26",351,
"1945-01-27",355,
"1945-01-28",351,
"1945-01-29",355,
"1945-01-30",351,
"1945-01-31",351,
"1945-02-01",351,
"1945-02-02",353,
"1945-02-03",355,
"1945-02-04",358,
"1945-02-05",360,
"1945-02-06",363,
"1945-02-07",363,
"1945-02-08",363,
"1945-02-09",363,
"1945-02-10",367,
"1945-02-11",363,
"1945-02-12",372,
"1945-02-13",381,
"1945-02-14",390,
"1945-02-15",386,
"1945-02-16",382,
"1945-02-17",386,
"1945-02-18",394,
"1945-02-19",404,
"1945-02-20",414,
"1945-02-21",406,
"1945-02-22",398,
"1945-02-23",390,
"1945-02-24",390,
"1945-02-25",394,
"1945-02-26",394,
"1945-02-27",394,
"1945-02-28",390,
"1945-03-01",390,
"1945-03-02",386,
"1945-03-03",385,
"1945-03-04",383,
"1945-03-05",382,
"1945-03-06",379,
"1945-03-07",382,
"1945-03-08",375,
"1945-03-09",375,
"1945-03-10",375,
"1945-03-11",371,
"1945-03-12",375,
"1945-03-13",371,
"1945-03-14",374,
"1945-03-15",377,
"1945-03-16",380,
"1945-03-17",384,
"1945-03-18",387,
"1945-03-19",390,
"1945-03-20",386,
"1945-03-21",382,
"1945-03-22",386,
"1945-03-23",386,
"1945-03-24",386,
"1945-03-25",379,
"1945-03-26",382,
"1945-03-27",382,
"1945-03-28",388,
"1945-03-29",391,
"1945-03-30",394,
"1945-03-31",397,
"1945-04-01",400,
"1945-04-02",404,
"1945-04-03",407,
"1945-04-04",410,
"1945-04-05",402,
"1945-04-06",400,
"1945-04-07",398,
"1945-04-08",406,
"1945-04-09",398,
"1945-04-10",402,
"1945-04-11",398,
"1945-04-12",402,
"1945-04-13",402,
"1945-04-14",402,
"1945-04-15",406,
"1945-04-16",406,
"1945-04-17",402,
"1945-04-18",402,
"1945-04-19",406,
"1945-04-20",402,
"1945-04-21",410,
"1945-04-22",412,
"1945-04-23",414,
"1945-04-24",410,
"1945-04-25",410,
"1945-04-26",410,
"1945-04-27",410,
"1945-04-28",402,
"1945-04-29",410,
"1945-04-30",406,
"1945-05-01",406,
"1945-05-02",406,
"1945-05-03",408,
"1945-05-04",410,
"1945-05-05",402,
"1945-05-06",410,
"1945-05-07",414,
"1945-05-08",410,
"1945-05-09",410,
"1945-05-10",410,
"1945-05-11",414,
"1945-05-12",406,
"1945-05-13",410,
"1945-05-14",410,
"1945-05-15",406,
"1945-05-16",406,
"1945-05-17",410,
"1945-05-18",416,
"1945-05-19",422,
"1945-05-20",422,
"1945-05-21",422,
"1945-05-22",422,
"1945-05-23",422,
"1945-05-24",422,
"1945-05-25",422,
"1945-05-26",418,
"1945-05-27",418,
"1945-05-28",422,
"1945-05-29",418,
"1945-05-30",418,
"1945-05-31",414,
"1945-06-01",418,
"1945-06-02",406,
"1945-06-03",394,
"1945-06-04",394,
"1945-06-05",388,
"1945-06-06",382,
"1945-06-07",386,
"1945-06-08",386,
"1945-06-09",382,
"1945-06-10",379,
"1945-06-11",375,
"1945-06-12",377,
"1945-06-13",379,
"1945-06-14",379,
"1945-06-15",375,
"1945-06-16",371,
"1945-06-17",371,
"1945-06-18",369,
"1945-06-19",367,
"1945-06-20",365,
"1945-06-21",363,
"1945-06-22",363,
"1945-06-23",359,
"1945-06-24",355,
"1945-06-25",351,
"1945-06-26",347,
"1945-06-27",351,
"1945-06-28",355,
"1945-06-29",355,
"1945-06-30",351,
"1945-07-01",347,
"1945-07-02",351,
"1945-07-03",355,
"1945-07-04",355,
"1945-07-05",351,
"1945-07-06",351,
"1945-07-07",347,
"1945-07-08",347,
"1945-07-09",347,
"1945-07-10",347,
"1945-07-11",347,
"1945-07-12",344,
"1945-07-13",347,
"1945-07-14",347,
"1945-07-15",344,
"1945-07-16",344,
"1945-07-17",347,
"1945-07-18",344,
"1945-07-19",344,
"1945-07-20",347,
"1945-07-21",344,
"1945-07-22",344,
"1945-07-23",344,
"1945-07-24",347,
"1945-07-25",344,
"1945-07-26",344,
"1945-07-27",344,
"1945-07-28",340,
"1945-07-29",336,
"1945-07-30",341,
"1945-07-31",347,
"1945-08-01",344,
"1945-08-02",344,
"1945-08-03",340,
"1945-08-04",340,
"1945-08-05",340,
"1945-08-06",344,
"1945-08-07",340,
"1945-08-08",344,
"1945-08-09",340,
"1945-08-10",344,
"1945-08-11",340,
"1945-08-12",340,
"1945-08-13",344,
"1945-08-14",340,
"1945-08-15",336,
"1945-08-16",340,
"1945-08-17",344,
"1945-08-18",340,
"1945-08-19",344,
"1945-08-20",344,
"1945-08-21",340,
"1945-08-22",340,
"1945-08-23",340,
"1945-08-24",340,
"1945-08-25",340,
"1945-08-26",340,
"1945-08-27",340,
"1945-08-28",340,
"1945-08-29",336,
"1945-08-30",338,
"1945-08-31",340,
"1945-09-01",340,
"1945-09-02",340,
"1945-09-03",344,
"1945-09-04",340,
"1945-09-05",340,
"1945-09-06",336,
"1945-09-07",334,
"1945-09-08",332,
"1945-09-09",336,
"1945-09-10",332,
"1945-09-11",332,
"1945-09-12",332,
"1945-09-13",332,
"1945-09-14",332,
"1945-09-15",332,
"1945-09-16",336,
"1945-09-17",332,
"1945-09-18",332,
"1945-09-19",332,
"1945-09-20",336,
"1945-09-21",332,
"1945-09-22",328,
"1945-09-23",332,
"1945-09-24",332,
"1945-09-25",332,
"1945-09-26",332,
"1945-09-27",336,
"1945-09-28",332,
"1945-09-29",336,
"1945-09-30",336,
"1945-10-01",336,
"1945-10-02",336,
"1945-10-03",340,
"1945-10-04",340,
"1945-10-05",337,
"1945-10-06",334,
"1945-10-07",331,
"1945-10-08",328,
"1945-10-09",331,
"1945-10-10",333,
"1945-10-11",336,
"1945-10-12",336,
"1945-10-13",332,
"1945-10-14",332,
"1945-10-15",332,
"1945-10-16",336,
"1945-10-17",332,
"1945-10-18",336,
"1945-10-19",336,
"1945-10-20",336,
"1945-10-21",336,
"1945-10-22",336,
"1945-10-23",332,
"1945-10-24",336,
"1945-10-25",332,
"1945-10-26",332,
"1945-10-27",332,
"1945-10-28",332,
"1945-10-29",332,
"1945-10-30",332,
"1945-10-31",328,
"1945-11-01",332,
"1945-11-02",332,
"1945-11-03",332,
"1945-11-04",332,
"1945-11-05",328,
"1945-11-06",324,
"1945-11-07",324,
"1945-11-08",324,
"1945-11-09",328,
"1945-11-10",328,
"1945-11-11",328,
"1945-11-12",332,
"1945-11-13",332,
"1945-11-14",332,
"1945-11-15",332,
"1945-11-16",328,
"1945-11-17",332,
"1945-11-18",332,
"1945-11-19",332,
"1945-11-20",332,
"1945-11-21",332,
"1945-11-22",336,
"1945-11-23",332,
"1945-11-24",332,
"1945-11-25",332,
"1945-11-26",332,
"1945-11-27",332,
"1945-11-28",336,
"1945-11-29",332,
"1945-11-30",332,
"1945-12-01",336,
"1945-12-02",336,
"1945-12-03",342,
"1945-12-04",341,
"1945-12-05",340,
"1945-12-06",340,
"1945-12-07",336,
"1945-12-08",340,
"1945-12-09",340,
"1945-12-10",340,
"1945-12-11",336,
"1945-12-12",336,
"1945-12-13",336,
"1945-12-14",336,
"1945-12-15",332,
"1945-12-16",332,
"1945-12-17",332,
"1945-12-18",332,
"1945-12-19",332,
"1945-12-20",332,
"1945-12-21",332,
"1945-12-22",332,
"1945-12-23",336,
"1945-12-24",332,
"1945-12-25",332,
"1945-12-26",336,
"1945-12-27",332,
"1945-12-28",332,
"1945-12-29",336,
"1945-12-30",336,
"1945-12-31",336,
"1946-01-01",332,
"1946-01-02",330,
"1946-01-03",328,
"1946-01-04",332,
"1946-01-05",336,
"1946-01-06",332,
"1946-01-07",332,
"1946-01-08",328,
"1946-01-09",324,
"1946-01-10",328,
"1946-01-11",328,
"1946-01-12",328,
"1946-01-13",327,
"1946-01-14",326,
"1946-01-15",326,
"1946-01-16",325,
"1946-01-17",324,
"1946-01-18",320,
"1946-01-19",320,
"1946-01-20",316,
"1946-01-21",320,
"1946-01-22",316,
"1946-01-23",316,
"1946-01-24",313,
"1946-01-25",316,
"1946-01-26",316,
"1946-01-27",318,
"1946-01-28",320,
"1946-01-29",324,
"1946-01-30",320,
"1946-01-31",320,
"1946-02-01",316,
"1946-02-02",313,
"1946-02-03",309,
"1946-02-04",309,
"1946-02-05",309,
"1946-02-06",313,
"1946-02-07",309,
"1946-02-08",309,
"1946-02-09",305,
"1946-02-10",309,
"1946-02-11",309,
"1946-02-12",305,
"1946-02-13",305,
"1946-02-14",303,
"1946-02-15",301,
"1946-02-16",307,
"1946-02-17",313,
"1946-02-18",315,
"1946-02-19",318,
"1946-02-20",320,
"1946-02-21",320,
"1946-02-22",316,
"1946-02-23",316,
"1946-02-24",316,
"1946-02-25",320,
"1946-02-26",320,
"1946-02-27",316,
"1946-02-28",316,
"1946-03-01",324,
"1946-03-02",332,
"1946-03-03",332,
"1946-03-04",336,
"1946-03-05",340,
"1946-03-06",340,
"1946-03-07",340,
"1946-03-08",336,
"1946-03-09",332,
"1946-03-10",332,
"1946-03-11",333,
"1946-03-12",334,
"1946-03-13",334,
"1946-03-14",335,
"1946-03-15",336,
"1946-03-16",332,
"1946-03-17",334,
"1946-03-18",336,
"1946-03-19",336,
"1946-03-20",340,
"1946-03-21",336,
"1946-03-22",340,
"1946-03-23",336,
"1946-03-24",340,
"1946-03-25",342,
"1946-03-26",345,
"1946-03-27",347,
"1946-03-28",344,
"1946-03-29",340,
"1946-03-30",340,
"1946-03-31",340,
"1946-04-01",344,
"1946-04-02",340,
"1946-04-03",340,
"1946-04-04",336,
"1946-04-05",332,
"1946-04-06",332,
"1946-04-07",336,
"1946-04-08",332,
"1946-04-09",332,
"1946-04-10",332,
"1946-04-11",332,
"1946-04-12",332,
"1946-04-13",328,
"1946-04-14",328,
"1946-04-15",324,
"1946-04-16",328,
"1946-04-17",332,
"1946-04-18",328,
"1946-04-19",328,
"1946-04-20",324,
"1946-04-21",328,
"1946-04-22",328,
"1946-04-23",328,
"1946-04-24",328,
"1946-04-25",328,
"1946-04-26",324,
"1946-04-27",320,
"1946-04-28",320,
"1946-04-29",320,
"1946-04-30",328,
"1946-05-01",338,
"1946-05-02",347,
"1946-05-03",347,
"1946-05-04",347,
"1946-05-05",344,
"1946-05-06",344,
"1946-05-07",344,
"1946-05-08",344,
"1946-05-09",338,
"1946-05-10",332,
"1946-05-11",332,
"1946-05-12",336,
"1946-05-13",336,
"1946-05-14",332,
"1946-05-15",332,
"1946-05-16",336,
"1946-05-17",340,
"1946-05-18",344,
"1946-05-19",348,
"1946-05-20",352,
"1946-05-21",355,
"1946-05-22",352,
"1946-05-23",355,
"1946-05-24",352,
"1946-05-25",352,
"1946-05-26",352,
"1946-05-27",352,
"1946-05-28",352,
"1946-05-29",352,
"1946-05-30",355,
"1946-05-31",357,
"1946-06-01",359,
"1946-06-02",362,
"1946-06-03",364,
"1946-06-04",364,
"1946-06-05",364,
"1946-06-06",364,
"1946-06-07",364,
"1946-06-08",364,
"1946-06-09",365,
"1946-06-10",366,
"1946-06-11",366,
"1946-06-12",367,
"1946-06-13",364,
"1946-06-14",364,
"1946-06-15",361,
"1946-06-16",358,
"1946-06-17",361,
"1946-06-18",361,
"1946-06-19",361,
"1946-06-20",369,
"1946-06-21",377,
"1946-06-22",386,
"1946-06-23",378,
"1946-06-24",370,
"1946-06-25",367,
"1946-06-26",367,
"1946-06-27",364,
"1946-06-28",362,
"1946-06-29",361,
"1946-06-30",367,
"1946-07-01",367,
"1946-07-02",364,
"1946-07-03",364,
"1946-07-04",367,
"1946-07-05",374,
"1946-07-06",382,
"1946-07-07",382,
"1946-07-08",386,
"1946-07-09",382,
"1946-07-10",379,
"1946-07-11",376,
"1946-07-12",382,
"1946-07-13",376,
"1946-07-14",376,
"1946-07-15",376,
"1946-07-16",373,
"1946-07-17",376,
"1946-07-18",370,
"1946-07-19",373,
"1946-07-20",370,
"1946-07-21",376,
"1946-07-22",379,
"1946-07-23",376,
"1946-07-24",376,
"1946-07-25",370,
"1946-07-26",370,
"1946-07-27",370,
"1946-07-28",373,
"1946-07-29",370,
"1946-07-30",370,
"1946-07-31",373,
"1946-08-01",373,
"1946-08-02",373,
"1946-08-03",370,
"1946-08-04",370,
"1946-08-05",367,
"1946-08-06",367,
"1946-08-07",367,
"1946-08-08",361,
"1946-08-09",358,
"1946-08-10",355,
"1946-08-11",355,
"1946-08-12",355,
"1946-08-13",355,
"1946-08-14",358,
"1946-08-15",352,
"1946-08-16",349,
"1946-08-17",349,
"1946-08-18",349,
"1946-08-19",349,
"1946-08-20",349,
"1946-08-21",346,
"1946-08-22",349,
"1946-08-23",349,
"1946-08-24",346,
"1946-08-25",346,
"1946-08-26",349,
"1946-08-27",349,
"1946-08-28",355,
"1946-08-29",359,
"1946-08-30",363,
"1946-08-31",367,
"1946-09-01",373,
"1946-09-02",379,
"1946-09-03",379,
"1946-09-04",373,
"1946-09-05",367,
"1946-09-06",362,
"1946-09-07",358,
"1946-09-08",361,
"1946-09-09",361,
"1946-09-10",361,
"1946-09-11",364,
"1946-09-12",361,
"1946-09-13",358,
"1946-09-14",355,
"1946-09-15",359,
"1946-09-16",363,
"1946-09-17",367,
"1946-09-18",367,
"1946-09-19",364,
"1946-09-20",364,
"1946-09-21",364,
"1946-09-22",364,
"1946-09-23",364,
"1946-09-24",364,
"1946-09-25",370,
"1946-09-26",376,
"1946-09-27",382,
"1946-09-28",389,
"1946-09-29",395,
"1946-09-30",388,
"1946-10-01",382,
"1946-10-02",382,
"1946-10-03",382,
"1946-10-04",390,
"1946-10-05",398,
"1946-10-06",392,
"1946-10-07",389,
"1946-10-08",389,
"1946-10-09",389,
"1946-10-10",390,
"1946-10-11",391,
"1946-10-12",392,
"1946-10-13",392,
"1946-10-14",392,
"1946-10-15",395,
"1946-10-16",398,
"1946-10-17",401,
"1946-10-18",398,
"1946-10-19",395,
"1946-10-20",398,
"1946-10-21",398,
"1946-10-22",395,
"1946-10-23",392,
"1946-10-24",395,
"1946-10-25",395,
"1946-10-26",395,
"1946-10-27",395,
"1946-10-28",392,
"1946-10-29",398,
"1946-10-30",395,
"1946-10-31",398,
"1946-11-01",401,
"1946-11-02",395,
"1946-11-03",396,
"1946-11-04",398,
"1946-11-05",399,
"1946-11-06",401,
"1946-11-07",402,
"1946-11-08",405,
"1946-11-09",402,
"1946-11-10",404,
"1946-11-11",405,
"1946-11-12",399,
"1946-11-13",402,
"1946-11-14",399,
"1946-11-15",399,
"1946-11-16",399,
"1946-11-17",399,
"1946-11-18",399,
"1946-11-19",399,
"1946-11-20",396,
"1946-11-21",399,
"1946-11-22",402,
"1946-11-23",402,
"1946-11-24",402,
"1946-11-25",399,
"1946-11-26",402,
"1946-11-27",399,
"1946-11-28",399,
"1946-11-29",399,
"1946-11-30",399,
"1946-12-01",399,
"1946-12-02",399,
"1946-12-03",399,
"1946-12-04",396,
"1946-12-05",396,
"1946-12-06",396,
"1946-12-07",399,
"1946-12-08",396,
"1946-12-09",396,
"1946-12-10",399,
"1946-12-11",403,
"1946-12-12",407,
"1946-12-13",411,
"1946-12-14",405,
"1946-12-15",402,
"1946-12-16",399,
"1946-12-17",402,
"1946-12-18",399,
"1946-12-19",399,
"1946-12-20",396,
"1946-12-21",399,
"1946-12-22",399,
"1946-12-23",399,
"1946-12-24",396,
"1946-12-25",396,
"1946-12-26",396,
"1946-12-27",396,
"1946-12-28",396,
"1946-12-29",392,
"1946-12-30",392,
"1946-12-31",396,
"1947-01-01",402,
"1947-01-02",401,
"1947-01-03",400,
"1947-01-04",399,
"1947-01-05",396,
"1947-01-06",396,
"1947-01-07",392,
"1947-01-08",396,
"1947-01-09",401,
"1947-01-10",406,
"1947-01-11",411,
"1947-01-12",405,
"1947-01-13",405,
"1947-01-14",402,
"1947-01-15",402,
"1947-01-16",413,
"1947-01-17",425,
"1947-01-18",437,
"1947-01-19",434,
"1947-01-20",432,
"1947-01-21",429,
"1947-01-22",427,
"1947-01-23",425,
"1947-01-24",422,
"1947-01-25",420,
"1947-01-26",417,
"1947-01-27",414,
"1947-01-28",417,
"1947-01-29",414,
"1947-01-30",417,
"1947-01-31",414,
"1947-02-01",411,
"1947-02-02",411,
"1947-02-03",411,
"1947-02-04",408,
"1947-02-05",402,
"1947-02-06",408,
"1947-02-07",408,
"1947-02-08",405,
"1947-02-09",405,
"1947-02-10",405,
"1947-02-11",402,
"1947-02-12",402,
"1947-02-13",405,
"1947-02-14",408,
"1947-02-15",408,
"1947-02-16",408,
"1947-02-17",411,
"1947-02-18",408,
"1947-02-19",411,
"1947-02-20",408,
"1947-02-21",408,
"1947-02-22",411,
"1947-02-23",408,
"1947-02-24",405,
"1947-02-25",405,
"1947-02-26",402,
"1947-02-27",408,
"1947-02-28",405,
"1947-03-01",405,
"1947-03-02",402,
"1947-03-03",399,
"1947-03-04",402,
"1947-03-05",399,
"1947-03-06",402,
"1947-03-07",405,
"1947-03-08",402,
"1947-03-09",402,
"1947-03-10",405,
"1947-03-11",402,
"1947-03-12",405,
"1947-03-13",402,
"1947-03-14",402,
"1947-03-15",399,
"1947-03-16",402,
"1947-03-17",402,
"1947-03-18",406,
"1947-03-19",411,
"1947-03-20",408,
"1947-03-21",414,
"1947-03-22",411,
"1947-03-23",411,
"1947-03-24",408,
"1947-03-25",411,
"1947-03-26",408,
"1947-03-27",411,
"1947-03-28",411,
"1947-03-29",411,
"1947-03-30",408,
"1947-03-31",408,
"1947-04-01",405,
"1947-04-02",405,
"1947-04-03",399,
"1947-04-04",396,
"1947-04-05",396,
"1947-04-06",399,
"1947-04-07",392,
"1947-04-08",396,
"1947-04-09",396,
"1947-04-10",396,
"1947-04-11",392,
"1947-04-12",399,
"1947-04-13",392,
"1947-04-14",399,
"1947-04-15",392,
"1947-04-16",396,
"1947-04-17",396,
"1947-04-18",396,
"1947-04-19",392,
"1947-04-20",392,
"1947-04-21",389,
"1947-04-22",392,
"1947-04-23",389,
"1947-04-24",386,
"1947-04-25",389,
"1947-04-26",386,
"1947-04-27",389,
"1947-04-28",389,
"1947-04-29",386,
"1947-04-30",386,
"1947-05-01",389,
"1947-05-02",392,
"1947-05-03",396,
"1947-05-04",392,
"1947-05-05",389,
"1947-05-06",389,
"1947-05-07",389,
"1947-05-08",383,
"1947-05-09",377,
"1947-05-10",372,
"1947-05-11",366,
"1947-05-12",361,
"1947-05-13",358,
"1947-05-14",355,
"1947-05-15",352,
"1947-05-16",358,
"1947-05-17",352,
"1947-05-18",358,
"1947-05-19",355,
"1947-05-20",352,
"1947-05-21",356,
"1947-05-22",361,
"1947-05-23",358,
"1947-05-24",359,
"1947-05-25",360,
"1947-05-26",361,
"1947-05-27",355,
"1947-05-28",355,
"1947-05-29",352,
"1947-05-30",355,
"1947-05-31",349,
"1947-06-01",352,
"1947-06-02",346,
"1947-06-03",343,
"1947-06-04",343,
"1947-06-05",340,
"1947-06-06",343,
"1947-06-07",337,
"1947-06-08",340,
"1947-06-09",337,
"1947-06-10",340,
"1947-06-11",337,
"1947-06-12",343,
"1947-06-13",349,
"1947-06-14",349,
"1947-06-15",349,
"1947-06-16",346,
"1947-06-17",349,
"1947-06-18",349,
"1947-06-19",349,
"1947-06-20",349,
"1947-06-21",343,
"1947-06-22",349,
"1947-06-23",346,
"1947-06-24",349,
"1947-06-25",348,
"1947-06-26",347,
"1947-06-27",346,
"1947-06-28",340,
"1947-06-29",340,
"1947-06-30",337,
"1947-07-01",334,
"1947-07-02",331,
"1947-07-03",331,
"1947-07-04",328,
"1947-07-05",331,
"1947-07-06",328,
"1947-07-07",331,
"1947-07-08",331,
"1947-07-09",331,
"1947-07-10",328,
"1947-07-11",331,
"1947-07-12",331,
"1947-07-13",332,
"1947-07-14",334,
"1947-07-15",331,
"1947-07-16",331,
"1947-07-17",328,
"1947-07-18",331,
"1947-07-19",331,
"1947-07-20",331,
"1947-07-21",328,
"1947-07-22",328,
"1947-07-23",325,
"1947-07-24",325,
"1947-07-25",322,
"1947-07-26",319,
"1947-07-27",322,
"1947-07-28",322,
"1947-07-29",322,
"1947-07-30",325,
"1947-07-31",325,
"1947-08-01",325,
"1947-08-02",322,
"1947-08-03",325,
"1947-08-04",322,
"1947-08-05",322,
"1947-08-06",325,
"1947-08-07",325,
"1947-08-08",322,
"1947-08-09",319,
"1947-08-10",322,
"1947-08-11",319,
"1947-08-12",322,
"1947-08-13",322,
"1947-08-14",322,
"1947-08-15",319,
"1947-08-16",319,
"1947-08-17",325,
"1947-08-18",322,
"1947-08-19",325,
"1947-08-20",325,
"1947-08-21",325,
"1947-08-22",325,
"1947-08-23",325,
"1947-08-24",328,
"1947-08-25",322,
"1947-08-26",322,
"1947-08-27",322,
"1947-08-28",322,
"1947-08-29",325,
"1947-08-30",322,
"1947-08-31",322,
"1947-09-01",322,
"1947-09-02",320,
"1947-09-03",319,
"1947-09-04",325,
"1947-09-05",325,
"1947-09-06",319,
"1947-09-07",316,
"1947-09-08",313,
"1947-09-09",319,
"1947-09-10",319,
"1947-09-11",316,
"1947-09-12",316,
"1947-09-13",319,
"1947-09-14",322,
"1947-09-15",325,
"1947-09-16",325,
"1947-09-17",322,
"1947-09-18",322,
"1947-09-19",322,
"1947-09-20",316,
"1947-09-21",316,
"1947-09-22",319,
"1947-09-23",319,
"1947-09-24",316,
"1947-09-25",319,
"1947-09-26",319,
"1947-09-27",316,
"1947-09-28",316,
"1947-09-29",316,
"1947-09-30",319,
"1947-10-01",319,
"1947-10-02",316,
"1947-10-03",313,
"1947-10-04",316,
"1947-10-05",316,
"1947-10-06",313,
"1947-10-07",311,
"1947-10-08",311,
"1947-10-09",316,
"1947-10-10",316,
"1947-10-11",316,
"1947-10-12",313,
"1947-10-13",319,
"1947-10-14",313,
"1947-10-15",313,
"1947-10-16",311,
"1947-10-17",308,
"1947-10-18",305,
"1947-10-19",308,
"1947-10-20",311,
"1947-10-21",311,
"1947-10-22",308,
"1947-10-23",311,
"1947-10-24",311,
"1947-10-25",311,
"1947-10-26",308,
"1947-10-27",311,
"1947-10-28",311,
"1947-10-29",311,
"1947-10-30",308,
"1947-10-31",308,
"1947-11-01",305,
"1947-11-02",308,
"1947-11-03",308,
"1947-11-04",311,
"1947-11-05",305,
"1947-11-06",308,
"1947-11-07",308,
"1947-11-08",305,
"1947-11-09",305,
"1947-11-10",308,
"1947-11-11",308,
"1947-11-12",308,
"1947-11-13",308,
"1947-11-14",308,
"1947-11-15",311,
"1947-11-16",311,
"1947-11-17",311,
"1947-11-18",311,
"1947-11-19",311,
"1947-11-20",308,
"1947-11-21",311,
"1947-11-22",313,
"1947-11-23",311,
"1947-11-24",311,
"1947-11-25",311,
"1947-11-26",311,
"1947-11-27",311,
"1947-11-28",311,
"1947-11-29",308,
"1947-11-30",308,
"1947-12-01",311,
"1947-12-02",311,
"1947-12-03",308,
"1947-12-04",308,
"1947-12-05",308,
"1947-12-06",311,
"1947-12-07",311,
"1947-12-08",311,
"1947-12-09",311,
"1947-12-10",308,
"1947-12-11",308,
"1947-12-12",308,
"1947-12-13",305,
"1947-12-14",311,
"1947-12-15",308,
"1947-12-16",305,
"1947-12-17",305,
"1947-12-18",308,
"1947-12-19",308,
"1947-12-20",311,
"1947-12-21",311,
"1947-12-22",313,
"1947-12-23",308,
"1947-12-24",313,
"1947-12-25",311,
"1947-12-26",308,
"1947-12-27",308,
"1947-12-28",308,
"1947-12-29",308,
"1947-12-30",308,
"1947-12-31",305,
"1948-01-01",308,
"1948-01-02",305,
"1948-01-03",305,
"1948-01-04",305,
"1948-01-05",305,
"1948-01-06",305,
"1948-01-07",305,
"1948-01-08",302,
"1948-01-09",302,
"1948-01-10",299,
"1948-01-11",299,
"1948-01-12",302,
"1948-01-13",299,
"1948-01-14",299,
"1948-01-15",299,
"1948-01-16",299,
"1948-01-17",299,
"1948-01-18",299,
"1948-01-19",302,
"1948-01-20",305,
"1948-01-21",305,
"1948-01-22",305,
"1948-01-23",308,
"1948-01-24",311,
"1948-01-25",308,
"1948-01-26",313,
"1948-01-27",311,
"1948-01-28",311,
"1948-01-29",308,
"1948-01-30",313,
"1948-01-31",308,
"1948-02-01",308,
"1948-02-02",308,
"1948-02-03",305,
"1948-02-04",305,
"1948-02-05",302,
"1948-02-06",302,
"1948-02-07",302,
"1948-02-08",305,
"1948-02-09",305,
"1948-02-10",305,
"1948-02-11",302,
"1948-02-12",308,
"1948-02-13",311,
"1948-02-14",311,
"1948-02-15",308,
"1948-02-16",308,
"1948-02-17",308,
"1948-02-18",313,
"1948-02-19",311,
"1948-02-20",313,
"1948-02-21",313,
"1948-02-22",313,
"1948-02-23",313,
"1948-02-24",311,
"1948-02-25",313,
"1948-02-26",311,
"1948-02-27",311,
"1948-02-28",311,
"1948-02-29",308,
"1948-03-01",302,
"1948-03-02",296,
"1948-03-03",291,
"1948-03-04",291,
"1948-03-05",294,
"1948-03-06",291,
"1948-03-07",291,
"1948-03-08",294,
"1948-03-09",291,
"1948-03-10",294,
"1948-03-11",291,
"1948-03-12",294,
"1948-03-13",297,
"1948-03-14",294,
"1948-03-15",294,
"1948-03-16",297,
"1948-03-17",297,
"1948-03-18",297,
"1948-03-19",297,
"1948-03-20",302,
"1948-03-21",302,
"1948-03-22",302,
"1948-03-23",302,
"1948-03-24",299,
"1948-03-25",299,
"1948-03-26",299,
"1948-03-27",299,
"1948-03-28",298,
"1948-03-29",297,
"1948-03-30",302,
"1948-03-31",305,
"1948-04-01",305,
"1948-04-02",299,
"1948-04-03",302,
"1948-04-04",299,
"1948-04-05",299,
"1948-04-06",299,
"1948-04-07",302,
"1948-04-08",299,
"1948-04-09",299,
"1948-04-10",299,
"1948-04-11",297,
"1948-04-12",297,
"1948-04-13",297,
"1948-04-14",294,
"1948-04-15",294,
"1948-04-16",294,
"1948-04-17",294,
"1948-04-18",294,
"1948-04-19",294,
"1948-04-20",294,
"1948-04-21",291,
"1948-04-22",288,
"1948-04-23",291,
"1948-04-24",291,
"1948-04-25",291,
"1948-04-26",291,
"1948-04-27",291,
"1948-04-28",291,
"1948-04-29",291,
"1948-04-30",291,
"1948-05-01",291,
"1948-05-02",291,
"1948-05-03",294,
"1948-05-04",294,
"1948-05-05",294,
"1948-05-06",294,
"1948-05-07",291,
"1948-05-08",288,
"1948-05-09",288,
"1948-05-10",288,
"1948-05-11",288,
"1948-05-12",288,
"1948-05-13",288,
"1948-05-14",288,
"1948-05-15",288,
"1948-05-16",286,
"1948-05-17",283,
"1948-05-18",281,
"1948-05-19",281,
"1948-05-20",281,
"1948-05-21",281,
"1948-05-22",278,
"1948-05-23",278,
"1948-05-24",278,
"1948-05-25",278,
"1948-05-26",278,
"1948-05-27",278,
"1948-05-28",278,
"1948-05-29",275,
"1948-05-30",278,
"1948-05-31",275,
"1948-06-01",278,
"1948-06-02",283,
"1948-06-03",281,
"1948-06-04",278,
"1948-06-05",275,
"1948-06-06",273,
"1948-06-07",275,
"1948-06-08",273,
"1948-06-09",278,
"1948-06-10",278,
"1948-06-11",278,
"1948-06-12",273,
"1948-06-13",275,
"1948-06-14",278,
"1948-06-15",281,
"1948-06-16",281,
"1948-06-17",278,
"1948-06-18",278,
"1948-06-19",275,
"1948-06-20",275,
"1948-06-21",278,
"1948-06-22",275,
"1948-06-23",278,
"1948-06-24",275,
"1948-06-25",278,
"1948-06-26",278,
"1948-06-27",275,
"1948-06-28",279,
"1948-06-29",283,
"1948-06-30",278,
"1948-07-01",273,
"1948-07-02",272,
"1948-07-03",270,
"1948-07-04",269,
"1948-07-05",268,
"1948-07-06",268,
"1948-07-07",270,
"1948-07-08",270,
"1948-07-09",270,
"1948-07-10",273,
"1948-07-11",268,
"1948-07-12",268,
"1948-07-13",270,
"1948-07-14",265,
"1948-07-15",265,
"1948-07-16",268,
"1948-07-17",265,
"1948-07-18",268,
"1948-07-19",265,
"1948-07-20",268,
"1948-07-21",268,
"1948-07-22",265,
"1948-07-23",262,
"1948-07-24",260,
"1948-07-25",260,
"1948-07-26",262,
"1948-07-27",260,
"1948-07-28",260,
"1948-07-29",260,
"1948-07-30",260,
"1948-07-31",258,
"1948-08-01",261,
"1948-08-02",265,
"1948-08-03",260,
"1948-08-04",260,
"1948-08-05",258,
"1948-08-06",254,
"1948-08-07",251,
"1948-08-08",253,
"1948-08-09",255,
"1948-08-10",253,
"1948-08-11",255,
"1948-08-12",255,
"1948-08-13",255,
"1948-08-14",253,
"1948-08-15",253,
"1948-08-16",258,
"1948-08-17",255,
"1948-08-18",255,
"1948-08-19",255,
"1948-08-20",254,
"1948-08-21",253,
"1948-08-22",253,
"1948-08-23",251,
"1948-08-24",251,
"1948-08-25",255,
"1948-08-26",258,
"1948-08-27",262,
"1948-08-28",265,
"1948-08-29",265,
"1948-08-30",261,
"1948-08-31",258,
"1948-09-01",258,
"1948-09-02",255,
"1948-09-03",255,
"1948-09-04",255,
"1948-09-05",253,
"1948-09-06",253,
"1948-09-07",253,
"1948-09-08",253,
"1948-09-09",255,
"1948-09-10",258,
"1948-09-11",258,
"1948-09-12",260,
"1948-09-13",258,
"1948-09-14",262,
"1948-09-15",262,
"1948-09-16",260,
"1948-09-17",260,
"1948-09-18",260,
"1948-09-19",262,
"1948-09-20",260,
"1948-09-21",260,
"1948-09-22",262,
"1948-09-23",262,
"1948-09-24",260,
"1948-09-25",260,
"1948-09-26",260,
"1948-09-27",255,
"1948-09-28",258,
"1948-09-29",258,
"1948-09-30",258,
"1948-10-01",254,
"1948-10-02",254,
"1948-10-03",254,
"1948-10-04",251,
"1948-10-05",248,
"1948-10-06",248,
"1948-10-07",248,
"1948-10-08",251,
"1948-10-09",251,
"1948-10-10",251,
"1948-10-11",251,
"1948-10-12",248,
"1948-10-13",248,
"1948-10-14",248,
"1948-10-15",248,
"1948-10-16",248,
"1948-10-17",254,
"1948-10-18",260,
"1948-10-19",265,
"1948-10-20",265,
"1948-10-21",265,
"1948-10-22",268,
"1948-10-23",268,
"1948-10-24",268,
"1948-10-25",268,
"1948-10-26",265,
"1948-10-27",265,
"1948-10-28",268,
"1948-10-29",265,
"1948-10-30",265,
"1948-10-31",265,
"1948-11-01",262,
"1948-11-02",260,
"1948-11-03",257,
"1948-11-04",262,
"1948-11-05",262,
"1948-11-06",262,
"1948-11-07",262,
"1948-11-08",260,
"1948-11-09",260,
"1948-11-10",257,
"1948-11-11",260,
"1948-11-12",262,
"1948-11-13",262,
"1948-11-14",265,
"1948-11-15",262,
"1948-11-16",262,
"1948-11-17",260,
"1948-11-18",257,
"1948-11-19",260,
"1948-11-20",260,
"1948-11-21",260,
"1948-11-22",262,
"1948-11-23",262,
"1948-11-24",262,
"1948-11-25",262,
"1948-11-26",260,
"1948-11-27",260,
"1948-11-28",260,
"1948-11-29",260,
"1948-11-30",260,
"1948-12-01",262,
"1948-12-02",262,
"1948-12-03",260,
"1948-12-04",257,
"1948-12-05",257,
"1948-12-06",257,
"1948-12-07",256,
"1948-12-08",254,
"1948-12-09",254,
"1948-12-10",257,
"1948-12-11",254,
"1948-12-12",254,
"1948-12-13",257,
"1948-12-14",254,
"1948-12-15",254,
"1948-12-16",257,
"1948-12-17",254,
"1948-12-18",257,
"1948-12-19",254,
"1948-12-20",254,
"1948-12-21",254,
"1948-12-22",254,
"1948-12-23",254,
"1948-12-24",254,
"1948-12-25",257,
"1948-12-26",257,
"1948-12-27",257,
"1948-12-28",257,
"1948-12-29",257,
"1948-12-30",257,
"1948-12-31",257,
"1949-01-01",260,
"1949-01-02",260,
"1949-01-03",262,
"1949-01-04",262,
"1949-01-05",260,
"1949-01-06",260,
"1949-01-07",260,
"1949-01-08",260,
"1949-01-09",260,
"1949-01-10",260,
"1949-01-11",260,
"1949-01-12",262,
"1949-01-13",265,
"1949-01-14",262,
"1949-01-15",260,
"1949-01-16",262,
"1949-01-17",260,
"1949-01-18",262,
"1949-01-19",262,
"1949-01-20",260,
"1949-01-21",260,
"1949-01-22",257,
"1949-01-23",257,
"1949-01-24",257,
"1949-01-25",254,
"1949-01-26",254,
"1949-01-27",251,
"1949-01-28",254,
"1949-01-29",251,
"1949-01-30",251,
"1949-01-31",251,
"1949-02-01",248,
"1949-02-02",246,
"1949-02-03",246,
"1949-02-04",248,
"1949-02-05",248,
"1949-02-06",248,
"1949-02-07",248,
"1949-02-08",246,
"1949-02-09",248,
"1949-02-10",248,
"1949-02-11",244,
"1949-02-12",240,
"1949-02-13",243,
"1949-02-14",246,
"1949-02-15",243,
"1949-02-16",240,
"1949-02-17",240,
"1949-02-18",240,
"1949-02-19",238,
"1949-02-20",238,
"1949-02-21",238,
"1949-02-22",240,
"1949-02-23",240,
"1949-02-24",240,
"1949-02-25",243,
"1949-02-26",246,
"1949-02-27",248,
"1949-02-28",251,
"1949-03-01",254,
"1949-03-02",254,
"1949-03-03",257,
"1949-03-04",260,
"1949-03-05",262,
"1949-03-06",265,
"1949-03-07",265,
"1949-03-08",268,
"1949-03-09",271,
"1949-03-10",274,
"1949-03-11",277,
"1949-03-12",280,
"1949-03-13",280,
"1949-03-14",280,
"1949-03-15",277,
"1949-03-16",277,
"1949-03-17",274,
"1949-03-18",274,
"1949-03-19",274,
"1949-03-20",274,
"1949-03-21",274,
"1949-03-22",274,
"1949-03-23",274,
"1949-03-24",274,
"1949-03-25",274,
"1949-03-26",274,
"1949-03-27",274,
"1949-03-28",271,
"1949-03-29",271,
"1949-03-30",271,
"1949-03-31",271,
"1949-04-01",271,
"1949-04-02",271,
"1949-04-03",271,
"1949-04-04",271,
"1949-04-05",271,
"1949-04-06",271,
"1949-04-07",271,
"1949-04-08",271,
"1949-04-09",271,
"1949-04-10",268,
"1949-04-11",271,
"1949-04-12",274,
"1949-04-13",271,
"1949-04-14",271,
"1949-04-15",271,
"1949-04-16",271,
"1949-04-17",268,
"1949-04-18",268,
"1949-04-19",274,
"1949-04-20",280,
"1949-04-21",286,
"1949-04-22",294,
"1949-04-23",303,
"1949-04-24",312,
"1949-04-25",321,
"1949-04-26",331,
"1949-04-27",331,
"1949-04-28",322,
"1949-04-29",313,
"1949-04-30",305,
"1949-05-01",305,
"1949-05-02",301,
"1949-05-03",298,
"1949-05-04",298,
"1949-05-05",301,
"1949-05-06",305,
"1949-05-07",301,
"1949-05-08",305,
"1949-05-09",305,
"1949-05-10",311,
"1949-05-11",311,
"1949-05-12",311,
"1949-05-13",311,
"1949-05-14",308,
"1949-05-15",314,
"1949-05-16",318,
"1949-05-17",314,
"1949-05-18",319,
"1949-05-19",324,
"1949-05-20",324,
"1949-05-21",321,
"1949-05-22",324,
"1949-05-23",321,
"1949-05-24",321,
"1949-05-25",321,
"1949-05-26",318,
"1949-05-27",321,
"1949-05-28",321,
"1949-05-29",317,
"1949-05-30",314,
"1949-05-31",308,
"1949-06-01",308,
"1949-06-02",311,
"1949-06-03",312,
"1949-06-04",314,
"1949-06-05",314,
"1949-06-06",314,
"1949-06-07",314,
"1949-06-08",308,
"1949-06-09",314,
"1949-06-10",311,
"1949-06-11",311,
"1949-06-12",311,
"1949-06-13",312,
"1949-06-14",314,
"1949-06-15",314,
"1949-06-16",314,
"1949-06-17",312,
"1949-06-18",311,
"1949-06-19",310,
"1949-06-20",309,
"1949-06-21",308,
"1949-06-22",311,
"1949-06-23",314,
"1949-06-24",314,
"1949-06-25",318,
"1949-06-26",326,
"1949-06-27",334,
"1949-06-28",328,
"1949-06-29",328,
"1949-06-30",328,
"1949-07-01",331,
"1949-07-02",328,
"1949-07-03",328,
"1949-07-04",324,
"1949-07-05",328,
"1949-07-06",324,
"1949-07-07",321,
"1949-07-08",321,
"1949-07-09",318,
"1949-07-10",321,
"1949-07-11",314,
"1949-07-12",308,
"1949-07-13",311,
"1949-07-14",311,
"1949-07-15",311,
"1949-07-16",308,
"1949-07-17",308,
"1949-07-18",303,
"1949-07-19",298,
"1949-07-20",301,
"1949-07-21",301,
"1949-07-22",298,
"1949-07-23",295,
"1949-07-24",298,
"1949-07-25",301,
"1949-07-26",301,
"1949-07-27",303,
"1949-07-28",305,
"1949-07-29",311,
"1949-07-30",308,
"1949-07-31",308,
"1949-08-01",308,
"1949-08-02",305,
"1949-08-03",305,
"1949-08-04",301,
"1949-08-05",305,
"1949-08-06",308,
"1949-08-07",308,
"1949-08-08",311,
"1949-08-09",308,
"1949-08-10",308,
"1949-08-11",308,
"1949-08-12",311,
"1949-08-13",311,
"1949-08-14",308,
"1949-08-15",304,
"1949-08-16",301,
"1949-08-17",305,
"1949-08-18",305,
"1949-08-19",305,
"1949-08-20",305,
"1949-08-21",308,
"1949-08-22",305,
"1949-08-23",305,
"1949-08-24",301,
"1949-08-25",303,
"1949-08-26",305,
"1949-08-27",308,
"1949-08-28",305,
"1949-08-29",305,
"1949-08-30",301,
"1949-08-31",298,
"1949-09-01",300,
"1949-09-02",301,
"1949-09-03",301,
"1949-09-04",301,
"1949-09-05",295,
"1949-09-06",294,
"1949-09-07",292,
"1949-09-08",294,
"1949-09-09",295,
"1949-09-10",292,
"1949-09-11",295,
"1949-09-12",292,
"1949-09-13",289,
"1949-09-14",286,
"1949-09-15",283,
"1949-09-16",284,
"1949-09-17",286,
"1949-09-18",289,
"1949-09-19",288,
"1949-09-20",286,
"1949-09-21",286,
"1949-09-22",283,
"1949-09-23",280,
"1949-09-24",277,
"1949-09-25",274,
"1949-09-26",277,
"1949-09-27",274,
"1949-09-28",277,
"1949-09-29",277,
"1949-09-30",277,
"1949-10-01",278,
"1949-10-02",278,
"1949-10-03",282,
"1949-10-04",278,
"1949-10-05",278,
"1949-10-06",275,
"1949-10-07",272,
"1949-10-08",275,
"1949-10-09",278,
"1949-10-10",278,
"1949-10-11",278,
"1949-10-12",278,
"1949-10-13",275,
"1949-10-14",275,
"1949-10-15",278,
"1949-10-16",275,
"1949-10-17",275,
"1949-10-18",275,
"1949-10-19",275,
"1949-10-20",275,
"1949-10-21",281,
"1949-10-22",288,
"1949-10-23",294,
"1949-10-24",294,
"1949-10-25",294,
"1949-10-26",294,
"1949-10-27",290,
"1949-10-28",290,
"1949-10-29",290,
"1949-10-30",290,
"1949-10-31",290,
"1949-11-01",290,
"1949-11-02",290,
"1949-11-03",286,
"1949-11-04",290,
"1949-11-05",286,
"1949-11-06",286,
"1949-11-07",286,
"1949-11-08",286,
"1949-11-09",286,
"1949-11-10",286,
"1949-11-11",286,
"1949-11-12",286,
"1949-11-13",282,
"1949-11-14",282,
"1949-11-15",282,
"1949-11-16",278,
"1949-11-17",282,
"1949-11-18",278,
"1949-11-19",278,
"1949-11-20",278,
"1949-11-21",278,
"1949-11-22",278,
"1949-11-23",278,
"1949-11-24",278,
"1949-11-25",278,
"1949-11-26",278,
"1949-11-27",275,
"1949-11-28",275,
"1949-11-29",272,
"1949-11-30",272,
"1949-12-01",275,
"1949-12-02",278,
"1949-12-03",275,
"1949-12-04",275,
"1949-12-05",278,
"1949-12-06",282,
"1949-12-07",278,
"1949-12-08",282,
"1949-12-09",286,
"1949-12-10",290,
"1949-12-11",286,
"1949-12-12",290,
"1949-12-13",286,
"1949-12-14",290,
"1949-12-15",286,
"1949-12-16",290,
"1949-12-17",290,
"1949-12-18",286,
"1949-12-19",290,
"1949-12-20",290,
"1949-12-21",286,
"1949-12-22",286,
"1949-12-23",286,
"1949-12-24",282,
"1949-12-25",284,
"1949-12-26",286,
"1949-12-27",286,
"1949-12-28",286,
"1949-12-29",282,
"1949-12-30",282,
"1949-12-31",282,
"1950-01-01",286,
"1950-01-02",290,
"1950-01-03",286,
"1950-01-04",282,
"1950-01-05",282,
"1950-01-06",286,
"1950-01-07",282,
"1950-01-08",286,
"1950-01-09",282,
"1950-01-10",286,
"1950-01-11",286,
"1950-01-12",282,
"1950-01-13",282,
"1950-01-14",282,
"1950-01-15",282,
"1950-01-16",282,
"1950-01-17",282,
"1950-01-18",286,
"1950-01-19",282,
"1950-01-20",282,
"1950-01-21",282,
"1950-01-22",286,
"1950-01-23",282,
"1950-01-24",282,
"1950-01-25",282,
"1950-01-26",282,
"1950-01-27",286,
"1950-01-28",286,
"1950-01-29",282,
"1950-01-30",286,
"1950-01-31",282,
"1950-02-01",278,
"1950-02-02",275,
"1950-02-03",272,
"1950-02-04",275,
"1950-02-05",279,
"1950-02-06",282,
"1950-02-07",278,
"1950-02-08",278,
"1950-02-09",278,
"1950-02-10",278,
"1950-02-11",278,
"1950-02-12",284,
"1950-02-13",290,
"1950-02-14",286,
"1950-02-15",290,
"1950-02-16",290,
"1950-02-17",294,
"1950-02-18",294,
"1950-02-19",294,
"1950-02-20",298,
"1950-02-21",294,
"1950-02-22",290,
"1950-02-23",290,
"1950-02-24",286,
"1950-02-25",286,
"1950-02-26",286,
"1950-02-27",286,
"1950-02-28",290,
"1950-03-01",286,
"1950-03-02",286,
"1950-03-03",286,
"1950-03-04",286,
"1950-03-05",286,
"1950-03-06",286,
"1950-03-07",282,
"1950-03-08",282,
"1950-03-09",282,
"1950-03-10",278,
"1950-03-11",282,
"1950-03-12",278,
"1950-03-13",275,
"1950-03-14",278,
"1950-03-15",278,
"1950-03-16",282,
"1950-03-17",278,
"1950-03-18",275,
"1950-03-19",278,
"1950-03-20",282,
"1950-03-21",278,
"1950-03-22",278,
"1950-03-23",278,
"1950-03-24",278,
"1950-03-25",275,
"1950-03-26",272,
"1950-03-27",275,
"1950-03-28",272,
"1950-03-29",272,
"1950-03-30",272,
"1950-03-31",275,
"1950-04-01",272,
"1950-04-02",275,
"1950-04-03",275,
"1950-04-04",275,
"1950-04-05",275,
"1950-04-06",272,
"1950-04-07",270,
"1950-04-08",268,
"1950-04-09",268,
"1950-04-10",268,
"1950-04-11",268,
"1950-04-12",268,
"1950-04-13",272,
"1950-04-14",268,
"1950-04-15",268,
"1950-04-16",273,
"1950-04-17",278,
"1950-04-18",275,
"1950-04-19",272,
"1950-04-20",275,
"1950-04-21",272,
"1950-04-22",275,
"1950-04-23",279,
"1950-04-24",282,
"1950-04-25",278,
"1950-04-26",278,
"1950-04-27",278,
"1950-04-28",282,
"1950-04-29",278,
"1950-04-30",278,
"1950-05-01",273,
"1950-05-02",268,
"1950-05-03",271,
"1950-05-04",275,
"1950-05-05",270,
"1950-05-06",265,
"1950-05-07",265,
"1950-05-08",268,
"1950-05-09",265,
"1950-05-10",268,
"1950-05-11",270,
"1950-05-12",272,
"1950-05-13",268,
"1950-05-14",272,
"1950-05-15",275,
"1950-05-16",272,
"1950-05-17",270,
"1950-05-18",268,
"1950-05-19",272,
"1950-05-20",268,
"1950-05-21",268,
"1950-05-22",268,
"1950-05-23",268,
"1950-05-24",268,
"1950-05-25",268,
"1950-05-26",268,
"1950-05-27",268,
"1950-05-28",265,
"1950-05-29",268,
"1950-05-30",268,
"1950-05-31",272,
"1950-06-01",273,
"1950-06-02",275,
"1950-06-03",276,
"1950-06-04",278,
"1950-06-05",278,
"1950-06-06",275,
"1950-06-07",275,
"1950-06-08",275,
"1950-06-09",272,
"1950-06-10",268,
"1950-06-11",268,
"1950-06-12",266,
"1950-06-13",265,
"1950-06-14",265,
"1950-06-15",265,
"1950-06-16",265,
"1950-06-17",265,
"1950-06-18",262,
"1950-06-19",265,
"1950-06-20",262,
"1950-06-21",262,
"1950-06-22",265,
"1950-06-23",262,
"1950-06-24",262,
"1950-06-25",262,
"1950-06-26",262,
"1950-06-27",259,
"1950-06-28",259,
"1950-06-29",256,
"1950-06-30",258,
"1950-07-01",259,
"1950-07-02",259,
"1950-07-03",259,
"1950-07-04",259,
"1950-07-05",259,
"1950-07-06",259,
"1950-07-07",256,
"1950-07-08",256,
"1950-07-09",256,
"1950-07-10",256,
"1950-07-11",256,
"1950-07-12",253,
"1950-07-13",254,
"1950-07-14",255,
"1950-07-15",256,
"1950-07-16",256,
"1950-07-17",256,
"1950-07-18",256,
"1950-07-19",256,
"1950-07-20",256,
"1950-07-21",253,
"1950-07-22",253,
"1950-07-23",256,
"1950-07-24",253,
"1950-07-25",253,
"1950-07-26",253,
"1950-07-27",250,
"1950-07-28",253,
"1950-07-29",248,
"1950-07-30",248,
"1950-07-31",248,
"1950-08-01",245,
"1950-08-02",248,
"1950-08-03",245,
"1950-08-04",245,
"1950-08-05",243,
"1950-08-06",243,
"1950-08-07",244,
"1950-08-08",245,
"1950-08-09",245,
"1950-08-10",243,
"1950-08-11",245,
"1950-08-12",243,
"1950-08-13",243,
"1950-08-14",244,
"1950-08-15",245,
"1950-08-16",248,
"1950-08-17",248,
"1950-08-18",248,
"1950-08-19",245,
"1950-08-20",248,
"1950-08-21",248,
"1950-08-22",245,
"1950-08-23",248,
"1950-08-24",245,
"1950-08-25",245,
"1950-08-26",243,
"1950-08-27",245,
"1950-08-28",248,
"1950-08-29",245,
"1950-08-30",248,
"1950-08-31",248,
"1950-09-01",248,
"1950-09-02",245,
"1950-09-03",248,
"1950-09-04",248,
"1950-09-05",250,
"1950-09-06",248,
"1950-09-07",245,
"1950-09-08",244,
"1950-09-09",243,
"1950-09-10",243,
"1950-09-11",244,
"1950-09-12",245,
"1950-09-13",245,
"1950-09-14",245,
"1950-09-15",245,
"1950-09-16",245,
"1950-09-17",243,
"1950-09-18",245,
"1950-09-19",243,
"1950-09-20",245,
"1950-09-21",250,
"1950-09-22",250,
"1950-09-23",250,
"1950-09-24",250,
"1950-09-25",253,
"1950-09-26",250,
"1950-09-27",250,
"1950-09-28",250,
"1950-09-29",253,
"1950-09-30",250,
"1950-10-01",255,
"1950-10-02",256,
"1950-10-03",258,
"1950-10-04",255,
"1950-10-05",255,
"1950-10-06",251,
"1950-10-07",251,
"1950-10-08",248,
"1950-10-09",251,
"1950-10-10",248,
"1950-10-11",248,
"1950-10-12",248,
"1950-10-13",248,
"1950-10-14",245,
"1950-10-15",248,
"1950-10-16",251,
"1950-10-17",250,
"1950-10-18",248,
"1950-10-19",251,
"1950-10-20",251,
"1950-10-21",251,
"1950-10-22",248,
"1950-10-23",251,
"1950-10-24",248,
"1950-10-25",248,
"1950-10-26",248,
"1950-10-27",245,
"1950-10-28",245,
"1950-10-29",245,
"1950-10-30",245,
"1950-10-31",242,
"1950-11-01",240,
"1950-11-02",239,
"1950-11-03",239,
"1950-11-04",236,
"1950-11-05",239,
"1950-11-06",242,
"1950-11-07",239,
"1950-11-08",239,
"1950-11-09",239,
"1950-11-10",242,
"1950-11-11",242,
"1950-11-12",245,
"1950-11-13",245,
"1950-11-14",245,
"1950-11-15",242,
"1950-11-16",242,
"1950-11-17",242,
"1950-11-18",242,
"1950-11-19",242,
"1950-11-20",240,
"1950-11-21",239,
"1950-11-22",242,
"1950-11-23",239,
"1950-11-24",236,
"1950-11-25",239,
"1950-11-26",239,
"1950-11-27",239,
"1950-11-28",239,
"1950-11-29",236,
"1950-11-30",236,
"1950-12-01",239,
"1950-12-02",239,
"1950-12-03",239,
"1950-12-04",236,
"1950-12-05",236,
"1950-12-06",236,
"1950-12-07",236,
"1950-12-08",236,
"1950-12-09",236,
"1950-12-10",233,
"1950-12-11",236,
"1950-12-12",233,
"1950-12-13",233,
"1950-12-14",233,
"1950-12-15",233,
"1950-12-16",233,
"1950-12-17",233,
"1950-12-18",233,
"1950-12-19",233,
"1950-12-20",233,
"1950-12-21",236,
"1950-12-22",236,
"1950-12-23",236,
"1950-12-24",236,
"1950-12-25",236,
"1950-12-26",236,
"1950-12-27",236,
"1950-12-28",236,
"1950-12-29",236,
"1950-12-30",236,
"1950-12-31",236,
"1951-01-01",239,
"1951-01-02",239,
"1951-01-03",239,
"1951-01-04",239,
"1951-01-05",239,
"1951-01-06",236,
"1951-01-07",233,
"1951-01-08",233,
"1951-01-09",233,
"1951-01-10",232,
"1951-01-11",231,
"1951-01-12",230,
"1951-01-13",230,
"1951-01-14",230,
"1951-01-15",230,
"1951-01-16",230,
"1951-01-17",226,
"1951-01-18",230,
"1951-01-19",233,
"1951-01-20",230,
"1951-01-21",226,
"1951-01-22",230,
"1951-01-23",226,
"1951-01-24",223,
"1951-01-25",226,
"1951-01-26",230,
"1951-01-27",230,
"1951-01-28",230,
"1951-01-29",228,
"1951-01-30",226,
"1951-01-31",223,
"1951-02-01",226,
"1951-02-02",226,
"1951-02-03",226,
"1951-02-04",226,
"1951-02-05",226,
"1951-02-06",226,
"1951-02-07",226,
"1951-02-08",226,
"1951-02-09",223,
"1951-02-10",223,
"1951-02-11",220,
"1951-02-12",223,
"1951-02-13",220,
"1951-02-14",223,
"1951-02-15",223,
"1951-02-16",223,
"1951-02-17",220,
"1951-02-18",221,
"1951-02-19",223,
"1951-02-20",226,
"1951-02-21",223,
"1951-02-22",226,
"1951-02-23",226,
"1951-02-24",226,
"1951-02-25",226,
"1951-02-26",224,
"1951-02-27",223,
"1951-02-28",223,
"1951-03-01",223,
"1951-03-02",226,
"1951-03-03",226,
"1951-03-04",223,
"1951-03-05",220,
"1951-03-06",223,
"1951-03-07",223,
"1951-03-08",220,
"1951-03-09",220,
"1951-03-10",217,
"1951-03-11",220,
"1951-03-12",220,
"1951-03-13",217,
"1951-03-14",220,
"1951-03-15",220,
"1951-03-16",221,
"1951-03-17",223,
"1951-03-18",223,
"1951-03-19",223,
"1951-03-20",223,
"1951-03-21",223,
"1951-03-22",220,
"1951-03-23",217,
"1951-03-24",214,
"1951-03-25",217,
"1951-03-26",221,
"1951-03-27",226,
"1951-03-28",226,
"1951-03-29",226,
"1951-03-30",226,
"1951-03-31",226,
"1951-04-01",230,
"1951-04-02",226,
"1951-04-03",223,
"1951-04-04",223,
"1951-04-05",220,
"1951-04-06",220,
"1951-04-07",220,
"1951-04-08",220,
"1951-04-09",223,
"1951-04-10",220,
"1951-04-11",217,
"1951-04-12",217,
"1951-04-13",214,
"1951-04-14",211,
"1951-04-15",211,
"1951-04-16",214,
"1951-04-17",217,
"1951-04-18",214,
"1951-04-19",214,
"1951-04-20",211,
"1951-04-21",211,
"1951-04-22",214,
"1951-04-23",214,
"1951-04-24",211,
"1951-04-25",211,
"1951-04-26",214,
"1951-04-27",210,
"1951-04-28",206,
"1951-04-29",207,
"1951-04-30",207,
"1951-05-01",208,
"1951-05-02",208,
"1951-05-03",208,
"1951-05-04",208,
"1951-05-05",208,
"1951-05-06",208,
"1951-05-07",208,
"1951-05-08",208,
"1951-05-09",210,
"1951-05-10",212,
"1951-05-11",214,
"1951-05-12",211,
"1951-05-13",216,
"1951-05-14",221,
"1951-05-15",226,
"1951-05-16",223,
"1951-05-17",226,
"1951-05-18",224,
"1951-05-19",223,
"1951-05-20",220,
"1951-05-21",220,
"1951-05-22",217,
"1951-05-23",214,
"1951-05-24",215,
"1951-05-25",216,
"1951-05-26",217,
"1951-05-27",220,
"1951-05-28",220,
"1951-05-29",217,
"1951-05-30",214,
"1951-05-31",208,
"1951-06-01",203,
"1951-06-02",203,
"1951-06-03",209,
"1951-06-04",214,
"1951-06-05",220,
"1951-06-06",221,
"1951-06-07",223,
"1951-06-08",223,
"1951-06-09",220,
"1951-06-10",220,
"1951-06-11",223,
"1951-06-12",223,
"1951-06-13",223,
"1951-06-14",223,
"1951-06-15",220,
"1951-06-16",217,
"1951-06-17",220,
"1951-06-18",215,
"1951-06-19",211,
"1951-06-20",211,
"1951-06-21",211,
"1951-06-22",205,
"1951-06-23",200,
"1951-06-24",203,
"1951-06-25",201,
"1951-06-26",200,
"1951-06-27",203,
"1951-06-28",206,
"1951-06-29",200,
"1951-06-30",194,
"1951-07-01",197,
"1951-07-02",195,
"1951-07-03",194,
"1951-07-04",192,
"1951-07-05",192,
"1951-07-06",192,
"1951-07-07",192,
"1951-07-08",194,
"1951-07-09",193,
"1951-07-10",193,
"1951-07-11",192,
"1951-07-12",192,
"1951-07-13",190,
"1951-07-14",189,
"1951-07-15",193,
"1951-07-16",197,
"1951-07-17",190,
"1951-07-18",183,
"1951-07-19",182,
"1951-07-20",182,
"1951-07-21",181,
"1951-07-22",183,
"1951-07-23",186,
"1951-07-24",183,
"1951-07-25",183,
"1951-07-26",182,
"1951-07-27",182,
"1951-07-28",181,
"1951-07-29",181,
"1951-07-30",181,
"1951-07-31",181,
"1951-08-01",181,
"1951-08-02",179,
"1951-08-03",178,
"1951-08-04",176,
"1951-08-05",179,
"1951-08-06",183,
"1951-08-07",186,
"1951-08-08",183,
"1951-08-09",181,
"1951-08-10",178,
"1951-08-11",176,
"1951-08-12",176,
"1951-08-13",177,
"1951-08-14",177,
"1951-08-15",178,
"1951-08-16",178,
"1951-08-17",178,
"1951-08-18",176,
"1951-08-19",181,
"1951-08-20",186,
"1951-08-21",184,
"1951-08-22",183,
"1951-08-23",183,
"1951-08-24",179,
"1951-08-25",176,
"1951-08-26",173,
"1951-08-27",173,
"1951-08-28",173,
"1951-08-29",173,
"1951-08-30",171,
"1951-08-31",170,
"1951-09-01",168,
"1951-09-02",170,
"1951-09-03",173,
"1951-09-04",173,
"1951-09-05",173,
"1951-09-06",176,
"1951-09-07",169,
"1951-09-08",163,
"1951-09-09",167,
"1951-09-10",172,
"1951-09-11",176,
"1951-09-12",173,
"1951-09-13",177,
"1951-09-14",181,
"1951-09-15",183,
"1951-09-16",186,
"1951-09-17",189,
"1951-09-18",186,
"1951-09-19",186,
"1951-09-20",186,
"1951-09-21",183,
"1951-09-22",181,
"1951-09-23",181,
"1951-09-24",181,
"1951-09-25",181,
"1951-09-26",180,
"1951-09-27",179,
"1951-09-28",178,
"1951-09-29",181,
"1951-09-30",183,
"1951-10-01",186,
"1951-10-02",183,
"1951-10-03",186,
"1951-10-04",189,
"1951-10-05",186,
"1951-10-06",186,
"1951-10-07",183,
"1951-10-08",183,
"1951-10-09",186,
"1951-10-10",183,
"1951-10-11",181,
"1951-10-12",181,
"1951-10-13",181,
"1951-10-14",183,
"1951-10-15",183,
"1951-10-16",183,
"1951-10-17",183,
"1951-10-18",181,
"1951-10-19",183,
"1951-10-20",181,
"1951-10-21",178,
"1951-10-22",181,
"1951-10-23",178,
"1951-10-24",181,
"1951-10-25",181,
"1951-10-26",183,
"1951-10-27",186,
"1951-10-28",186,
"1951-10-29",186,
"1951-10-30",189,
"1951-10-31",186,
"1951-11-01",186,
"1951-11-02",187,
"1951-11-03",189,
"1951-11-04",192,
"1951-11-05",192,
"1951-11-06",192,
"1951-11-07",189,
"1951-11-08",192,
"1951-11-09",192,
"1951-11-10",189,
"1951-11-11",192,
"1951-11-12",192,
"1951-11-13",189,
"1951-11-14",186,
"1951-11-15",189,
"1951-11-16",189,
"1951-11-17",186,
"1951-11-18",187,
"1951-11-19",189,
"1951-11-20",189,
"1951-11-21",192,
"1951-11-22",192,
"1951-11-23",194,
"1951-11-24",194,
"1951-11-25",197,
"1951-11-26",197,
"1951-11-27",197,
"1951-11-28",197,
"1951-11-29",197,
"1951-11-30",197,
"1951-12-01",200,
"1951-12-02",200,
"1951-12-03",203,
"1951-12-04",206,
"1951-12-05",206,
"1951-12-06",208,
"1951-12-07",206,
"1951-12-08",203,
"1951-12-09",200,
"1951-12-10",201,
"1951-12-11",203,
"1951-12-12",201,
"1951-12-13",200,
"1951-12-14",200,
"1951-12-15",200,
"1951-12-16",197,
"1951-12-17",200,
"1951-12-18",203,
"1951-12-19",203,
"1951-12-20",201,
"1951-12-21",200,
"1951-12-22",197,
"1951-12-23",200,
"1951-12-24",203,
"1951-12-25",203,
"1951-12-26",203,
"1951-12-27",203,
"1951-12-28",203,
"1951-12-29",203,
"1951-12-30",200,
"1951-12-31",197,
"1952-01-01",194,
"1952-01-02",194,
"1952-01-03",194,
"1952-01-04",193,
"1952-01-05",192,
"1952-01-06",192,
"1952-01-07",194,
"1952-01-08",197,
"1952-01-09",194,
"1952-01-10",197,
"1952-01-11",194,
"1952-01-12",192,
"1952-01-13",192,
"1952-01-14",194,
"1952-01-15",194,
"1952-01-16",192,
"1952-01-17",192,
"1952-01-18",192,
"1952-01-19",189,
"1952-01-20",189,
"1952-01-21",192,
"1952-01-22",189,
"1952-01-23",192,
"1952-01-24",192,
"1952-01-25",187,
"1952-01-26",183,
"1952-01-27",186,
"1952-01-28",189,
"1952-01-29",192,
"1952-01-30",189,
"1952-01-31",186,
"1952-02-01",186,
"1952-02-02",183,
"1952-02-03",184,
"1952-02-04",186,
"1952-02-05",186,
"1952-02-06",183,
"1952-02-07",183,
"1952-02-08",183,
"1952-02-09",181,
"1952-02-10",181,
"1952-02-11",183,
"1952-02-12",183,
"1952-02-13",183,
"1952-02-14",181,
"1952-02-15",181,
"1952-02-16",181,
"1952-02-17",181,
"1952-02-18",181,
"1952-02-19",178,
"1952-02-20",181,
"1952-02-21",178,
"1952-02-22",178,
"1952-02-23",178,
"1952-02-24",178,
"1952-02-25",181,
"1952-02-26",181,
"1952-02-27",181,
"1952-02-28",181,
"1952-02-29",183,
"1952-03-01",183,
"1952-03-02",181,
"1952-03-03",181,
"1952-03-04",183,
"1952-03-05",181,
"1952-03-06",182,
"1952-03-07",182,
"1952-03-08",183,
"1952-03-09",186,
"1952-03-10",189,
"1952-03-11",186,
"1952-03-12",186,
"1952-03-13",183,
"1952-03-14",183,
"1952-03-15",181,
"1952-03-16",181,
"1952-03-17",181,
"1952-03-18",181,
"1952-03-19",178,
"1952-03-20",178,
"1952-03-21",175,
"1952-03-22",171,
"1952-03-23",168,
"1952-03-24",168,
"1952-03-25",168,
"1952-03-26",168,
"1952-03-27",173,
"1952-03-28",178,
"1952-03-29",181,
"1952-03-30",178,
"1952-03-31",179,
"1952-04-01",181,
"1952-04-02",181,
"1952-04-03",178,
"1952-04-04",181,
"1952-04-05",178,
"1952-04-06",178,
"1952-04-07",181,
"1952-04-08",181,
"1952-04-09",179,
"1952-04-10",178,
"1952-04-11",182,
"1952-04-12",185,
"1952-04-13",189,
"1952-04-14",186,
"1952-04-15",183,
"1952-04-16",181,
"1952-04-17",185,
"1952-04-18",189,
"1952-04-19",186,
"1952-04-20",183,
"1952-04-21",184,
"1952-04-22",185,
"1952-04-23",186,
"1952-04-24",190,
"1952-04-25",194,
"1952-04-26",192,
"1952-04-27",192,
"1952-04-28",189,
"1952-04-29",186,
"1952-04-30",183,
"1952-05-01",183,
"1952-05-02",183,
"1952-05-03",183,
"1952-05-04",183,
"1952-05-05",183,
"1952-05-06",181,
"1952-05-07",179,
"1952-05-08",178,
"1952-05-09",178,
"1952-05-10",176,
"1952-05-11",176,
"1952-05-12",173,
"1952-05-13",170,
"1952-05-14",173,
"1952-05-15",173,
"1952-05-16",173,
"1952-05-17",173,
"1952-05-18",175,
"1952-05-19",178,
"1952-05-20",176,
"1952-05-21",178,
"1952-05-22",176,
"1952-05-23",175,
"1952-05-24",173,
"1952-05-25",173,
"1952-05-26",182,
"1952-05-27",192,
"1952-05-28",203,
"1952-05-29",203,
"1952-05-30",197,
"1952-05-31",192,
"1952-06-01",192,
"1952-06-02",189,
"1952-06-03",183,
"1952-06-04",178,
"1952-06-05",181,
"1952-06-06",183,
"1952-06-07",186,
"1952-06-08",189,
"1952-06-09",185,
"1952-06-10",181,
"1952-06-11",181,
"1952-06-12",183,
"1952-06-13",180,
"1952-06-14",178,
"1952-06-15",178,
"1952-06-16",181,
"1952-06-17",174,
"1952-06-18",168,
"1952-06-19",166,
"1952-06-20",165,
"1952-06-21",163,
"1952-06-22",167,
"1952-06-23",170,
"1952-06-24",174,
"1952-06-25",174,
"1952-06-26",174,
"1952-06-27",174,
"1952-06-28",174,
"1952-06-29",174,
"1952-06-30",172,
"1952-07-01",170,
"1952-07-02",170,
"1952-07-03",170,
"1952-07-04",170,
"1952-07-05",170,
"1952-07-06",170,
"1952-07-07",170,
"1952-07-08",170,
"1952-07-09",170,
"1952-07-10",170,
"1952-07-11",163,
"1952-07-12",156,
"1952-07-13",153,
"1952-07-14",154,
"1952-07-15",156,
"1952-07-16",156,
"1952-07-17",153,
"1952-07-18",159,
"1952-07-19",166,
"1952-07-20",166,
"1952-07-21",167,
"1952-07-22",169,
"1952-07-23",163,
"1952-07-24",157,
"1952-07-25",151,
"1952-07-26",145,
"1952-07-27",148,
"1952-07-28",150,
"1952-07-29",153,
"1952-07-30",148,
"1952-07-31",143,
"1952-08-01",145,
"1952-08-02",143,
"1952-08-03",145,
"1952-08-04",145,
"1952-08-05",145,
"1952-08-06",145,
"1952-08-07",143,
"1952-08-08",135,
"1952-08-09",128,
"1952-08-10",131,
"1952-08-11",135,
"1952-08-12",138,
"1952-08-13",135,
"1952-08-14",132,
"1952-08-15",130,
"1952-08-16",126,
"1952-08-17",122,
"1952-08-18",126,
"1952-08-19",130,
"1952-08-20",130,
"1952-08-21",128,
"1952-08-22",126,
"1952-08-23",124,
"1952-08-24",122,
"1952-08-25",123,
"1952-08-26",124,
"1952-08-27",125,
"1952-08-28",126,
"1952-08-29",128,
"1952-08-30",123,
"1952-08-31",118,
"1952-09-01",119,
"1952-09-02",119,
"1952-09-03",120,
"1952-09-04",120,
"1952-09-05",120,
"1952-09-06",120,
"1952-09-07",120,
"1952-09-08",127,
"1952-09-09",135,
"1952-09-10",143,
"1952-09-11",151,
"1952-09-12",160,
"1952-09-13",170,
"1952-09-14",180,
"1952-09-15",187,
"1952-09-16",195,
"1952-09-17",197,
"1952-09-18",196,
"1952-09-19",199,
"1952-09-20",202,
"1952-09-21",205,
"1952-09-22",208,
"1952-09-23",210,
"1952-09-24",210,
"1952-09-25",209,
"1952-09-26",208,
"1952-09-27",210,
"1952-09-28",210,
"1952-09-29",208,
"1952-09-30",203,
"1952-10-01",199,
"1952-10-02",199,
"1952-10-03",196,
"1952-10-04",194,
"1952-10-05",196,
"1952-10-06",196,
"1952-10-07",194,
"1952-10-08",196,
"1952-10-09",194,
"1952-10-10",194,
"1952-10-11",194,
"1952-10-12",191,
"1952-10-13",191,
"1952-10-14",188,
"1952-10-15",191,
"1952-10-16",191,
"1952-10-17",191,
"1952-10-18",188,
"1952-10-19",188,
"1952-10-20",191,
"1952-10-21",194,
"1952-10-22",196,
"1952-10-23",196,
"1952-10-24",194,
"1952-10-25",194,
"1952-10-26",194,
"1952-10-27",194,
"1952-10-28",191,
"1952-10-29",188,
"1952-10-30",191,
"1952-10-31",191,
"1952-11-01",194,
"1952-11-02",191,
"1952-11-03",194,
"1952-11-04",191,
"1952-11-05",188,
"1952-11-06",191,
"1952-11-07",188,
"1952-11-08",188,
"1952-11-09",191,
"1952-11-10",194,
"1952-11-11",194,
"1952-11-12",196,
"1952-11-13",199,
"1952-11-14",199,
"1952-11-15",196,
"1952-11-16",199,
"1952-11-17",202,
"1952-11-18",205,
"1952-11-19",202,
"1952-11-20",202,
"1952-11-21",202,
"1952-11-22",205,
"1952-11-23",209,
"1952-11-24",213,
"1952-11-25",206,
"1952-11-26",199,
"1952-11-27",199,
"1952-11-28",205,
"1952-11-29",212,
"1952-11-30",219,
"1952-12-01",216,
"1952-12-02",219,
"1952-12-03",217,
"1952-12-04",216,
"1952-12-05",217,
"1952-12-06",219,
"1952-12-07",219,
"1952-12-08",222,
"1952-12-09",222,
"1952-12-10",222,
"1952-12-11",219,
"1952-12-12",219,
"1952-12-13",219,
"1952-12-14",222,
"1952-12-15",222,
"1952-12-16",222,
"1952-12-17",225,
"1952-12-18",222,
"1952-12-19",226,
"1952-12-20",230,
"1952-12-21",230,
"1952-12-22",228,
"1952-12-23",230,
"1952-12-24",228,
"1952-12-25",228,
"1952-12-26",228,
"1952-12-27",230,
"1952-12-28",230,
"1952-12-29",230,
"1952-12-30",230,
"1952-12-31",230,
"1953-01-01",230,
"1953-01-02",230,
"1953-01-03",230,
"1953-01-04",228,
"1953-01-05",229,
"1953-01-06",230,
"1953-01-07",228,
"1953-01-08",228,
"1953-01-09",230,
"1953-01-10",228,
"1953-01-11",230,
"1953-01-12",230,
"1953-01-13",230,
"1953-01-14",230,
"1953-01-15",230,
"1953-01-16",233,
"1953-01-17",230,
"1953-01-18",230,
"1953-01-19",230,
"1953-01-20",230,
"1953-01-21",230,
"1953-01-22",230,
"1953-01-23",230,
"1953-01-24",228,
"1953-01-25",228,
"1953-01-26",230,
"1953-01-27",230,
"1953-01-28",230,
"1953-01-29",232,
"1953-01-30",234,
"1953-01-31",236,
"1953-02-01",233,
"1953-02-02",230,
"1953-02-03",230,
"1953-02-04",228,
"1953-02-05",230,
"1953-02-06",228,
"1953-02-07",228,
"1953-02-08",228,
"1953-02-09",228,
"1953-02-10",228,
"1953-02-11",228,
"1953-02-12",228,
"1953-02-13",228,
"1953-02-14",228,
"1953-02-15",225,
"1953-02-16",228,
"1953-02-17",225,
"1953-02-18",228,
"1953-02-19",225,
"1953-02-20",225,
"1953-02-21",222,
"1953-02-22",222,
"1953-02-23",222,
"1953-02-24",223,
"1953-02-25",225,
"1953-02-26",225,
"1953-02-27",222,
"1953-02-28",222,
"1953-03-01",222,
"1953-03-02",222,
"1953-03-03",222,
"1953-03-04",222,
"1953-03-05",219,
"1953-03-06",219,
"1953-03-07",219,
"1953-03-08",219,
"1953-03-09",222,
"1953-03-10",225,
"1953-03-11",228,
"1953-03-12",228,
"1953-03-13",228,
"1953-03-14",228,
"1953-03-15",228,
"1953-03-16",225,
"1953-03-17",225,
"1953-03-18",225,
"1953-03-19",222,
"1953-03-20",222,
"1953-03-21",219,
"1953-03-22",219,
"1953-03-23",216,
"1953-03-24",213,
"1953-03-25",210,
"1953-03-26",209,
"1953-03-27",208,
"1953-03-28",206,
"1953-03-29",205,
"1953-03-30",208,
"1953-03-31",205,
"1953-04-01",205,
"1953-04-02",202,
"1953-04-03",199,
"1953-04-04",199,
"1953-04-05",203,
"1953-04-06",208,
"1953-04-07",208,
"1953-04-08",208,
"1953-04-09",207,
"1953-04-10",206,
"1953-04-11",205,
"1953-04-12",205,
"1953-04-13",206,
"1953-04-14",208,
"1953-04-15",210,
"1953-04-16",210,
"1953-04-17",210,
"1953-04-18",208,
"1953-04-19",208,
"1953-04-20",210,
"1953-04-21",210,
"1953-04-22",208,
"1953-04-23",205,
"1953-04-24",209,
"1953-04-25",213,
"1953-04-26",210,
"1953-04-27",213,
"1953-04-28",217,
"1953-04-29",221,
"1953-04-30",224,
"1953-05-01",228,
"1953-05-02",223,
"1953-05-03",219,
"1953-05-04",222,
"1953-05-05",225,
"1953-05-06",225,
"1953-05-07",222,
"1953-05-08",216,
"1953-05-09",210,
"1953-05-10",202,
"1953-05-11",195,
"1953-05-12",188,
"1953-05-13",191,
"1953-05-14",191,
"1953-05-15",189,
"1953-05-16",188,
"1953-05-17",192,
"1953-05-18",196,
"1953-05-19",196,
"1953-05-20",196,
"1953-05-21",199,
"1953-05-22",195,
"1953-05-23",191,
"1953-05-24",193,
"1953-05-25",196,
"1953-05-26",196,
"1953-05-27",196,
"1953-05-28",194,
"1953-05-29",194,
"1953-05-30",191,
"1953-05-31",194,
"1953-06-01",191,
"1953-06-02",188,
"1953-06-03",191,
"1953-06-04",191,
"1953-06-05",188,
"1953-06-06",185,
"1953-06-07",182,
"1953-06-08",178,
"1953-06-09",175,
"1953-06-10",172,
"1953-06-11",172,
"1953-06-12",172,
"1953-06-13",174,
"1953-06-14",172,
"1953-06-15",173,
"1953-06-16",174,
"1953-06-17",174,
"1953-06-18",174,
"1953-06-19",172,
"1953-06-20",169,
"1953-06-21",171,
"1953-06-22",172,
"1953-06-23",174,
"1953-06-24",168,
"1953-06-25",163,
"1953-06-26",158,
"1953-06-27",158,
"1953-06-28",158,
"1953-06-29",165,
"1953-06-30",172,
"1953-07-01",169,
"1953-07-02",163,
"1953-07-03",157,
"1953-07-04",151,
"1953-07-05",153,
"1953-07-06",153,
"1953-07-07",151,
"1953-07-08",149,
"1953-07-09",148,
"1953-07-10",146,
"1953-07-11",145,
"1953-07-12",146,
"1953-07-13",148,
"1953-07-14",148,
"1953-07-15",146,
"1953-07-16",145,
"1953-07-17",145,
"1953-07-18",141,
"1953-07-19",138,
"1953-07-20",138,
"1953-07-21",138,
"1953-07-22",135,
"1953-07-23",132,
"1953-07-24",132,
"1953-07-25",130,
"1953-07-26",132,
"1953-07-27",130,
"1953-07-28",130,
"1953-07-29",127,
"1953-07-30",125,
"1953-07-31",126,
"1953-08-01",128,
"1953-08-02",128,
"1953-08-03",128,
"1953-08-04",128,
"1953-08-05",128,
"1953-08-06",128,
"1953-08-07",128,
"1953-08-08",128,
"1953-08-09",125,
"1953-08-10",122,
"1953-08-11",122,
"1953-08-12",122,
"1953-08-13",122,
"1953-08-14",122,
"1953-08-15",122,
"1953-08-16",122,
"1953-08-17",122,
"1953-08-18",120,
"1953-08-19",120,
"1953-08-20",120,
"1953-08-21",120,
"1953-08-22",120,
"1953-08-23",120,
"1953-08-24",122,
"1953-08-25",120,
"1953-08-26",122,
"1953-08-27",120,
"1953-08-28",122,
"1953-08-29",122,
"1953-08-30",139,
"1953-08-31",158,
"1953-09-01",158,
"1953-09-02",161,
"1953-09-03",166,
"1953-09-04",170,
"1953-09-05",175,
"1953-09-06",180,
"1953-09-07",180,
"1953-09-08",180,
"1953-09-09",180,
"1953-09-10",184,
"1953-09-11",188,
"1953-09-12",185,
"1953-09-13",188,
"1953-09-14",188,
"1953-09-15",188,
"1953-09-16",188,
"1953-09-17",185,
"1953-09-18",185,
"1953-09-19",183,
"1953-09-20",187,
"1953-09-21",191,
"1953-09-22",191,
"1953-09-23",191,
"1953-09-24",191,
"1953-09-25",188,
"1953-09-26",191,
"1953-09-27",191,
"1953-09-28",191,
"1953-09-29",191,
"1953-09-30",188,
"1953-10-01",188,
"1953-10-02",185,
"1953-10-03",185,
"1953-10-04",188,
"1953-10-05",191,
"1953-10-06",191,
"1953-10-07",191,
"1953-10-08",194,
"1953-10-09",194,
"1953-10-10",194,
"1953-10-11",196,
"1953-10-12",193,
"1953-10-13",191,
"1953-10-14",194,
"1953-10-15",194,
"1953-10-16",194,
"1953-10-17",194,
"1953-10-18",194,
"1953-10-19",196,
"1953-10-20",194,
"1953-10-21",194,
"1953-10-22",194,
"1953-10-23",192,
"1953-10-24",191,
"1953-10-25",196,
"1953-10-26",200,
"1953-10-27",205,
"1953-10-28",205,
"1953-10-29",205,
"1953-10-30",205,
"1953-10-31",205,
"1953-11-01",205,
"1953-11-02",202,
"1953-11-03",202,
"1953-11-04",202,
"1953-11-05",205,
"1953-11-06",205,
"1953-11-07",208,
"1953-11-08",208,
"1953-11-09",208,
"1953-11-10",205,
"1953-11-11",205,
"1953-11-12",205,
"1953-11-13",205,
"1953-11-14",205,
"1953-11-15",205,
"1953-11-16",205,
"1953-11-17",208,
"1953-11-18",208,
"1953-11-19",206,
"1953-11-20",205,
"1953-11-21",208,
"1953-11-22",208,
"1953-11-23",205,
"1953-11-24",205,
"1953-11-25",202,
"1953-11-26",199,
"1953-11-27",202,
"1953-11-28",202,
"1953-11-29",199,
"1953-11-30",199,
"1953-12-01",198,
"1953-12-02",196,
"1953-12-03",195,
"1953-12-04",194,
"1953-12-05",191,
"1953-12-06",191,
"1953-12-07",188,
"1953-12-08",188,
"1953-12-09",185,
"1953-12-10",185,
"1953-12-11",188,
"1953-12-12",191,
"1953-12-13",191,
"1953-12-14",188,
"1953-12-15",185,
"1953-12-16",185,
"1953-12-17",185,
"1953-12-18",185,
"1953-12-19",185,
"1953-12-20",185,
"1953-12-21",185,
"1953-12-22",185,
"1953-12-23",188,
"1953-12-24",188,
"1953-12-25",191,
"1953-12-26",191,
"1953-12-27",194,
"1953-12-28",194,
"1953-12-29",196,
"1953-12-30",196,
"1953-12-31",196,
"1954-01-01",199,
"1954-01-02",202,
"1954-01-03",202,
"1954-01-04",202,
"1954-01-05",202,
"1954-01-06",202,
"1954-01-07",202,
"1954-01-08",202,
"1954-01-09",202,
"1954-01-10",205,
"1954-01-11",208,
"1954-01-12",205,
"1954-01-13",208,
"1954-01-14",208,
"1954-01-15",208,
"1954-01-16",208,
"1954-01-17",208,
"1954-01-18",208,
"1954-01-19",208,
"1954-01-20",208,
"1954-01-21",208,
"1954-01-22",208,
"1954-01-23",208,
"1954-01-24",208,
"1954-01-25",208,
"1954-01-26",208,
"1954-01-27",208,
"1954-01-28",208,
"1954-01-29",208,
"1954-01-30",210,
"1954-01-31",210,
"1954-02-01",210,
"1954-02-02",210,
"1954-02-03",208,
"1954-02-04",208,
"1954-02-05",205,
"1954-02-06",205,
"1954-02-07",205,
"1954-02-08",205,
"1954-02-09",205,
"1954-02-10",205,
"1954-02-11",205,
"1954-02-12",205,
"1954-02-13",205,
"1954-02-14",205,
"1954-02-15",205,
"1954-02-16",205,
"1954-02-17",202,
"1954-02-18",202,
"1954-02-19",202,
"1954-02-20",202,
"1954-02-21",202,
"1954-02-22",202,
"1954-02-23",202,
"1954-02-24",202,
"1954-02-25",202,
"1954-02-26",202,
"1954-02-27",202,
"1954-02-28",202,
"1954-03-01",199,
"1954-03-02",196,
"1954-03-03",194,
"1954-03-04",191,
"1954-03-05",188,
"1954-03-06",185,
"1954-03-07",183,
"1954-03-08",183,
"1954-03-09",180,
"1954-03-10",177,
"1954-03-11",174,
"1954-03-12",172,
"1954-03-13",172,
"1954-03-14",172,
"1954-03-15",169,
"1954-03-16",169,
"1954-03-17",169,
"1954-03-18",169,
"1954-03-19",166,
"1954-03-20",166,
"1954-03-21",166,
"1954-03-22",164,
"1954-03-23",164,
"1954-03-24",161,
"1954-03-25",161,
"1954-03-26",161,
"1954-03-27",158,
"1954-03-28",158,
"1954-03-29",156,
"1954-03-30",156,
"1954-03-31",153,
"1954-04-01",153,
"1954-04-02",153,
"1954-04-03",151,
"1954-04-04",151,
"1954-04-05",151,
"1954-04-06",153,
"1954-04-07",151,
"1954-04-08",151,
"1954-04-09",153,
"1954-04-10",153,
"1954-04-11",151,
"1954-04-12",151,
"1954-04-13",148,
"1954-04-14",151,
"1954-04-15",151,
"1954-04-16",153,
"1954-04-17",151,
"1954-04-18",151,
"1954-04-19",148,
"1954-04-20",145,
"1954-04-21",142,
"1954-04-22",140,
"1954-04-23",140,
"1954-04-24",138,
"1954-04-25",138,
"1954-04-26",140,
"1954-04-27",138,
"1954-04-28",140,
"1954-04-29",141,
"1954-04-30",142,
"1954-05-01",144,
"1954-05-02",145,
"1954-05-03",145,
"1954-05-04",145,
"1954-05-05",145,
"1954-05-06",145,
"1954-05-07",145,
"1954-05-08",145,
"1954-05-09",145,
"1954-05-10",145,
"1954-05-11",148,
"1954-05-12",151,
"1954-05-13",153,
"1954-05-14",156,
"1954-05-15",156,
"1954-05-16",156,
"1954-05-17",156,
"1954-05-18",156,
"1954-05-19",153,
"1954-05-20",151,
"1954-05-21",151,
"1954-05-22",151,
"1954-05-23",148,
"1954-05-24",151,
"1954-05-25",151,
"1954-05-26",149,
"1954-05-27",148,
"1954-05-28",146,
"1954-05-29",145,
"1954-05-30",145,
"1954-05-31",145,
"1954-06-01",143,
"1954-06-02",141,
"1954-06-03",140,
"1954-06-04",137,
"1954-06-05",135,
"1954-06-06",132,
"1954-06-07",130,
"1954-06-08",128,
"1954-06-09",126,
"1954-06-10",124,
"1954-06-11",122,
"1954-06-12",120,
"1954-06-13",118,
"1954-06-14",115,
"1954-06-15",112,
"1954-06-16",112,
"1954-06-17",112,
"1954-06-18",112,
"1954-06-19",110,
"1954-06-20",110,
"1954-06-21",112,
"1954-06-22",110,
"1954-06-23",110,
"1954-06-24",108,
"1954-06-25",108,
"1954-06-26",111,
"1954-06-27",115,
"1954-06-28",116,
"1954-06-29",118,
"1954-06-30",118,
"1954-07-01",118,
"1954-07-02",118,
"1954-07-03",120,
"1954-07-04",120,
"1954-07-05",120,
"1954-07-06",117,
"1954-07-07",115,
"1954-07-08",112,
"1954-07-09",112,
"1954-07-10",112,
"1954-07-11",112,
"1954-07-12",112,
"1954-07-13",110,
"1954-07-14",110,
"1954-07-15",110,
"1954-07-16",110,
"1954-07-17",107,
"1954-07-18",105,
"1954-07-19",102,
"1954-07-20",100,
"1954-07-21",100,
"1954-07-22",98,
"1954-07-23",95,
"1954-07-24",93,
"1954-07-25",91,
"1954-07-26",90,
"1954-07-27",89,
"1954-07-28",88,
"1954-07-29",88,
"1954-07-30",88,
"1954-07-31",88,
"1954-08-01",94,
"1954-08-02",100,
"1954-08-03",98,
"1954-08-04",95,
"1954-08-05",93,
"1954-08-06",93,
"1954-08-07",93,
"1954-08-08",90,
"1954-08-09",87,
"1954-08-10",84,
"1954-08-11",81,
"1954-08-12",79,
"1954-08-13",76,
"1954-08-14",74,
"1954-08-15",75,
"1954-08-16",76,
"1954-08-17",77,
"1954-08-18",76,
"1954-08-19",74,
"1954-08-20",76,
"1954-08-21",77,
"1954-08-22",79,
"1954-08-23",81,
"1954-08-24",81,
"1954-08-25",81,
"1954-08-26",81,
"1954-08-27",80,
"1954-08-28",79,
"1954-08-29",82,
"1954-08-30",86,
"1954-08-31",87,
"1954-09-01",88,
"1954-09-02",88,
"1954-09-03",87,
"1954-09-04",86,
"1954-09-05",86,
"1954-09-06",86,
"1954-09-07",86,
"1954-09-08",81,
"1954-09-09",77,
"1954-09-10",77,
"1954-09-11",77,
"1954-09-12",77,
"1954-09-13",76,
"1954-09-14",74,
"1954-09-15",74,
"1954-09-16",74,
"1954-09-17",73,
"1954-09-18",72,
"1954-09-19",74,
"1954-09-20",75,
"1954-09-21",77,
"1954-09-22",76,
"1954-09-23",74,
"1954-09-24",73,
"1954-09-25",72,
"1954-09-26",73,
"1954-09-27",74,
"1954-09-28",73,
"1954-09-29",72,
"1954-09-30",76,
"1954-10-01",80,
"1954-10-02",84,
"1954-10-03",89,
"1954-10-04",94,
"1954-10-05",99,
"1954-10-06",104,
"1954-10-07",110,
"1954-10-08",112,
"1954-10-09",112,
"1954-10-10",112,
"1954-10-11",113,
"1954-10-12",114,
"1954-10-13",115,
"1954-10-14",113,
"1954-10-15",112,
"1954-10-16",113,
"1954-10-17",115,
"1954-10-18",115,
"1954-10-19",113,
"1954-10-20",112,
"1954-10-21",112,
"1954-10-22",110,
"1954-10-23",110,
"1954-10-24",112,
"1954-10-25",112,
"1954-10-26",112,
"1954-10-27",112,
"1954-10-28",113,
"1954-10-29",115,
"1954-10-30",115,
"1954-10-31",115,
"1954-11-01",115,
"1954-11-02",115,
"1954-11-03",115,
"1954-11-04",116,
"1954-11-05",118,
"1954-11-06",118,
"1954-11-07",120,
"1954-11-08",120,
"1954-11-09",120,
"1954-11-10",120,
"1954-11-11",122,
"1954-11-12",122,
"1954-11-13",123,
"1954-11-14",125,
"1954-11-15",125,
"1954-11-16",126,
"1954-11-17",128,
"1954-11-18",130,
"1954-11-19",130,
"1954-11-20",130,
"1954-11-21",130,
"1954-11-22",130,
"1954-11-23",127,
"1954-11-24",125,
"1954-11-25",125,
"1954-11-26",126,
"1954-11-27",128,
"1954-11-28",128,
"1954-11-29",128,
"1954-11-30",126,
"1954-12-01",125,
"1954-12-02",125,
"1954-12-03",125,
"1954-12-04",125,
"1954-12-05",125,
"1954-12-06",126,
"1954-12-07",128,
"1954-12-08",128,
"1954-12-09",128,
"1954-12-10",128,
"1954-12-11",130,
"1954-12-12",130,
"1954-12-13",130,
"1954-12-14",130,
"1954-12-15",130,
"1954-12-16",130,
"1954-12-17",130,
"1954-12-18",130,
"1954-12-19",130,
"1954-12-20",130,
"1954-12-21",130,
"1954-12-22",130,
"1954-12-23",130,
"1954-12-24",130,
"1954-12-25",132,
"1954-12-26",132,
"1954-12-27",132,
"1954-12-28",132,
"1954-12-29",132,
"1954-12-30",132,
"1954-12-31",132,
"1955-01-01",133,
"1955-01-02",135,
"1955-01-03",135,
"1955-01-04",135,
"1955-01-05",135,
"1955-01-06",135,
"1955-01-07",135,
"1955-01-08",135,
"1955-01-09",135,
"1955-01-10",135,
"1955-01-11",135,
"1955-01-12",135,
"1955-01-13",135,
"1955-01-14",135,
"1955-01-15",135,
"1955-01-16",135,
"1955-01-17",136,
"1955-01-18",138,
"1955-01-19",138,
"1955-01-20",138,
"1955-01-21",140,
"1955-01-22",140,
"1955-01-23",140,
"1955-01-24",140,
"1955-01-25",138,
"1955-01-26",138,
"1955-01-27",140,
"1955-01-28",138,
"1955-01-29",138,
"1955-01-30",140,
"1955-01-31",138,
"1955-02-01",140,
"1955-02-02",140,
"1955-02-03",140,
"1955-02-04",141,
"1955-02-05",141,
"1955-02-06",142,
"1955-02-07",143,
"1955-02-08",143,
"1955-02-09",143,
"1955-02-10",143,
"1955-02-11",143,
"1955-02-12",143,
"1955-02-13",145,
"1955-02-14",145,
"1955-02-15",145,
"1955-02-16",145,
"1955-02-17",145,
"1955-02-18",143,
"1955-02-19",143,
"1955-02-20",143,
"1955-02-21",143,
"1955-02-22",143,
"1955-02-23",143,
"1955-02-24",143,
"1955-02-25",143,
"1955-02-26",143,
"1955-02-27",143,
"1955-02-28",141,
"1955-03-01",140,
"1955-03-02",140,
"1955-03-03",140,
"1955-03-04",137,
"1955-03-05",135,
"1955-03-06",132,
"1955-03-07",132,
"1955-03-08",132,
"1955-03-09",132,
"1955-03-10",132,
"1955-03-11",130,
"1955-03-12",130,
"1955-03-13",130,
"1955-03-14",130,
"1955-03-15",130,
"1955-03-16",128,
"1955-03-17",128,
"1955-03-18",128,
"1955-03-19",128,
"1955-03-20",128,
"1955-03-21",126,
"1955-03-22",125,
"1955-03-23",125,
"1955-03-24",123,
"1955-03-25",122,
"1955-03-26",122,
"1955-03-27",122,
"1955-03-28",122,
"1955-03-29",122,
"1955-03-30",123,
"1955-03-31",125,
"1955-04-01",123,
"1955-04-02",122,
"1955-04-03",122,
"1955-04-04",120,
"1955-04-05",118,
"1955-04-06",118,
"1955-04-07",118,
"1955-04-08",116,
"1955-04-09",115,
"1955-04-10",115,
"1955-04-11",115,
"1955-04-12",115,
"1955-04-13",113,
"1955-04-14",112,
"1955-04-15",108,
"1955-04-16",105,
"1955-04-17",105,
"1955-04-18",102,
"1955-04-19",100,
"1955-04-20",98,
"1955-04-21",98,
"1955-04-22",96,
"1955-04-23",93,
"1955-04-24",93,
"1955-04-25",91,
"1955-04-26",90,
"1955-04-27",88,
"1955-04-28",86,
"1955-04-29",83,
"1955-04-30",81,
"1955-05-01",80,
"1955-05-02",80,
"1955-05-03",79,
"1955-05-04",78,
"1955-05-05",77,
"1955-05-06",78,
"1955-05-07",79,
"1955-05-08",79,
"1955-05-09",79,
"1955-05-10",79,
"1955-05-11",82,
"1955-05-12",86,
"1955-05-13",88,
"1955-05-14",91,
"1955-05-15",93,
"1955-05-16",96,
"1955-05-17",99,
"1955-05-18",101,
"1955-05-19",104,
"1955-05-20",107,
"1955-05-21",110,
"1955-05-22",110,
"1955-05-23",108,
"1955-05-24",107,
"1955-05-25",105,
"1955-05-26",105,
"1955-05-27",103,
"1955-05-28",101,
"1955-05-29",100,
"1955-05-30",100,
"1955-05-31",100,
"1955-06-01",100,
"1955-06-02",98,
"1955-06-03",95,
"1955-06-04",93,
"1955-06-05",94,
"1955-06-06",96,
"1955-06-07",97,
"1955-06-08",98,
"1955-06-09",98,
"1955-06-10",99,
"1955-06-11",100,
"1955-06-12",98,
"1955-06-13",96,
"1955-06-14",94,
"1955-06-15",93,
"1955-06-16",91,
"1955-06-17",89,
"1955-06-18",88,
"1955-06-19",86,
"1955-06-20",85,
"1955-06-21",84,
"1955-06-22",82,
"1955-06-23",79,
"1955-06-24",77,
"1955-06-25",74,
"1955-06-26",72,
"1955-06-27",70,
"1955-06-28",68,
"1955-06-29",68,
"1955-06-30",66,
"1955-07-01",65,
"1955-07-02",65,
"1955-07-03",65,
"1955-07-04",64,
"1955-07-05",64,
"1955-07-06",64,
"1955-07-07",63,
"1955-07-08",59,
"1955-07-09",56,
"1955-07-10",57,
"1955-07-11",58,
"1955-07-12",59,
"1955-07-13",61,
"1955-07-14",66,
"1955-07-15",70,
"1955-07-16",74,
"1955-07-17",74,
"1955-07-18",73,
"1955-07-19",72,
"1955-07-20",71,
"1955-07-21",70,
"1955-07-22",69,
"1955-07-23",68,
"1955-07-24",66,
"1955-07-25",65,
"1955-07-26",63,
"1955-07-27",63,
"1955-07-28",63,
"1955-07-29",62,
"1955-07-30",61,
"1955-07-31",61,
"1955-08-01",61,
"1955-08-02",61,
"1955-08-03",60,
"1955-08-04",59,
"1955-08-05",56,
"1955-08-06",54,
"1955-08-07",52,
"1955-08-08",50,
"1955-08-09",48,
"1955-08-10",47,
"1955-08-11",45,
"1955-08-12",47,
"1955-08-13",49,
"1955-08-14",51,
"1955-08-15",54,
"1955-08-16",56,
"1955-08-17",55,
"1955-08-18",56,
"1955-08-19",58,
"1955-08-20",59,
"1955-08-21",57,
"1955-08-22",55,
"1955-08-23",53,
"1955-08-24",52,
"1955-08-25",50,
"1955-08-26",47,
"1955-08-27",45,
"1955-08-28",45,
"1955-08-29",43,
"1955-08-30",41,
"1955-08-31",44,
"1955-09-01",48,
"1955-09-02",52,
"1955-09-03",56,
"1955-09-04",55,
"1955-09-05",55,
"1955-09-06",54,
"1955-09-07",54,
"1955-09-08",54,
"1955-09-09",51,
"1955-09-10",48,
"1955-09-11",50,
"1955-09-12",52,
"1955-09-13",54,
"1955-09-14",54,
"1955-09-15",52,
"1955-09-16",51,
"1955-09-17",49,
"1955-09-18",50,
"1955-09-19",50,
"1955-09-20",49,
"1955-09-21",50,
"1955-09-22",52,
"1955-09-23",54,
"1955-09-24",57,
"1955-09-25",61,
"1955-09-26",62,
"1955-09-27",63,
"1955-09-28",64,
"1955-09-29",63,
"1955-09-30",62,
"1955-10-01",62,
"1955-10-02",61,
"1955-10-03",60,
"1955-10-04",60,
"1955-10-05",60,
"1955-10-06",60,
"1955-10-07",60,
"1955-10-08",61,
"1955-10-09",62,
"1955-10-10",62,
"1955-10-11",63,
"1955-10-12",63,
"1955-10-13",63,
"1955-10-14",63,
"1955-10-15",62,
"1955-10-16",62,
"1955-10-17",62,
"1955-10-18",60,
"1955-10-19",57,
"1955-10-20",55,
"1955-10-21",55,
"1955-10-22",54,
"1955-10-23",54,
"1955-10-24",55,
"1955-10-25",55,
"1955-10-26",55,
"1955-10-27",55,
"1955-10-28",55,
"1955-10-29",54,
"1955-10-30",54,
"1955-10-31",55,
"1955-11-01",55,
"1955-11-02",55,
"1955-11-03",55,
"1955-11-04",56,
"1955-11-05",57,
"1955-11-06",59,
"1955-11-07",62,
"1955-11-08",64,
"1955-11-09",67,
"1955-11-10",68,
"1955-11-11",70,
"1955-11-12",71,
"1955-11-13",72,
"1955-11-14",73,
"1955-11-15",75,
"1955-11-16",76,
"1955-11-17",77,
"1955-11-18",79,
"1955-11-19",80,
"1955-11-20",80,
"1955-11-21",80,
"1955-11-22",80,
"1955-11-23",80,
"1955-11-24",80,
"1955-11-25",80,
"1955-11-26",80,
"1955-11-27",81,
"1955-11-28",82,
"1955-11-29",82,
"1955-11-30",82,
"1955-12-01",85,
"1955-12-02",88,
"1955-12-03",89,
"1955-12-04",90,
"1955-12-05",90,
"1955-12-06",89,
"1955-12-07",89,
"1955-12-08",88,
"1955-12-09",88,
"1955-12-10",89,
"1955-12-11",90,
"1955-12-12",91,
"1955-12-13",92,
"1955-12-14",91,
"1955-12-15",90,
"1955-12-16",90,
"1955-12-17",90,
"1955-12-18",90,
"1955-12-19",90,
"1955-12-20",91,
"1955-12-21",92,
"1955-12-22",92,
"1955-12-23",92,
"1955-12-24",92,
"1955-12-25",92,
"1955-12-26",92,
"1955-12-27",92,
"1955-12-28",92,
"1955-12-29",91,
"1955-12-30",90,
"1955-12-31",90,
"1956-01-01",90,
"1956-01-02",90,
"1956-01-03",90,
"1956-01-04",90,
"1956-01-05",89,
"1956-01-06",89,
"1956-01-07",88,
"1956-01-08",88,
"1956-01-09",88,
"1956-01-10",88,
"1956-01-11",88,
"1956-01-12",88,
"1956-01-13",87,
"1956-01-14",86,
"1956-01-15",87,
"1956-01-16",88,
"1956-01-17",89,
"1956-01-18",89,
"1956-01-19",90,
"1956-01-20",91,
"1956-01-21",92,
"1956-01-22",94,
"1956-01-23",96,
"1956-01-24",96,
"1956-01-25",96,
"1956-01-26",96,
"1956-01-27",96,
"1956-01-28",96,
"1956-01-29",96,
"1956-01-30",95,
"1956-01-31",94,
"1956-02-01",95,
"1956-02-02",96,
"1956-02-03",96,
"1956-02-04",96,
"1956-02-05",96,
"1956-02-06",97,
"1956-02-07",98,
"1956-02-08",100,
"1956-02-09",98,
"1956-02-10",98,
"1956-02-11",98,
"1956-02-12",98,
"1956-02-13",98,
"1956-02-14",97,
"1956-02-15",96,
"1956-02-16",94,
"1956-02-17",92,
"1956-02-18",90,
"1956-02-19",90,
"1956-02-20",90,
"1956-02-21",90,
"1956-02-22",90,
"1956-02-23",90,
"1956-02-24",90,
"1956-02-25",90,
"1956-02-26",88,
"1956-02-27",87,
"1956-02-28",86,
"1956-02-29",84,
"1956-03-01",82,
"1956-03-02",80,
"1956-03-03",78,
"1956-03-04",76,
"1956-03-05",75,
"1956-03-06",73,
"1956-03-07",72,
"1956-03-08",72,
"1956-03-09",72,
"1956-03-10",71,
"1956-03-11",70,
"1956-03-12",70,
"1956-03-13",72,
"1956-03-14",74,
"1956-03-15",73,
"1956-03-16",72,
"1956-03-17",71,
"1956-03-18",70,
"1956-03-19",67,
"1956-03-20",65,
"1956-03-21",67,
"1956-03-22",70,
"1956-03-23",70,
"1956-03-24",68,
"1956-03-25",67,
"1956-03-26",67,
"1956-03-27",62,
"1956-03-28",57,
"1956-03-29",57,
"1956-03-30",54,
"1956-03-31",52,
"1956-04-01",51,
"1956-04-02",50,
"1956-04-03",49,
"1956-04-04",48,
"1956-04-05",47,
"1956-04-06",44,
"1956-04-07",42,
"1956-04-08",44,
"1956-04-09",46,
"1956-04-10",48,
"1956-04-11",46,
"1956-04-12",42,
"1956-04-13",41,
"1956-04-14",39,
"1956-04-15",37,
"1956-04-16",35,
"1956-04-17",34,
"1956-04-18",32,
"1956-04-19",33,
"1956-04-20",34,
"1956-04-21",35,
"1956-04-22",36,
"1956-04-23",38,
"1956-04-24",39,
"1956-04-25",40,
"1956-04-26",41,
"1956-04-27",43,
"1956-04-28",44,
"1956-04-29",44,
"1956-04-30",42,
"1956-05-01",40,
"1956-05-02",41,
"1956-05-03",42,
"1956-05-04",44,
"1956-05-05",45,
"1956-05-06",45,
"1956-05-07",40,
"1956-05-08",34,
"1956-05-09",29,
"1956-05-10",27,
"1956-05-11",24,
"1956-05-12",22,
"1956-05-13",23,
"1956-05-14",25,
"1956-05-15",26,
"1956-05-16",28,
"1956-05-17",29,
"1956-05-18",31,
"1956-05-19",33,
"1956-05-20",33,
"1956-05-21",30,
"1956-05-22",25,
"1956-05-23",22,
"1956-05-24",20,
"1956-05-25",19,
"1956-05-26",17,65
"1956-05-27",16,69
"1956-05-28",15,69
"1956-05-29",13,68
"1956-05-30",12,65
"1956-05-31",11,66
"1956-06-01",10,66
"1956-06-02",9,67
"1956-06-03",9,67
"1956-06-04",8,67
"1956-06-05",7,66
"1956-06-06",6,64
"1956-06-07",6,62
"1956-06-08",8,60
"1956-06-09",12,60
"1956-06-10",12,63
"1956-06-11",12,66
"1956-06-12",12,66
"1956-06-13",0,66
"1956-06-14",0,64
"1956-06-15",0,62
"1956-06-16",0,63
"1956-06-17",0,65
"1956-06-18",0,65
"1956-06-19",0,66
"1956-06-20",0,66
"1956-06-21",0,66
"1956-06-22",0,64
"1956-06-23",0,65
"1956-06-24",0,64
"1956-06-25",0,64
"1956-06-26",0,62
"1956-06-27",0,60
"1956-06-28",0,60
"1956-06-29",0,59
"1956-06-30",0,54
"1956-07-01",0,59
"1956-07-02",0,59
"1956-07-03",0,58
"1956-07-04",0,59
"1956-07-05",0,57
"1956-07-06",0,54
"1956-07-07",0,59
"1956-07-08",0,59
"1956-07-09",0,56
"1956-07-10",0,54
"1956-07-11",0,55
"1956-07-12",0,54
"1956-07-13",0,54
"1956-07-14",0,54
"1956-07-15",0,55
"1956-07-16",0,54
"1956-07-17",0,51
"1956-07-18",0,51
"1956-07-19",0,55
"1956-07-20",0,52
"1956-07-21",0,57
"1956-07-22",0,58
"1956-07-23",0,51
"1956-07-24",0,51
"1956-07-25",0,51
"1956-07-26",0,51
"1956-07-27",0,48
"1956-07-28",0,57
"1956-07-29",0,55
"1956-07-30",0,53
"1956-07-31",0,50
"1956-08-01",0,55
"1956-08-02",0,58
"1956-08-03",0,55
"1956-08-04",0,52
"1956-08-05",0,52
"1956-08-06",0,54
"1956-08-07",0,53
"1956-08-08",0,52
"1956-08-09",0,50
"1956-08-10",0,52
"1956-08-11",0,54
"1956-08-12",0,53
"1956-08-13",0,51
"1956-08-14",0,49
"1956-08-15",0,46
"1956-08-16",0,46
"1956-08-17",0,52
"1956-08-18",0,54
"1956-08-19",0,53
"1956-08-20",0,54
"1956-08-21",0,54
"1956-08-22",0,53
"1956-08-23",0,60
"1956-08-24",0,55
"1956-08-25",0,54
"1956-08-26",0,54
"1956-08-27",0,59
"1956-08-28",0,57
"1956-08-29",0,57
"1956-08-30",0,56
"1956-08-31",0,56
"1956-09-01",0,57
"1956-09-02",0,60
"1956-09-03",0,60
"1956-09-04",0,60
"1956-09-05",0,59
"1956-09-06",0,62
"1956-09-07",0,59
"1956-09-08",0,62
"1956-09-09",0,63
"1956-09-10",0,62
"1956-09-11",0,62
"1956-09-12",0,62
"1956-09-13",0,60
"1956-09-14",0,59
"1956-09-15",0,59
"1956-09-16",0,59
"1956-09-17",0,59
"1956-09-18",0,58
"1956-09-19",0,56
"1956-09-20",0,56
"1956-09-21",0,56
"1956-09-22",0,58
"1956-09-23",0,60
"1956-09-24",0,60
"1956-09-25",0,58
"1956-09-26",0,55
"1956-09-27",0,50
"1956-09-28",0,60
"1956-09-29",0,62
"1956-09-30",0,61
"1956-10-01",0,60
"1956-10-02",0,60
"1956-10-03",0,59
"1956-10-04",0,59
"1956-10-05",0,60
"1956-10-06",0,60
"1956-10-07",0,64
"1956-10-08",0,68
"1956-10-09",0,64
"1956-10-10",0,65
"1956-10-11",0,67
"1956-10-12",0,65
"1956-10-13",0,64
"1956-10-14",0,64
"1956-10-15",0,62
"1956-10-16",0,64
"1956-10-17",0,59
"1956-10-18",0,62
"1956-10-19",0,63
"1956-10-20",0,64
"1956-10-21",0,65
"1956-10-22",0,66
"1956-10-23",0,68
"1956-10-24",0,69
"1956-10-25",0,69
"1956-10-26",0,69
"1956-10-27",0,69
"1956-10-28",0,69
"1956-10-29",0,69
"1956-10-30",0,69
"1956-10-31",0,67
"1956-11-01",0,66
"1956-11-02",0,68
"1956-11-03",0,69
"1956-11-04",16,69
"1956-11-05",17,72
"1956-11-06",17,72
"1956-11-07",17,72
"1956-11-08",17,72
"1956-11-09",17,72
"1956-11-10",18,72
"1956-11-11",19,74
"1956-11-12",21,74
"1956-11-13",23,74
"1956-11-14",25,72
"1956-11-15",27,74
"1956-11-16",27,72
"1956-11-17",27,72
"1956-11-18",27,72
"1956-11-19",27,72
"1956-11-20",27,72
"1956-11-21",27,69
"1956-11-22",27,66
"1956-11-23",27,68
"1956-11-24",27,68
"1956-11-25",27,69
"1956-11-26",27,69
"1956-11-27",28,69
"1956-11-28",28,68
"1956-11-29",29,65
"1956-11-30",29,65
"1956-12-01",29,64
"1956-12-02",29,66
"1956-12-03",29,65
"1956-12-04",28,64
"1956-12-05",28,65
"1956-12-06",28,60
"1956-12-07",28,60
"1956-12-08",28,65
"1956-12-09",28,65
"1956-12-10",28,65
"1956-12-11",29,65
"1956-12-12",29,65
"1956-12-13",29,65
"1956-12-14",29,65
"1956-12-15",29,65
"1956-12-16",30,65
"1956-12-17",32,70
"1956-12-18",34,75
"1956-12-19",36,80
"1956-12-20",39,82
"1956-12-21",41,82
"1956-12-22",42,82
"1956-12-23",44,82
"1956-12-24",46,82
"1956-12-25",47,82
"1956-12-26",47,80
"1956-12-27",47,80
"1956-12-28",47,80
"1956-12-29",47,82
"1956-12-30",48,82
"1956-12-31",48,82
"1957-01-01",49,82
"1957-01-02",49,80
"1957-01-03",48,80
"1957-01-04",47,80
"1957-01-05",47,74
"1957-01-06",48,77
"1957-01-07",48,77
"1957-01-08",48,74
"1957-01-09",46,77
"1957-01-10",45,74
"1957-01-11",46,77
"1957-01-12",47,77
"1957-01-13",48,74
"1957-01-14",49,72
"1957-01-15",50,74
"1957-01-16",51,74
"1957-01-17",51,74
"1957-01-18",51,74
"1957-01-19",52,74
"1957-01-20",54,77
"1957-01-21",55,77
"1957-01-22",54,74
"1957-01-23",54,72
"1957-01-24",54,69
"1957-01-25",55,69
"1957-01-26",54,69
"1957-01-27",56,72
"1957-01-28",58,72
"1957-01-29",58,69
"1957-01-30",58,69
"1957-01-31",56,68
"1957-02-01",54,72
"1957-02-02",52,70
"1957-02-03",52,70
"1957-02-04",52,70
"1957-02-05",52,70
"1957-02-06",51,70
"1957-02-07",50,70
"1957-02-08",48,65
"1957-02-09",46,65
"1957-02-10",45,70
"1957-02-11",44,70
"1957-02-12",42,70
"1957-02-13",42,70
"1957-02-14",42,70
"1957-02-15",40,70
"1957-02-16",39,70
"1957-02-17",42,70
"1957-02-18",45,70
"1957-02-19",49,70
"1957-02-20",49,70
"1957-02-21",49,70
"1957-02-22",51,70
"1957-02-23",54,75
"1957-02-24",57,80
"1957-02-25",60,85
"1957-02-26",63,85
"1957-02-27",60,85
"1957-02-28",58,85
"1957-03-01",57,85
"1957-03-02",57,85
"1957-03-03",58,85
"1957-03-04",58,88
"1957-03-05",58,82
"1957-03-06",58,82
"1957-03-07",58,85
"1957-03-08",58,85
"1957-03-09",59,85
"1957-03-10",60,85
"1957-03-11",59,88
"1957-03-12",58,88
"1957-03-13",57,85
"1957-03-14",56,85
"1957-03-15",55,85
"1957-03-16",55,82
"1957-03-17",57,85
"1957-03-18",60,85
"1957-03-19",63,85
"1957-03-20",66,85
"1957-03-21",69,100
"1957-03-22",72,112
"1957-03-23",75,112
"1957-03-24",78,109
"1957-03-25",82,109
"1957-03-26",80,106
"1957-03-27",78,106
"1957-03-28",79,106
"1957-03-29",81,109
"1957-03-30",82,109
"1957-03-31",84,109
"1957-04-01",86,115
"1957-04-02",88,112
"1957-04-03",88,112
"1957-04-04",84,112
"1957-04-05",80,106
"1957-04-06",81,109
"1957-04-07",82,109
"1957-04-08",80,106
"1957-04-09",78,106
"1957-04-10",78,106
"1957-04-11",78,103
"1957-04-12",78,106
"1957-04-13",78,106
"1957-04-14",78,109
"1957-04-15",81,109
"1957-04-16",83,109
"1957-04-17",86,103
"1957-04-18",88,106
"1957-04-19",100,112
"1957-04-20",108,115
"1957-04-21",117,118
"1957-04-22",122,128
"1957-04-23",128,142
"1957-04-24",133,146
"1957-04-25",139,153
"1957-04-26",145,185
"1957-04-27",152,231
"1957-04-28",158,240
"1957-04-29",165,240
"1957-04-30",172,240
"1957-05-01",180,240
"1957-05-02",188,240
"1957-05-03",186,222
"1957-05-04",184,222
"1957-05-05",184,218
"1957-05-06",181,218
"1957-05-07",178,213
"1957-05-08",179,213
"1957-05-09",177,213
"1957-05-10",177,209
"1957-05-11",174,209
"1957-05-12",176,205
"1957-05-13",177,201
"1957-05-14",177,197
"1957-05-15",178,197
"1957-05-16",176,189
"1957-05-17",176,189
"1957-05-18",176,193
"1957-05-19",178,197
"1957-05-20",180,189
"1957-05-21",179,189
"1957-05-22",177,189
"1957-05-23",176,185
"1957-05-24",175,181
"1957-05-25",176,181
"1957-05-26",184,181
"1957-05-27",192,181
"1957-05-28",200,181
"1957-05-29",209,193
"1957-05-30",218,189
"1957-05-31",225,189
"1957-06-01",233,197
"1957-06-02",241,201
"1957-06-03",249,209
"1957-06-04",257,209
"1957-06-05",256,209
"1957-06-06",255,209
"1957-06-07",254,205
"1957-06-08",250,205
"1957-06-09",250,205
"1957-06-10",248,205
"1957-06-11",246,201
"1957-06-12",246,205
"1957-06-13",246,205
"1957-06-14",242,197
"1957-06-15",242,193
"1957-06-16",242,193
"1957-06-17",240,193
"1957-06-18",238,189
"1957-06-19",234,185
"1957-06-20",234,185
"1957-06-21",234,189
"1957-06-22",230,185
"1957-06-23",230,185
"1957-06-24",230,185
"1957-06-25",226,177
"1957-06-26",222,177
"1957-06-27",218,177
"1957-06-28",215,173
"1957-06-29",211,169
"1957-06-30",211,173
"1957-07-01",206,169
"1957-07-02",201,169
"1957-07-03",196,169
"1957-07-04",191,169
"1957-07-05",187,165
"1957-07-06",183,161
"1957-07-07",180,161
"1957-07-08",180,161
"1957-07-09",180,161
"1957-07-10",177,157
"1957-07-11",174,161
"1957-07-12",171,157
"1957-07-13",168,153
"1957-07-14",165,153
"1957-07-15",161,157
"1957-07-16",157,153
"1957-07-17",153,146
"1957-07-18",150,146
"1957-07-19",145,146
"1957-07-20",141,146
"1957-07-21",138,146
"1957-07-22",135,149
"1957-07-23",133,153
"1957-07-24",130,146
"1957-07-25",128,142
"1957-07-26",125,149
"1957-07-27",123,149
"1957-07-28",125,149
"1957-07-29",122,149
"1957-07-30",120,149
"1957-07-31",117,146
"1957-08-01",117,142
"1957-08-02",114,142
"1957-08-03",112,142
"1957-08-04",112,142
"1957-08-05",108,142
"1957-08-06",105,142
"1957-08-07",102,142
"1957-08-08",98,138
"1957-08-09",96,138
"1957-08-10",96,138
"1957-08-11",93,135
"1957-08-12",91,135
"1957-08-13",88,135
"1957-08-14",86,138
"1957-08-15",86,138
"1957-08-16",86,135
"1957-08-17",86,135
"1957-08-18",86,135
"1957-08-19",86,138
"1957-08-20",86,138
"1957-08-21",86,138
"1957-08-22",86,132
"1957-08-23",86,135
"1957-08-24",86,135
"1957-08-25",84,135
"1957-08-26",83,132
"1957-08-27",82,128
"1957-08-28",80,124
"1957-08-29",80,124
"1957-08-30",80,124
"1957-08-31",83,128
"1957-09-01",85,128
"1957-09-02",88,128
"1957-09-03",90,132
"1957-09-04",92,128
"1957-09-05",94,128
"1957-09-06",96,124
"1957-09-07",98,128
"1957-09-08",102,128
"1957-09-09",107,128
"1957-09-10",105,128
"1957-09-11",105,128
"1957-09-12",107,128
"1957-09-13",109,128
"1957-09-14",112,121
"1957-09-15",111,124
"1957-09-16",110,124
"1957-09-17",110,124
"1957-09-18",108,121
"1957-09-19",107,124
"1957-09-20",107,124
"1957-09-21",105,121
"1957-09-22",116,121
"1957-09-23",129,138
"1957-09-24",143,142
"1957-09-25",158,149
"1957-09-26",175,165
"1957-09-27",194,161
"1957-09-28",191,169
"1957-09-29",189,165
"1957-09-30",187,165
"1957-10-01",184,180
"1957-10-02",187,180
"1957-10-03",184,175
"1957-10-04",184,180
"1957-10-05",184,180
"1957-10-06",184,180
"1957-10-07",184,184
"1957-10-08",187,184
"1957-10-09",184,180
"1957-10-10",184,180
"1957-10-11",182,180
"1957-10-12",180,175
"1957-10-13",180,180
"1957-10-14",180,180
"1957-10-15",180,184
"1957-10-16",180,184
"1957-10-17",180,188
"1957-10-18",180,188
"1957-10-19",180,193
"1957-10-20",184,193
"1957-10-21",196,198
"1957-10-22",204,222
"1957-10-23",213,242
"1957-10-24",222,248
"1957-10-25",219,242
"1957-10-26",219,232
"1957-10-27",219,232
"1957-10-28",219,232
"1957-10-29",219,232
"1957-10-30",219,227
"1957-10-31",219,222
"1957-11-01",222,222
"1957-11-02",226,222
"1957-11-03",226,222
"1957-11-04",226,222
"1957-11-05",226,222
"1957-11-06",226,222
"1957-11-07",226,222
"1957-11-08",226,222
"1957-11-09",226,222
"1957-11-10",226,222
"1957-11-11",234,222
"1957-11-12",242,227
"1957-11-13",238,222
"1957-11-14",238,222
"1957-11-15",234,222
"1957-11-16",234,217
"1957-11-17",234,217
"1957-11-18",234,217
"1957-11-19",234,217
"1957-11-20",234,217
"1957-11-21",238,217
"1957-11-22",240,217
"1957-11-23",243,217
"1957-11-24",245,222
"1957-11-25",248,222
"1957-11-26",250,227
"1957-11-27",250,227
"1957-11-28",250,227
"1957-11-29",250,227
"1957-11-30",250,227
"1957-12-01",250,227
"1957-12-02",250,227
"1957-12-03",250,227
"1957-12-04",250,222
"1957-12-05",250,222
"1957-12-06",250,222
"1957-12-07",250,222
"1957-12-08",250,217
"1957-12-09",250,217
"1957-12-10",250,217
"1957-12-11",250,217
"1957-12-12",250,217
"1957-12-13",250,217
"1957-12-14",250,212
"1957-12-15",250,212
"1957-12-16",254,212
"1957-12-17",254,207
"1957-12-18",254,212
"1957-12-19",250,202
"1957-12-20",254,207
"1957-12-21",250,207
"1957-12-22",250,207
"1957-12-23",250,198
"1957-12-24",250,202
"1957-12-25",254,202
"1957-12-26",258,202
"1957-12-27",262,202
"1957-12-28",258,198
"1957-12-29",258,193
"1957-12-30",258,198
"1957-12-31",254,198
"1958-01-01",254,198
"1958-01-02",254,193
"1958-01-03",254,193
"1958-01-04",254,198
"1958-01-05",258,198
"1958-01-06",262,198
"1958-01-07",266,193
"1958-01-08",262,188
"1958-01-09",266,188
"1958-01-10",266,188
"1958-01-11",266,193
"1958-01-12",270,198
"1958-01-13",274,202
"1958-01-14",278,200
"1958-01-15",278,200
"1958-01-16",278,200
"1958-01-17",282,200
"1958-01-18",282,200
"1958-01-19",286,200
"1958-01-20",286,200
"1958-01-21",286,200
"1958-01-22",286,200
"1958-01-23",289,200
"1958-01-24",291,200
"1958-01-25",294,200
"1958-01-26",294,200
"1958-01-27",290,200
"1958-01-28",290,200
"1958-01-29",290,200
"1958-01-30",290,200
"1958-01-31",290,200
"1958-02-01",294,200
"1958-02-02",294,200
"1958-02-03",294,200
"1958-02-04",299,200
"1958-02-05",299,200
"1958-02-06",299,200
"1958-02-07",299,200
"1958-02-08",299,200
"1958-02-09",299,200
"1958-02-10",299,200
"1958-02-11",299,200
"1958-02-12",299,200
"1958-02-13",299,200
"1958-02-14",296,200
"1958-02-15",294,200
"1958-02-16",294,200
"1958-02-17",296,200
"1958-02-18",299,200
"1958-02-19",294,200
"1958-02-20",301,200
"1958-02-21",309,200
"1958-02-22",317,230
"1958-02-23",325,260
"1958-02-24",333,290
"1958-02-25",341,290
"1958-02-26",350,280
"1958-02-27",345,280
"1958-02-28",340,280
"1958-03-01",340,280
"1958-03-02",340,280
"1958-03-03",335,280
"1958-03-04",335,275
"1958-03-05",335,275
"1958-03-06",335,275
"1958-03-07",340,270
"1958-03-08",340,270
"1958-03-09",335,264
"1958-03-10",335,264
"1958-03-11",340,264
"1958-03-12",340,264
"1958-03-13",340,258
"1958-03-14",340,258
"1958-03-15",340,258
"1958-03-16",340,258
"1958-03-17",340,258
"1958-03-18",340,258
"1958-03-19",340,253
"1958-03-20",335,253
"1958-03-21",335,253
"1958-03-22",335,253
"1958-03-23",335,253
"1958-03-24",340,253
"1958-03-25",340,253
"1958-03-26",340,248
"1958-03-27",340,248
"1958-03-28",340,245
"1958-03-29",340,245
"1958-03-30",340,245
"1958-03-31",340,245
"1958-04-01",340,240
"1958-04-02",340,240
"1958-04-03",340,240
"1958-04-04",340,240
"1958-04-05",340,240
"1958-04-06",340,240
"1958-04-07",335,240
"1958-04-08",335,235
"1958-04-09",335,235
"1958-04-10",335,235
"1958-04-11",330,235
"1958-04-12",335,235
"1958-04-13",340,235
"1958-04-14",345,235
"1958-04-15",340,240
"1958-04-16",340,240
"1958-04-17",345,240
"1958-04-18",345,240
"1958-04-19",345,237
"1958-04-20",345,237
"1958-04-21",345,232
"1958-04-22",340,232
"1958-04-23",340,232
"1958-04-24",340,232
"1958-04-25",335,227
"1958-04-26",335,227
"1958-04-27",335,227
"1958-04-28",335,227
"1958-04-29",330,227
"1958-04-30",330,227
"1958-05-01",335,227
"1958-05-02",335,227
"1958-05-03",347,242
"1958-05-04",360,270
"1958-05-05",352,286
"1958-05-06",345,286
"1958-05-07",345,286
"1958-05-08",345,286
"1958-05-09",345,292
"1958-05-10",345,286
"1958-05-11",345,286
"1958-05-12",345,286
"1958-05-13",345,280
"1958-05-14",345,280
"1958-05-15",345,275
"1958-05-16",350,270
"1958-05-17",350,270
"1958-05-18",355,270
"1958-05-19",352,270
"1958-05-20",350,270
"1958-05-21",355,270
"1958-05-22",350,264
"1958-05-23",350,270
"1958-05-24",345,264
"1958-05-25",345,270
"1958-05-26",340,264
"1958-05-27",335,258
"1958-05-28",335,258
"1958-05-29",335,253
"1958-05-30",340,253
"1958-05-31",335,253
"1958-06-01",330,258
"1958-06-02",326,253
"1958-06-03",322,253
"1958-06-04",322,248
"1958-06-05",322,248
"1958-06-06",317,242
"1958-06-07",312,242
"1958-06-08",317,237
"1958-06-09",317,237
"1958-06-10",312,237
"1958-06-11",312,237
"1958-06-12",312,232
"1958-06-13",312,232
"1958-06-14",308,237
"1958-06-15",312,237
"1958-06-16",312,237
"1958-06-17",312,237
"1958-06-18",310,232
"1958-06-19",308,222
"1958-06-20",304,222
"1958-06-21",304,232
"1958-06-22",304,237
"1958-06-23",304,237
"1958-06-24",304,232
"1958-06-25",304,232
"1958-06-26",304,227
"1958-06-27",308,222
"1958-06-28",308,222
"1958-06-29",308,222
"1958-06-30",308,217
"1958-07-01",308,217
"1958-07-02",308,212
"1958-07-03",303,212
"1958-07-04",299,212
"1958-07-05",304,207
"1958-07-06",315,207
"1958-07-07",326,207
"1958-07-08",317,212
"1958-07-09",308,212
"1958-07-10",308,207
"1958-07-11",306,202
"1958-07-12",304,202
"1958-07-13",308,202
"1958-07-14",312,202
"1958-07-15",308,198
"1958-07-16",308,198
"1958-07-17",304,193
"1958-07-18",301,193
"1958-07-19",299,188
"1958-07-20",304,188
"1958-07-21",304,188
"1958-07-22",299,184
"1958-07-23",299,184
"1958-07-24",299,184
"1958-07-25",294,184
"1958-07-26",290,184
"1958-07-27",290,184
"1958-07-28",286,180
"1958-07-29",282,180
"1958-07-30",278,180
"1958-07-31",278,180
"1958-08-01",278,175
"1958-08-02",274,170
"1958-08-03",274,175
"1958-08-04",272,175
"1958-08-05",270,175
"1958-08-06",270,175
"1958-08-07",270,170
"1958-08-08",270,166
"1958-08-09",266,166
"1958-08-10",266,166
"1958-08-11",266,175
"1958-08-12",262,170
"1958-08-13",266,170
"1958-08-14",266,162
"1958-08-15",266,170
"1958-08-16",266,175
"1958-08-17",266,170
"1958-08-18",266,166
"1958-08-19",262,162
"1958-08-20",262,166
"1958-08-21",262,166
"1958-08-22",262,170
"1958-08-23",258,170
"1958-08-24",258,170
"1958-08-25",262,175
"1958-08-26",258,170
"1958-08-27",258,170
"1958-08-28",258,170
"1958-08-29",254,170
"1958-08-30",254,166
"1958-08-31",254,166
"1958-09-01",254,175
"1958-09-02",254,170
"1958-09-03",250,170
"1958-09-04",250,170
"1958-09-05",254,170
"1958-09-06",254,170
"1958-09-07",256,170
"1958-09-08",258,170
"1958-09-09",262,170
"1958-09-10",266,166
"1958-09-11",266,166
"1958-09-12",270,166
"1958-09-13",266,170
"1958-09-14",270,170
"1958-09-15",274,166
"1958-09-16",278,162
"1958-09-17",274,162
"1958-09-18",274,158
"1958-09-19",282,162
"1958-09-20",290,162
"1958-09-21",299,162
"1958-09-22",308,162
"1958-09-23",317,158
"1958-09-24",312,154
"1958-09-25",312,158
"1958-09-26",308,158
"1958-09-27",312,158
"1958-09-28",317,158
"1958-09-29",317,158
"1958-09-30",322,158
"1958-10-01",317,162
"1958-10-02",312,162
"1958-10-03",312,162
"1958-10-04",317,162
"1958-10-05",317,162
"1958-10-06",317,162
"1958-10-07",317,162
"1958-10-08",322,167
"1958-10-09",322,167
"1958-10-10",322,167
"1958-10-11",324,170
"1958-10-12",326,172
"1958-10-13",322,172
"1958-10-14",322,178
"1958-10-15",322,178
"1958-10-16",322,178
"1958-10-17",322,184
"1958-10-18",322,184
"1958-10-19",322,184
"1958-10-20",322,184
"1958-10-21",322,189
"1958-10-22",326,189
"1958-10-23",322,189
"1958-10-24",322,189
"1958-10-25",331,189
"1958-10-26",340,189
"1958-10-27",350,194
"1958-10-28",355,206
"1958-10-29",350,217
"1958-10-30",345,223
"1958-10-31",340,217
"1958-11-01",335,211
"1958-11-02",330,211
"1958-11-03",330,211
"1958-11-04",332,229
"1958-11-05",333,223
"1958-11-06",335,217
"1958-11-07",335,217
"1958-11-08",335,217
"1958-11-09",337,217
"1958-11-10",340,217
"1958-11-11",340,217
"1958-11-12",340,223
"1958-11-13",340,223
"1958-11-14",335,223
"1958-11-15",335,223
"1958-11-16",330,223
"1958-11-17",330,223
"1958-11-18",330,217
"1958-11-19",330,217
"1958-11-20",330,215
"1958-11-21",335,215
"1958-11-22",335,215
"1958-11-23",335,215
"1958-11-24",330,215
"1958-11-25",330,210
"1958-11-26",330,210
"1958-11-27",335,210
"1958-11-28",335,210
"1958-11-29",335,211
"1958-11-30",335,211
"1958-12-01",335,211
"1958-12-02",335,211
"1958-12-03",335,211
"1958-12-04",335,211
"1958-12-05",335,211
"1958-12-06",335,211
"1958-12-07",335,211
"1958-12-08",335,211
"1958-12-09",335,211
"1958-12-10",335,206
"1958-12-11",335,206
"1958-12-12",335,206
"1958-12-13",335,206
"1958-12-14",340,200
"1958-12-15",340,200
"1958-12-16",340,200
"1958-12-17",340,200
"1958-12-18",345,200
"1958-12-19",345,194
"1958-12-20",345,194
"1958-12-21",340,194
"1958-12-22",340,194
"1958-12-23",340,200
"1958-12-24",340,200
"1958-12-25",340,194
"1958-12-26",340,194
"1958-12-27",340,194
"1958-12-28",340,194
"1958-12-29",340,194
"1958-12-30",340,194
"1958-12-31",340,189
"1959-01-01",335,189
"1959-01-02",335,189
"1959-01-03",335,186
"1959-01-04",335,184
"1959-01-05",335,184
"1959-01-06",335,178
"1959-01-07",335,178
"1959-01-08",335,178
"1959-01-09",330,184
"1959-01-10",335,184
"1959-01-11",335,184
"1959-01-12",335,178
"1959-01-13",335,178
"1959-01-14",335,172
"1959-01-15",335,172
"1959-01-16",335,172
"1959-01-17",335,172
"1959-01-18",335,172
"1959-01-19",335,172
"1959-01-20",335,172
"1959-01-21",335,170
"1959-01-22",335,170
"1959-01-23",335,170
"1959-01-24",335,170
"1959-01-25",335,170
"1959-01-26",335,170
"1959-01-27",335,170
"1959-01-28",335,170
"1959-01-29",335,170
"1959-01-30",335,170
"1959-01-31",335,170
"1959-02-01",335,170
"1959-02-02",335,170
"1959-02-03",335,170
"1959-02-04",330,170
"1959-02-05",330,170
"1959-02-06",330,175
"1959-02-07",335,175
"1959-02-08",335,175
"1959-02-09",335,175
"1959-02-10",335,175
"1959-02-11",335,175
"1959-02-12",340,175
"1959-02-13",340,175
"1959-02-14",342,175
"1959-02-15",345,175
"1959-02-16",340,175
"1959-02-17",340,175
"1959-02-18",340,180
"1959-02-19",340,180
"1959-02-20",340,180
"1959-02-21",340,180
"1959-02-22",340,180
"1959-02-23",335,180
"1959-02-24",340,180
"1959-02-25",340,180
"1959-02-26",340,184
"1959-02-27",340,167
"1959-02-28",340,162
"1959-03-01",335,162
"1959-03-02",335,162
"1959-03-03",335,162
"1959-03-04",335,162
"1959-03-05",330,162
"1959-03-06",330,162
"1959-03-07",330,162
"1959-03-08",330,167
"1959-03-09",335,162
"1959-03-10",340,162
"1959-03-11",340,162
"1959-03-12",335,162
"1959-03-13",335,162
"1959-03-14",335,162
"1959-03-15",335,162
"1959-03-16",335,162
"1959-03-17",335,162
"1959-03-18",335,162
"1959-03-19",335,167
"1959-03-20",335,162
"1959-03-21",335,167
"1959-03-22",335,167
"1959-03-23",335,167
"1959-03-24",335,167
"1959-03-25",335,167
"1959-03-26",335,162
"1959-03-27",335,162
"1959-03-28",335,162
"1959-03-29",335,162
"1959-03-30",335,162
"1959-03-31",335,162
"1959-04-01",335,162
"1959-04-02",335,162
"1959-04-03",330,162
"1959-04-04",330,167
"1959-04-05",326,167
"1959-04-06",330,167
"1959-04-07",326,162
"1959-04-08",326,165
"1959-04-09",326,165
"1959-04-10",326,165
"1959-04-11",327,165
"1959-04-12",329,165
"1959-04-13",330,165
"1959-04-14",330,165
"1959-04-15",330,165
"1959-04-16",330,170
"1959-04-17",330,170
"1959-04-18",330,170
"1959-04-19",330,170
"1959-04-20",330,170
"1959-04-21",330,170
"1959-04-22",330,170
"1959-04-23",330,170
"1959-04-24",330,170
"1959-04-25",330,170
"1959-04-26",330,170
"1959-04-27",326,172
"1959-04-28",326,167
"1959-04-29",326,167
"1959-04-30",326,167
"1959-05-01",326,172
"1959-05-02",330,178
"1959-05-03",330,178
"1959-05-04",330,172
"1959-05-05",330,172
"1959-05-06",326,167
"1959-05-07",322,172
"1959-05-08",322,172
"1959-05-09",322,172
"1959-05-10",323,175
"1959-05-11",325,175
"1959-05-12",326,180
"1959-05-13",322,184
"1959-05-14",322,184
"1959-05-15",322,184
"1959-05-16",322,184
"1959-05-17",322,184
"1959-05-18",322,178
"1959-05-19",322,178
"1959-05-20",326,172
"1959-05-21",322,178
"1959-05-22",317,178
"1959-05-23",322,178
"1959-05-24",317,178
"1959-05-25",317,184
"1959-05-26",317,178
"1959-05-27",322,172
"1959-05-28",317,172
"1959-05-29",317,172
"1959-05-30",317,172
"1959-05-31",317,172
"1959-06-01",317,172
"1959-06-02",312,167
"1959-06-03",312,167
"1959-06-04",312,167
"1959-06-05",312,170
"1959-06-06",312,172
"1959-06-07",308,172
"1959-06-08",304,167
"1959-06-09",304,162
"1959-06-10",304,162
"1959-06-11",299,162
"1959-06-12",294,162
"1959-06-13",294,162
"1959-06-14",294,162
"1959-06-15",294,162
"1959-06-16",290,157
"1959-06-17",290,157
"1959-06-18",286,157
"1959-06-19",286,157
"1959-06-20",282,157
"1959-06-21",278,157
"1959-06-22",274,157
"1959-06-23",278,157
"1959-06-24",286,157
"1959-06-25",294,158
"1959-06-26",310,159
"1959-06-27",322,160
"1959-06-28",317,162
"1959-06-29",312,162
"1959-06-30",308,162
"1959-07-01",308,162
"1959-07-02",304,157
"1959-07-03",308,162
"1959-07-04",304,157
"1959-07-05",308,157
"1959-07-06",308,157
"1959-07-07",304,157
"1959-07-08",304,157
"1959-07-09",299,157
"1959-07-10",304,157
"1959-07-11",299,157
"1959-07-12",299,157
"1959-07-13",299,157
"1959-07-14",294,157
"1959-07-15",294,152
"1959-07-16",294,152
"1959-07-17",294,147
"1959-07-18",294,152
"1959-07-19",294,152
"1959-07-20",294,152
"1959-07-21",299,152
"1959-07-22",299,152
"1959-07-23",299,152
"1959-07-24",301,152
"1959-07-25",304,152
"1959-07-26",304,152
"1959-07-27",304,152
"1959-07-28",308,147
"1959-07-29",304,147
"1959-07-30",304,147
"1959-07-31",304,147
"1959-08-01",299,147
"1959-08-02",299,147
"1959-08-03",294,147
"1959-08-04",290,147
"1959-08-05",290,147
"1959-08-06",290,147
"1959-08-07",290,147
"1959-08-08",286,147
"1959-08-09",286,142
"1959-08-10",290,142
"1959-08-11",286,142
"1959-08-12",286,142
"1959-08-13",282,142
"1959-08-14",282,142
"1959-08-15",282,142
"1959-08-16",286,137
"1959-08-17",290,137
"1959-08-18",290,137
"1959-08-19",286,137
"1959-08-20",286,137
"1959-08-21",284,137
"1959-08-22",282,137
"1959-08-23",285,142
"1959-08-24",287,137
"1959-08-25",290,137
"1959-08-26",290,138
"1959-08-27",294,140
"1959-08-28",294,142
"1959-08-29",290,142
"1959-08-30",290,142
"1959-08-31",294,142
"1959-09-01",290,142
"1959-09-02",290,142
"1959-09-03",290,142
"1959-09-04",290,142
"1959-09-05",286,137
"1959-09-06",286,142
"1959-09-07",290,142
"1959-09-08",286,142
"1959-09-09",286,137
"1959-09-10",282,137
"1959-09-11",286,137
"1959-09-12",282,132
"1959-09-13",286,137
"1959-09-14",290,137
"1959-09-15",290,137
"1959-09-16",286,137
"1959-09-17",286,137
"1959-09-18",286,137
"1959-09-19",282,127
"1959-09-20",282,132
"1959-09-21",286,132
"1959-09-22",286,132
"1959-09-23",282,132
"1959-09-24",286,132
"1959-09-25",286,127
"1959-09-26",286,127
"1959-09-27",290,127
"1959-09-28",290,127
"1959-09-29",286,132
"1959-09-30",286,132
"1959-10-01",286,132
"1959-10-02",282,127
"1959-10-03",286,132
"1959-10-04",293,137
"1959-10-05",300,157
"1959-10-06",308,172
"1959-10-07",304,172
"1959-10-08",304,178
"1959-10-09",299,178
"1959-10-10",294,178
"1959-10-11",301,172
"1959-10-12",308,172
"1959-10-13",312,172
"1959-10-14",312,172
"1959-10-15",308,172
"1959-10-16",308,167
"1959-10-17",308,167
"1959-10-18",308,167
"1959-10-19",308,172
"1959-10-20",308,172
"1959-10-21",308,167
"1959-10-22",308,167
"1959-10-23",308,162
"1959-10-24",308,162
"1959-10-25",308,162
"1959-10-26",308,162
"1959-10-27",308,162
"1959-10-28",308,162
"1959-10-29",308,157
"1959-10-30",308,157
"1959-10-31",312,157
"1959-11-01",308,157
"1959-11-02",304,157
"1959-11-03",299,157
"1959-11-04",299,162
"1959-11-05",299,162
"1959-11-06",299,157
"1959-11-07",303,157
"1959-11-08",308,157
"1959-11-09",308,157
"1959-11-10",308,157
"1959-11-11",312,152
"1959-11-12",312,157
"1959-11-13",312,162
"1959-11-14",312,162
"1959-11-15",312,162
"1959-11-16",312,162
"1959-11-17",312,162
"1959-11-18",312,162
"1959-11-19",312,162
"1959-11-20",312,162
"1959-11-21",312,162
"1959-11-22",312,162
"1959-11-23",312,162
"1959-11-24",312,162
"1959-11-25",312,162
"1959-11-26",312,167
"1959-11-27",312,162
"1959-11-28",312,162
"1959-11-29",312,162
"1959-11-30",312,162
"1959-12-01",317,157
"1959-12-02",317,157
"1959-12-03",312,157
"1959-12-04",317,157
"1959-12-05",312,157
"1959-12-06",312,157
"1959-12-07",312,157
"1959-12-08",317,152
"1959-12-09",317,152
"1959-12-10",317,152
"1959-12-11",317,152
"1959-12-12",317,152
"1959-12-13",317,152
"1959-12-14",317,152
"1959-12-15",322,152
"1959-12-16",317,152
"1959-12-17",317,152
"1959-12-18",312,147
"1959-12-19",312,147
"1959-12-20",312,147
"1959-12-21",312,147
"1959-12-22",312,147
"1959-12-23",317,152
"1959-12-24",317,152
"1959-12-25",317,147
"1959-12-26",317,147
"1959-12-27",317,147
"1959-12-28",317,147
"1959-12-29",317,147
"1959-12-30",317,147
"1959-12-31",321,147
"1960-01-01",326,147
"1960-01-02",322,147
"1960-01-03",322,147
"1960-01-04",317,147
"1960-01-05",317,152
"1960-01-06",317,147
"1960-01-07",317,147
"1960-01-08",317,147
"1960-01-09",322,142
"1960-01-10",322,147
"1960-01-11",322,147
"1960-01-12",322,147
"1960-01-13",326,147
"1960-01-14",326,147
"1960-01-15",326,147
"1960-01-16",326,142
"1960-01-17",326,147
"1960-01-18",326,142
"1960-01-19",326,142
"1960-01-20",326,142
"1960-01-21",326,147
"1960-01-22",326,147
"1960-01-23",330,147
"1960-01-24",330,152
"1960-01-25",330,152
"1960-01-26",335,152
"1960-01-27",330,152
"1960-01-28",326,152
"1960-01-29",326,147
"1960-01-30",326,152
"1960-01-31",330,152
"1960-02-01",330,152
"1960-02-02",330,152
"1960-02-03",328,152
"1960-02-04",326,157
"1960-02-05",326,157
"1960-02-06",326,157
"1960-02-07",326,157
"1960-02-08",326,157
"1960-02-09",326,157
"1960-02-10",326,157
"1960-02-11",326,157
"1960-02-12",326,157
"1960-02-13",326,162
"1960-02-14",326,162
"1960-02-15",326,162
"1960-02-16",326,162
"1960-02-17",326,162
"1960-02-18",326,157
"1960-02-19",326,157
"1960-02-20",326,162
"1960-02-21",326,157
"1960-02-22",326,157
"1960-02-23",326,157
"1960-02-24",326,162
"1960-02-25",326,157
"1960-02-26",326,157
"1960-02-27",326,157
"1960-02-28",326,157
"1960-02-29",326,157
"1960-03-01",326,157
"1960-03-02",326,157
"1960-03-03",326,157
"1960-03-04",326,152
"1960-03-05",326,157
"1960-03-06",326,152
"1960-03-07",326,152
"1960-03-08",326,152
"1960-03-09",326,152
"1960-03-10",326,152
"1960-03-11",326,152
"1960-03-12",326,152
"1960-03-13",326,152
"1960-03-14",326,152
"1960-03-15",326,152
"1960-03-16",326,152
"1960-03-17",326,152
"1960-03-18",326,152
"1960-03-19",326,147
"1960-03-20",326,152
"1960-03-21",322,152
"1960-03-22",322,152
"1960-03-23",322,152
"1960-03-24",322,157
"1960-03-25",326,152
"1960-03-26",326,162
"1960-03-27",326,157
"1960-03-28",326,157
"1960-03-29",326,162
"1960-03-30",326,162
"1960-03-31",322,157
"1960-04-01",326,157
"1960-04-02",326,162
"1960-04-03",326,162
"1960-04-04",330,162
"1960-04-05",326,162
"1960-04-06",326,167
"1960-04-07",326,162
"1960-04-08",326,162
"1960-04-09",322,167
"1960-04-10",322,162
"1960-04-11",322,162
"1960-04-12",326,162
"1960-04-13",326,167
"1960-04-14",322,167
"1960-04-15",322,162
"1960-04-16",322,162
"1960-04-17",322,162
"1960-04-18",322,162
"1960-04-19",317,162
"1960-04-20",317,162
"1960-04-21",317,162
"1960-04-22",317,162
"1960-04-23",317,167
"1960-04-24",317,167
"1960-04-25",317,172
"1960-04-26",317,178
"1960-04-27",322,184
"1960-04-28",317,190
"1960-04-29",320,196
"1960-04-30",323,202
"1960-05-01",326,210
"1960-05-02",324,220
"1960-05-03",322,223
"1960-05-04",319,223
"1960-05-05",317,217
"1960-05-06",317,217
"1960-05-07",317,217
"1960-05-08",322,223
"1960-05-09",326,217
"1960-05-10",322,217
"1960-05-11",322,217
"1960-05-12",322,217
"1960-05-13",326,217
"1960-05-14",322,217
"1960-05-15",322,217
"1960-05-16",326,217
"1960-05-17",322,217
"1960-05-18",317,217
"1960-05-19",317,217
"1960-05-20",314,223
"1960-05-21",312,223
"1960-05-22",312,223
"1960-05-23",317,223
"1960-05-24",312,217
"1960-05-25",312,217
"1960-05-26",312,217
"1960-05-27",308,217
"1960-05-28",304,217
"1960-05-29",304,217
"1960-05-30",301,211
"1960-05-31",299,211
"1960-06-01",304,211
"1960-06-02",304,211
"1960-06-03",304,206
"1960-06-04",299,206
"1960-06-05",294,206
"1960-06-06",294,200
"1960-06-07",290,200
"1960-06-08",290,200
"1960-06-09",290,200
"1960-06-10",286,200
"1960-06-11",286,194
"1960-06-12",286,194
"1960-06-13",286,194
"1960-06-14",282,194
"1960-06-15",278,194
"1960-06-16",278,194
"1960-06-17",274,194
"1960-06-18",270,194
"1960-06-19",270,194
"1960-06-20",270,189
"1960-06-21",270,189
"1960-06-22",270,189
"1960-06-23",270,194
"1960-06-24",280,204
"1960-06-25",290,214
"1960-06-26",301,224
"1960-06-27",312,235
"1960-06-28",308,229
"1960-06-29",304,229
"1960-06-30",304,223
"1960-07-01",308,229
"1960-07-02",304,229
"1960-07-03",301,229
"1960-07-04",299,223
"1960-07-05",299,223
"1960-07-06",294,217
"1960-07-07",294,217
"1960-07-08",290,217
"1960-07-09",290,217
"1960-07-10",290,217
"1960-07-11",290,217
"1960-07-12",290,211
"1960-07-13",286,211
"1960-07-14",286,211
"1960-07-15",286,211
"1960-07-16",286,211
"1960-07-17",290,211
"1960-07-18",294,211
"1960-07-19",299,211
"1960-07-20",299,211
"1960-07-21",299,211
"1960-07-22",303,211
"1960-07-23",308,206
"1960-07-24",308,206
"1960-07-25",308,206
"1960-07-26",304,206
"1960-07-27",304,200
"1960-07-28",299,200
"1960-07-29",299,200
"1960-07-30",294,200
"1960-07-31",294,194
"1960-08-01",294,194
"1960-08-02",290,194
"1960-08-03",290,194
"1960-08-04",294,189
"1960-08-05",290,189
"1960-08-06",286,189
"1960-08-07",286,189
"1960-08-08",286,189
"1960-08-09",286,184
"1960-08-10",286,184
"1960-08-11",286,189
"1960-08-12",286,189
"1960-08-13",286,189
"1960-08-14",292,194
"1960-08-15",298,200
"1960-08-16",304,206
"1960-08-17",299,206
"1960-08-18",294,206
"1960-08-19",299,206
"1960-08-20",303,206
"1960-08-21",308,211
"1960-08-22",310,217
"1960-08-23",312,217
"1960-08-24",308,217
"1960-08-25",304,217
"1960-08-26",301,217
"1960-08-27",299,217
"1960-08-28",304,217
"1960-08-29",308,217
"1960-08-30",304,217
"1960-08-31",308,217
"1960-09-01",312,217
"1960-09-02",308,217
"1960-09-03",304,217
"1960-09-04",304,217
"1960-09-05",308,211
"1960-09-06",304,211
"1960-09-07",304,211
"1960-09-08",308,211
"1960-09-09",308,211
"1960-09-10",304,206
"1960-09-11",304,206
"1960-09-12",299,206
"1960-09-13",304,206
"1960-09-14",299,200
"1960-09-15",299,200
"1960-09-16",294,200
"1960-09-17",294,200
"1960-09-18",292,200
"1960-09-19",290,200
"1960-09-20",290,200
"1960-09-21",294,194
"1960-09-22",294,194
"1960-09-23",290,194
"1960-09-24",290,194
"1960-09-25",294,194
"1960-09-26",299,189
"1960-09-27",299,189
"1960-09-28",294,189
"1960-09-29",294,189
"1960-09-30",299,189
"1960-10-01",299,189
"1960-10-02",299,194
"1960-10-03",299,189
"1960-10-04",294,189
"1960-10-05",299,189
"1960-10-06",294,184
"1960-10-07",299,184
"1960-10-08",299,184
"1960-10-09",299,184
"1960-10-10",304,184
"1960-10-11",299,184
"1960-10-12",299,184
"1960-10-13",299,184
"1960-10-14",299,184
"1960-10-15",299,184
"1960-10-16",305,184
"1960-10-17",311,184
"1960-10-18",317,184
"1960-10-19",324,189
"1960-10-20",330,189
"1960-10-21",323,194
"1960-10-22",317,194
"1960-10-23",317,200
"1960-10-24",322,200
"1960-10-25",326,200
"1960-10-26",330,200
"1960-10-27",326,194
"1960-10-28",322,194
"1960-10-29",328,200
"1960-10-30",333,206
"1960-10-31",339,211
"1960-11-01",345,217
"1960-11-02",345,223
"1960-11-03",345,229
"1960-11-04",345,235
"1960-11-05",340,241
"1960-11-06",340,241
"1960-11-07",340,241
"1960-11-08",340,247
"1960-11-09",340,247
"1960-11-10",340,247
"1960-11-11",345,247
"1960-11-12",345,241
"1960-11-13",345,241
"1960-11-14",345,235
"1960-11-15",345,235
"1960-11-16",345,235
"1960-11-17",345,235
"1960-11-18",345,235
"1960-11-19",345,235
"1960-11-20",350,241
"1960-11-21",350,241
"1960-11-22",350,241
"1960-11-23",350,241
"1960-11-24",350,241
"1960-11-25",345,241
"1960-11-26",345,241
"1960-11-27",345,247
"1960-11-28",350,241
"1960-11-29",345,241
"1960-11-30",345,241
"1960-12-01",350,235
"1960-12-02",350,235
"1960-12-03",350,235
"1960-12-04",350,235
"1960-12-05",350,235
"1960-12-06",350,235
"1960-12-07",357,241
"1960-12-08",363,241
"1960-12-09",370,241
"1960-12-10",365,241
"1960-12-11",357,247
"1960-12-12",350,247
"1960-12-13",350,247
"1960-12-14",355,247
"1960-12-15",355,253
"1960-12-16",355,247
"1960-12-17",355,247
"1960-12-18",355,247
"1960-12-19",355,247
"1960-12-20",355,247
"1960-12-21",355,247
"1960-12-22",355,247
"1960-12-23",355,241
"1960-12-24",355,241
"1960-12-25",355,241
"1960-12-26",355,241
"1960-12-27",355,241
"1960-12-28",355,235
"1960-12-29",360,235
"1960-12-30",360,235
"1960-12-31",360,241
"1961-01-01",360,241
"1961-01-02",360,241
"1961-01-03",360,235
"1961-01-04",360,235
"1961-01-05",360,235
"1961-01-06",365,235
"1961-01-07",367,240
"1961-01-08",370,240
"1961-01-09",365,240
"1961-01-10",365,240
"1961-01-11",365,240
"1961-01-12",365,240
"1961-01-13",365,240
"1961-01-14",365,240
"1961-01-15",365,240
"1961-01-16",360,240
"1961-01-17",360,240
"1961-01-18",360,240
"1961-01-19",360,240
"1961-01-20",365,240
"1961-01-21",360,235
"1961-01-22",360,235
"1961-01-23",360,235
"1961-01-24",355,235
"1961-01-25",355,235
"1961-01-26",355,235
"1961-01-27",355,235
"1961-01-28",360,235
"1961-01-29",355,235
"1961-01-30",355,235
"1961-01-31",355,235
"1961-02-01",360,235
"1961-02-02",365,235
"1961-02-03",365,235
"1961-02-04",365,235
"1961-02-05",368,235
"1961-02-06",372,241
"1961-02-07",375,241
"1961-02-08",370,247
"1961-02-09",365,241
"1961-02-10",365,247
"1961-02-11",365,247
"1961-02-12",370,253
"1961-02-13",370,259
"1961-02-14",365,259
"1961-02-15",365,253
"1961-02-16",365,253
"1961-02-17",370,253
"1961-02-18",370,253
"1961-02-19",365,253
"1961-02-20",365,253
"1961-02-21",365,253
"1961-02-22",370,247
"1961-02-23",370,247
"1961-02-24",365,241
"1961-02-25",365,241
"1961-02-26",365,241
"1961-02-27",365,241
"1961-02-28",365,235
"1961-03-01",370,235
"1961-03-02",370,229
"1961-03-03",370,235
"1961-03-04",370,235
"1961-03-05",370,235
"1961-03-06",370,235
"1961-03-07",370,229
"1961-03-08",365,229
"1961-03-09",365,229
"1961-03-10",370,229
"1961-03-11",370,235
"1961-03-12",370,235
"1961-03-13",365,229
"1961-03-14",365,229
"1961-03-15",365,223
"1961-03-16",365,229
"1961-03-17",360,229
"1961-03-18",365,229
"1961-03-19",360,229
"1961-03-20",360,223
"1961-03-21",360,223
"1961-03-22",360,223
"1961-03-23",360,223
"1961-03-24",355,223
"1961-03-25",360,223
"1961-03-26",355,229
"1961-03-27",360,223
"1961-03-28",355,223
"1961-03-29",350,223
"1961-03-30",355,223
"1961-03-31",350,223
"1961-04-01",350,223
"1961-04-02",350,223
"1961-04-03",350,223
"1961-04-04",345,217
"1961-04-05",345,223
"1961-04-06",345,223
"1961-04-07",345,217
"1961-04-08",345,223
"1961-04-09",345,223
"1961-04-10",345,217
"1961-04-11",345,217
"1961-04-12",345,217
"1961-04-13",350,217
"1961-04-14",350,223
"1961-04-15",350,223
"1961-04-16",350,223
"1961-04-17",350,223
"1961-04-18",345,217
"1961-04-19",345,223
"1961-04-20",340,223
"1961-04-21",340,223
"1961-04-22",340,223
"1961-04-23",340,223
"1961-04-24",340,223
"1961-04-25",340,223
"1961-04-26",340,217
"1961-04-27",340,217
"1961-04-28",340,217
"1961-04-29",340,229
"1961-04-30",340,217
"1961-05-01",335,217
"1961-05-02",335,217
"1961-05-03",335,217
"1961-05-04",330,217
"1961-05-05",330,217
"1961-05-06",326,217
"1961-05-07",326,217
"1961-05-08",324,211
"1961-05-09",322,217
"1961-05-10",326,211
"1961-05-11",326,206
"1961-05-12",326,217
"1961-05-13",322,217
"1961-05-14",322,217
"1961-05-15",326,211
"1961-05-16",322,206
"1961-05-17",322,206
"1961-05-18",322,206
"1961-05-19",317,206
"1961-05-20",312,206
"1961-05-21",312,206
"1961-05-22",312,206
"1961-05-23",312,200
"1961-05-24",317,200
"1961-05-25",312,200
"1961-05-26",312,206
"1961-05-27",312,200
"1961-05-28",312,200
"1961-05-29",312,194
"1961-05-30",308,194
"1961-05-31",304,194
"1961-06-01",299,189
"1961-06-02",299,189
"1961-06-03",299,194
"1961-06-04",299,194
"1961-06-05",299,189
"1961-06-06",294,184
"1961-06-07",294,184
"1961-06-08",294,189
"1961-06-09",296,194
"1961-06-10",299,189
"1961-06-11",304,189
"1961-06-12",308,184
"1961-06-13",312,184
"1961-06-14",312,184
"1961-06-15",317,189
"1961-06-16",322,189
"1961-06-17",317,194
"1961-06-18",320,194
"1961-06-19",323,200
"1961-06-20",326,206
"1961-06-21",330,206
"1961-06-22",326,206
"1961-06-23",330,200
"1961-06-24",326,200
"1961-06-25",322,200
"1961-06-26",322,194
"1961-06-27",326,194
"1961-06-28",326,189
"1961-06-29",322,194
"1961-06-30",322,194
"1961-07-01",322,184
"1961-07-02",322,184
"1961-07-03",323,184
"1961-07-04",325,184
"1961-07-05",326,178
"1961-07-06",326,178
"1961-07-07",321,184
"1961-07-08",317,178
"1961-07-09",321,178
"1961-07-10",326,184
"1961-07-11",330,184
"1961-07-12",335,178
"1961-07-13",330,178
"1961-07-14",330,178
"1961-07-15",330,178
"1961-07-16",330,178
"1961-07-17",326,178
"1961-07-18",322,178
"1961-07-19",322,178
"1961-07-20",322,178
"1961-07-21",323,172
"1961-07-22",323,178
"1961-07-23",324,178
"1961-07-24",325,178
"1961-07-25",325,178
"1961-07-26",326,178
"1961-07-27",330,178
"1961-07-28",330,184
"1961-07-29",326,178
"1961-07-30",330,178
"1961-07-31",328,178
"1961-08-01",326,172
"1961-08-02",326,172
"1961-08-03",326,178
"1961-08-04",326,178
"1961-08-05",326,178
"1961-08-06",322,178
"1961-08-07",324,178
"1961-08-08",326,178
"1961-08-09",326,178
"1961-08-10",326,178
"1961-08-11",326,178
"1961-08-12",326,178
"1961-08-13",326,178
"1961-08-14",324,178
"1961-08-15",322,172
"1961-08-16",322,178
"1961-08-17",322,178
"1961-08-18",322,178
"1961-08-19",322,178
"1961-08-20",317,178
"1961-08-21",317,178
"1961-08-22",317,172
"1961-08-23",317,172
"1961-08-24",317,172
"1961-08-25",322,167
"1961-08-26",317,167
"1961-08-27",317,167
"1961-08-28",314,167
"1961-08-29",312,167
"1961-08-30",312,157
"1961-08-31",312,147
"1961-09-01",312,147
"1961-09-02",308,147
"1961-09-03",308,147
"1961-09-04",308,147
"1961-09-05",304,152
"1961-09-06",304,152
"1961-09-07",304,152
"1961-09-08",304,162
"1961-09-09",304,162
"1961-09-10",308,162
"1961-09-11",315,162
"1961-09-12",322,162
"1961-09-13",319,162
"1961-09-14",317,157
"1961-09-15",312,157
"1961-09-16",312,152
"1961-09-17",312,152
"1961-09-18",317,157
"1961-09-19",312,152
"1961-09-20",312,152
"1961-09-21",317,152
"1961-09-22",312,152
"1961-09-23",312,152
"1961-09-24",317,152
"1961-09-25",317,157
"1961-09-26",317,157
"1961-09-27",317,152
"1961-09-28",317,152
"1961-09-29",317,152
"1961-09-30",312,152
"1961-10-01",317,157
"1961-10-02",319,162
"1961-10-03",322,162
"1961-10-04",322,157
"1961-10-05",317,157
"1961-10-06",322,157
"1961-10-07",322,157
"1961-10-08",322,157
"1961-10-09",322,157
"1961-10-10",324,162
"1961-10-11",326,157
"1961-10-12",328,157
"1961-10-13",330,157
"1961-10-14",326,157
"1961-10-15",326,157
"1961-10-16",330,157
"1961-10-17",326,157
"1961-10-18",326,157
"1961-10-19",326,152
"1961-10-20",326,152
"1961-10-21",326,152
"1961-10-22",326,152
"1961-10-23",326,152
"1961-10-24",326,152
"1961-10-25",326,147
"1961-10-26",326,147
"1961-10-27",326,147
"1961-10-28",326,147
"1961-10-29",326,152
"1961-10-30",326,152
"1961-10-31",326,152
"1961-11-01",326,152
"1961-11-02",326,152
"1961-11-03",326,152
"1961-11-04",326,147
"1961-11-05",326,147
"1961-11-06",326,147
"1961-11-07",326,147
"1961-11-08",326,147
"1961-11-09",326,147
"1961-11-10",326,147
"1961-11-11",326,152
"1961-11-12",332,152
"1961-11-13",338,152
"1961-11-14",344,152
"1961-11-15",350,157
"1961-11-16",345,152
"1961-11-17",340,152
"1961-11-18",335,152
"1961-11-19",335,152
"1961-11-20",335,152
"1961-11-21",335,152
"1961-11-22",335,157
"1961-11-23",335,157
"1961-11-24",330,152
"1961-11-25",330,147
"1961-11-26",330,147
"1961-11-27",326,152
"1961-11-28",326,152
"1961-11-29",326,152
"1961-11-30",326,152
"1961-12-01",326,152
"1961-12-02",326,152
"1961-12-03",326,157
"1961-12-04",326,157
"1961-12-05",326,152
"1961-12-06",326,152
"1961-12-07",326,152
"1961-12-08",326,152
"1961-12-09",326,152
"1961-12-10",326,152
"1961-12-11",326,152
"1961-12-12",326,152
"1961-12-13",326,147
"1961-12-14",326,147
"1961-12-15",326,147
"1961-12-16",326,147
"1961-12-17",330,152
"1961-12-18",330,152
"1961-12-19",330,152
"1961-12-20",330,152
"1961-12-21",330,150
"1961-12-22",326,150
"1961-12-23",326,150
"1961-12-24",326,147
"1961-12-25",326,147
"1961-12-26",326,147
"1961-12-27",326,147
"1961-12-28",326,147
"1961-12-29",326,142
"1961-12-30",326,142
"1961-12-31",326,142
"1962-01-01",326,142
"1962-01-02",326,142
"1962-01-03",326,142
"1962-01-04",326,142
"1962-01-05",322,142
"1962-01-06",322,142
"1962-01-07",322,142
"1962-01-08",326,142
"1962-01-09",326,142
"1962-01-10",326,142
"1962-01-11",322,142
"1962-01-12",326,142
"1962-01-13",326,142
"1962-01-14",322,142
"1962-01-15",322,142
"1962-01-16",322,142
"1962-01-17",322,142
"1962-01-18",322,143
"1962-01-19",322,144
"1962-01-20",322,145
"1962-01-21",322,146
"1962-01-22",322,147
"1962-01-23",322,147
"1962-01-24",322,142
"1962-01-25",322,142
"1962-01-26",322,142
"1962-01-27",322,142
"1962-01-28",322,137
"1962-01-29",322,137
"1962-01-30",322,137
"1962-01-31",322,142
"1962-02-01",322,142
"1962-02-02",317,142
"1962-02-03",317,142
"1962-02-04",317,137
"1962-02-05",317,137
"1962-02-06",317,137
"1962-02-07",317,137
"1962-02-08",317,137
"1962-02-09",317,137
"1962-02-10",317,137
"1962-02-11",312,137
"1962-02-12",312,137
"1962-02-13",308,136
"1962-02-14",312,136
"1962-02-15",314,136
"1962-02-16",317,136
"1962-02-17",312,135
"1962-02-18",312,135
"1962-02-19",308,135
"1962-02-20",308,134
"1962-02-21",308,134
"1962-02-22",308,134
"1962-02-23",308,134
"1962-02-24",308,133
"1962-02-25",308,133
"1962-02-26",308,133
"1962-02-27",308,132
"1962-02-28",308,132
"1962-03-01",304,132
"1962-03-02",304,132
"1962-03-03",304,132
"1962-03-04",304,132
"1962-03-05",304,127
"1962-03-06",304,127
"1962-03-07",304,127
"1962-03-08",304,132
"1962-03-09",304,132
"1962-03-10",304,132
"1962-03-11",304,137
"1962-03-12",304,132
"1962-03-13",304,137
"1962-03-14",308,137
"1962-03-15",304,137
"1962-03-16",304,137
"1962-03-17",304,132
"1962-03-18",304,132
"1962-03-19",304,137
"1962-03-20",304,132
"1962-03-21",304,132
"1962-03-22",304,132
"1962-03-23",304,132
"1962-03-24",304,132
"1962-03-25",304,137
"1962-03-26",299,137
"1962-03-27",299,132
"1962-03-28",299,132
"1962-03-29",299,137
"1962-03-30",299,137
"1962-03-31",299,137
"1962-04-01",299,137
"1962-04-02",294,137
"1962-04-03",294,132
"1962-04-04",299,132
"1962-04-05",304,132
"1962-04-06",299,132
"1962-04-07",299,137
"1962-04-08",299,132
"1962-04-09",304,132
"1962-04-10",299,132
"1962-04-11",299,137
"1962-04-12",299,132
"1962-04-13",294,127
"1962-04-14",294,132
"1962-04-15",294,132
"1962-04-16",294,132
"1962-04-17",290,132
"1962-04-18",290,127
"1962-04-19",290,127
"1962-04-20",290,127
"1962-04-21",290,132
"1962-04-22",290,132
"1962-04-23",290,132
"1962-04-24",290,132
"1962-04-25",290,127
"1962-04-26",290,127
"1962-04-27",295,132
"1962-04-28",299,132
"1962-04-29",304,132
"1962-04-30",299,137
"1962-05-01",299,137
"1962-05-02",299,132
"1962-05-03",304,137
"1962-05-04",304,132
"1962-05-05",299,132
"1962-05-06",299,137
"1962-05-07",299,132
"1962-05-08",294,132
"1962-05-09",290,132
"1962-05-10",290,132
"1962-05-11",288,132
"1962-05-12",286,132
"1962-05-13",286,132
"1962-05-14",290,132
"1962-05-15",286,132
"1962-05-16",286,127
"1962-05-17",286,127
"1962-05-18",286,127
"1962-05-19",282,132
"1962-05-20",282,132
"1962-05-21",282,127
"1962-05-22",278,127
"1962-05-23",278,127
"1962-05-24",274,127
"1962-05-25",274,127
"1962-05-26",270,127
"1962-05-27",270,127
"1962-05-28",270,127
"1962-05-29",274,122
"1962-05-30",274,118
"1962-05-31",274,118
"1962-06-01",274,122
"1962-06-02",274,127
"1962-06-03",274,127
"1962-06-04",274,127
"1962-06-05",274,127
"1962-06-06",274,122
"1962-06-07",274,122
"1962-06-08",274,122
"1962-06-09",274,122
"1962-06-10",274,122
"1962-06-11",274,118
"1962-06-12",274,114
"1962-06-13",274,118
"1962-06-14",270,118
"1962-06-15",270,118
"1962-06-16",266,122
"1962-06-17",266,115
"1962-06-18",266,113
"1962-06-19",266,112
"1962-06-20",262,111
"1962-06-21",258,113
"1962-06-22",258,111
"1962-06-23",254,111
"1962-06-24",254,113
"1962-06-25",258,108
"1962-06-26",262,108
"1962-06-27",262,108
"1962-06-28",262,108
"1962-06-29",262,108
"1962-06-30",262,108
"1962-07-01",262,107
"1962-07-02",262,107
"1962-07-03",262,107
"1962-07-04",258,107
"1962-07-05",258,107
"1962-07-06",258,107
"1962-07-07",254,107
"1962-07-08",250,107
"1962-07-09",250,107
"1962-07-10",246,107
"1962-07-11",246,107
"1962-07-12",246,107
"1962-07-13",242,106
"1962-07-14",242,106
"1962-07-15",242,106
"1962-07-16",242,106
"1962-07-17",238,106
"1962-07-18",234,106
"1962-07-19",234,106
"1962-07-20",230,106
"1962-07-21",226,112
"1962-07-22",226,110
"1962-07-23",226,109
"1962-07-24",222,105
"1962-07-25",219,104
"1962-07-26",219,106
"1962-07-27",219,105
"1962-07-28",219,107
"1962-07-29",215,112
"1962-07-30",215,112
"1962-07-31",215,110
"1962-08-01",211,116
"1962-08-02",211,118
"1962-08-03",207,113
"1962-08-04",204,110
"1962-08-05",204,110
"1962-08-06",204,108
"1962-08-07",204,106
"1962-08-08",204,107
"1962-08-09",201,109
"1962-08-10",201,108
"1962-08-11",201,111
"1962-08-12",197,111
"1962-08-13",197,109
"1962-08-14",194,109
"1962-08-15",197,106
"1962-08-16",197,108
"1962-08-17",195,111
"1962-08-18",194,112
"1962-08-19",194,112
"1962-08-20",197,110
"1962-08-21",197,109
"1962-08-22",197,107
"1962-08-23",194,106
"1962-08-24",194,107
"1962-08-25",195,114
"1962-08-26",197,117
"1962-08-27",200,117
"1962-08-28",204,117
"1962-08-29",204,116
"1962-08-30",204,118
"1962-08-31",204,118
"1962-09-01",204,118
"1962-09-02",204,118
"1962-09-03",204,117
"1962-09-04",204,115
"1962-09-05",204,114
"1962-09-06",208,116
"1962-09-07",213,114
"1962-09-08",217,127
"1962-09-09",222,142
"1962-09-10",226,147
"1962-09-11",226,147
"1962-09-12",226,147
"1962-09-13",226,147
"1962-09-14",226,142
"1962-09-15",226,147
"1962-09-16",226,147
"1962-09-17",226,142
"1962-09-18",226,137
"1962-09-19",226,142
"1962-09-20",226,142
"1962-09-21",226,142
"1962-09-22",222,142
"1962-09-23",226,147
"1962-09-24",226,142
"1962-09-25",226,142
"1962-09-26",228,157
"1962-09-27",230,172
"1962-09-28",226,172
"1962-09-29",230,178
"1962-09-30",230,178
"1962-10-01",234,184
"1962-10-02",234,184
"1962-10-03",234,178
"1962-10-04",234,178
"1962-10-05",234,172
"1962-10-06",234,172
"1962-10-07",234,172
"1962-10-08",234,172
"1962-10-09",234,172
"1962-10-10",234,167
"1962-10-11",234,167
"1962-10-12",230,167
"1962-10-13",230,167
"1962-10-14",234,167
"1962-10-15",230,167
"1962-10-16",230,162
"1962-10-17",230,167
"1962-10-18",230,167
"1962-10-19",230,162
"1962-10-20",230,162
"1962-10-21",230,162
"1962-10-22",230,162
"1962-10-23",230,157
"1962-10-24",230,157
"1962-10-25",234,157
"1962-10-26",230,152
"1962-10-27",230,152
"1962-10-28",234,152
"1962-10-29",238,157
"1962-10-30",242,152
"1962-10-31",242,152
"1962-11-01",242,147
"1962-11-02",242,147
"1962-11-03",242,152
"1962-11-04",242,147
"1962-11-05",242,147
"1962-11-06",242,142
"1962-11-07",242,142
"1962-11-08",242,142
"1962-11-09",242,142
"1962-11-10",242,142
"1962-11-11",242,142
"1962-11-12",242,142
"1962-11-13",242,142
"1962-11-14",242,142
"1962-11-15",242,142
"1962-11-16",242,137
"1962-11-17",242,137
"1962-11-18",242,137
"1962-11-19",246,142
"1962-11-20",250,142
"1962-11-21",246,137
"1962-11-22",246,137
"1962-11-23",246,137
"1962-11-24",246,137
"1962-11-25",246,137
"1962-11-26",250,137
"1962-11-27",252,137
"1962-11-28",254,137
"1962-11-29",254,137
"1962-11-30",254,137
"1962-12-01",254,137
"1962-12-02",258,137
"1962-12-03",262,137
"1962-12-04",266,137
"1962-12-05",262,137
"1962-12-06",262,137
"1962-12-07",262,142
"1962-12-08",262,137
"1962-12-09",262,137
"1962-12-10",262,137
"1962-12-11",262,137
"1962-12-12",262,132
"1962-12-13",262,132
"1962-12-14",262,132
"1962-12-15",266,132
"1962-12-16",266,132
"1962-12-17",266,132
"1962-12-18",266,132
"1962-12-19",266,132
"1962-12-20",268,137
"1962-12-21",270,137
"1962-12-22",270,132
"1962-12-23",270,132
"1962-12-24",274,132
"1962-12-25",270,132
"1962-12-26",270,132
"1962-12-27",270,132
"1962-12-28",270,132
"1962-12-29",270,132
"1962-12-30",270,132
"1962-12-31",270,132
"1963-01-01",270,132
"1963-01-02",270,132
"1963-01-03",270,132
"1963-01-04",270,132
"1963-01-05",270,132
"1963-01-06",270,127
"1963-01-07",270,127
"1963-01-08",270,127
"1963-01-09",270,127
"1963-01-10",270,127
"1963-01-11",270,127
"1963-01-12",270,127
"1963-01-13",266,127
"1963-01-14",266,127
"1963-01-15",266,127
"1963-01-16",266,127
"1963-01-17",266,132
"1963-01-18",266,127
"1963-01-19",266,127
"1963-01-20",266,127
"1963-01-21",266,127
"1963-01-22",266,127
"1963-01-23",266,127
"1963-01-24",266,127
"1963-01-25",266,127
"1963-01-26",266,127
"1963-01-27",262,127
"1963-01-28",262,127
"1963-01-29",262,127
"1963-01-30",262,127
"1963-01-31",262,127
"1963-02-01",262,127
"1963-02-02",262,122
"1963-02-03",262,122
"1963-02-04",262,122
"1963-02-05",262,122
"1963-02-06",262,122
"1963-02-07",262,118
"1963-02-08",262,118
"1963-02-09",262,122
"1963-02-10",262,122
"1963-02-11",262,122
"1963-02-12",258,122
"1963-02-13",258,122
"1963-02-14",258,122
"1963-02-15",258,122
"1963-02-16",258,122
"1963-02-17",258,122
"1963-02-18",268,122
"1963-02-19",278,122
"1963-02-20",274,122
"1963-02-21",270,122
"1963-02-22",270,122
"1963-02-23",270,127
"1963-02-24",270,127
"1963-02-25",266,127
"1963-02-26",266,127
"1963-02-27",266,132
"1963-02-28",266,162
"1963-03-01",270,157
"1963-03-02",270,147
"1963-03-03",270,132
"1963-03-04",270,127
"1963-03-05",270,122
"1963-03-06",270,127
"1963-03-07",266,122
"1963-03-08",266,122
"1963-03-09",266,122
"1963-03-10",266,122
"1963-03-11",266,118
"1963-03-12",266,118
"1963-03-13",262,118
"1963-03-14",262,118
"1963-03-15",262,122
"1963-03-16",262,122
"1963-03-17",262,122
"1963-03-18",262,122
"1963-03-19",262,122
"1963-03-20",258,122
"1963-03-21",258,122
"1963-03-22",258,122
"1963-03-23",258,127
"1963-03-24",258,127
"1963-03-25",258,127
"1963-03-26",254,127
"1963-03-27",254,127
"1963-03-28",254,127
"1963-03-29",254,127
"1963-03-30",250,127
"1963-03-31",250,127
"1963-04-01",250,127
"1963-04-02",246,127
"1963-04-03",250,127
"1963-04-04",250,122
"1963-04-05",252,127
"1963-04-06",254,127
"1963-04-07",254,127
"1963-04-08",254,132
"1963-04-09",254,132
"1963-04-10",254,127
"1963-04-11",250,127
"1963-04-12",250,122
"1963-04-13",250,127
"1963-04-14",250,127
"1963-04-15",250,127
"1963-04-16",250,127
"1963-04-17",250,127
"1963-04-18",246,127
"1963-04-19",246,127
"1963-04-20",242,127
"1963-04-21",242,127
"1963-04-22",242,127
"1963-04-23",238,127
"1963-04-24",238,127
"1963-04-25",238,127
"1963-04-26",238,127
"1963-04-27",238,127
"1963-04-28",238,127
"1963-04-29",238,132
"1963-04-30",238,127
"1963-05-01",238,127
"1963-05-02",242,127
"1963-05-03",242,127
"1963-05-04",238,127
"1963-05-05",239,132
"1963-05-06",241,132
"1963-05-07",242,127
"1963-05-08",242,127
"1963-05-09",242,127
"1963-05-10",242,127
"1963-05-11",238,127
"1963-05-12",238,127
"1963-05-13",238,127
"1963-05-14",234,127
"1963-05-15",230,127
"1963-05-16",230,127
"1963-05-17",226,122
"1963-05-18",222,122
"1963-05-19",226,127
"1963-05-20",228,127
"1963-05-21",230,127
"1963-05-22",226,127
"1963-05-23",226,127
"1963-05-24",226,127
"1963-05-25",222,127
"1963-05-26",222,127
"1963-05-27",226,132
"1963-05-28",222,132
"1963-05-29",218,132
"1963-05-30",215,127
"1963-05-31",215,127
"1963-06-01",211,127
"1963-06-02",211,127
"1963-06-03",208,127
"1963-06-04",204,127
"1963-06-05",204,127
"1963-06-06",204,127
"1963-06-07",201,127
"1963-06-08",201,127
"1963-06-09",197,127
"1963-06-10",197,127
"1963-06-11",194,127
"1963-06-12",194,127
"1963-06-13",191,127
"1963-06-14",189,122
"1963-06-15",187,127
"1963-06-16",187,122
"1963-06-17",190,122
"1963-06-18",194,122
"1963-06-19",194,122
"1963-06-20",197,127
"1963-06-21",197,122
"1963-06-22",197,127
"1963-06-23",197,127
"1963-06-24",201,127
"1963-06-25",201,127
"1963-06-26",201,127
"1963-06-27",201,122
"1963-06-28",201,127
"1963-06-29",201,127
"1963-06-30",201,122
"1963-07-01",201,122
"1963-07-02",201,122
"1963-07-03",201,122
"1963-07-04",201,118
"1963-07-05",201,118
"1963-07-06",201,118
"1963-07-07",201,117
"1963-07-08",197,115
"1963-07-09",194,108
"1963-07-10",194,108
"1963-07-11",190,109
"1963-07-12",187,108
"1963-07-13",184,109
"1963-07-14",184,104
"1963-07-15",182,104
"1963-07-16",180,103
"1963-07-17",177,101
"1963-07-18",174,100
"1963-07-19",171,97
"1963-07-20",168,94
"1963-07-21",168,97
"1963-07-22",165,99
"1963-07-23",162,98
"1963-07-24",162,97
"1963-07-25",159,101
"1963-07-26",159,101
"1963-07-27",156,102
"1963-07-28",156,94
"1963-07-29",156,95
"1963-07-30",153,100
"1963-07-31",150,98
"1963-08-01",147,100
"1963-08-02",145,97
"1963-08-03",144,97
"1963-08-04",144,96
"1963-08-05",142,100
"1963-08-06",141,103
"1963-08-07",139,101
"1963-08-08",141,102
"1963-08-09",142,103
"1963-08-10",144,104
"1963-08-11",144,104
"1963-08-12",141,104
"1963-08-13",139,102
"1963-08-14",139,100
"1963-08-15",141,100
"1963-08-16",141,98
"1963-08-17",141,98
"1963-08-18",140,98
"1963-08-19",138,98
"1963-08-20",137,98
"1963-08-21",136,98
"1963-08-22",134,98
"1963-08-23",133,97
"1963-08-24",133,96
"1963-08-25",133,97
"1963-08-26",130,96
"1963-08-27",128,96
"1963-08-28",128,96
"1963-08-29",126,95
"1963-08-30",125,94
"1963-08-31",125,95
"1963-09-01",127,96
"1963-09-02",130,95
"1963-09-03",128,94
"1963-09-04",128,94
"1963-09-05",126,94
"1963-09-06",125,94
"1963-09-07",125,93
"1963-09-08",125,94
"1963-09-09",125,94
"1963-09-10",125,91
"1963-09-11",125,90
"1963-09-12",128,86
"1963-09-13",134,79
"1963-09-14",139,83
"1963-09-15",145,85
"1963-09-16",150,87
"1963-09-17",153,88
"1963-09-18",156,87
"1963-09-19",159,89
"1963-09-20",162,87
"1963-09-21",162,89
"1963-09-22",165,89
"1963-09-23",165,89
"1963-09-24",168,86
"1963-09-25",165,85
"1963-09-26",165,84
"1963-09-27",165,85
"1963-09-28",165,86
"1963-09-29",165,86
"1963-09-30",168,85
"1963-10-01",165,85
"1963-10-02",165,84
"1963-10-03",165,84
"1963-10-04",165,83
"1963-10-05",165,82
"1963-10-06",165,82
"1963-10-07",165,82
"1963-10-08",165,81
"1963-10-09",165,81
"1963-10-10",162,80
"1963-10-11",162,80
"1963-10-12",162,80
"1963-10-13",162,81
"1963-10-14",165,80
"1963-10-15",165,79
"1963-10-16",162,79
"1963-10-17",162,80
"1963-10-18",162,80
"1963-10-19",162,80
"1963-10-20",165,80
"1963-10-21",165,78
"1963-10-22",165,76
"1963-10-23",165,81
"1963-10-24",170,81
"1963-10-25",175,80
"1963-10-26",180,86
"1963-10-27",180,86
"1963-10-28",180,85
"1963-10-29",180,85
"1963-10-30",180,87
"1963-10-31",180,87
"1963-11-01",180,86
"1963-11-02",183,86
"1963-11-03",187,86
"1963-11-04",187,87
"1963-11-05",187,86
"1963-11-06",187,86
"1963-11-07",187,85
"1963-11-08",189,87
"1963-11-09",191,88
"1963-11-10",191,87
"1963-11-11",191,87
"1963-11-12",194,87
"1963-11-13",194,86
"1963-11-14",194,86
"1963-11-15",194,86
"1963-11-16",194,86
"1963-11-17",197,86
"1963-11-18",197,83
"1963-11-19",194,87
"1963-11-20",192,88
"1963-11-21",189,87
"1963-11-22",187,87
"1963-11-23",192,86
"1963-11-24",197,86
"1963-11-25",197,86
"1963-11-26",197,86
"1963-11-27",201,87
"1963-11-28",201,86
"1963-11-29",197,84
"1963-11-30",197,85
"1963-12-01",201,85
"1963-12-02",201,84
"1963-12-03",201,84
"1963-12-04",201,85
"1963-12-05",201,85
"1963-12-06",201,85
"1963-12-07",201,85
"1963-12-08",201,85
"1963-12-09",201,86
"1963-12-10",201,86
"1963-12-11",201,87
"1963-12-12",201,88
"1963-12-13",204,89
"1963-12-14",204,89
"1963-12-15",204,87
"1963-12-16",204,86
"1963-12-17",204,88
"1963-12-18",208,86
"1963-12-19",208,86
"1963-12-20",208,87
"1963-12-21",208,87
"1963-12-22",208,86
"1963-12-23",208,86
"1963-12-24",208,86
"1963-12-25",208,86
"1963-12-26",208,89
"1963-12-27",208,88
"1963-12-28",208,88
"1963-12-29",208,87
"1963-12-30",208,86
"1963-12-31",208,86
"1964-01-01",208,86
"1964-01-02",211,86
"1964-01-03",211,86
"1964-01-04",211,85
"1964-01-05",211,85
"1964-01-06",211,85
"1964-01-07",211,84
"1964-01-08",211,84
"1964-01-09",211,83
"1964-01-10",211,84
"1964-01-11",211,85
"1964-01-12",211,84
"1964-01-13",211,82
"1964-01-14",211,83
"1964-01-15",211,84
"1964-01-16",211,85
"1964-01-17",211,83
"1964-01-18",211,83
"1964-01-19",211,82
"1964-01-20",211,82
"1964-01-21",211,85
"1964-01-22",211,86
"1964-01-23",211,86
"1964-01-24",211,84
"1964-01-25",211,84
"1964-01-26",211,84
"1964-01-27",211,85
"1964-01-28",211,84
"1964-01-29",211,85
"1964-01-30",218,84
"1964-01-31",226,83
"1964-02-01",226,84
"1964-02-02",226,85
"1964-02-03",226,81
"1964-02-04",226,84
"1964-02-05",226,86
"1964-02-06",226,85
"1964-02-07",226,84
"1964-02-08",226,83
"1964-02-09",230,83
"1964-02-10",230,84
"1964-02-11",230,84
"1964-02-12",230,85
"1964-02-13",230,85
"1964-02-14",230,86
"1964-02-15",230,82
"1964-02-16",230,83
"1964-02-17",230,86
"1964-02-18",230,84
"1964-02-19",230,86
"1964-02-20",230,87
"1964-02-21",234,88
"1964-02-22",230,87
"1964-02-23",230,86
"1964-02-24",232,87
"1964-02-25",234,86
"1964-02-26",234,85
"1964-02-27",234,84
"1964-02-28",230,84
"1964-02-29",230,86
"1964-03-01",230,88
"1964-03-02",226,88
"1964-03-03",226,88
"1964-03-04",230,86
"1964-03-05",230,86
"1964-03-06",230,86
"1964-03-07",230,89
"1964-03-08",230,91
"1964-03-09",230,90
"1964-03-10",230,86
"1964-03-11",230,87
"1964-03-12",226,86
"1964-03-13",226,87
"1964-03-14",226,87
"1964-03-15",226,87
"1964-03-16",226,86
"1964-03-17",226,86
"1964-03-18",230,86
"1964-03-19",230,88
"1964-03-20",230,90
"1964-03-21",226,93
"1964-03-22",222,93
"1964-03-23",222,91
"1964-03-24",222,90
"1964-03-25",222,93
"1964-03-26",222,94
"1964-03-27",222,94
"1964-03-28",222,94
"1964-03-29",222,94
"1964-03-30",222,93
"1964-03-31",222,92
"1964-04-01",222,93
"1964-04-02",222,94
"1964-04-03",219,94
"1964-04-04",219,94
"1964-04-05",219,95
"1964-04-06",219,95
"1964-04-07",215,94
"1964-04-08",215,92
"1964-04-09",215,89
"1964-04-10",215,93
"1964-04-11",215,96
"1964-04-12",215,98
"1964-04-13",215,97
"1964-04-14",211,94
"1964-04-15",208,94
"1964-04-16",208,98
"1964-04-17",211,98
"1964-04-18",208,101
"1964-04-19",208,103
"1964-04-20",211,103
"1964-04-21",211,102
"1964-04-22",215,102
"1964-04-23",211,102
"1964-04-24",215,102
"1964-04-25",215,103
"1964-04-26",215,105
"1964-04-27",215,104
"1964-04-28",211,102
"1964-04-29",211,102
"1964-04-30",211,103
"1964-05-01",211,104
"1964-05-02",208,104
"1964-05-03",204,104
"1964-05-04",200,104
"1964-05-05",197,104
"1964-05-06",201,105
"1964-05-07",204,105
"1964-05-08",199,104
"1964-05-09",194,104
"1964-05-10",191,104
"1964-05-11",194,103
"1964-05-12",197,101
"1964-05-13",197,99
"1964-05-14",197,101
"1964-05-15",194,100
"1964-05-16",191,101
"1964-05-17",191,101
"1964-05-18",185,102
"1964-05-19",180,99
"1964-05-20",180,99
"1964-05-21",180,99
"1964-05-22",180,101
"1964-05-23",183,103
"1964-05-24",187,100
"1964-05-25",187,98
"1964-05-26",184,96
"1964-05-27",187,95
"1964-05-28",187,96
"1964-05-29",187,94
"1964-05-30",187,95
"1964-05-31",187,95
"1964-06-01",184,94
"1964-06-02",184,94
"1964-06-03",184,94
"1964-06-04",184,93
"1964-06-05",184,91
"1964-06-06",184,91
"1964-06-07",184,92
"1964-06-08",182,92
"1964-06-09",180,91
"1964-06-10",177,90
"1964-06-11",177,91
"1964-06-12",177,91
"1964-06-13",177,89
"1964-06-14",177,89
"1964-06-15",177,91
"1964-06-16",186,92
"1964-06-17",195,122
"1964-06-18",204,127
"1964-06-19",201,127
"1964-06-20",201,127
"1964-06-21",201,127
"1964-06-22",201,122
"1964-06-23",201,118
"1964-06-24",201,117
"1964-06-25",201,116
"1964-06-26",201,116
"1964-06-27",197,115
"1964-06-28",194,116
"1964-06-29",194,115
"1964-06-30",190,114
"1964-07-01",187,112
"1964-07-02",187,112
"1964-07-03",184,111
"1964-07-04",184,112
"1964-07-05",184,111
"1964-07-06",179,106
"1964-07-07",174,104
"1964-07-08",171,104
"1964-07-09",171,104
"1964-07-10",168,103
"1964-07-11",168,104
"1964-07-12",168,103
"1964-07-13",168,99
"1964-07-14",165,98
"1964-07-15",162,97
"1964-07-16",159,95
"1964-07-17",156,95
"1964-07-18",156,94
"1964-07-19",156,101
"1964-07-20",154,109
"1964-07-21",152,107
"1964-07-22",150,104
"1964-07-23",146,103
"1964-07-24",143,103
"1964-07-25",139,103
"1964-07-26",136,102
"1964-07-27",133,100
"1964-07-28",130,94
"1964-07-29",128,93
"1964-07-30",128,97
"1964-07-31",128,96
"1964-08-01",128,93
"1964-08-02",128,92
"1964-08-03",124,91
"1964-08-04",121,90
"1964-08-05",117,89
"1964-08-06",117,89
"1964-08-07",120,88
"1964-08-08",123,90
"1964-08-09",126,92
"1964-08-10",130,94
"1964-08-11",133,95
"1964-08-12",131,94
"1964-08-13",130,94
"1964-08-14",128,92
"1964-08-15",128,94
"1964-08-16",125,96
"1964-08-17",121,94
"1964-08-18",118,90
"1964-08-19",115,89
"1964-08-20",115,92
"1964-08-21",115,90
"1964-08-22",115,90
"1964-08-23",120,94
"1964-08-24",125,95
"1964-08-25",130,95
"1964-08-26",135,94
"1964-08-27",141,94
"1964-08-28",141,93
"1964-08-29",141,92
"1964-08-30",141,93
"1964-08-31",141,94
"1964-09-01",141,91
"1964-09-02",138,90
"1964-09-03",136,90
"1964-09-04",134,89
"1964-09-05",133,91
"1964-09-06",133,92
"1964-09-07",133,92
"1964-09-08",133,90
"1964-09-09",133,90
"1964-09-10",133,90
"1964-09-11",133,89
"1964-09-12",133,88
"1964-09-13",133,87
"1964-09-14",131,88
"1964-09-15",130,87
"1964-09-16",134,90
"1964-09-17",139,94
"1964-09-18",139,95
"1964-09-19",141,95
"1964-09-20",141,96
"1964-09-21",142,96
"1964-09-22",144,94
"1964-09-23",147,96
"1964-09-24",150,97
"1964-09-25",150,96
"1964-09-26",153,98
"1964-09-27",160,98
"1964-09-28",168,101
"1964-09-29",165,105
"1964-09-30",165,105
"1964-10-01",168,104
"1964-10-02",168,104
"1964-10-03",168,105
"1964-10-04",168,106
"1964-10-05",168,104
"1964-10-06",171,104
"1964-10-07",171,105
"1964-10-08",171,105
"1964-10-09",171,104
"1964-10-10",171,104
"1964-10-11",171,104
"1964-10-12",171,105
"1964-10-13",171,104
"1964-10-14",171,104
"1964-10-15",171,104
"1964-10-16",171,102
"1964-10-17",168,102
"1964-10-18",168,104
"1964-10-19",168,103
"1964-10-20",168,102
"1964-10-21",168,101
"1964-10-22",168,102
"1964-10-23",165,102
"1964-10-24",165,102
"1964-10-25",165,102
"1964-10-26",171,103
"1964-10-27",177,109
"1964-10-28",177,108
"1964-10-29",177,105
"1964-10-30",177,105
"1964-10-31",180,105
"1964-11-01",182,105
"1964-11-02",184,105
"1964-11-03",184,105
"1964-11-04",188,105
"1964-11-05",193,110
"1964-11-06",197,115
"1964-11-07",201,115
"1964-11-08",201,110
"1964-11-09",201,110
"1964-11-10",201,110
"1964-11-11",201,105
"1964-11-12",201,105
"1964-11-13",204,105
"1964-11-14",204,105
"1964-11-15",204,100
"1964-11-16",204,100
"1964-11-17",204,105
"1964-11-18",204,100
"1964-11-19",208,100
"1964-11-20",204,100
"1964-11-21",204,98
"1964-11-22",208,98
"1964-11-23",208,98
"1964-11-24",208,99
"1964-11-25",208,99
"1964-11-26",211,101
"1964-11-27",211,101
"1964-11-28",211,100
"1964-11-29",208,100
"1964-11-30",208,99
"1964-12-01",208,99
"1964-12-02",208,99
"1964-12-03",208,100
"1964-12-04",204,100
"1964-12-05",204,99
"1964-12-06",208,98
"1964-12-07",208,98
"1964-12-08",208,97
"1964-12-09",209,104
"1964-12-10",211,109
"1964-12-11",208,106
"1964-12-12",211,106
"1964-12-13",208,103
"1964-12-14",208,102
"1964-12-15",208,106
"1964-12-16",208,107
"1964-12-17",208,105
"1964-12-18",208,105
"1964-12-19",208,104
"1964-12-20",208,104
"1964-12-21",208,104
"1964-12-22",208,104
"1964-12-23",208,104
"1964-12-24",208,104
"1964-12-25",208,102
"1964-12-26",208,101
"1964-12-27",208,101
"1964-12-28",208,99
"1964-12-29",211,98
"1964-12-30",208,98
"1964-12-31",208,98
"1965-01-01",208,99
"1965-01-02",211,101
"1965-01-03",211,100
"1965-01-04",211,100
"1965-01-05",211,99
"1965-01-06",211,99
"1965-01-07",211,98
"1965-01-08",208,98
"1965-01-09",208,98
"1965-01-10",208,97
"1965-01-11",208,97
"1965-01-12",208,97
"1965-01-13",208,96
"1965-01-14",208,96
"1965-01-15",208,96
"1965-01-16",208,96
"1965-01-17",208,95
"1965-01-18",208,95
"1965-01-19",208,95
"1965-01-20",208,95
"1965-01-21",212,115
"1965-01-22",215,140
"1965-01-23",219,137
"1965-01-24",215,132
"1965-01-25",215,127
"1965-01-26",215,127
"1965-01-27",211,127
"1965-01-28",211,127
"1965-01-29",211,127
"1965-01-30",211,127
"1965-01-31",211,127
"1965-02-01",215,127
"1965-02-02",215,127
"1965-02-03",215,127
"1965-02-04",221,127
"1965-02-05",226,147
"1965-02-06",232,152
"1965-02-07",238,147
"1965-02-08",234,147
"1965-02-09",239,184
"1965-02-10",243,200
"1965-02-11",248,172
"1965-02-12",253,167
"1965-02-13",258,167
"1965-02-14",258,167
"1965-02-15",258,167
"1965-02-16",266,167
"1965-02-17",270,223
"1965-02-18",274,217
"1965-02-19",278,206
"1965-02-20",278,200
"1965-02-21",274,200
"1965-02-22",274,194
"1965-02-23",274,194
"1965-02-24",275,189
"1965-02-25",277,194
"1965-02-26",278,189
"1965-02-27",278,189
"1965-02-28",278,189
"1965-03-01",274,189
"1965-03-02",270,189
"1965-03-03",270,184
"1965-03-04",270,184
"1965-03-05",270,184
"1965-03-06",270,184
"1965-03-07",270,178
"1965-03-08",270,178
"1965-03-09",270,178
"1965-03-10",270,178
"1965-03-11",270,172
"1965-03-12",270,172
"1965-03-13",270,172
"1965-03-14",270,167
"1965-03-15",270,167
"1965-03-16",274,167
"1965-03-17",270,172
"1965-03-18",266,167
"1965-03-19",266,167
"1965-03-20",266,167
"1965-03-21",266,167
"1965-03-22",266,167
"1965-03-23",266,167
"1965-03-24",266,167
"1965-03-25",266,167
"1965-03-26",266,162
"1965-03-27",266,162
"1965-03-28",266,162
"1965-03-29",266,162
"1965-03-30",269,162
"1965-03-31",271,162
"1965-04-01",274,162
"1965-04-02",270,162
"1965-04-03",270,162
"1965-04-04",270,162
"1965-04-05",270,162
"1965-04-06",270,167
"1965-04-07",270,184
"1965-04-08",270,172
"1965-04-09",274,167
"1965-04-10",274,167
"1965-04-11",274,167
"1965-04-12",274,167
"1965-04-13",274,167
"1965-04-14",274,167
"1965-04-15",274,162
"1965-04-16",274,162
"1965-04-17",274,167
"1965-04-18",278,167
"1965-04-19",278,167
"1965-04-20",274,167
"1965-04-21",274,167
"1965-04-22",274,162
"1965-04-23",274,162
"1965-04-24",274,162
"1965-04-25",274,162
"1965-04-26",274,162
"1965-04-27",274,162
"1965-04-28",274,162
"1965-04-29",274,162
"1965-04-30",274,162
"1965-05-01",274,157
"1965-05-02",274,157
"1965-05-03",274,157
"1965-05-04",270,157
"1965-05-05",274,157
"1965-05-06",274,157
"1965-05-07",270,157
"1965-05-08",270,157
"1965-05-09",270,157
"1965-05-10",270,157
"1965-05-11",277,162
"1965-05-12",283,162
"1965-05-13",290,157
"1965-05-14",290,157
"1965-05-15",290,157
"1965-05-16",297,157
"1965-05-17",303,217
"1965-05-18",310,229
"1965-05-19",318,292
"1965-05-20",325,272
"1965-05-21",332,247
"1965-05-22",340,229
"1965-05-23",340,223
"1965-05-24",335,223
"1965-05-25",335,223
"1965-05-26",335,223
"1965-05-27",335,217
"1965-05-28",340,217
"1965-05-29",335,229
"1965-05-30",335,229
"1965-05-31",330,229
"1965-06-01",326,217
"1965-06-02",326,217
"1965-06-03",330,217
"1965-06-04",326,217
"1965-06-05",327,217
"1965-06-06",328,272
"1965-06-07",329,253
"1965-06-08",330,241
"1965-06-09",326,235
"1965-06-10",326,229
"1965-06-11",326,229
"1965-06-12",326,229
"1965-06-13",326,223
"1965-06-14",326,223
"1965-06-15",322,223
"1965-06-16",322,223
"1965-06-17",317,217
"1965-06-18",317,217
"1965-06-19",312,217
"1965-06-20",312,217
"1965-06-21",312,217
"1965-06-22",308,217
"1965-06-23",308,211
"1965-06-24",308,211
"1965-06-25",308,211
"1965-06-26",304,211
"1965-06-27",304,211
"1965-06-28",304,211
"1965-06-29",299,206
"1965-06-30",299,206
"1965-07-01",294,206
"1965-07-02",290,206
"1965-07-03",286,206
"1965-07-04",290,206
"1965-07-05",290,206
"1965-07-06",286,206
"1965-07-07",282,206
"1965-07-08",278,200
"1965-07-09",278,200
"1965-07-10",274,200
"1965-07-11",274,200
"1965-07-12",270,200
"1965-07-13",266,200
"1965-07-14",266,194
"1965-07-15",266,200
"1965-07-16",262,200
"1965-07-17",262,200
"1965-07-18",262,200
"1965-07-19",262,200
"1965-07-20",258,194
"1965-07-21",254,194
"1965-07-22",250,189
"1965-07-23",246,189
"1965-07-24",246,189
"1965-07-25",246,189
"1965-07-26",246,189
"1965-07-27",242,189
"1965-07-28",238,184
"1965-07-29",238,184
"1965-07-30",238,184
"1965-07-31",238,184
"1965-08-01",238,184
"1965-08-02",238,184
"1965-08-03",234,184
"1965-08-04",234,184
"1965-08-05",234,184
"1965-08-06",234,178
"1965-08-07",234,184
"1965-08-08",234,184
"1965-08-09",234,184
"1965-08-10",234,184
"1965-08-11",234,184
"1965-08-12",230,178
"1965-08-13",230,178
"1965-08-14",230,178
"1965-08-15",230,178
"1965-08-16",230,178
"1965-08-17",226,178
"1965-08-18",226,172
"1965-08-19",222,172
"1965-08-20",222,172
"1965-08-21",222,172
"1965-08-22",219,172
"1965-08-23",219,172
"1965-08-24",219,172
"1965-08-25",219,167
"1965-08-26",215,167
"1965-08-27",215,167
"1965-08-28",211,167
"1965-08-29",211,167
"1965-08-30",211,167
"1965-08-31",211,167
"1965-09-01",215,162
"1965-09-02",219,162
"1965-09-03",215,162
"1965-09-04",211,162
"1965-09-05",211,162
"1965-09-06",211,162
"1965-09-07",211,162
"1965-09-08",211,162
"1965-09-09",208,157
"1965-09-10",204,157
"1965-09-11",204,157
"1965-09-12",204,157
"1965-09-13",200,152
"1965-09-14",197,152
"1965-09-15",194,152
"1965-09-16",197,152
"1965-09-17",194,152
"1965-09-18",194,152
"1965-09-19",194,152
"1965-09-20",197,152
"1965-09-21",194,147
"1965-09-22",194,152
"1965-09-23",197,152
"1965-09-24",201,152
"1965-09-25",204,152
"1965-09-26",213,152
"1965-09-27",222,152
"1965-09-28",219,152
"1965-09-29",219,147
"1965-09-30",219,147
"1965-10-01",219,147
"1965-10-02",219,147
"1965-10-03",226,147
"1965-10-04",234,152
"1965-10-05",242,152
"1965-10-06",238,152
"1965-10-07",238,147
"1965-10-08",238,147
"1965-10-09",238,147
"1965-10-10",238,147
"1965-10-11",238,147
"1965-10-12",238,147
"1965-10-13",238,142
"1965-10-14",238,142
"1965-10-15",238,142
"1965-10-16",238,147
"1965-10-17",238,147
"1965-10-18",244,152
"1965-10-19",251,157
"1965-10-20",258,147
"1965-10-21",258,147
"1965-10-22",258,145
"1965-10-23",258,145
"1965-10-24",258,145
"1965-10-25",258,140
"1965-10-26",258,140
"1965-10-27",258,140
"1965-10-28",258,140
"1965-10-29",258,135
"1965-10-30",258,135
"1965-10-31",258,135
"1965-11-01",262,135
"1965-11-02",262,130
"1965-11-03",262,130
"1965-11-04",262,130
"1965-11-05",262,130
"1965-11-06",262,130
"1965-11-07",262,130
"1965-11-08",263,145
"1965-11-09",265,140
"1965-11-10",266,140
"1965-11-11",266,140
"1965-11-12",266,140
"1965-11-13",266,135
"1965-11-14",266,135
"1965-11-15",266,135
"1965-11-16",266,135
"1965-11-17",266,135
"1965-11-18",266,135
"1965-11-19",266,135
"1965-11-20",262,135
"1965-11-21",262,135
"1965-11-22",262,135
"1965-11-23",262,137
"1965-11-24",262,137
"1965-11-25",262,137
"1965-11-26",262,135
"1965-11-27",262,135
"1965-11-28",262,130
"1965-11-29",262,130
"1965-11-30",262,130
"1965-12-01",266,130
"1965-12-02",274,140
"1965-12-03",282,210
"1965-12-04",290,206
"1965-12-05",299,200
"1965-12-06",294,200
"1965-12-07",294,194
"1965-12-08",294,200
"1965-12-09",290,200
"1965-12-10",294,194
"1965-12-11",294,200
"1965-12-12",299,200
"1965-12-13",299,194
"1965-12-14",304,200
"1965-12-15",304,200
"1965-12-16",304,200
"1965-12-17",308,206
"1965-12-18",310,206
"1965-12-19",312,200
"1965-12-20",308,200
"1965-12-21",304,206
"1965-12-22",304,206
"1965-12-23",304,206
"1965-12-24",304,206
"1965-12-25",304,200
"1965-12-26",308,200
"1965-12-27",308,200
"1965-12-28",308,200
"1965-12-29",308,200
"1965-12-30",308,200
"1965-12-31",308,200
"1966-01-01",308,200
"1966-01-02",308,200
"1966-01-03",308,200
"1966-01-04",308,200
"1966-01-05",308,200
"1966-01-06",308,194
"1966-01-07",308,194
"1966-01-08",308,194
"1966-01-09",308,194
"1966-01-10",308,194
"1966-01-11",304,194
"1966-01-12",304,194
"1966-01-13",304,189
"1966-01-14",304,194
"1966-01-15",304,194
"1966-01-16",304,194
"1966-01-17",304,189
"1966-01-18",304,189
"1966-01-19",304,189
"1966-01-20",304,189
"1966-01-21",304,189
"1966-01-22",304,189
"1966-01-23",304,184
"1966-01-24",304,184
"1966-01-25",304,184
"1966-01-26",304,184
"1966-01-27",304,184
"1966-01-28",304,184
"1966-01-29",304,184
"1966-01-30",304,178
"1966-01-31",304,178
"1966-02-01",304,178
"1966-02-02",304,178
"1966-02-03",304,178
"1966-02-04",304,178
"1966-02-05",304,178
"1966-02-06",308,178
"1966-02-07",312,178
"1966-02-08",312,178
"1966-02-09",317,178
"1966-02-10",317,178
"1966-02-11",312,178
"1966-02-12",314,178
"1966-02-13",317,178
"1966-02-14",312,178
"1966-02-15",312,178
"1966-02-16",317,178
"1966-02-17",312,178
"1966-02-18",312,178
"1966-02-19",312,178
"1966-02-20",308,178
"1966-02-21",308,178
"1966-02-22",308,178
"1966-02-23",308,178
"1966-02-24",308,178
"1966-02-25",304,178
"1966-02-26",307,178
"1966-02-27",309,184
"1966-02-28",312,178
"1966-03-01",308,178
"1966-03-02",308,178
"1966-03-03",308,178
"1966-03-04",308,178
"1966-03-05",308,178
"1966-03-06",308,178
"1966-03-07",308,178
"1966-03-08",308,178
"1966-03-09",308,178
"1966-03-10",308,178
"1966-03-11",308,178
"1966-03-12",308,184
"1966-03-13",308,184
"1966-03-14",308,184
"1966-03-15",308,184
"1966-03-16",304,184
"1966-03-17",304,184
"1966-03-18",308,189
"1966-03-19",304,189
"1966-03-20",304,189
"1966-03-21",308,189
"1966-03-22",304,189
"1966-03-23",304,184
"1966-03-24",304,184
"1966-03-25",304,184
"1966-03-26",304,184
"1966-03-27",304,184
"1966-03-28",304,189
"1966-03-29",304,184
"1966-03-30",304,184
"1966-03-31",299,184
"1966-04-01",299,184
"1966-04-02",294,184
"1966-04-03",294,184
"1966-04-04",294,184
"1966-04-05",294,180
"1966-04-06",290,180
"1966-04-07",294,180
"1966-04-08",294,175
"1966-04-09",294,175
"1966-04-10",294,175
"1966-04-11",290,170
"1966-04-12",290,170
"1966-04-13",286,170
"1966-04-14",286,170
"1966-04-15",286,165
"1966-04-16",286,165
"1966-04-17",286,165
"1966-04-18",290,165
"1966-04-19",286,162
"1966-04-20",286,162
"1966-04-21",286,157
"1966-04-22",286,157
"1966-04-23",286,157
"1966-04-24",290,157
"1966-04-25",290,162
"1966-04-26",290,167
"1966-04-27",290,172
"1966-04-28",290,172
"1966-04-29",294,172
"1966-04-30",294,172
"1966-05-01",294,172
"1966-05-02",294,172
"1966-05-03",294,172
"1966-05-04",294,172
"1966-05-05",299,178
"1966-05-06",299,172
"1966-05-07",299,172
"1966-05-08",299,172
"1966-05-09",299,172
"1966-05-10",299,172
"1966-05-11",304,172
"1966-05-12",304,172
"1966-05-13",304,172
"1966-05-14",304,172
"1966-05-15",304,172
"1966-05-16",304,167
"1966-05-17",304,167
"1966-05-18",304,167
"1966-05-19",304,167
"1966-05-20",304,167
"1966-05-21",299,167
"1966-05-22",299,167
"1966-05-23",299,167
"1966-05-24",299,167
"1966-05-25",299,167
"1966-05-26",299,172
"1966-05-27",299,172
"1966-05-28",299,172
"1966-05-29",299,172
"1966-05-30",299,172
"1966-05-31",299,172
"1966-06-01",294,172
"1966-06-02",290,172
"1966-06-03",290,172
"1966-06-04",286,172
"1966-06-05",286,172
"1966-06-06",286,167
"1966-06-07",282,162
"1966-06-08",278,162
"1966-06-09",274,167
"1966-06-10",272,162
"1966-06-11",270,162
"1966-06-12",270,162
"1966-06-13",266,162
"1966-06-14",262,157
"1966-06-15",262,162
"1966-06-16",262,157
"1966-06-17",258,157
"1966-06-18",254,162
"1966-06-19",254,167
"1966-06-20",258,178
"1966-06-21",262,172
"1966-06-22",262,167
"1966-06-23",262,167
"1966-06-24",260,167
"1966-06-25",258,167
"1966-06-26",262,172
"1966-06-27",262,167
"1966-06-28",262,162
"1966-06-29",262,162
"1966-06-30",266,162
"1966-07-01",262,162
"1966-07-02",258,162
"1966-07-03",258,162
"1966-07-04",258,162
"1966-07-05",258,162
"1966-07-06",258,162
"1966-07-07",258,157
"1966-07-08",254,157
"1966-07-09",254,157
"1966-07-10",254,157
"1966-07-11",250,157
"1966-07-12",250,152
"1966-07-13",246,152
"1966-07-14",246,152
"1966-07-15",246,152
"1966-07-16",242,152
"1966-07-17",238,152
"1966-07-18",238,152
"1966-07-19",234,152
"1966-07-20",230,152
"1966-07-21",226,147
"1966-07-22",222,147
"1966-07-23",222,152
"1966-07-24",219,152
"1966-07-25",215,147
"1966-07-26",211,147
"1966-07-27",208,147
"1966-07-28",208,147
"1966-07-29",204,147
"1966-07-30",204,147
"1966-07-31",204,147
"1966-08-01",201,147
"1966-08-02",197,147
"1966-08-03",194,147
"1966-08-04",197,147
"1966-08-05",197,147
"1966-08-06",201,147
"1966-08-07",204,147
"1966-08-08",208,147
"1966-08-09",208,147
"1966-08-10",208,142
"1966-08-11",211,147
"1966-08-12",215,147
"1966-08-13",211,147
"1966-08-14",215,147
"1966-08-15",217,147
"1966-08-16",219,142
"1966-08-17",219,142
"1966-08-18",219,142
"1966-08-19",219,142
"1966-08-20",219,142
"1966-08-21",215,147
"1966-08-22",215,142
"1966-08-23",211,142
"1966-08-24",211,142
"1966-08-25",215,142
"1966-08-26",219,142
"1966-08-27",222,142
"1966-08-28",226,142
"1966-08-29",226,142
"1966-08-30",222,137
"1966-08-31",226,137
"1966-09-01",230,137
"1966-09-02",230,137
"1966-09-03",226,137
"1966-09-04",226,137
"1966-09-05",226,132
"1966-09-06",230,132
"1966-09-07",230,132
"1966-09-08",230,137
"1966-09-09",230,137
"1966-09-10",234,137
"1966-09-11",238,137
"1966-09-12",238,137
"1966-09-13",238,132
"1966-09-14",238,132
"1966-09-15",238,132
"1966-09-16",238,132
"1966-09-17",242,137
"1966-09-18",246,137
"1966-09-19",246,132
"1966-09-20",246,132
"1966-09-21",250,132
"1966-09-22",250,132
"1966-09-23",246,132
"1966-09-24",246,132
"1966-09-25",246,132
"1966-09-26",246,132
"1966-09-27",250,132
"1966-09-28",250,132
"1966-09-29",246,132
"1966-09-30",246,132
"1966-10-01",250,132
"1966-10-02",250,132
"1966-10-03",250,132
"1966-10-04",254,132
"1966-10-05",250,132
"1966-10-06",250,132
"1966-10-07",250,132
"1966-10-08",250,132
"1966-10-09",250,132
"1966-10-10",250,132
"1966-10-11",250,127
"1966-10-12",250,132
"1966-10-13",246,132
"1966-10-14",246,132
"1966-10-15",246,127
"1966-10-16",246,127
"1966-10-17",246,127
"1966-10-18",246,127
"1966-10-19",246,127
"1966-10-20",246,127
"1966-10-21",246,127
"1966-10-22",246,127
"1966-10-23",246,127
"1966-10-24",246,122
"1966-10-25",246,122
"1966-10-26",246,122
"1966-10-27",246,122
"1966-10-28",250,122
"1966-10-29",250,122
"1966-10-30",250,122
"1966-10-31",250,118
"1966-11-01",250,118
"1966-11-02",250,118
"1966-11-03",250,118
"1966-11-04",250,118
"1966-11-05",250,118
"1966-11-06",250,118
"1966-11-07",246,118
"1966-11-08",246,117
"1966-11-09",246,117
"1966-11-10",246,115
"1966-11-11",242,114
"1966-11-12",242,114
"1966-11-13",242,114
"1966-11-14",242,114
"1966-11-15",242,115
"1966-11-16",242,122
"1966-11-17",242,122
"1966-11-18",242,122
"1966-11-19",242,122
"1966-11-20",242,118
"1966-11-21",242,118
"1966-11-22",242,118
"1966-11-23",242,118
"1966-11-24",242,118
"1966-11-25",242,118
"1966-11-26",242,118
"1966-11-27",242,117
"1966-11-28",242,117
"1966-11-29",242,118
"1966-11-30",242,118
"1966-12-01",238,118
"1966-12-02",238,115
"1966-12-03",238,115
"1966-12-04",238,115
"1966-12-05",238,114
"1966-12-06",238,113
"1966-12-07",238,113
"1966-12-08",238,112
"1966-12-09",238,109
"1966-12-10",238,109
"1966-12-11",238,110
"1966-12-12",238,111
"1966-12-13",238,110
"1966-12-14",238,110
"1966-12-15",242,112
"1966-12-16",246,112
"1966-12-17",242,111
"1966-12-18",242,113
"1966-12-19",242,114
"1966-12-20",242,114
"1966-12-21",242,114
"1966-12-22",242,113
"1966-12-23",242,111
"1966-12-24",242,112
"1966-12-25",242,113
"1966-12-26",246,113
"1966-12-27",246,113
"1966-12-28",246,111
"1966-12-29",246,111
"1966-12-30",246,112
"1966-12-31",246,112
"1967-01-01",246,111
"1967-01-02",246,110
"1967-01-03",246,110
"1967-01-04",246,112
"1967-01-05",246,112
"1967-01-06",246,111
"1967-01-07",246,110
"1967-01-08",246,111
"1967-01-09",246,111
"1967-01-10",246,109
"1967-01-11",246,105
"1967-01-12",246,108
"1967-01-13",246,110
"1967-01-14",246,109
"1967-01-15",246,107
"1967-01-16",246,108
"1967-01-17",246,109
"1967-01-18",246,107
"1967-01-19",246,106
"1967-01-20",246,103
"1967-01-21",246,102
"1967-01-22",246,103
"1967-01-23",246,103
"1967-01-24",246,103
"1967-01-25",246,103
"1967-01-26",242,102
"1967-01-27",242,102
"1967-01-28",238,102
"1967-01-29",238,102
"1967-01-30",238,102
"1967-01-31",234,101
"1967-02-01",234,101
"1967-02-02",234,100
"1967-02-03",230,100
"1967-02-04",230,99
"1967-02-05",230,100
"1967-02-06",230,98
"1967-02-07",230,97
"1967-02-08",230,96
"1967-02-09",230,97
"1967-02-10",230,97
"1967-02-11",230,97
"1967-02-12",226,98
"1967-02-13",226,98
"1967-02-14",226,98
"1967-02-15",222,98
"1967-02-16",222,97
"1967-02-17",222,97
"1967-02-18",222,98
"1967-02-19",222,98
"1967-02-20",222,98
"1967-02-21",222,98
"1967-02-22",222,98
"1967-02-23",222,98
"1967-02-24",222,97
"1967-02-25",222,97
"1967-02-26",222,98
"1967-02-27",222,97
"1967-02-28",222,98
"1967-03-01",222,98
"1967-03-02",219,98
"1967-03-03",219,98
"1967-03-04",215,98
"1967-03-05",215,101
"1967-03-06",215,99
"1967-03-07",215,99
"1967-03-08",215,100
"1967-03-09",215,101
"1967-03-10",211,100
"1967-03-11",211,103
"1967-03-12",208,104
"1967-03-13",208,103
"1967-03-14",204,102
"1967-03-15",204,101
"1967-03-16",204,99
"1967-03-17",204,99
"1967-03-18",201,105
"1967-03-19",201,104
"1967-03-20",206,104
"1967-03-21",211,104
"1967-03-22",208,104
"1967-03-23",204,103
"1967-03-24",207,104
"1967-03-25",211,111
"1967-03-26",211,112
"1967-03-27",211,112
"1967-03-28",211,111
"1967-03-29",208,111
"1967-03-30",208,111
"1967-03-31",204,111
"1967-04-01",204,112
"1967-04-02",201,112
"1967-04-03",201,112
"1967-04-04",197,110
"1967-04-05",197,109
"1967-04-06",194,110
"1967-04-07",194,111
"1967-04-08",191,111
"1967-04-09",191,112
"1967-04-10",194,112
"1967-04-11",191,112
"1967-04-12",194,111
"1967-04-13",195,113
"1967-04-14",197,109
"1967-04-15",194,110
"1967-04-16",197,111
"1967-04-17",197,111
"1967-04-18",197,109
"1967-04-19",197,109
"1967-04-20",197,109
"1967-04-21",197,110
"1967-04-22",194,111
"1967-04-23",197,108
"1967-04-24",194,106
"1967-04-25",194,105
"1967-04-26",194,104
"1967-04-27",194,106
"1967-04-28",194,105
"1967-04-29",191,106
"1967-04-30",194,106
"1967-05-01",190,106
"1967-05-02",187,103
"1967-05-03",184,104
"1967-05-04",182,105
"1967-05-05",180,103
"1967-05-06",180,102
"1967-05-07",177,103
"1967-05-08",177,101
"1967-05-09",174,100
"1967-05-10",171,100
"1967-05-11",166,100
"1967-05-12",161,102
"1967-05-13",156,104
"1967-05-14",156,103
"1967-05-15",153,101
"1967-05-16",150,101
"1967-05-17",147,100
"1967-05-18",145,100
"1967-05-19",144,100
"1967-05-20",145,102
"1967-05-21",147,104
"1967-05-22",148,102
"1967-05-23",150,101
"1967-05-24",147,98
"1967-05-25",144,98
"1967-05-26",141,98
"1967-05-27",139,100
"1967-05-28",139,102
"1967-05-29",140,104
"1967-05-30",141,108
"1967-05-31",143,106
"1967-06-01",144,104
"1967-06-02",142,104
"1967-06-03",141,104
"1967-06-04",141,104
"1967-06-05",136,104
"1967-06-06",132,98
"1967-06-07",127,98
"1967-06-08",123,98
"1967-06-09",119,98
"1967-06-10",115,99
"1967-06-11",113,98
"1967-06-12",111,96
"1967-06-13",109,94
"1967-06-14",107,94
"1967-06-15",105,93
"1967-06-16",102,93
"1967-06-17",100,94
"1967-06-18",100,94
"1967-06-19",96,93
"1967-06-20",92,92
"1967-06-21",90,90
"1967-06-22",88,90
"1967-06-23",87,91
"1967-06-24",86,92
"1967-06-25",83,92
"1967-06-26",81,91
"1967-06-27",79,92
"1967-06-28",76,92
"1967-06-29",74,90
"1967-06-30",73,87
"1967-07-01",72,88
"1967-07-02",72,87
"1967-07-03",73,87
"1967-07-04",73,87
"1967-07-05",73,85
"1967-07-06",74,82
"1967-07-07",74,80
"1967-07-08",74,80
"1967-07-09",75,82
"1967-07-10",75,81
"1967-07-11",76,78
"1967-07-12",76,78
"1967-07-13",79,81
"1967-07-14",82,86
"1967-07-15",85,85
"1967-07-16",89,84
"1967-07-17",92,83
"1967-07-18",96,82
"1967-07-19",95,85
"1967-07-20",94,86
"1967-07-21",99,87
"1967-07-22",105,89
"1967-07-23",105,87
"1967-07-24",102,85
"1967-07-25",98,86
"1967-07-26",95,86
"1967-07-27",92,86
"1967-07-28",90,86
"1967-07-29",88,85
"1967-07-30",88,83
"1967-07-31",83,83
"1967-08-01",78,84
"1967-08-02",74,83
"1967-08-03",70,83
"1967-08-04",70,83
"1967-08-05",69,83
"1967-08-06",69,83
"1967-08-07",65,82
"1967-08-08",62,82
"1967-08-09",58,81
"1967-08-10",55,78
"1967-08-11",56,78
"1967-08-12",57,80
"1967-08-13",57,83
"1967-08-14",55,82
"1967-08-15",54,82
"1967-08-16",52,82
"1967-08-17",62,82
"1967-08-18",74,85
"1967-08-19",83,86
"1967-08-20",94,90
"1967-08-21",94,87
"1967-08-22",94,86
"1967-08-23",97,86
"1967-08-24",100,86
"1967-08-25",103,88
"1967-08-26",107,88
"1967-08-27",107,87
"1967-08-28",107,87
"1967-08-29",107,87
"1967-08-30",106,86
"1967-08-31",104,89
"1967-09-01",103,90
"1967-09-02",108,91
"1967-09-03",112,94
"1967-09-04",117,94
"1967-09-05",122,94
"1967-09-06",128,95
"1967-09-07",133,94
"1967-09-08",139,94
"1967-09-09",139,94
"1967-09-10",141,95
"1967-09-11",141,95
"1967-09-12",141,94
"1967-09-13",141,95
"1967-09-14",141,96
"1967-09-15",150,96
"1967-09-16",159,98
"1967-09-17",159,98
"1967-09-18",162,98
"1967-09-19",165,96
"1967-09-20",174,99
"1967-09-21",183,103
"1967-09-22",193,109
"1967-09-23",204,114
"1967-09-24",215,115
"1967-09-25",215,113
"1967-09-26",211,113
"1967-09-27",211,113
"1967-09-28",211,115
"1967-09-29",211,115
"1967-09-30",211,114
"1967-10-01",211,114
"1967-10-02",211,114
"1967-10-03",211,114
"1967-10-04",211,113
"1967-10-05",211,112
"1967-10-06",211,111
"1967-10-07",215,114
"1967-10-08",219,118
"1967-10-09",215,118
"1967-10-10",215,116
"1967-10-11",215,115
"1967-10-12",215,115
"1967-10-13",215,115
"1967-10-14",211,116
"1967-10-15",216,117
"1967-10-16",222,122
"1967-10-17",219,122
"1967-10-18",219,122
"1967-10-19",219,122
"1967-10-20",219,122
"1967-10-21",219,122
"1967-10-22",219,122
"1967-10-23",215,122
"1967-10-24",215,122
"1967-10-25",215,118
"1967-10-26",215,122
"1967-10-27",211,118
"1967-10-28",215,118
"1967-10-29",215,118
"1967-10-30",217,122
"1967-10-31",219,122
"1967-11-01",219,122
"1967-11-02",215,122
"1967-11-03",215,122
"1967-11-04",219,122
"1967-11-05",219,122
"1967-11-06",219,122
"1967-11-07",222,122
"1967-11-08",228,122
"1967-11-09",234,132
"1967-11-10",241,137
"1967-11-11",247,142
"1967-11-12",254,147
"1967-11-13",250,147
"1967-11-14",246,147
"1967-11-15",250,147
"1967-11-16",250,147
"1967-11-17",250,147
"1967-11-18",246,147
"1967-11-19",250,147
"1967-11-20",250,147
"1967-11-21",254,147
"1967-11-22",250,152
"1967-11-23",250,152
"1967-11-24",254,152
"1967-11-25",254,152
"1967-11-26",254,152
"1967-11-27",250,152
"1967-11-28",250,152
"1967-11-29",250,152
"1967-11-30",250,152
"1967-12-01",250,152
"1967-12-02",250,152
"1967-12-03",250,152
"1967-12-04",250,152
"1967-12-05",254,152
"1967-12-06",250,152
"1967-12-07",254,147
"1967-12-08",254,147
"1967-12-09",254,147
"1967-12-10",254,147
"1967-12-11",254,147
"1967-12-12",254,142
"1967-12-13",254,142
"1967-12-14",254,147
"1967-12-15",254,147
"1967-12-16",254,147
"1967-12-17",254,147
"1967-12-18",254,142
"1967-12-19",254,142
"1967-12-20",254,142
"1967-12-21",254,142
"1967-12-22",254,137
"1967-12-23",254,137
"1967-12-24",254,137
"1967-12-25",254,137
"1967-12-26",254,137
"1967-12-27",254,137
"1967-12-28",254,137
"1967-12-29",254,137
"1967-12-30",254,142
"1967-12-31",254,137
"1968-01-01",254,137
"1968-01-02",254,137
"1968-01-03",254,137
"1968-01-04",254,137
"1968-01-05",254,142
"1968-01-06",254,137
"1968-01-07",254,137
"1968-01-08",258,137
"1968-01-09",262,142
"1968-01-10",266,147
"1968-01-11",266,142
"1968-01-12",262,142
"1968-01-13",258,142
"1968-01-14",258,142
"1968-01-15",258,142
"1968-01-16",258,142
"1968-01-17",258,142
"1968-01-18",271,142
"1968-01-19",284,162
"1968-01-20",298,206
"1968-01-21",313,253
"1968-01-22",329,298
"1968-01-23",345,298
"1968-01-24",340,298
"1968-01-25",335,292
"1968-01-26",335,285
"1968-01-27",335,285
"1968-01-28",335,285
"1968-01-29",332,285
"1968-01-30",330,278
"1968-01-31",330,278
"1968-02-01",330,278
"1968-02-02",335,278
"1968-02-03",335,272
"1968-02-04",335,272
"1968-02-05",335,272
"1968-02-06",335,272
"1968-02-07",335,272
"1968-02-08",335,272
"1968-02-09",335,266
"1968-02-10",340,266
"1968-02-11",345,266
"1968-02-12",345,266
"1968-02-13",345,266
"1968-02-14",345,266
"1968-02-15",345,266
"1968-02-16",345,266
"1968-02-17",360,259
"1968-02-18",375,259
"1968-02-19",370,259
"1968-02-20",365,253
"1968-02-21",360,247
"1968-02-22",355,247
"1968-02-23",350,247
"1968-02-24",345,247
"1968-02-25",345,247
"1968-02-26",345,247
"1968-02-27",345,247
"1968-02-28",345,247
"1968-02-29",345,247
"1968-03-01",345,247
"1968-03-02",345,247
"1968-03-03",345,247
"1968-03-04",345,247
"1968-03-05",345,247
"1968-03-06",345,247
"1968-03-07",350,247
"1968-03-08",345,247
"1968-03-09",345,247
"1968-03-10",345,247
"1968-03-11",350,241
"1968-03-12",355,241
"1968-03-13",350,235
"1968-03-14",350,235
"1968-03-15",350,235
"1968-03-16",350,235
"1968-03-17",350,235
"1968-03-18",350,235
"1968-03-19",350,235
"1968-03-20",350,229
"1968-03-21",350,229
"1968-03-22",355,229
"1968-03-23",350,229
"1968-03-24",350,229
"1968-03-25",350,229
"1968-03-26",350,229
"1968-03-27",350,235
"1968-03-28",350,235
"1968-03-29",350,235
"1968-03-30",350,235
"1968-03-31",350,235
"1968-04-01",350,235
"1968-04-02",355,235
"1968-04-03",350,235
"1968-04-04",350,229
"1968-04-05",350,229
"1968-04-06",350,229
"1968-04-07",350,229
"1968-04-08",345,229
"1968-04-09",352,229
"1968-04-10",358,229
"1968-04-11",365,229
"1968-04-12",370,229
"1968-04-13",362,229
"1968-04-14",355,229
"1968-04-15",360,229
"1968-04-16",355,229
"1968-04-17",355,229
"1968-04-18",355,229
"1968-04-19",350,229
"1968-04-20",350,229
"1968-04-21",352,229
"1968-04-22",355,229
"1968-04-23",350,229
"1968-04-24",350,223
"1968-04-25",355,223
"1968-04-26",355,229
"1968-04-27",350,229
"1968-04-28",350,229
"1968-04-29",350,223
"1968-04-30",350,229
"1968-05-01",350,223
"1968-05-02",345,223
"1968-05-03",350,229
"1968-05-04",350,229
"1968-05-05",350,229
"1968-05-06",350,229
"1968-05-07",350,235
"1968-05-08",350,235
"1968-05-09",350,235
"1968-05-10",354,235
"1968-05-11",357,241
"1968-05-12",361,235
"1968-05-13",365,235
"1968-05-14",360,235
"1968-05-15",360,235
"1968-05-16",360,241
"1968-05-17",357,241
"1968-05-18",355,241
"1968-05-19",355,235
"1968-05-20",355,235
"1968-05-21",355,235
"1968-05-22",355,235
"1968-05-23",355,241
"1968-05-24",355,235
"1968-05-25",350,235
"1968-05-26",350,241
"1968-05-27",355,241
"1968-05-28",350,241
"1968-05-29",350,241
"1968-05-30",350,241
"1968-05-31",350,235
"1968-06-01",345,235
"1968-06-02",347,235
"1968-06-03",350,235
"1968-06-04",350,241
"1968-06-05",350,235
"1968-06-06",350,235
"1968-06-07",350,235
"1968-06-08",345,241
"1968-06-09",345,240
"1968-06-10",350,240
"1968-06-11",345,240
"1968-06-12",340,235
"1968-06-13",335,235
"1968-06-14",332,235
"1968-06-15",330,235
"1968-06-16",335,235
"1968-06-17",335,230
"1968-06-18",330,230
"1968-06-19",335,230
"1968-06-20",335,230
"1968-06-21",335,230
"1968-06-22",340,225
"1968-06-23",340,225
"1968-06-24",337,225
"1968-06-25",335,225
"1968-06-26",332,223
"1968-06-27",329,223
"1968-06-28",326,217
"1968-06-29",326,223
"1968-06-30",326,223
"1968-07-01",326,223
"1968-07-02",326,217
"1968-07-03",322,223
"1968-07-04",322,223
"1968-07-05",326,223
"1968-07-06",326,223
"1968-07-07",326,223
"1968-07-08",322,223
"1968-07-09",317,223
"1968-07-10",317,223
"1968-07-11",317,223
"1968-07-12",322,223
"1968-07-13",322,217
"1968-07-14",322,217
"1968-07-15",322,217
"1968-07-16",317,217
"1968-07-17",322,211
"1968-07-18",322,211
"1968-07-19",317,211
"1968-07-20",312,206
"1968-07-21",317,206
"1968-07-22",317,206
"1968-07-23",312,200
"1968-07-24",312,200
"1968-07-25",317,200
"1968-07-26",317,200
"1968-07-27",312,195
"1968-07-28",312,195
"1968-07-29",308,190
"1968-07-30",304,190
"1968-07-31",299,189
"1968-08-01",304,184
"1968-08-02",308,184
"1968-08-03",304,184
"1968-08-04",308,184
"1968-08-05",308,184
"1968-08-06",304,178
"1968-08-07",304,178
"1968-08-08",304,172
"1968-08-09",299,172
"1968-08-10",294,172
"1968-08-11",293,178
"1968-08-12",292,172
"1968-08-13",291,167
"1968-08-14",290,167
"1968-08-15",294,172
"1968-08-16",290,172
"1968-08-17",286,172
"1968-08-18",290,172
"1968-08-19",290,167
"1968-08-20",286,167
"1968-08-21",286,167
"1968-08-22",286,167
"1968-08-23",286,162
"1968-08-24",282,162
"1968-08-25",282,162
"1968-08-26",278,162
"1968-08-27",274,162
"1968-08-28",270,162
"1968-08-29",270,162
"1968-08-30",266,162
"1968-08-31",266,162
"1968-09-01",270,162
"1968-09-02",274,167
"1968-09-03",278,162
"1968-09-04",274,162
"1968-09-05",278,167
"1968-09-06",282,167
"1968-09-07",282,167
"1968-09-08",282,167
"1968-09-09",284,162
"1968-09-10",286,162
"1968-09-11",286,162
"1968-09-12",286,162
"1968-09-13",286,162
"1968-09-14",286,162
"1968-09-15",290,162
"1968-09-16",290,162
"1968-09-17",290,162
"1968-09-18",294,162
"1968-09-19",299,162
"1968-09-20",294,162
"1968-09-21",290,162
"1968-09-22",294,162
"1968-09-23",299,157
"1968-09-24",299,157
"1968-09-25",294,157
"1968-09-26",294,157
"1968-09-27",299,157
"1968-09-28",299,157
"1968-09-29",304,157
"1968-09-30",304,157
"1968-10-01",299,157
"1968-10-02",299,157
"1968-10-03",299,157
"1968-10-04",304,157
"1968-10-05",304,157
"1968-10-06",304,157
"1968-10-07",304,157
"1968-10-08",304,152
"1968-10-09",304,157
"1968-10-10",304,157
"1968-10-11",299,152
"1968-10-12",304,152
"1968-10-13",301,152
"1968-10-14",299,147
"1968-10-15",304,147
"1968-10-16",304,147
"1968-10-17",299,147
"1968-10-18",299,147
"1968-10-19",299,147
"1968-10-20",299,147
"1968-10-21",299,147
"1968-10-22",299,142
"1968-10-23",299,147
"1968-10-24",294,147
"1968-10-25",299,147
"1968-10-26",294,147
"1968-10-27",294,147
"1968-10-28",294,147
"1968-10-29",299,142
"1968-10-30",294,147
"1968-10-31",294,142
"1968-11-01",290,142
"1968-11-02",290,142
"1968-11-03",294,147
"1968-11-04",290,147
"1968-11-05",290,142
"1968-11-06",290,147
"1968-11-07",290,147
"1968-11-08",294,147
"1968-11-09",294,147
"1968-11-10",294,147
"1968-11-11",294,142
"1968-11-12",294,142
"1968-11-13",299,142
"1968-11-14",294,142
"1968-11-15",299,147
"1968-11-16",294,147
"1968-11-17",294,142
"1968-11-18",294,142
"1968-11-19",294,142
"1968-11-20",294,142
"1968-11-21",294,142
"1968-11-22",294,142
"1968-11-23",294,137
"1968-11-24",294,137
"1968-11-25",294,137
"1968-11-26",296,137
"1968-11-27",297,142
"1968-11-28",299,142
"1968-11-29",299,137
"1968-11-30",302,147
"1968-12-01",305,147
"1968-12-02",308,147
"1968-12-03",304,147
"1968-12-04",304,147
"1968-12-05",304,147
"1968-12-06",304,147
"1968-12-07",304,142
"1968-12-08",304,142
"1968-12-09",304,147
"1968-12-10",304,147
"1968-12-11",304,147
"1968-12-12",304,147
"1968-12-13",304,142
"1968-12-14",308,142
"1968-12-15",308,142
"1968-12-16",308,142
"1968-12-17",308,142
"1968-12-18",308,142
"1968-12-19",308,142
"1968-12-20",308,142
"1968-12-21",312,142
"1968-12-22",310,137
"1968-12-23",308,137
"1968-12-24",304,142
"1968-12-25",304,142
"1968-12-26",304,142
"1968-12-27",304,137
"1968-12-28",308,137
"1968-12-29",312,137
"1968-12-30",308,137
"1968-12-31",308,137
"1969-01-01",308,137
"1969-01-02",308,137
"1969-01-03",304,137
"1969-01-04",304,137
"1969-01-05",304,137
"1969-01-06",308,137
"1969-01-07",304,137
"1969-01-08",308,132
"1969-01-09",304,132
"1969-01-10",304,132
"1969-01-11",304,132
"1969-01-12",304,132
"1969-01-13",304,132
"1969-01-14",304,132
"1969-01-15",304,132
"1969-01-16",304,132
"1969-01-17",304,132
"1969-01-18",304,132
"1969-01-19",304,132
"1969-01-20",304,132
"1969-01-21",308,132
"1969-01-22",304,132
"1969-01-23",304,132
"1969-01-24",304,132
"1969-01-25",304,132
"1969-01-26",304,132
"1969-01-27",304,132
"1969-01-28",304,132
"1969-01-29",304,132
"1969-01-30",304,132
"1969-01-31",304,132
"1969-02-01",304,132
"1969-02-02",304,132
"1969-02-03",304,127
"1969-02-04",304,127
"1969-02-05",304,132
"1969-02-06",308,127
"1969-02-07",304,127
"1969-02-08",299,122
"1969-02-09",299,122
"1969-02-10",299,122
"1969-02-11",299,122
"1969-02-12",294,122
"1969-02-13",303,127
"1969-02-14",312,132
"1969-02-15",322,137
"1969-02-16",315,137
"1969-02-17",308,137
"1969-02-18",308,137
"1969-02-19",308,137
"1969-02-20",312,137
"1969-02-21",314,142
"1969-02-22",317,142
"1969-02-23",317,142
"1969-02-24",312,142
"1969-02-25",312,142
"1969-02-26",312,142
"1969-02-27",312,142
"1969-02-28",312,142
"1969-03-01",312,142
"1969-03-02",317,142
"1969-03-03",312,142
"1969-03-04",317,142
"1969-03-05",319,142
"1969-03-06",322,142
"1969-03-07",322,142
"1969-03-08",322,142
"1969-03-09",322,142
"1969-03-10",317,142
"1969-03-11",322,142
"1969-03-12",317,142
"1969-03-13",322,147
"1969-03-14",326,147
"1969-03-15",326,152
"1969-03-16",326,157
"1969-03-17",326,157
"1969-03-18",326,152
"1969-03-19",326,152
"1969-03-20",322,152
"1969-03-21",326,152
"1969-03-22",322,157
"1969-03-23",326,157
"1969-03-24",330,157
"1969-03-25",323,157
"1969-03-26",317,157
"1969-03-27",317,157
"1969-03-28",314,157
"1969-03-29",312,157
"1969-03-30",314,157
"1969-03-31",317,157
"1969-04-01",317,157
"1969-04-02",317,157
"1969-04-03",312,157
"1969-04-04",312,157
"1969-04-05",312,157
"1969-04-06",312,157
"1969-04-07",317,157
"1969-04-08",312,162
"1969-04-09",317,162
"1969-04-10",312,162
"1969-04-11",314,162
"1969-04-12",317,178
"1969-04-13",319,189
"1969-04-14",322,189
"1969-04-15",322,184
"1969-04-16",322,184
"1969-04-17",322,184
"1969-04-18",322,184
"1969-04-19",322,178
"1969-04-20",322,178
"1969-04-21",319,178
"1969-04-22",317,178
"1969-04-23",322,178
"1969-04-24",317,178
"1969-04-25",317,178
"1969-04-26",317,178
"1969-04-27",315,184
"1969-04-28",314,184
"1969-04-29",312,184
"1969-04-30",317,184
"1969-05-01",322,184
"1969-05-02",317,184
"1969-05-03",335,184
"1969-05-04",355,194
"1969-05-05",347,194
"1969-05-06",340,189
"1969-05-07",335,194
"1969-05-08",335,194
"1969-05-09",335,194
"1969-05-10",330,194
"1969-05-11",335,194
"1969-05-12",335,194
"1969-05-13",335,194
"1969-05-14",335,194
"1969-05-15",340,200
"1969-05-16",345,211
"1969-05-17",345,217
"1969-05-18",340,223
"1969-05-19",340,223
"1969-05-20",340,223
"1969-05-21",340,223
"1969-05-22",337,223
"1969-05-23",335,223
"1969-05-24",335,229
"1969-05-25",340,229
"1969-05-26",335,229
"1969-05-27",335,229
"1969-05-28",340,229
"1969-05-29",337,229
"1969-05-30",335,229
"1969-05-31",335,229
"1969-06-01",335,229
"1969-06-02",328,229
"1969-06-03",322,229
"1969-06-04",322,229
"1969-06-05",322,223
"1969-06-06",322,223
"1969-06-07",324,223
"1969-06-08",326,223
"1969-06-09",330,223
"1969-06-10",326,217
"1969-06-11",326,217
"1969-06-12",322,217
"1969-06-13",317,217
"1969-06-14",322,217
"1969-06-15",317,211
"1969-06-16",312,211
"1969-06-17",308,211
"1969-06-18",308,211
"1969-06-19",303,211
"1969-06-20",299,211
"1969-06-21",299,211
"1969-06-22",299,211
"1969-06-23",294,206
"1969-06-24",294,206
"1969-06-25",294,200
"1969-06-26",292,200
"1969-06-27",290,200
"1969-06-28",290,200
"1969-06-29",290,200
"1969-06-30",286,194
"1969-07-01",282,189
"1969-07-02",282,189
"1969-07-03",282,184
"1969-07-04",278,189
"1969-07-05",278,189
"1969-07-06",278,189
"1969-07-07",278,189
"1969-07-08",272,189
"1969-07-09",266,189
"1969-07-10",270,178
"1969-07-11",266,178
"1969-07-12",266,178
"1969-07-13",266,178
"1969-07-14",262,184
"1969-07-15",258,184
"1969-07-16",258,184
"1969-07-17",258,184
"1969-07-18",254,184
"1969-07-19",258,184
"1969-07-20",262,184
"1969-07-21",266,184
"1969-07-22",262,178
"1969-07-23",258,178
"1969-07-24",258,172
"1969-07-25",258,172
"1969-07-26",254,172
"1969-07-27",254,172
"1969-07-28",254,172
"1969-07-29",254,167
"1969-07-30",250,167
"1969-07-31",244,167
"1969-08-01",238,167
"1969-08-02",234,167
"1969-08-03",238,167
"1969-08-04",234,162
"1969-08-05",230,162
"1969-08-06",230,167
"1969-08-07",224,162
"1969-08-08",219,162
"1969-08-09",222,162
"1969-08-10",219,162
"1969-08-11",214,162
"1969-08-12",209,162
"1969-08-13",204,152
"1969-08-14",204,157
"1969-08-15",204,167
"1969-08-16",204,167
"1969-08-17",208,167
"1969-08-18",208,162
"1969-08-19",204,162
"1969-08-20",204,162
"1969-08-21",204,162
"1969-08-22",201,162
"1969-08-23",201,162
"1969-08-24",204,162
"1969-08-25",211,157
"1969-08-26",219,157
"1969-08-27",226,157
"1969-08-28",234,157
"1969-08-29",236,152
"1969-08-30",238,152
"1969-08-31",242,157
"1969-09-01",246,157
"1969-09-02",250,152
"1969-09-03",254,152
"1969-09-04",258,152
"1969-09-05",258,152
"1969-09-06",258,152
"1969-09-07",258,157
"1969-09-08",258,152
"1969-09-09",258,152
"1969-09-10",258,152
"1969-09-11",258,152
"1969-09-12",258,152
"1969-09-13",258,152
"1969-09-14",258,152
"1969-09-15",258,147
"1969-09-16",258,147
"1969-09-17",258,147
"1969-09-18",254,147
"1969-09-19",254,152
"1969-09-20",254,152
"1969-09-21",254,152
"1969-09-22",254,152
"1969-09-23",258,157
"1969-09-24",258,152
"1969-09-25",258,152
"1969-09-26",258,152
"1969-09-27",258,152
"1969-09-28",258,147
"1969-09-29",258,152
"1969-09-30",254,152
"1969-10-01",254,147
"1969-10-02",254,147
"1969-10-03",254,152
"1969-10-04",254,152
"1969-10-05",256,152
"1969-10-06",258,157
"1969-10-07",258,157
"1969-10-08",262,157
"1969-10-09",262,152
"1969-10-10",258,152
"1969-10-11",262,152
"1969-10-12",264,152
"1969-10-13",266,157
"1969-10-14",270,157
"1969-10-15",270,157
"1969-10-16",270,152
"1969-10-17",274,157
"1969-10-18",274,152
"1969-10-19",274,152
"1969-10-20",274,152
"1969-10-21",274,152
"1969-10-22",274,152
"1969-10-23",274,152
"1969-10-24",274,147
"1969-10-25",274,147
"1969-10-26",274,147
"1969-10-27",274,152
"1969-10-28",274,152
"1969-10-29",274,152
"1969-10-30",278,152
"1969-10-31",274,147
"1969-11-01",274,147
"1969-11-02",278,147
"1969-11-03",278,147
"1969-11-04",278,142
"1969-11-05",282,147
"1969-11-06",282,147
"1969-11-07",282,147
"1969-11-08",282,142
"1969-11-09",286,142
"1969-11-10",290,142
"1969-11-11",286,147
"1969-11-12",286,142
"1969-11-13",286,147
"1969-11-14",286,147
"1969-11-15",286,147
"1969-11-16",286,147
"1969-11-17",290,147
"1969-11-18",288,147
"1969-11-19",286,142
"1969-11-20",286,147
"1969-11-21",286,142
"1969-11-22",290,147
"1969-11-23",294,147
"1969-11-24",290,147
"1969-11-25",290,137
"1969-11-26",294,142
"1969-11-27",294,142
"1969-11-28",290,142
"1969-11-29",286,137
"1969-11-30",286,137
"1969-12-01",286,137
"1969-12-02",290,137
"1969-12-03",290,137
"1969-12-04",290,137
"1969-12-05",293,140
"1969-12-06",296,145
"1969-12-07",299,150
"1969-12-08",299,155
"1969-12-09",299,155
"1969-12-10",304,155
"1969-12-11",304,155
"1969-12-12",304,155
"1969-12-13",304,155
"1969-12-14",304,155
"1969-12-15",304,155
"1969-12-16",304,152
"1969-12-17",304,152
"1969-12-18",304,152
"1969-12-19",304,152
"1969-12-20",308,152
"1969-12-21",308,152
"1969-12-22",304,152
"1969-12-23",304,152
"1969-12-24",308,152
"1969-12-25",308,147
"1969-12-26",308,147
"1969-12-27",308,147
"1969-12-28",308,147
"1969-12-29",312,147
"1969-12-30",308,147
"1969-12-31",308,152
"1970-01-01",308,152
"1970-01-02",308,152
"1970-01-03",308,152
"1970-01-04",308,152
"1970-01-05",310,152
"1970-01-06",312,157
"1970-01-07",308,157
"1970-01-08",304,157
"1970-01-09",304,157
"1970-01-10",304,157
"1970-01-11",304,152
"1970-01-12",304,157
"1970-01-13",308,157
"1970-01-14",308,157
"1970-01-15",308,162
"1970-01-16",308,162
"1970-01-17",308,157
"1970-01-18",308,157
"1970-01-19",308,157
"1970-01-20",304,157
"1970-01-21",304,157
"1970-01-22",304,157
"1970-01-23",304,157
"1970-01-24",304,157
"1970-01-25",308,157
"1970-01-26",308,157
"1970-01-27",304,157
"1970-01-28",304,157
"1970-01-29",299,157
"1970-01-30",299,152
"1970-01-31",304,157
"1970-02-01",308,157
"1970-02-02",308,157
"1970-02-03",308,152
"1970-02-04",308,152
"1970-02-05",308,157
"1970-02-06",310,162
"1970-02-07",312,167
"1970-02-08",312,167
"1970-02-09",314,167
"1970-02-10",317,167
"1970-02-11",312,167
"1970-02-12",312,167
"1970-02-13",312,172
"1970-02-14",312,172
"1970-02-15",312,172
"1970-02-16",312,172
"1970-02-17",312,172
"1970-02-18",312,172
"1970-02-19",308,172
"1970-02-20",312,172
"1970-02-21",312,172
"1970-02-22",312,172
"1970-02-23",317,172
"1970-02-24",321,178
"1970-02-25",326,178
"1970-02-26",326,178
"1970-02-27",322,184
"1970-02-28",322,184
"1970-03-01",326,184
"1970-03-02",326,184
"1970-03-03",330,184
"1970-03-04",330,184
"1970-03-05",326,189
"1970-03-06",332,189
"1970-03-07",339,194
"1970-03-08",345,200
"1970-03-09",345,200
"1970-03-10",340,200
"1970-03-11",335,200
"1970-03-12",335,206
"1970-03-13",335,206
"1970-03-14",335,206
"1970-03-15",335,206
"1970-03-16",340,206
"1970-03-17",340,206
"1970-03-18",340,206
"1970-03-19",340,206
"1970-03-20",340,206
"1970-03-21",340,206
"1970-03-22",340,206
"1970-03-23",345,206
"1970-03-24",345,200
"1970-03-25",345,206
"1970-03-26",340,206
"1970-03-27",335,206
"1970-03-28",335,206
"1970-03-29",340,206
"1970-03-30",340,206
"1970-03-31",340,206
"1970-04-01",340,206
"1970-04-02",340,206
"1970-04-03",340,206
"1970-04-04",340,206
"1970-04-05",340,206
"1970-04-06",340,206
"1970-04-07",335,206
"1970-04-08",335,206
"1970-04-09",340,206
"1970-04-10",335,206
"1970-04-11",335,206
"1970-04-12",335,211
"1970-04-13",335,206
"1970-04-14",335,206
"1970-04-15",340,211
"1970-04-16",340,211
"1970-04-17",335,211
"1970-04-18",338,211
"1970-04-19",342,217
"1970-04-20",345,217
"1970-04-21",340,217
"1970-04-22",335,211
"1970-04-23",335,211
"1970-04-24",330,217
"1970-04-25",330,217
"1970-04-26",330,217
"1970-04-27",330,217
"1970-04-28",330,217
"1970-04-29",326,217
"1970-04-30",326,217
"1970-05-01",326,217
"1970-05-02",326,217
"1970-05-03",330,217
"1970-05-04",330,217
"1970-05-05",326,211
"1970-05-06",322,211
"1970-05-07",322,211
"1970-05-08",322,217
"1970-05-09",322,217
"1970-05-10",322,217
"1970-05-11",319,217
"1970-05-12",317,217
"1970-05-13",317,217
"1970-05-14",319,217
"1970-05-15",321,235
"1970-05-16",322,259
"1970-05-17",324,259
"1970-05-18",326,259
"1970-05-19",326,253
"1970-05-20",326,253
"1970-05-21",330,253
"1970-05-22",335,253
"1970-05-23",340,259
"1970-05-24",345,266
"1970-05-25",350,266
"1970-05-26",354,266
"1970-05-27",358,278
"1970-05-28",362,285
"1970-05-29",366,285
"1970-05-30",370,285
"1970-05-31",370,285
"1970-06-01",370,285
"1970-06-02",370,278
"1970-06-03",370,278
"1970-06-04",365,272
"1970-06-05",360,272
"1970-06-06",360,272
"1970-06-07",365,272
"1970-06-08",360,266
"1970-06-09",360,266
"1970-06-10",365,266
"1970-06-11",365,266
"1970-06-12",360,266
"1970-06-13",360,259
"1970-06-14",355,259
"1970-06-15",350,259
"1970-06-16",345,259
"1970-06-17",345,253
"1970-06-18",342,253
"1970-06-19",340,253
"1970-06-20",340,253
"1970-06-21",335,253
"1970-06-22",332,253
"1970-06-23",330,253
"1970-06-24",330,253
"1970-06-25",335,253
"1970-06-26",330,247
"1970-06-27",330,247
"1970-06-28",326,247
"1970-06-29",330,247
"1970-06-30",326,247
"1970-07-01",322,247
"1970-07-02",322,241
"1970-07-03",317,241
"1970-07-04",317,241
"1970-07-05",317,241
"1970-07-06",312,241
"1970-07-07",308,241
"1970-07-08",304,241
"1970-07-09",308,241
"1970-07-10",304,235
"1970-07-11",304,235
"1970-07-12",299,235
"1970-07-13",294,235
"1970-07-14",294,235
"1970-07-15",299,235
"1970-07-16",304,235
"1970-07-17",299,235
"1970-07-18",299,229
"1970-07-19",299,229
"1970-07-20",294,223
"1970-07-21",290,223
"1970-07-22",294,217
"1970-07-23",292,217
"1970-07-24",290,217
"1970-07-25",290,217
"1970-07-26",290,217
"1970-07-27",290,217
"1970-07-28",286,217
"1970-07-29",286,217
"1970-07-30",286,217
"1970-07-31",286,217
"1970-08-01",282,211
"1970-08-02",282,211
"1970-08-03",286,211
"1970-08-04",286,211
"1970-08-05",286,211
"1970-08-06",286,211
"1970-08-07",286,211
"1970-08-08",286,206
"1970-08-09",286,206
"1970-08-10",282,206
"1970-08-11",278,200
"1970-08-12",282,200
"1970-08-13",278,200
"1970-08-14",274,200
"1970-08-15",276,200
"1970-08-16",278,200
"1970-08-17",274,200
"1970-08-18",270,200
"1970-08-19",270,194
"1970-08-20",266,194
"1970-08-21",262,194
"1970-08-22",266,194
"1970-08-23",266,194
"1970-08-24",270,189
"1970-08-25",266,189
"1970-08-26",266,184
"1970-08-27",266,184
"1970-08-28",262,184
"1970-08-29",266,184
"1970-08-30",266,184
"1970-08-31",262,184
"1970-09-01",262,184
"1970-09-02",262,184
"1970-09-03",258,178
"1970-09-04",262,178
"1970-09-05",258,184
"1970-09-06",258,184
"1970-09-07",258,178
"1970-09-08",254,178
"1970-09-09",250,178
"1970-09-10",250,178
"1970-09-11",254,178
"1970-09-12",250,178
"1970-09-13",254,178
"1970-09-14",258,178
"1970-09-15",262,178
"1970-09-16",266,178
"1970-09-17",270,184
"1970-09-18",266,184
"1970-09-19",262,184
"1970-09-20",262,184
"1970-09-21",262,184
"1970-09-22",266,184
"1970-09-23",270,184
"1970-09-24",266,189
"1970-09-25",270,189
"1970-09-26",274,189
"1970-09-27",274,189
"1970-09-28",274,189
"1970-09-29",274,189
"1970-09-30",274,189
"1970-10-01",274,189
"1970-10-02",278,189
"1970-10-03",282,189
"1970-10-04",282,189
"1970-10-05",282,194
"1970-10-06",282,200
"1970-10-07",282,200
"1970-10-08",282,194
"1970-10-09",278,194
"1970-10-10",278,194
"1970-10-11",282,194
"1970-10-12",284,194
"1970-10-13",286,194
"1970-10-14",286,194
"1970-10-15",286,189
"1970-10-16",282,189
"1970-10-17",282,189
"1970-10-18",286,189
"1970-10-19",288,194
"1970-10-20",290,194
"1970-10-21",290,194
"1970-10-22",290,194
"1970-10-23",294,194
"1970-10-24",299,194
"1970-10-25",299,194
"1970-10-26",294,194
"1970-10-27",294,194
"1970-10-28",290,194
"1970-10-29",290,194
"1970-10-30",290,194
"1970-10-31",290,194
"1970-11-01",290,194
"1970-11-02",290,194
"1970-11-03",290,189
"1970-11-04",290,189
"1970-11-05",290,189
"1970-11-06",290,189
"1970-11-07",290,189
"1970-11-08",290,189
"1970-11-09",294,184
"1970-11-10",290,184
"1970-11-11",290,184
"1970-11-12",290,184
"1970-11-13",290,184
"1970-11-14",290,184
"1970-11-15",290,178
"1970-11-16",290,178
"1970-11-17",290,184
"1970-11-18",290,184
"1970-11-19",290,184
"1970-11-20",290,184
"1970-11-21",290,184
"1970-11-22",290,184
"1970-11-23",286,184
"1970-11-24",286,184
"1970-11-25",286,184
"1970-11-26",290,184
"1970-11-27",290,184
"1970-11-28",286,184
"1970-11-29",286,184
"1970-11-30",286,184
"1970-12-01",286,184
"1970-12-02",286,178
"1970-12-03",290,178
"1970-12-04",286,172
"1970-12-05",286,172
"1970-12-06",286,172
"1970-12-07",286,172
"1970-12-08",286,172
"1970-12-09",286,172
"1970-12-10",286,167
"1970-12-11",290,167
"1970-12-12",286,167
"1970-12-13",286,167
"1970-12-14",286,162
"1970-12-15",286,167
"1970-12-16",286,162
"1970-12-17",286,162
"1970-12-18",286,162
"1970-12-19",286,162
"1970-12-20",286,162
"1970-12-21",286,162
"1970-12-22",286,162
"1970-12-23",286,162
"1970-12-24",286,162
"1970-12-25",286,157
"1970-12-26",286,157
"1970-12-27",290,157
"1970-12-28",286,157
"1970-12-29",286,162
"1970-12-30",286,162
"1970-12-31",286,157
"1971-01-01",286,157
"1971-01-02",286,157
"1971-01-03",286,157
"1971-01-04",286,157
"1971-01-05",286,152
"1971-01-06",282,152
"1971-01-07",282,152
"1971-01-08",286,152
"1971-01-09",286,152
"1971-01-10",282,152
"1971-01-11",278,152
"1971-01-12",278,152
"1971-01-13",278,152
"1971-01-14",278,152
"1971-01-15",282,152
"1971-01-16",282,152
"1971-01-17",282,152
"1971-01-18",282,147
"1971-01-19",278,147
"1971-01-20",278,147
"1971-01-21",274,147
"1971-01-22",274,147
"1971-01-23",274,147
"1971-01-24",270,147
"1971-01-25",266,147
"1971-01-26",266,142
"1971-01-27",266,142
"1971-01-28",266,142
"1971-01-29",262,142
"1971-01-30",262,147
"1971-01-31",258,147
"1971-02-01",258,142
"1971-02-02",258,142
"1971-02-03",254,142
"1971-02-04",258,142
"1971-02-05",262,142
"1971-02-06",258,147
"1971-02-07",254,142
"1971-02-08",254,142
"1971-02-09",254,142
"1971-02-10",254,147
"1971-02-11",254,142
"1971-02-12",250,142
"1971-02-13",250,147
"1971-02-14",250,147
"1971-02-15",250,147
"1971-02-16",246,147
"1971-02-17",246,142
"1971-02-18",242,147
"1971-02-19",242,147
"1971-02-20",242,147
"1971-02-21",242,147
"1971-02-22",242,147
"1971-02-23",242,147
"1971-02-24",242,142
"1971-02-25",244,142
"1971-02-26",246,142
"1971-02-27",246,142
"1971-02-28",246,142
"1971-03-01",246,142
"1971-03-02",246,142
"1971-03-03",242,137
"1971-03-04",246,137
"1971-03-05",242,137
"1971-03-06",242,137
"1971-03-07",242,132
"1971-03-08",242,132
"1971-03-09",242,132
"1971-03-10",242,132
"1971-03-11",242,132
"1971-03-12",236,132
"1971-03-13",230,132
"1971-03-14",228,132
"1971-03-15",226,132
"1971-03-16",222,127
"1971-03-17",222,127
"1971-03-18",219,127
"1971-03-19",219,127
"1971-03-20",215,127
"1971-03-21",219,127
"1971-03-22",215,127
"1971-03-23",211,127
"1971-03-24",211,127
"1971-03-25",211,127
"1971-03-26",211,127
"1971-03-27",211,132
"1971-03-28",206,132
"1971-03-29",201,127
"1971-03-30",201,127
"1971-03-31",197,127
"1971-04-01",197,127
"1971-04-02",201,127
"1971-04-03",197,127
"1971-04-04",197,127
"1971-04-05",196,122
"1971-04-06",195,122
"1971-04-07",194,122
"1971-04-08",194,127
"1971-04-09",190,122
"1971-04-10",187,122
"1971-04-11",187,122
"1971-04-12",187,127
"1971-04-13",187,127
"1971-04-14",184,127
"1971-04-15",184,122
"1971-04-16",187,127
"1971-04-17",189,127
"1971-04-18",190,122
"1971-04-19",192,122
"1971-04-20",194,122
"1971-04-21",197,127
"1971-04-22",195,127
"1971-04-23",194,127
"1971-04-24",194,127
"1971-04-25",194,122
"1971-04-26",190,122
"1971-04-27",187,127
"1971-04-28",184,127
"1971-04-29",180,122
"1971-04-30",177,122
"1971-05-01",177,122
"1971-05-02",180,122
"1971-05-03",174,122
"1971-05-04",168,122
"1971-05-05",168,122
"1971-05-06",168,127
"1971-05-07",168,122
"1971-05-08",171,127
"1971-05-09",174,127
"1971-05-10",174,122
"1971-05-11",174,122
"1971-05-12",174,122
"1971-05-13",172,118
"1971-05-14",171,118
"1971-05-15",171,117
"1971-05-16",171,117
"1971-05-17",165,116
"1971-05-18",159,114
"1971-05-19",153,112
"1971-05-20",153,114
"1971-05-21",153,118
"1971-05-22",156,118
"1971-05-23",156,118
"1971-05-24",156,118
"1971-05-25",156,122
"1971-05-26",155,122
"1971-05-27",154,122
"1971-05-28",153,122
"1971-05-29",153,118
"1971-05-30",156,118
"1971-05-31",150,118
"1971-06-01",145,118
"1971-06-02",140,116
"1971-06-03",135,115
"1971-06-04",128,115
"1971-06-05",125,116
"1971-06-06",118,116
"1971-06-07",111,115
"1971-06-08",105,113
"1971-06-09",101,114
"1971-06-10",98,110
"1971-06-11",94,109
"1971-06-12",95,107
"1971-06-13",95,107
"1971-06-14",96,105
"1971-06-15",100,109
"1971-06-16",105,108
"1971-06-17",99,112
"1971-06-18",94,111
"1971-06-19",101,111
"1971-06-20",108,111
"1971-06-21",116,111
"1971-06-22",125,112
"1971-06-23",125,113
"1971-06-24",125,111
"1971-06-25",125,109
"1971-06-26",129,112
"1971-06-27",133,110
"1971-06-28",137,114
"1971-06-29",141,110
"1971-06-30",144,107
"1971-07-01",147,107
"1971-07-02",150,107
"1971-07-03",150,108
"1971-07-04",150,107
"1971-07-05",145,105
"1971-07-06",141,104
"1971-07-07",139,104
"1971-07-08",141,104
"1971-07-09",138,103
"1971-07-10",136,99
"1971-07-11",133,100
"1971-07-12",129,98
"1971-07-13",126,96
"1971-07-14",123,94
"1971-07-15",117,98
"1971-07-16",112,98
"1971-07-17",112,98
"1971-07-18",110,100
"1971-07-19",106,98
"1971-07-20",102,98
"1971-07-21",99,98
"1971-07-22",95,98
"1971-07-23",92,99
"1971-07-24",94,102
"1971-07-25",96,102
"1971-07-26",98,100
"1971-07-27",99,98
"1971-07-28",100,98
"1971-07-29",99,98
"1971-07-30",98,98
"1971-07-31",98,102
"1971-08-01",105,103
"1971-08-02",124,106
"1971-08-03",139,111
"1971-08-04",156,114
"1971-08-05",162,114
"1971-08-06",168,118
"1971-08-07",174,117
"1971-08-08",177,118
"1971-08-09",180,118
"1971-08-10",177,118
"1971-08-11",180,118
"1971-08-12",183,118
"1971-08-13",187,118
"1971-08-14",192,118
"1971-08-15",198,118
"1971-08-16",204,118
"1971-08-17",204,118
"1971-08-18",204,117
"1971-08-19",209,117
"1971-08-20",215,117
"1971-08-21",220,117
"1971-08-22",226,118
"1971-08-23",230,118
"1971-08-24",225,115
"1971-08-25",220,114
"1971-08-26",215,114
"1971-08-27",211,116
"1971-08-28",211,116
"1971-08-29",215,117
"1971-08-30",215,118
"1971-08-31",215,116
"1971-09-01",215,116
"1971-09-02",219,116
"1971-09-03",219,115
"1971-09-04",222,114
"1971-09-05",222,114
"1971-09-06",218,114
"1971-09-07",215,110
"1971-09-08",211,108
"1971-09-09",215,108
"1971-09-10",219,109
"1971-09-11",222,112
"1971-09-12",226,108
"1971-09-13",230,106
"1971-09-14",230,104
"1971-09-15",230,104
"1971-09-16",230,104
"1971-09-17",230,105
"1971-09-18",234,104
"1971-09-19",234,105
"1971-09-20",234,105
"1971-09-21",237,107
"1971-09-22",239,112
"1971-09-23",242,107
"1971-09-24",238,111
"1971-09-25",238,109
"1971-09-26",242,107
"1971-09-27",242,106
"1971-09-28",238,105
"1971-09-29",238,105
"1971-09-30",242,104
"1971-10-01",242,104
"1971-10-02",242,104
"1971-10-03",242,104
"1971-10-04",246,108
"1971-10-05",246,107
"1971-10-06",246,105
"1971-10-07",246,104
"1971-10-08",250,104
"1971-10-09",250,104
"1971-10-10",254,104
"1971-10-11",250,104
"1971-10-12",254,104
"1971-10-13",254,106
"1971-10-14",254,107
"1971-10-15",254,104
"1971-10-16",254,106
"1971-10-17",258,107
"1971-10-18",258,108
"1971-10-19",258,106
"1971-10-20",262,108
"1971-10-21",266,114
"1971-10-22",270,114
"1971-10-23",270,114
"1971-10-24",274,109
"1971-10-25",278,109
"1971-10-26",274,114
"1971-10-27",278,114
"1971-10-28",278,113
"1971-10-29",278,112
"1971-10-30",282,111
"1971-10-31",282,114
"1971-11-01",282,113
"1971-11-02",282,110
"1971-11-03",282,109
"1971-11-04",286,112
"1971-11-05",286,111
"1971-11-06",282,112
"1971-11-07",282,113
"1971-11-08",284,114
"1971-11-09",286,114
"1971-11-10",290,113
"1971-11-11",286,113
"1971-11-12",290,112
"1971-11-13",290,114
"1971-11-14",290,114
"1971-11-15",290,114
"1971-11-16",290,111
"1971-11-17",290,112
"1971-11-18",292,118
"1971-11-19",294,127
"1971-11-20",299,127
"1971-11-21",299,127
"1971-11-22",304,127
"1971-11-23",304,132
"1971-11-24",299,132
"1971-11-25",299,132
"1971-11-26",304,132
"1971-11-27",304,132
"1971-11-28",304,132
"1971-11-29",304,132
"1971-11-30",299,132
"1971-12-01",304,132
"1971-12-02",304,137
"1971-12-03",304,147
"1971-12-04",304,147
"1971-12-05",308,152
"1971-12-06",313,162
"1971-12-07",317,167
"1971-12-08",312,189
"1971-12-09",317,200
"1971-12-10",317,200
"1971-12-11",312,200
"1971-12-12",312,200
"1971-12-13",312,206
"1971-12-14",312,206
"1971-12-15",312,200
"1971-12-16",317,200
"1971-12-17",317,200
"1971-12-18",317,200
"1971-12-19",317,200
"1971-12-20",317,200
"1971-12-21",322,200
"1971-12-22",317,200
"1971-12-23",322,200
"1971-12-24",322,200
"1971-12-25",322,200
"1971-12-26",326,200
"1971-12-27",326,200
"1971-12-28",326,200
"1971-12-29",326,200
"1971-12-30",326,200
"1971-12-31",326,200
"1972-01-01",330,200
"1972-01-02",326,200
"1972-01-03",322,200
"1972-01-04",322,194
"1972-01-05",317,194
"1972-01-06",317,194
"1972-01-07",317,194
"1972-01-08",322,194
"1972-01-09",322,194
"1972-01-10",322,194
"1972-01-11",317,194
"1972-01-12",322,189
"1972-01-13",322,189
"1972-01-14",322,189
"1972-01-15",317,189
"1972-01-16",322,189
"1972-01-17",322,189
"1972-01-18",322,189
"1972-01-19",322,189
"1972-01-20",322,184
"1972-01-21",322,184
"1972-01-22",322,184
"1972-01-23",322,184
"1972-01-24",326,178
"1972-01-25",322,178
"1972-01-26",322,178
"1972-01-27",322,178
"1972-01-28",322,178
"1972-01-29",322,178
"1972-01-30",326,178
"1972-01-31",322,184
"1972-02-01",322,178
"1972-02-02",322,178
"1972-02-03",322,172
"1972-02-04",322,172
"1972-02-05",322,172
"1972-02-06",322,178
"1972-02-07",322,172
"1972-02-08",322,178
"1972-02-09",322,172
"1972-02-10",322,172
"1972-02-11",322,172
"1972-02-12",322,172
"1972-02-13",322,172
"1972-02-14",322,172
"1972-02-15",322,172
"1972-02-16",322,178
"1972-02-17",322,178
"1972-02-18",322,172
"1972-02-19",317,178
"1972-02-20",310,178
"1972-02-21",304,178
"1972-02-22",308,178
"1972-02-23",308,178
"1972-02-24",308,178
"1972-02-25",310,178
"1972-02-26",312,172
"1972-02-27",317,172
"1972-02-28",312,167
"1972-02-29",312,167
"1972-03-01",308,167
"1972-03-02",308,167
"1972-03-03",308,167
"1972-03-04",308,167
"1972-03-05",308,162
"1972-03-06",308,162
"1972-03-07",308,162
"1972-03-08",308,162
"1972-03-09",308,157
"1972-03-10",308,157
"1972-03-11",304,157
"1972-03-12",304,162
"1972-03-13",304,157
"1972-03-14",304,157
"1972-03-15",308,157
"1972-03-16",308,157
"1972-03-17",308,157
"1972-03-18",304,152
"1972-03-19",304,152
"1972-03-20",299,157
"1972-03-21",299,157
"1972-03-22",294,152
"1972-03-23",290,152
"1972-03-24",290,152
"1972-03-25",294,152
"1972-03-26",290,152
"1972-03-27",290,152
"1972-03-28",290,152
"1972-03-29",286,157
"1972-03-30",282,157
"1972-03-31",282,152
"1972-04-01",282,152
"1972-04-02",282,157
"1972-04-03",282,157
"1972-04-04",278,157
"1972-04-05",282,157
"1972-04-06",278,152
"1972-04-07",274,152
"1972-04-08",270,152
"1972-04-09",270,152
"1972-04-10",270,157
"1972-04-11",266,152
"1972-04-12",262,152
"1972-04-13",262,152
"1972-04-14",258,152
"1972-04-15",254,157
"1972-04-16",254,152
"1972-04-17",250,152
"1972-04-18",250,152
"1972-04-19",250,152
"1972-04-20",246,152
"1972-04-21",246,152
"1972-04-22",246,152
"1972-04-23",246,152
"1972-04-24",246,152
"1972-04-25",246,152
"1972-04-26",242,152
"1972-04-27",244,152
"1972-04-28",246,157
"1972-04-29",250,157
"1972-04-30",254,157
"1972-05-01",254,152
"1972-05-02",252,152
"1972-05-03",250,152
"1972-05-04",246,152
"1972-05-05",242,152
"1972-05-06",252,157
"1972-05-07",263,157
"1972-05-08",274,157
"1972-05-09",286,152
"1972-05-10",294,157
"1972-05-11",303,167
"1972-05-12",312,178
"1972-05-13",321,178
"1972-05-14",330,178
"1972-05-15",340,172
"1972-05-16",349,172
"1972-05-17",360,184
"1972-05-18",370,178
"1972-05-19",365,172
"1972-05-20",365,172
"1972-05-21",360,178
"1972-05-22",360,178
"1972-05-23",368,184
"1972-05-24",376,178
"1972-05-25",385,178
"1972-05-26",390,172
"1972-05-27",378,172
"1972-05-28",366,172
"1972-05-29",355,172
"1972-05-30",355,172
"1972-05-31",352,172
"1972-06-01",350,167
"1972-06-02",345,167
"1972-06-03",340,167
"1972-06-04",335,167
"1972-06-05",335,167
"1972-06-06",335,167
"1972-06-07",335,167
"1972-06-08",330,167
"1972-06-09",332,172
"1972-06-10",335,172
"1972-06-11",335,172
"1972-06-12",335,172
"1972-06-13",330,167
"1972-06-14",330,167
"1972-06-15",335,167
"1972-06-16",336,172
"1972-06-17",337,172
"1972-06-18",338,178
"1972-06-19",339,178
"1972-06-20",340,172
"1972-06-21",340,172
"1972-06-22",340,172
"1972-06-23",335,172
"1972-06-24",335,172
"1972-06-25",335,172
"1972-06-26",330,172
"1972-06-27",323,172
"1972-06-28",317,172
"1972-06-29",317,172
"1972-06-30",317,172
"1972-07-01",317,172
"1972-07-02",322,172
"1972-07-03",317,172
"1972-07-04",322,172
"1972-07-05",317,172
"1972-07-06",312,172
"1972-07-07",308,172
"1972-07-08",312,172
"1972-07-09",317,172
"1972-07-10",314,172
"1972-07-11",312,172
"1972-07-12",312,172
"1972-07-13",308,172
"1972-07-14",312,172
"1972-07-15",308,167
"1972-07-16",312,172
"1972-07-17",308,167
"1972-07-18",308,167
"1972-07-19",308,162
"1972-07-20",308,162
"1972-07-21",308,162
"1972-07-22",304,162
"1972-07-23",308,162
"1972-07-24",308,162
"1972-07-25",312,162
"1972-07-26",305,162
"1972-07-27",299,162
"1972-07-28",303,162
"1972-07-29",308,162
"1972-07-30",303,162
"1972-07-31",299,162
"1972-08-01",304,162
"1972-08-02",304,157
"1972-08-03",308,162
"1972-08-04",308,162
"1972-08-05",308,162
"1972-08-06",308,157
"1972-08-07",312,157
"1972-08-08",312,157
"1972-08-09",312,152
"1972-08-10",312,152
"1972-08-11",308,152
"1972-08-12",308,157
"1972-08-13",312,157
"1972-08-14",308,157
"1972-08-15",308,157
"1972-08-16",304,157
"1972-08-17",299,157
"1972-08-18",299,157
"1972-08-19",304,157
"1972-08-20",304,157
"1972-08-21",299,157
"1972-08-22",299,157
"1972-08-23",299,157
"1972-08-24",299,157
"1972-08-25",299,157
"1972-08-26",299,157
"1972-08-27",304,152
"1972-08-28",304,152
"1972-08-29",304,152
"1972-08-30",304,152
"1972-08-31",304,152
"1972-09-01",304,152
"1972-09-02",304,157
"1972-09-03",304,157
"1972-09-04",304,157
"1972-09-05",304,152
"1972-09-06",299,152
"1972-09-07",294,152
"1972-09-08",294,152
"1972-09-09",294,152
"1972-09-10",299,152
"1972-09-11",294,152
"1972-09-12",294,147
"1972-09-13",290,147
"1972-09-14",294,147
"1972-09-15",299,147
"1972-09-16",294,147
"1972-09-17",294,147
"1972-09-18",290,142
"1972-09-19",290,142
"1972-09-20",290,142
"1972-09-21",290,142
"1972-09-22",290,142
"1972-09-23",297,147
"1972-09-24",304,147
"1972-09-25",299,142
"1972-09-26",304,142
"1972-09-27",308,147
"1972-09-28",301,142
"1972-09-29",294,142
"1972-09-30",299,142
"1972-10-01",304,141
"1972-10-02",306,141
"1972-10-03",308,135
"1972-10-04",308,132
"1972-10-05",304,134
"1972-10-06",304,133
"1972-10-07",304,135
"1972-10-08",304,134
"1972-10-09",304,133
"1972-10-10",299,132
"1972-10-11",299,129
"1972-10-12",299,129
"1972-10-13",299,129
"1972-10-14",299,129
"1972-10-15",294,129
"1972-10-16",296,129
"1972-10-17",299,129
"1972-10-18",294,128
"1972-10-19",294,128
"1972-10-20",294,128
"1972-10-21",299,129
"1972-10-22",303,138
"1972-10-23",308,147
"1972-10-24",304,147
"1972-10-25",304,146
"1972-10-26",304,146
"1972-10-27",304,145
"1972-10-28",308,144
"1972-10-29",308,144
"1972-10-30",308,144
"1972-10-31",308,143
"1972-11-01",310,142
"1972-11-02",312,143
"1972-11-03",312,144
"1972-11-04",312,142
"1972-11-05",312,142
"1972-11-06",312,142
"1972-11-07",312,143
"1972-11-08",312,144
"1972-11-09",312,142
"1972-11-10",308,141
"1972-11-11",312,143
"1972-11-12",312,144
"1972-11-13",314,144
"1972-11-14",317,147
"1972-11-15",317,145
"1972-11-16",317,145
"1972-11-17",317,147
"1972-11-18",322,149
"1972-11-19",326,149
"1972-11-20",322,149
"1972-11-21",322,151
"1972-11-22",322,151
"1972-11-23",326,151
"1972-11-24",328,156
"1972-11-25",330,159
"1972-11-26",330,159
"1972-11-27",330,159
"1972-11-28",326,159
"1972-11-29",326,160
"1972-11-30",326,160
"1972-12-01",326,161
"1972-12-02",326,161
"1972-12-03",326,161
"1972-12-04",322,160
"1972-12-05",326,160
"1972-12-06",322,161
"1972-12-07",326,160
"1972-12-08",326,160
"1972-12-09",322,161
"1972-12-10",322,162
"1972-12-11",322,162
"1972-12-12",322,163
"1972-12-13",322,163
"1972-12-14",322,163
"1972-12-15",322,161
"1972-12-16",322,162
"1972-12-17",322,162
"1972-12-18",322,162
"1972-12-19",322,162
"1972-12-20",322,161
"1972-12-21",322,160
"1972-12-22",322,159
"1972-12-23",322,160
"1972-12-24",322,159
"1972-12-25",322,160
"1972-12-26",322,159
"1972-12-27",317,157
"1972-12-28",317,160
"1972-12-29",322,160
"1972-12-30",322,160
"1972-12-31",322,160
"1973-01-01",326,161
"1973-01-02",330,161
"1973-01-03",330,161
"1973-01-04",326,160
"1973-01-05",326,160
"1973-01-06",322,161
"1973-01-07",326,163
"1973-01-08",322,160
"1973-01-09",322,159
"1973-01-10",322,160
"1973-01-11",326,161
"1973-01-12",322,161
"1973-01-13",322,162
"1973-01-14",322,162
"1973-01-15",322,162
"1973-01-16",322,162
"1973-01-17",322,161
"1973-01-18",322,160
"1973-01-19",326,160
"1973-01-20",326,162
"1973-01-21",326,164
"1973-01-22",326,163
"1973-01-23",322,163
"1973-01-24",322,164
"1973-01-25",325,166
"1973-01-26",327,167
"1973-01-27",330,167
"1973-01-28",326,166
"1973-01-29",326,163
"1973-01-30",326,164
"1973-01-31",326,165
"1973-02-01",326,167
"1973-02-02",322,169
"1973-02-03",322,171
"1973-02-04",317,174
"1973-02-05",317,174
"1973-02-06",312,175
"1973-02-07",312,175
"1973-02-08",317,177
"1973-02-09",317,175
"1973-02-10",317,174
"1973-02-11",317,175
"1973-02-12",317,175
"1973-02-13",317,177
"1973-02-14",317,178
"1973-02-15",317,176
"1973-02-16",317,175
"1973-02-17",323,177
"1973-02-18",330,178
"1973-02-19",326,178
"1973-02-20",322,178
"1973-02-21",328,187
"1973-02-22",333,189
"1973-02-23",339,189
"1973-02-24",345,188
"1973-02-25",340,189
"1973-02-26",340,190
"1973-02-27",340,191
"1973-02-28",340,191
"1973-03-01",345,191
"1973-03-02",340,191
"1973-03-03",340,192
"1973-03-04",340,192
"1973-03-05",340,192
"1973-03-06",340,191
"1973-03-07",345,191
"1973-03-08",340,191
"1973-03-09",340,192
"1973-03-10",335,194
"1973-03-11",340,191
"1973-03-12",342,190
"1973-03-13",345,191
"1973-03-14",345,190
"1973-03-15",345,191
"1973-03-16",345,198
"1973-03-17",340,198
"1973-03-18",335,199
"1973-03-19",330,199
"1973-03-20",330,199
"1973-03-21",330,198
"1973-03-22",330,198
"1973-03-23",335,201
"1973-03-24",340,212
"1973-03-25",345,210
"1973-03-26",340,210
"1973-03-27",340,209
"1973-03-28",335,208
"1973-03-29",335,208
"1973-03-30",330,208
"1973-03-31",330,208
"1973-04-01",335,208
"1973-04-02",340,208
"1973-04-03",335,208
"1973-04-04",330,207
"1973-04-05",330,206
"1973-04-06",332,210
"1973-04-07",333,207
"1973-04-08",335,206
"1973-04-09",335,203
"1973-04-10",335,201
"1973-04-11",335,200
"1973-04-12",335,202
"1973-04-13",335,203
"1973-04-14",335,203
"1973-04-15",342,204
"1973-04-16",349,204
"1973-04-17",356,204
"1973-04-18",363,206
"1973-04-19",370,208
"1973-04-20",372,206
"1973-04-21",375,206
"1973-04-22",375,206
"1973-04-23",375,207
"1973-04-24",375,208
"1973-04-25",370,208
"1973-04-26",370,211
"1973-04-27",370,212
"1973-04-28",370,210
"1973-04-29",370,210
"1973-04-30",370,211
"1973-05-01",370,212
"1973-05-02",370,212
"1973-05-03",370,211
"1973-05-04",370,211
"1973-05-05",370,213
"1973-05-06",375,215
"1973-05-07",375,221
"1973-05-08",370,217
"1973-05-09",370,215
"1973-05-10",370,213
"1973-05-11",370,213
"1973-05-12",370,215
"1973-05-13",370,213
"1973-05-14",375,212
"1973-05-15",370,211
"1973-05-16",365,211
"1973-05-17",365,209
"1973-05-18",365,210
"1973-05-19",365,211
"1973-05-20",370,211
"1973-05-21",370,208
"1973-05-22",365,208
"1973-05-23",360,209
"1973-05-24",365,210
"1973-05-25",360,210
"1973-05-26",360,210
"1973-05-27",357,209
"1973-05-28",355,206
"1973-05-29",355,204
"1973-05-30",355,202
"1973-05-31",347,202
"1973-06-01",340,203
"1973-06-02",345,204
"1973-06-03",345,206
"1973-06-04",340,206
"1973-06-05",335,207
"1973-06-06",335,204
"1973-06-07",330,199
"1973-06-08",326,198
"1973-06-09",330,200
"1973-06-10",330,199
"1973-06-11",336,201
"1973-06-12",342,231
"1973-06-13",348,241
"1973-06-14",354,236
"1973-06-15",360,233
"1973-06-16",360,225
"1973-06-17",365,224
"1973-06-18",365,223
"1973-06-19",360,222
"1973-06-20",360,221
"1973-06-21",365,224
"1973-06-22",365,222
"1973-06-23",365,219
"1973-06-24",365,221
"1973-06-25",372,227
"1973-06-26",378,229
"1973-06-27",385,231
"1973-06-28",385,225
"1973-06-29",380,224
"1973-06-30",380,223
"1973-07-01",380,223
"1973-07-02",380,222
"1973-07-03",375,221
"1973-07-04",375,218
"1973-07-05",375,218
"1973-07-06",375,217
"1973-07-07",380,219
"1973-07-08",386,223
"1973-07-09",391,239
"1973-07-10",396,235
"1973-07-11",402,234
"1973-07-12",396,230
"1973-07-13",396,229
"1973-07-14",396,229
"1973-07-15",396,229
"1973-07-16",403,257
"1973-07-17",411,275
"1973-07-18",418,272
"1973-07-19",429,266
"1973-07-20",440,253
"1973-07-21",445,247
"1973-07-22",451,243
"1973-07-23",451,239
"1973-07-24",451,236
"1973-07-25",451,233
"1973-07-26",445,233
"1973-07-27",440,231
"1973-07-28",446,231
"1973-07-29",431,231
"1973-07-30",416,230
"1973-07-31",402,230
"1973-08-01",407,234
"1973-08-02",407,233
"1973-08-03",402,230
"1973-08-04",402,230
"1973-08-05",402,230
"1973-08-06",402,229
"1973-08-07",396,228
"1973-08-08",396,227
"1973-08-09",393,225
"1973-08-10",390,227
"1973-08-11",390,225
"1973-08-12",390,224
"1973-08-13",396,224
"1973-08-14",390,224
"1973-08-15",396,222
"1973-08-16",390,219
"1973-08-17",385,221
"1973-08-18",385,221
"1973-08-19",390,219
"1973-08-20",387,218
"1973-08-21",385,219
"1973-08-22",385,218
"1973-08-23",390,218
"1973-08-24",385,215
"1973-08-25",385,215
"1973-08-26",390,215
"1973-08-27",390,213
"1973-08-28",385,212
"1973-08-29",390,213
"1973-08-30",396,212
"1973-08-31",390,208
"1973-09-01",385,210
"1973-09-02",390,210
"1973-09-03",385,208
"1973-09-04",385,207
"1973-09-05",380,209
"1973-09-06",385,208
"1973-09-07",390,208
"1973-09-08",390,206
"1973-09-09",390,204
"1973-09-10",385,204
"1973-09-11",385,202
"1973-09-12",380,200
"1973-09-13",385,199
"1973-09-14",390,199
"1973-09-15",390,198
"1973-09-16",396,199
"1973-09-17",396,198
"1973-09-18",396,197
"1973-09-19",390,194
"1973-09-20",387,193
"1973-09-21",385,192
"1973-09-22",390,192
"1973-09-23",390,192
"1973-09-24",390,191
"1973-09-25",396,190
"1973-09-26",403,188
"1973-09-27",411,211
"1973-09-28",418,215
"1973-09-29",426,209
"1973-09-30",434,208
"1973-10-01",429,207
"1973-10-02",429,204
"1973-10-03",434,202
"1973-10-04",436,203
"1973-10-05",438,202
"1973-10-06",440,203
"1973-10-07",440,204
"1973-10-08",434,203
"1973-10-09",429,204
"1973-10-10",434,203
"1973-10-11",468,206
"1973-10-12",489,215
"1973-10-13",511,267
"1973-10-14",534,280
"1973-10-15",521,288
"1973-10-16",508,303
"1973-10-17",495,310
"1973-10-18",490,310
"1973-10-19",487,310
"1973-10-20",484,310
"1973-10-21",484,308
"1973-10-22",478,307
"1973-10-23",470,304
"1973-10-24",462,302
"1973-10-25",456,298
"1973-10-26",453,298
"1973-10-27",451,299
"1973-10-28",456,298
"1973-10-29",456,295
"1973-10-30",458,294
"1973-10-31",460,295
"1973-11-01",462,295
"1973-11-02",462,292
"1973-11-03",462,292
"1973-11-04",462,290
"1973-11-05",456,289
"1973-11-06",456,288
"1973-11-07",456,288
"1973-11-08",451,288
"1973-11-09",451,286
"1973-11-10",451,284
"1973-11-11",451,282
"1973-11-12",451,281
"1973-11-13",451,278
"1973-11-14",451,280
"1973-11-15",446,280
"1973-11-16",446,278
"1973-11-17",446,278
"1973-11-18",446,278
"1973-11-19",446,277
"1973-11-20",446,276
"1973-11-21",446,273
"1973-11-22",446,273
"1973-11-23",446,273
"1973-11-24",446,275
"1973-11-25",446,272
"1973-11-26",446,271
"1973-11-27",440,268
"1973-11-28",440,266
"1973-11-29",440,264
"1973-11-30",446,264
"1973-12-01",451,263
"1973-12-02",451,263
"1973-12-03",451,259
"1973-12-04",446,258
"1973-12-05",440,257
"1973-12-06",440,255
"1973-12-07",440,255
"1973-12-08",440,255
"1973-12-09",440,254
"1973-12-10",440,252
"1973-12-11",440,251
"1973-12-12",440,251
"1973-12-13",434,249
"1973-12-14",434,248
"1973-12-15",434,247
"1973-12-16",434,246
"1973-12-17",434,245
"1973-12-18",434,243
"1973-12-19",434,241
"1973-12-20",434,240
"1973-12-21",434,240
"1973-12-22",434,241
"1973-12-23",434,241
"1973-12-24",434,240
"1973-12-25",434,237
"1973-12-26",434,235
"1973-12-27",434,233
"1973-12-28",434,231
"1973-12-29",429,230
"1973-12-30",429,229
"1973-12-31",429,228
"1974-01-01",429,227
"1974-01-02",429,224
"1974-01-03",429,223
"1974-01-04",429,221
"1974-01-05",429,221
"1974-01-06",429,221
"1974-01-07",429,219
"1974-01-08",429,218
"1974-01-09",429,217
"1974-01-10",429,216
"1974-01-11",429,213
"1974-01-12",429,212
"1974-01-13",429,211
"1974-01-14",429,208
"1974-01-15",429,204
"1974-01-16",429,205
"1974-01-17",429,206
"1974-01-18",434,210
"1974-01-19",434,210
"1974-01-20",429,209
"1974-01-21",429,209
"1974-01-22",424,206
"1974-01-23",424,206
"1974-01-24",437,209
"1974-01-25",451,208
"1974-01-26",444,209
"1974-01-27",436,209
"1974-01-28",429,207
"1974-01-29",429,207
"1974-01-30",424,205
"1974-01-31",424,205
"1974-02-01",429,205
"1974-02-02",434,206
"1974-02-03",429,205
"1974-02-04",429,203
"1974-02-05",429,201
"1974-02-06",429,199
"1974-02-07",429,200
"1974-02-08",429,200
"1974-02-09",430,199
"1974-02-10",431,199
"1974-02-11",433,199
"1974-02-12",434,199
"1974-02-13",434,198
"1974-02-14",429,198
"1974-02-15",429,198
"1974-02-16",429,198
"1974-02-17",429,193
"1974-02-18",429,193
"1974-02-19",424,193
"1974-02-20",418,189
"1974-02-21",418,190
"1974-02-22",418,186
"1974-02-23",418,187
"1974-02-24",418,186
"1974-02-25",418,185
"1974-02-26",418,186
"1974-02-27",412,185
"1974-02-28",412,184
"1974-03-01",412,185
"1974-03-02",412,184
"1974-03-03",412,184
"1974-03-04",407,180
"1974-03-05",407,182
"1974-03-06",407,179
"1974-03-07",407,178
"1974-03-08",407,179
"1974-03-09",407,178
"1974-03-10",407,176
"1974-03-11",407,179
"1974-03-12",402,180
"1974-03-13",402,180
"1974-03-14",407,180
"1974-03-15",412,180
"1974-03-16",407,180
"1974-03-17",407,180
"1974-03-18",407,181
"1974-03-19",401,182
"1974-03-20",396,182
"1974-03-21",396,180
"1974-03-22",396,180
"1974-03-23",396,181
"1974-03-24",396,181
"1974-03-25",396,181
"1974-03-26",396,180
"1974-03-27",396,179
"1974-03-28",396,181
"1974-03-29",390,180
"1974-03-30",390,180
"1974-03-31",390,179
"1974-04-01",385,178
"1974-04-02",385,178
"1974-04-03",380,175
"1974-04-04",380,174
"1974-04-05",380,172
"1974-04-06",380,173
"1974-04-07",385,174
"1974-04-08",380,172
"1974-04-09",385,172
"1974-04-10",385,173
"1974-04-11",380,174
"1974-04-12",375,176
"1974-04-13",375,175
"1974-04-14",375,174
"1974-04-15",380,171
"1974-04-16",380,170
"1974-04-17",380,170
"1974-04-18",380,170
"1974-04-19",377,170
"1974-04-20",375,169
"1974-04-21",380,169
"1974-04-22",380,170
"1974-04-23",380,170
"1974-04-24",380,170
"1974-04-25",380,169
"1974-04-26",375,166
"1974-04-27",375,167
"1974-04-28",375,167
"1974-04-29",375,167
"1974-04-30",375,167
"1974-05-01",373,167
"1974-05-02",372,167
"1974-05-03",370,164
"1974-05-04",369,167
"1974-05-05",367,167
"1974-05-06",366,166
"1974-05-07",365,164
"1974-05-08",370,163
"1974-05-09",374,163
"1974-05-10",378,190
"1974-05-11",382,196
"1974-05-12",386,202
"1974-05-13",390,206
"1974-05-14",385,207
"1974-05-15",385,207
"1974-05-16",390,209
"1974-05-17",385,208
"1974-05-18",390,200
"1974-05-19",396,199
"1974-05-20",388,199
"1974-05-21",380,199
"1974-05-22",385,199
"1974-05-23",385,198
"1974-05-24",380,195
"1974-05-25",385,196
"1974-05-26",385,195
"1974-05-27",385,194
"1974-05-28",380,194
"1974-05-29",380,193
"1974-05-30",380,193
"1974-05-31",380,192
"1974-06-01",380,192
"1974-06-02",380,190
"1974-06-03",380,191
"1974-06-04",375,189
"1974-06-05",375,187
"1974-06-06",370,187
"1974-06-07",365,185
"1974-06-08",370,184
"1974-06-09",370,184
"1974-06-10",367,185
"1974-06-11",365,181
"1974-06-12",365,181
"1974-06-13",365,181
"1974-06-14",360,180
"1974-06-15",360,179
"1974-06-16",360,179
"1974-06-17",360,179
"1974-06-18",355,178
"1974-06-19",355,176
"1974-06-20",355,177
"1974-06-21",355,176
"1974-06-22",355,176
"1974-06-23",355,177
"1974-06-24",350,176
"1974-06-25",345,178
"1974-06-26",345,171
"1974-06-27",345,171
"1974-06-28",340,169
"1974-06-29",340,170
"1974-06-30",340,171
"1974-07-01",340,169
"1974-07-02",335,169
"1974-07-03",340,167
"1974-07-04",340,167
"1974-07-05",335,167
"1974-07-06",335,166
"1974-07-07",335,166
"1974-07-08",335,165
"1974-07-09",335,164
"1974-07-10",335,164
"1974-07-11",335,162
"1974-07-12",335,161
"1974-07-13",335,162
"1974-07-14",335,161
"1974-07-15",335,161
"1974-07-16",330,159
"1974-07-17",335,157
"1974-07-18",340,156
"1974-07-19",335,157
"1974-07-20",330,155
"1974-07-21",330,155
"1974-07-22",326,154
"1974-07-23",322,151
"1974-07-24",322,148
"1974-07-25",317,147
"1974-07-26",312,146
"1974-07-27",317,148
"1974-07-28",312,147
"1974-07-29",305,145
"1974-07-30",299,140
"1974-07-31",304,143
"1974-08-01",299,142
"1974-08-02",294,142
"1974-08-03",299,141
"1974-08-04",299,141
"1974-08-05",305,140
"1974-08-06",312,142
"1974-08-07",318,146
"1974-08-08",324,164
"1974-08-09",330,163
"1974-08-10",326,161
"1974-08-11",326,158
"1974-08-12",326,156
"1974-08-13",326,155
"1974-08-14",326,154
"1974-08-15",330,154
"1974-08-16",326,153
"1974-08-17",330,153
"1974-08-18",330,153
"1974-08-19",326,152
"1974-08-20",322,151
"1974-08-21",322,150
"1974-08-22",322,150
"1974-08-23",317,150
"1974-08-24",322,149
"1974-08-25",322,149
"1974-08-26",326,149
"1974-08-27",326,148
"1974-08-28",330,147
"1974-08-29",338,148
"1974-08-30",346,150
"1974-08-31",355,152
"1974-09-01",350,154
"1974-09-02",345,154
"1974-09-03",340,152
"1974-09-04",345,154
"1974-09-05",350,152
"1974-09-06",350,152
"1974-09-07",355,152
"1974-09-08",355,152
"1974-09-09",355,153
"1974-09-10",360,154
"1974-09-11",360,152
"1974-09-12",362,157
"1974-09-13",365,172
"1974-09-14",367,189
"1974-09-15",370,188
"1974-09-16",365,186
"1974-09-17",365,185
"1974-09-18",365,185
"1974-09-19",370,186
"1974-09-20",370,185
"1974-09-21",370,185
"1974-09-22",365,184
"1974-09-23",365,185
"1974-09-24",365,184
"1974-09-25",367,185
"1974-09-26",370,185
"1974-09-27",375,184
"1974-09-28",375,184
"1974-09-29",370,182
"1974-09-30",370,182
"1974-10-01",370,181
"1974-10-02",370,181
"1974-10-03",370,179
"1974-10-04",370,178
"1974-10-05",370,179
"1974-10-06",370,179
"1974-10-07",370,178
"1974-10-08",370,177
"1974-10-09",370,176
"1974-10-10",370,175
"1974-10-11",370,175
"1974-10-12",370,176
"1974-10-13",370,176
"1974-10-14",370,175
"1974-10-15",370,173
"1974-10-16",370,172
"1974-10-17",370,173
"1974-10-18",370,172
"1974-10-19",370,172
"1974-10-20",370,172
"1974-10-21",370,172
"1974-10-22",370,170
"1974-10-23",375,171
"1974-10-24",380,171
"1974-10-25",385,171
"1974-10-26",380,169
"1974-10-27",380,169
"1974-10-28",380,169
"1974-10-29",385,168
"1974-10-30",385,167
"1974-10-31",387,172
"1974-11-01",390,189
"1974-11-02",385,185
"1974-11-03",385,181
"1974-11-04",385,180
"1974-11-05",390,179
"1974-11-06",385,179
"1974-11-07",387,181
"1974-11-08",390,184
"1974-11-09",390,187
"1974-11-10",390,191
"1974-11-11",396,189
"1974-11-12",390,189
"1974-11-13",385,189
"1974-11-14",390,187
"1974-11-15",390,186
"1974-11-16",385,188
"1974-11-17",385,189
"1974-11-18",390,189
"1974-11-19",390,189
"1974-11-20",385,187
"1974-11-21",385,187
"1974-11-22",385,188
"1974-11-23",391,192
"1974-11-24",398,221
"1974-11-25",404,250
"1974-11-26",411,249
"1974-11-27",418,244
"1974-11-28",412,243
"1974-11-29",412,244
"1974-11-30",407,244
"1974-12-01",407,243
"1974-12-02",407,242
"1974-12-03",402,240
"1974-12-04",396,239
"1974-12-05",402,241
"1974-12-06",396,243
"1974-12-07",402,241
"1974-12-08",402,239
"1974-12-09",407,236
"1974-12-10",412,237
"1974-12-11",418,241
"1974-12-12",412,241
"1974-12-13",412,239
"1974-12-14",412,240
"1974-12-15",412,238
"1974-12-16",412,237
"1974-12-17",412,236
"1974-12-18",412,235
"1974-12-19",412,235
"1974-12-20",412,235
"1974-12-21",412,235
"1974-12-22",412,235
"1974-12-23",412,235
"1974-12-24",412,236
"1974-12-25",412,235
"1974-12-26",407,234
"1974-12-27",407,233
"1974-12-28",407,233
"1974-12-29",407,232
"1974-12-30",407,232
"1974-12-31",407,229
"1975-01-01",407,229
"1975-01-02",407,232
"1975-01-03",407,231
"1975-01-04",407,229
"1975-01-05",407,228
"1975-01-06",402,229
"1975-01-07",402,229
"1975-01-08",402,230
"1975-01-09",402,232
"1975-01-10",402,231
"1975-01-11",402,231
"1975-01-12",404,231
"1975-01-13",407,229
"1975-01-14",402,231
"1975-01-15",402,230
"1975-01-16",402,229
"1975-01-17",396,228
"1975-01-18",396,230
"1975-01-19",396,230
"1975-01-20",396,222
"1975-01-21",396,219
"1975-01-22",396,218
"1975-01-23",396,218
"1975-01-24",396,217
"1975-01-25",396,217
"1975-01-26",390,216
"1975-01-27",390,216
"1975-01-28",390,214
"1975-01-29",390,213
"1975-01-30",390,213
"1975-01-31",390,213
"1975-02-01",390,217
"1975-02-02",397,229
"1975-02-03",403,252
"1975-02-04",410,275
"1975-02-05",417,287
"1975-02-06",424,295
"1975-02-07",418,289
"1975-02-08",418,284
"1975-02-09",418,279
"1975-02-10",418,275
"1975-02-11",418,272
"1975-02-12",418,269
"1975-02-13",418,266
"1975-02-14",424,266
"1975-02-15",424,266
"1975-02-16",424,264
"1975-02-17",424,263
"1975-02-18",424,262
"1975-02-19",429,260
"1975-02-20",429,260
"1975-02-21",424,260
"1975-02-22",424,259
"1975-02-23",424,257
"1975-02-24",424,257
"1975-02-25",424,256
"1975-02-26",424,254
"1975-02-27",424,253
"1975-02-28",424,253
"1975-03-01",418,254
"1975-03-02",418,252
"1975-03-03",418,252
"1975-03-04",412,249
"1975-03-05",412,250
"1975-03-06",412,250
"1975-03-07",412,248
"1975-03-08",412,249
"1975-03-09",412,251
"1975-03-10",412,251
"1975-03-11",412,250
"1975-03-12",412,249
"1975-03-13",412,247
"1975-03-14",412,246
"1975-03-15",412,246
"1975-03-16",412,245
"1975-03-17",412,243
"1975-03-18",412,241
"1975-03-19",412,240
"1975-03-20",412,239
"1975-03-21",412,239
"1975-03-22",412,235
"1975-03-23",412,229
"1975-03-24",412,232
"1975-03-25",407,230
"1975-03-26",412,231
"1975-03-27",407,231
"1975-03-28",402,230
"1975-03-29",407,230
"1975-03-30",407,229
"1975-03-31",407,231
"1975-04-01",402,230
"1975-04-02",407,228
"1975-04-03",402,227
"1975-04-04",402,225
"1975-04-05",402,225
"1975-04-06",404,227
"1975-04-07",407,229
"1975-04-08",409,231
"1975-04-09",412,231
"1975-04-10",407,230
"1975-04-11",402,226
"1975-04-12",407,224
"1975-04-13",407,224
"1975-04-14",407,223
"1975-04-15",407,222
"1975-04-16",407,219
"1975-04-17",407,218
"1975-04-18",402,216
"1975-04-19",402,214
"1975-04-20",402,214
"1975-04-21",402,213
"1975-04-22",396,213
"1975-04-23",402,212
"1975-04-24",399,209
"1975-04-25",396,208
"1975-04-26",396,208
"1975-04-27",396,210
"1975-04-28",399,225
"1975-04-29",402,257
"1975-04-30",407,259
"1975-05-01",412,242
"1975-05-02",407,237
"1975-05-03",407,238
"1975-05-04",407,239
"1975-05-05",407,237
"1975-05-06",407,244
"1975-05-07",407,240
"1975-05-08",414,243
"1975-05-09",420,264
"1975-05-10",427,260
"1975-05-11",434,262
"1975-05-12",429,263
"1975-05-13",424,260
"1975-05-14",421,263
"1975-05-15",418,263
"1975-05-16",418,258
"1975-05-17",412,255
"1975-05-18",407,254
"1975-05-19",409,257
"1975-05-20",412,262
"1975-05-21",412,263
"1975-05-22",412,257
"1975-05-23",422,260
"1975-05-24",431,285
"1975-05-25",441,308
"1975-05-26",452,313
"1975-05-27",462,308
"1975-05-28",462,301
"1975-05-29",468,298
"1975-05-30",462,301
"1975-05-31",456,297
"1975-06-01",451,292
"1975-06-02",451,289
"1975-06-03",451,286
"1975-06-04",451,285
"1975-06-05",445,277
"1975-06-06",440,277
"1975-06-07",440,281
"1975-06-08",440,280
"1975-06-09",440,279
"1975-06-10",442,288
"1975-06-11",444,308
"1975-06-12",446,316
"1975-06-13",446,308
"1975-06-14",446,304
"1975-06-15",446,302
"1975-06-16",440,300
"1975-06-17",440,295
"1975-06-18",440,294
"1975-06-19",434,292
"1975-06-20",429,291
"1975-06-21",429,293
"1975-06-22",429,299
"1975-06-23",424,293
"1975-06-24",418,288
"1975-06-25",412,286
"1975-06-26",418,288
"1975-06-27",424,290
"1975-06-28",424,303
"1975-06-29",424,306
"1975-06-30",424,296
"1975-07-01",418,285
"1975-07-02",424,290
"1975-07-03",424,293
"1975-07-04",424,291
"1975-07-05",418,285
"1975-07-06",412,282
"1975-07-07",412,280
"1975-07-08",412,279
"1975-07-09",412,278
"1975-07-10",407,277
"1975-07-11",402,277
"1975-07-12",402,274
"1975-07-13",402,276
"1975-07-14",402,277
"1975-07-15",402,272
"1975-07-16",402,271
"1975-07-17",407,268
"1975-07-18",402,268
"1975-07-19",407,269
"1975-07-20",407,269
"1975-07-21",407,264
"1975-07-22",402,262
"1975-07-23",402,259
"1975-07-24",402,258
"1975-07-25",396,259
"1975-07-26",402,261
"1975-07-27",402,257
"1975-07-28",399,258
"1975-07-29",396,259
"1975-07-30",390,260
"1975-07-31",390,257
"1975-08-01",385,257
"1975-08-02",387,262
"1975-08-03",390,262
"1975-08-04",393,262
"1975-08-05",396,259
"1975-08-06",390,252
"1975-08-07",388,250
"1975-08-08",385,253
"1975-08-09",385,250
"1975-08-10",385,250
"1975-08-11",385,248
"1975-08-12",377,247
"1975-08-13",370,248
"1975-08-14",375,245
"1975-08-15",370,240
"1975-08-16",375,240
"1975-08-17",375,242
"1975-08-18",370,244
"1975-08-19",370,240
"1975-08-20",370,237
"1975-08-21",367,236
"1975-08-22",365,239
"1975-08-23",365,237
"1975-08-24",370,237
"1975-08-25",365,235
"1975-08-26",370,236
"1975-08-27",365,249
"1975-08-28",365,237
"1975-08-29",365,232
"1975-08-30",370,230
"1975-08-31",370,230
"1975-09-01",365,227
"1975-09-02",365,225
"1975-09-03",360,224
"1975-09-04",360,222
"1975-09-05",365,219
"1975-09-06",370,219
"1975-09-07",370,219
"1975-09-08",365,219
"1975-09-09",370,217
"1975-09-10",370,221
"1975-09-11",365,218
"1975-09-12",365,214
"1975-09-13",367,215
"1975-09-14",368,216
"1975-09-15",370,212
"1975-09-16",372,218
"1975-09-17",375,211
"1975-09-18",370,209
"1975-09-19",370,207
"1975-09-20",365,207
"1975-09-21",365,210
"1975-09-22",365,209
"1975-09-23",365,208
"1975-09-24",365,207
"1975-09-25",360,205
"1975-09-26",362,205
"1975-09-27",365,207
"1975-09-28",365,207
"1975-09-29",370,207
"1975-09-30",370,206
"1975-10-01",370,205
"1975-10-02",370,203
"1975-10-03",370,203
"1975-10-04",370,203
"1975-10-05",370,205
"1975-10-06",375,204
"1975-10-07",370,203
"1975-10-08",370,199
"1975-10-09",365,203
"1975-10-10",370,200
"1975-10-11",365,201
"1975-10-12",365,200
"1975-10-13",365,202
"1975-10-14",365,203
"1975-10-15",365,198
"1975-10-16",365,196
"1975-10-17",360,197
"1975-10-18",360,203
"1975-10-19",360,202
"1975-10-20",360,198
"1975-10-21",355,203
"1975-10-22",355,198
"1975-10-23",355,197
"1975-10-24",350,199
"1975-10-25",362,210
"1975-10-26",375,218
"1975-10-27",367,218
"1975-10-28",360,212
"1975-10-29",357,210
"1975-10-30",355,209
"1975-10-31",360,209
"1975-11-01",360,209
"1975-11-02",365,209
"1975-11-03",365,206
"1975-11-04",360,204
"1975-11-05",360,203
"1975-11-06",360,197
"1975-11-07",360,199
"1975-11-08",360,197
"1975-11-09",360,198
"1975-11-10",365,197
"1975-11-11",360,197
"1975-11-12",355,194
"1975-11-13",355,193
"1975-11-14",355,193
"1975-11-15",360,197
"1975-11-16",360,197
"1975-11-17",360,194
"1975-11-18",360,195
"1975-11-19",360,197
"1975-11-20",360,193
"1975-11-21",360,190
"1975-11-22",360,192
"1975-11-23",360,193
"1975-11-24",365,192
"1975-11-25",365,192
"1975-11-26",365,191
"1975-11-27",365,190
"1975-11-28",365,189
"1975-11-29",365,190
"1975-11-30",365,189
"1975-12-01",365,189
"1975-12-02",360,188
"1975-12-03",360,186
"1975-12-04",360,188
"1975-12-05",360,187
"1975-12-06",360,182
"1975-12-07",360,184
"1975-12-08",360,186
"1975-12-09",360,182
"1975-12-10",360,180
"1975-12-11",360,181
"1975-12-12",360,183
"1975-12-13",360,179
"1975-12-14",360,180
"1975-12-15",355,180
"1975-12-16",360,183
"1975-12-17",360,179
"1975-12-18",360,177
"1975-12-19",360,175
"1975-12-20",360,176
"1975-12-21",360,176
"1975-12-22",360,176
"1975-12-23",360,176
"1975-12-24",362,180
"1975-12-25",365,185
"1975-12-26",365,177
"1975-12-27",360,175
"1975-12-28",360,177
"1975-12-29",360,175
"1975-12-30",360,175
"1975-12-31",360,174
"1976-01-01",360,175
"1976-01-02",357,174
"1976-01-03",355,173
"1976-01-04",355,173
"1976-01-05",360,173
"1976-01-06",360,166
"1976-01-07",360,163
"1976-01-08",360,167
"1976-01-09",355,168
"1976-01-10",355,166
"1976-01-11",355,169
"1976-01-12",361,169
"1976-01-13",355,169
"1976-01-14",350,170
"1976-01-15",350,171
"1976-01-16",345,171
"1976-01-17",345,171
"1976-01-18",345,169
"1976-01-19",345,172
"1976-01-20",345,172
"1976-01-21",340,168
"1976-01-22",340,168
"1976-01-23",340,169
"1976-01-24",340,168
"1976-01-25",345,168
"1976-01-26",340,165
"1976-01-27",340,165
"1976-01-28",340,166
"1976-01-29",345,168
"1976-01-30",345,167
"1976-01-31",340,162
"1976-02-01",340,167
"1976-02-02",340,165
"1976-02-03",340,169
"1976-02-04",340,171
"1976-02-05",340,169
"1976-02-06",340,170
"1976-02-07",345,169
"1976-02-08",345,168
"1976-02-09",350,166
"1976-02-10",345,165
"1976-02-11",340,161
"1976-02-12",340,160
"1976-02-13",340,158
"1976-02-14",335,155
"1976-02-15",335,155
"1976-02-16",335,155
"1976-02-17",332,155
"1976-02-18",330,147
"1976-02-19",330,150
"1976-02-20",326,146
"1976-02-21",330,144
"1976-02-22",326,147
"1976-02-23",330,147
"1976-02-24",326,149
"1976-02-25",322,151
"1976-02-26",322,152
"1976-02-27",317,148
"1976-02-28",312,150
"1976-02-29",312,153
"1976-03-01",312,153
"1976-03-02",308,148
"1976-03-03",308,144
"1976-03-04",308,143
"1976-03-05",308,147
"1976-03-06",310,150
"1976-03-07",312,151
"1976-03-08",312,152
"1976-03-09",312,144
"1976-03-10",317,142
"1976-03-11",322,140
"1976-03-12",322,141
"1976-03-13",322,145
"1976-03-14",322,143
"1976-03-15",324,142
"1976-03-16",326,138
"1976-03-17",326,136
"1976-03-18",322,136
"1976-03-19",326,137
"1976-03-20",324,139
"1976-03-21",322,139
"1976-03-22",319,143
"1976-03-23",317,142
"1976-03-24",322,146
"1976-03-25",322,141
"1976-03-26",326,143
"1976-03-27",322,142
"1976-03-28",322,143
"1976-03-29",318,141
"1976-03-30",314,140
"1976-03-31",312,133
"1976-04-01",312,131
"1976-04-02",312,126
"1976-04-03",312,127
"1976-04-04",315,133
"1976-04-05",319,135
"1976-04-06",322,130
"1976-04-07",319,130
"1976-04-08",317,129
"1976-04-09",317,125
"1976-04-10",317,124
"1976-04-11",317,124
"1976-04-12",317,124
"1976-04-13",317,124
"1976-04-14",322,121
"1976-04-15",326,126
"1976-04-16",328,125
"1976-04-17",330,121
"1976-04-18",347,140
"1976-04-19",365,150
"1976-04-20",355,184
"1976-04-21",345,190
"1976-04-22",335,190
"1976-04-23",330,187
"1976-04-24",337,179
"1976-04-25",345,180
"1976-04-26",340,180
"1976-04-27",335,171
"1976-04-28",335,166
"1976-04-29",342,173
"1976-04-30",348,177
"1976-05-01",355,177
"1976-05-02",360,163
"1976-05-03",355,161
"1976-05-04",350,157
"1976-05-05",359,157
"1976-05-06",368,165
"1976-05-07",377,190
"1976-05-08",387,213
"1976-05-09",397,224
"1976-05-10",407,222
"1976-05-11",402,216
"1976-05-12",402,210
"1976-05-13",405,215
"1976-05-14",409,212
"1976-05-15",412,210
"1976-05-16",412,205
"1976-05-17",412,202
"1976-05-18",412,201
"1976-05-19",407,198
"1976-05-20",413,203
"1976-05-21",418,211
"1976-05-22",424,210
"1976-05-23",418,209
"1976-05-24",412,206
"1976-05-25",412,207
"1976-05-26",416,219
"1976-05-27",421,227
"1976-05-28",425,229
"1976-05-29",430,224
"1976-05-30",434,223
"1976-05-31",429,229
"1976-06-01",430,236
"1976-06-02",431,247
"1976-06-03",432,255
"1976-06-04",433,254
"1976-06-05",434,253
"1976-06-06",434,254
"1976-06-07",429,254
"1976-06-08",424,252
"1976-06-09",424,251
"1976-06-10",415,252
"1976-06-11",407,254
"1976-06-12",402,256
"1976-06-13",407,257
"1976-06-14",402,256
"1976-06-15",396,258
"1976-06-16",390,258
"1976-06-17",385,257
"1976-06-18",385,257
"1976-06-19",385,257
"1976-06-20",385,255
"1976-06-21",385,252
"1976-06-22",378,252
"1976-06-23",372,251
"1976-06-24",374,251
"1976-06-25",375,252
"1976-06-26",375,254
"1976-06-27",370,252
"1976-06-28",375,250
"1976-06-29",370,245
"1976-06-30",365,245
"1976-07-01",365,242
"1976-07-02",360,239
"1976-07-03",360,239
"1976-07-04",362,245
"1976-07-05",364,252
"1976-07-06",366,250
"1976-07-07",368,246
"1976-07-08",370,245
"1976-07-09",370,240
"1976-07-10",377,243
"1976-07-11",385,240
"1976-07-12",385,246
"1976-07-13",380,247
"1976-07-14",396,253
"1976-07-15",412,256
"1976-07-16",429,264
"1976-07-17",412,268
"1976-07-18",396,263
"1976-07-19",390,259
"1976-07-20",385,256
"1976-07-21",380,255
"1976-07-22",377,253
"1976-07-23",375,252
"1976-07-24",370,251
"1976-07-25",375,251
"1976-07-26",375,249
"1976-07-27",375,246
"1976-07-28",375,243
"1976-07-29",375,240
"1976-07-30",370,238
"1976-07-31",370,234
"1976-08-01",365,232
"1976-08-02",365,227
"1976-08-03",360,223
"1976-08-04",360,223
"1976-08-05",357,220
"1976-08-06",355,219
"1976-08-07",355,216
"1976-08-08",355,216
"1976-08-09",350,219
"1976-08-10",350,216
"1976-08-11",350,213
"1976-08-12",350,211
"1976-08-13",345,209
"1976-08-14",345,211
"1976-08-15",345,212
"1976-08-16",345,211
"1976-08-17",340,216
"1976-08-18",345,217
"1976-08-19",350,215
"1976-08-20",345,214
"1976-08-21",350,214
"1976-08-22",350,220
"1976-08-23",350,214
"1976-08-24",345,216
"1976-08-25",345,215
"1976-08-26",345,212
"1976-08-27",345,212
"1976-08-28",345,211
"1976-08-29",345,212
"1976-08-30",347,215
"1976-08-31",350,210
"1976-09-01",350,210
"1976-09-02",352,215
"1976-09-03",353,213
"1976-09-04",355,213
"1976-09-05",350,213
"1976-09-06",345,217
"1976-09-07",345,214
"1976-09-08",340,212
"1976-09-09",340,207
"1976-09-10",340,206
"1976-09-11",345,208
"1976-09-12",345,207
"1976-09-13",345,206
"1976-09-14",350,209
"1976-09-15",350,216
"1976-09-16",345,212
"1976-09-17",340,210
"1976-09-18",340,210
"1976-09-19",347,210
"1976-09-20",355,210
"1976-09-21",350,210
"1976-09-22",350,208
"1976-09-23",355,207
"1976-09-24",350,205
"1976-09-25",350,204
"1976-09-26",350,204
"1976-09-27",355,206
"1976-09-28",358,206
"1976-09-29",362,206
"1976-09-30",365,204
"1976-10-01",360,205
"1976-10-02",360,204
"1976-10-03",358,202
"1976-10-04",357,203
"1976-10-05",363,207
"1976-10-06",370,207
"1976-10-07",365,203
"1976-10-08",360,201
"1976-10-09",360,200
"1976-10-10",365,198
"1976-10-11",365,197
"1976-10-12",365,196
"1976-10-13",370,196
"1976-10-14",365,194
"1976-10-15",369,199
"1976-10-16",372,222
"1976-10-17",376,218
"1976-10-18",380,220
"1976-10-19",382,221
"1976-10-20",383,224
"1976-10-21",385,221
"1976-10-22",380,221
"1976-10-23",385,223
"1976-10-24",389,235
"1976-10-25",393,250
"1976-10-26",398,242
"1976-10-27",402,240
"1976-10-28",409,243
"1976-10-29",415,263
"1976-10-30",422,291
"1976-10-31",429,292
"1976-11-01",418,286
"1976-11-02",407,282
"1976-11-03",407,282
"1976-11-04",402,281
"1976-11-05",402,280
"1976-11-06",396,280
"1976-11-07",390,280
"1976-11-08",390,278
"1976-11-09",396,278
"1976-11-10",396,280
"1976-11-11",390,281
"1976-11-12",396,282
"1976-11-13",402,283
"1976-11-14",402,280
"1976-11-15",396,279
"1976-11-16",396,278
"1976-11-17",410,278
"1976-11-18",424,277
"1976-11-19",418,285
"1976-11-20",413,287
"1976-11-21",407,282
"1976-11-22",402,279
"1976-11-23",402,278
"1976-11-24",402,278
"1976-11-25",404,282
"1976-11-26",407,290
"1976-11-27",409,285
"1976-11-28",412,285
"1976-11-29",407,281
"1976-11-30",407,280
"1976-12-01",407,279
"1976-12-02",402,279
"1976-12-03",402,278
"1976-12-04",407,276
"1976-12-05",408,278
"1976-12-06",409,282
"1976-12-07",411,282
"1976-12-08",412,279
"1976-12-09",412,278
"1976-12-10",412,279
"1976-12-11",423,285
"1976-12-12",434,286
"1976-12-13",446,285
"1976-12-14",440,287
"1976-12-15",434,286
"1976-12-16",429,285
"1976-12-17",420,285
"1976-12-18",412,285
"1976-12-19",416,286
"1976-12-20",420,285
"1976-12-21",424,283
"1976-12-22",424,284
"1976-12-23",418,283
"1976-12-24",412,283
"1976-12-25",412,282
"1976-12-26",412,281
"1976-12-27",412,281
"1976-12-28",412,282
"1976-12-29",412,281
"1976-12-30",412,282
"1976-12-31",407,282
"1977-01-01",407,282
"1977-01-02",412,280
"1977-01-03",412,279
"1977-01-04",412,277
"1977-01-05",412,277
"1977-01-06",412,278
"1977-01-07",415,277
"1977-01-08",418,278
"1977-01-09",418,279
"1977-01-10",418,276
"1977-01-11",412,275
"1977-01-12",417,277
"1977-01-13",423,278
"1977-01-14",428,279
"1977-01-15",434,279
"1977-01-16",429,276
"1977-01-17",429,274
"1977-01-18",423,273
"1977-01-19",418,272
"1977-01-20",418,272
"1977-01-21",422,271
"1977-01-22",427,271
"1977-01-23",431,275
"1977-01-24",436,276
"1977-01-25",440,276
"1977-01-26",440,276
"1977-01-27",434,277
"1977-01-28",429,275
"1977-01-29",429,274
"1977-01-30",432,275
"1977-01-31",434,276
"1977-02-01",437,279
"1977-02-02",440,280
"1977-02-03",436,283
"1977-02-04",433,280
"1977-02-05",429,280
"1977-02-06",429,279
"1977-02-07",429,279
"1977-02-08",434,283
"1977-02-09",434,281
"1977-02-10",438,287
"1977-02-11",442,306
"1977-02-12",447,306
"1977-02-13",451,303
"1977-02-14",451,302
"1977-02-15",446,301
"1977-02-16",440,299
"1977-02-17",440,299
"1977-02-18",434,300
"1977-02-19",434,300
"1977-02-20",434,300
"1977-02-21",440,299
"1977-02-22",434,299
"1977-02-23",429,298
"1977-02-24",423,297
"1977-02-25",418,298
"1977-02-26",418,297
"1977-02-27",418,297
"1977-02-28",418,298
"1977-03-01",418,297
"1977-03-02",418,298
"1977-03-03",418,296
"1977-03-04",418,296
"1977-03-05",418,296
"1977-03-06",418,293
"1977-03-07",418,292
"1977-03-08",418,291
"1977-03-09",418,290
"1977-03-10",412,290
"1977-03-11",412,291
"1977-03-12",407,288
"1977-03-13",412,287
"1977-03-14",412,286
"1977-03-15",407,284
"1977-03-16",407,281
"1977-03-17",402,282
"1977-03-18",402,281
"1977-03-19",396,279
"1977-03-20",396,278
"1977-03-21",402,277
"1977-03-22",396,274
"1977-03-23",396,272
"1977-03-24",402,270
"1977-03-25",402,270
"1977-03-26",402,271
"1977-03-27",404,270
"1977-03-28",405,270
"1977-03-29",407,271
"1977-03-30",402,268
"1977-03-31",396,265
"1977-04-01",402,264
"1977-04-02",396,262
"1977-04-03",404,261
"1977-04-04",412,259
"1977-04-05",407,258
"1977-04-06",402,255
"1977-04-07",402,251
"1977-04-08",396,249
"1977-04-09",396,250
"1977-04-10",402,248
"1977-04-11",410,249
"1977-04-12",418,243
"1977-04-13",424,245
"1977-04-14",430,248
"1977-04-15",437,270
"1977-04-16",443,271
"1977-04-17",449,275
"1977-04-18",456,284
"1977-04-19",460,290
"1977-04-20",463,298
"1977-04-21",467,300
"1977-04-22",471,302
"1977-04-23",480,303
"1977-04-24",490,303
"1977-04-25",490,303
"1977-04-26",484,299
"1977-04-27",484,295
"1977-04-28",478,293
"1977-04-29",478,289
"1977-04-30",478,291
"1977-05-01",473,287
"1977-05-02",473,285
"1977-05-03",468,284
"1977-05-04",468,282
"1977-05-05",459,279
"1977-05-06",451,279
"1977-05-07",446,278
"1977-05-08",446,277
"1977-05-09",446,277
"1977-05-10",446,277
"1977-05-11",451,276
"1977-05-12",442,275
"1977-05-13",434,273
"1977-05-14",434,272
"1977-05-15",434,272
"1977-05-16",434,271
"1977-05-17",434,270
"1977-05-18",434,269
"1977-05-19",434,270
"1977-05-20",429,270
"1977-05-21",429,271
"1977-05-22",429,272
"1977-05-23",424,271
"1977-05-24",424,271
"1977-05-25",424,271
"1977-05-26",424,270
"1977-05-27",418,269
"1977-05-28",418,268
"1977-05-29",418,265
"1977-05-30",418,263
"1977-05-31",418,263
"1977-06-01",418,263
"1977-06-02",418,260
"1977-06-03",418,258
"1977-06-04",418,257
"1977-06-05",418,255
"1977-06-06",418,253
"1977-06-07",412,255
"1977-06-08",407,254
"1977-06-09",412,253
"1977-06-10",412,252
"1977-06-11",412,251
"1977-06-12",412,250
"1977-06-13",412,250
"1977-06-14",407,249
"1977-06-15",407,249
"1977-06-16",407,248
"1977-06-17",402,245
"1977-06-18",402,243
"1977-06-19",396,242
"1977-06-20",396,240
"1977-06-21",396,237
"1977-06-22",404,237
"1977-06-23",412,239
"1977-06-24",407,236
"1977-06-25",407,236
"1977-06-26",412,237
"1977-06-27",404,238
"1977-06-28",396,235
"1977-06-29",396,233
"1977-06-30",396,233
"1977-07-01",390,231
"1977-07-02",390,231
"1977-07-03",396,231
"1977-07-04",390,231
"1977-07-05",385,229
"1977-07-06",385,228
"1977-07-07",385,228
"1977-07-08",380,227
"1977-07-09",380,225
"1977-07-10",385,224
"1977-07-11",385,223
"1977-07-12",380,220
"1977-07-13",375,218
"1977-07-14",380,216
"1977-07-15",375,213
"1977-07-16",380,211
"1977-07-17",380,212
"1977-07-18",380,213
"1977-07-19",375,214
"1977-07-20",370,214
"1977-07-21",370,212
"1977-07-22",370,212
"1977-07-23",375,212
"1977-07-24",380,211
"1977-07-25",375,209
"1977-07-26",367,207
"1977-07-27",360,205
"1977-07-28",365,205
"1977-07-29",360,203
"1977-07-30",365,203
"1977-07-31",365,204
"1977-08-01",360,203
"1977-08-02",355,206
"1977-08-03",355,204
"1977-08-04",355,202
"1977-08-05",350,201
"1977-08-06",350,200
"1977-08-07",350,200
"1977-08-08",350,200
"1977-08-09",345,200
"1977-08-10",345,198
"1977-08-11",345,195
"1977-08-12",340,192
"1977-08-13",340,193
"1977-08-14",340,193
"1977-08-15",340,190
"1977-08-16",335,189
"1977-08-17",335,189
"1977-08-18",340,191
"1977-08-19",340,192
"1977-08-20",340,195
"1977-08-21",340,193
"1977-08-22",340,192
"1977-08-23",340,190
"1977-08-24",340,188
"1977-08-25",340,187
"1977-08-26",335,190
"1977-08-27",335,190
"1977-08-28",335,190
"1977-08-29",335,189
"1977-08-30",330,186
"1977-08-31",335,186
"1977-09-01",335,187
"1977-09-02",330,186
"1977-09-03",330,185
"1977-09-04",326,186
"1977-09-05",326,185
"1977-09-06",326,183
"1977-09-07",331,184
"1977-09-08",335,184
"1977-09-09",340,185
"1977-09-10",340,185
"1977-09-11",335,186
"1977-09-12",336,185
"1977-09-13",338,185
"1977-09-14",340,185
"1977-09-15",340,184
"1977-09-16",340,183
"1977-09-17",340,185
"1977-09-18",342,186
"1977-09-19",345,185
"1977-09-20",342,185
"1977-09-21",340,185
"1977-09-22",342,185
"1977-09-23",345,183
"1977-09-24",350,182
"1977-09-25",347,182
"1977-09-26",345,181
"1977-09-27",345,179
"1977-09-28",340,179
"1977-09-29",340,176
"1977-09-30",340,175
"1977-10-01",345,177
"1977-10-02",342,174
"1977-10-03",340,174
"1977-10-04",340,172
"1977-10-05",340,174
"1977-10-06",340,174
"1977-10-07",340,174
"1977-10-08",340,173
"1977-10-09",335,165
"1977-10-10",340,166
"1977-10-11",335,163
"1977-10-12",330,162
"1977-10-13",330,161
"1977-10-14",330,162
"1977-10-15",326,164
"1977-10-16",330,162
"1977-10-17",335,159
"1977-10-18",330,157
"1977-10-19",330,154
"1977-10-20",326,154
"1977-10-21",326,152
"1977-10-22",328,153
"1977-10-23",330,153
"1977-10-24",335,153
"1977-10-25",335,150
"1977-10-26",330,149
"1977-10-27",330,147
"1977-10-28",335,146
"1977-10-29",330,146
"1977-10-30",330,144
"1977-10-31",330,144
"1977-11-01",337,143
"1977-11-02",343,143
"1977-11-03",350,144
"1977-11-04",345,142
"1977-11-05",350,144
"1977-11-06",350,144
"1977-11-07",355,143
"1977-11-08",358,149
"1977-11-09",362,154
"1977-11-10",365,154
"1977-11-11",365,155
"1977-11-12",365,155
"1977-11-13",365,155
"1977-11-14",370,153
"1977-11-15",370,153
"1977-11-16",370,153
"1977-11-17",365,152
"1977-11-18",360,151
"1977-11-19",360,153
"1977-11-20",360,152
"1977-11-21",365,150
"1977-11-22",365,150
"1977-11-23",360,150
"1977-11-24",365,152
"1977-11-25",360,150
"1977-11-26",360,150
"1977-11-27",360,151
"1977-11-28",362,151
"1977-11-29",363,148
"1977-11-30",365,147
"1977-12-01",365,142
"1977-12-02",365,141
"1977-12-03",365,146
"1977-12-04",365,138
"1977-12-05",365,138
"1977-12-06",365,144
"1977-12-07",365,144
"1977-12-08",365,142
"1977-12-09",365,142
"1977-12-10",365,142
"1977-12-11",365,137
"1977-12-12",365,138
"1977-12-13",365,135
"1977-12-14",365,135
"1977-12-15",365,141
"1977-12-16",365,140
"1977-12-17",365,138
"1977-12-18",365,134
"1977-12-19",365,133
"1977-12-20",365,131
"1977-12-21",365,136
"1977-12-22",370,135
"1977-12-23",365,132
"1977-12-24",365,131
"1977-12-25",365,132
"1977-12-26",365,132
"1977-12-27",365,135
"1977-12-28",365,135
"1977-12-29",365,133
"1977-12-30",365,132
"1977-12-31",365,136
"1978-01-01",360,126
"1978-01-02",360,125
"1978-01-03",362,128
"1978-01-04",365,124
"1978-01-05",365,125
"1978-01-06",365,126
"1978-01-07",365,127
"1978-01-08",360,127
"1978-01-09",365,128
"1978-01-10",360,127
"1978-01-11",360,127
"1978-01-12",355,127
"1978-01-13",355,125
"1978-01-14",355,127
"1978-01-15",355,127
"1978-01-16",355,125
"1978-01-17",350,124
"1978-01-18",350,127
"1978-01-19",350,125
"1978-01-20",350,122
"1978-01-21",350,122
"1978-01-22",350,122
"1978-01-23",345,122
"1978-01-24",345,122
"1978-01-25",342,122
"1978-01-26",340,121
"1978-01-27",343,119
"1978-01-28",350,119
"1978-01-29",350,119
"1978-01-30",350,119
"1978-01-31",350,118
"1978-02-01",350,118
"1978-02-02",350,119
"1978-02-03",350,121
"1978-02-04",350,122
"1978-02-05",345,121
"1978-02-06",340,122
"1978-02-07",345,122
"1978-02-08",350,121
"1978-02-09",350,119
"1978-02-10",350,117
"1978-02-11",350,122
"1978-02-12",350,121
"1978-02-13",350,121
"1978-02-14",350,118
"1978-02-15",350,122
"1978-02-16",345,121
"1978-02-17",345,119
"1978-02-18",345,119
"1978-02-19",350,119
"1978-02-20",355,119
"1978-02-21",350,119
"1978-02-22",345,119
"1978-02-23",345,119
"1978-02-24",345,119
"1978-02-25",345,119
"1978-02-26",345,122
"1978-02-27",345,123
"1978-02-28",340,121
"1978-03-01",340,121
"1978-03-02",340,121
"1978-03-03",340,116
"1978-03-04",340,117
"1978-03-05",340,118
"1978-03-06",342,119
"1978-03-07",345,118
"1978-03-08",345,116
"1978-03-09",340,117
"1978-03-10",337,117
"1978-03-11",335,120
"1978-03-12",335,119
"1978-03-13",330,121
"1978-03-14",330,121
"1978-03-15",330,121
"1978-03-16",330,121
"1978-03-17",330,119
"1978-03-18",326,121
"1978-03-19",326,119
"1978-03-20",330,119
"1978-03-21",326,119
"1978-03-22",326,118
"1978-03-23",330,118
"1978-03-24",326,115
"1978-03-25",322,110
"1978-03-26",326,108
"1978-03-27",330,109
"1978-03-28",326,109
"1978-03-29",326,111
"1978-03-30",322,112
"1978-03-31",326,113
"1978-04-01",322,115
"1978-04-02",322,114
"1978-04-03",322,113
"1978-04-04",317,110
"1978-04-05",317,108
"1978-04-06",317,108
"1978-04-07",317,108
"1978-04-08",317,108
"1978-04-09",322,108
"1978-04-10",322,107
"1978-04-11",322,110
"1978-04-12",326,108
"1978-04-13",322,110
"1978-04-14",322,113
"1978-04-15",317,114
"1978-04-16",322,113
"1978-04-17",317,113
"1978-04-18",317,112
"1978-04-19",317,113
"1978-04-20",317,114
"1978-04-21",312,114
"1978-04-22",312,117
"1978-04-23",317,118
"1978-04-24",317,122
"1978-04-25",317,122
"1978-04-26",317,124
"1978-04-27",317,124
"1978-04-28",317,124
"1978-04-29",312,124
"1978-04-30",312,124
"1978-05-01",312,124
"1978-05-02",312,122
"1978-05-03",317,122
"1978-05-04",312,122
"1978-05-05",312,119
"1978-05-06",312,119
"1978-05-07",312,122
"1978-05-08",308,121
"1978-05-09",304,119
"1978-05-10",304,118
"1978-05-11",304,116
"1978-05-12",304,116
"1978-05-13",299,116
"1978-05-14",299,116
"1978-05-15",294,118
"1978-05-16",290,118
"1978-05-17",290,116
"1978-05-18",290,116
"1978-05-19",286,118
"1978-05-20",288,118
"1978-05-21",290,119
"1978-05-22",286,119
"1978-05-23",286,119
"1978-05-24",286,119
"1978-05-25",284,118
"1978-05-26",282,116
"1978-05-27",284,115
"1978-05-28",286,115
"1978-05-29",282,118
"1978-05-30",278,118
"1978-05-31",278,119
"1978-06-01",284,119
"1978-06-02",290,119
"1978-06-03",286,119
"1978-06-04",286,119
"1978-06-05",282,118
"1978-06-06",287,116
"1978-06-07",293,127
"1978-06-08",298,135
"1978-06-09",304,132
"1978-06-10",304,133
"1978-06-11",304,133
"1978-06-12",299,130
"1978-06-13",294,125
"1978-06-14",294,124
"1978-06-15",294,124
"1978-06-16",290,124
"1978-06-17",294,124
"1978-06-18",294,124
"1978-06-19",290,124
"1978-06-20",286,122
"1978-06-21",290,122
"1978-06-22",294,121
"1978-06-23",290,118
"1978-06-24",286,122
"1978-06-25",286,122
"1978-06-26",280,118
"1978-06-27",274,116
"1978-06-28",274,116
"1978-06-29",270,113
"1978-06-30",266,113
"1978-07-01",270,113
"1978-07-02",274,113
"1978-07-03",268,115
"1978-07-04",262,113
"1978-07-05",258,113
"1978-07-06",254,113
"1978-07-07",250,113
"1978-07-08",250,115
"1978-07-09",254,113
"1978-07-10",246,110
"1978-07-11",238,110
"1978-07-12",242,107
"1978-07-13",236,105
"1978-07-14",230,104
"1978-07-15",231,102
"1978-07-16",233,102
"1978-07-17",234,101
"1978-07-18",230,101
"1978-07-19",226,101
"1978-07-20",226,102
"1978-07-21",226,102
"1978-07-22",228,101
"1978-07-23",230,104
"1978-07-24",234,103
"1978-07-25",234,102
"1978-07-26",234,101
"1978-07-27",230,100
"1978-07-28",226,100
"1978-07-29",234,101
"1978-07-30",242,104
"1978-07-31",246,105
"1978-08-01",251,110
"1978-08-02",256,115
"1978-08-03",261,116
"1978-08-04",266,116
"1978-08-05",287,116
"1978-08-06",310,116
"1978-08-07",335,115
"1978-08-08",330,117
"1978-08-09",330,117
"1978-08-10",335,116
"1978-08-11",330,115
"1978-08-12",330,113
"1978-08-13",330,115
"1978-08-14",330,113
"1978-08-15",326,113
"1978-08-16",330,114
"1978-08-17",326,111
"1978-08-18",322,110
"1978-08-19",322,111
"1978-08-20",322,112
"1978-08-21",324,112
"1978-08-22",322,110
"1978-08-23",317,110
"1978-08-24",294,108
"1978-08-25",273,108
"1978-08-26",254,108
"1978-08-27",254,108
"1978-08-28",250,105
"1978-08-29",250,105
"1978-08-30",253,109
"1978-08-31",255,110
"1978-09-01",258,113
"1978-09-02",262,112
"1978-09-03",266,112
"1978-09-04",260,113
"1978-09-05",254,113
"1978-09-06",254,112
"1978-09-07",259,113
"1978-09-08",265,113
"1978-09-09",270,115
"1978-09-10",274,119
"1978-09-11",278,119
"1978-09-12",282,119
"1978-09-13",299,119
"1978-09-14",316,136
"1978-09-15",335,138
"1978-09-16",335,138
"1978-09-17",330,139
"1978-09-18",330,139
"1978-09-19",330,138
"1978-09-20",330,138
"1978-09-21",326,137
"1978-09-22",326,136
"1978-09-23",330,136
"1978-09-24",335,136
"1978-09-25",330,135
"1978-09-26",330,132
"1978-09-27",330,130
"1978-09-28",330,130
"1978-09-29",330,130
"1978-09-30",330,131
"1978-10-01",330,130
"1978-10-02",330,129
"1978-10-03",330,129
"1978-10-04",330,129
"1978-10-05",336,129
"1978-10-06",340,124
"1978-10-07",345,128
"1978-10-08",345,129
"1978-10-09",345,128
"1978-10-10",345,127
"1978-10-11",345,128
"1978-10-12",345,127
"1978-10-13",345,125
"1978-10-14",345,125
"1978-10-15",345,125
"1978-10-16",345,124
"1978-10-17",345,121
"1978-10-18",345,122
"1978-10-19",345,122
"1978-10-20",345,122
"1978-10-21",345,121
"1978-10-22",345,121
"1978-10-23",340,120
"1978-10-24",335,120
"1978-10-25",335,118
"1978-10-26",340,118
"1978-10-27",340,116
"1978-10-28",340,118
"1978-10-29",340,118
"1978-10-30",340,114
"1978-10-31",335,113
"1978-11-01",335,113
"1978-11-02",335,112
"1978-11-03",330,113
"1978-11-04",330,115
"1978-11-05",340,115
"1978-11-06",350,119
"1978-11-07",360,122
"1978-11-08",352,122
"1978-11-09",345,122
"1978-11-10",345,122
"1978-11-11",345,121
"1978-11-12",345,122
"1978-11-13",345,123
"1978-11-14",345,122
"1978-11-15",347,122
"1978-11-16",350,122
"1978-11-17",352,122
"1978-11-18",355,122
"1978-11-19",355,125
"1978-11-20",355,133
"1978-11-21",355,133
"1978-11-22",360,135
"1978-11-23",360,134
"1978-11-24",360,134
"1978-11-25",355,134
"1978-11-26",363,135
"1978-11-27",371,144
"1978-11-28",380,144
"1978-11-29",375,143
"1978-11-30",375,141
"1978-12-01",375,143
"1978-12-02",375,143
"1978-12-03",375,146
"1978-12-04",375,145
"1978-12-05",375,145
"1978-12-06",375,144
"1978-12-07",375,144
"1978-12-08",375,143
"1978-12-09",375,143
"1978-12-10",375,143
"1978-12-11",375,140
"1978-12-12",375,138
"1978-12-13",375,139
"1978-12-14",375,140
"1978-12-15",375,141
"1978-12-16",375,140
"1978-12-17",375,138
"1978-12-18",375,136
"1978-12-19",375,139
"1978-12-20",375,138
"1978-12-21",375,136
"1978-12-22",375,135
"1978-12-23",375,134
"1978-12-24",375,134
"1978-12-25",375,134
"1978-12-26",375,133
"1978-12-27",375,135
"1978-12-28",375,135
"1978-12-29",375,133
"1978-12-30",375,133
"1978-12-31",377,138
"1979-01-01",380,162
"1979-01-02",382,158
"1979-01-03",385,155
"1979-01-04",390,155
"1979-01-05",390,155
"1979-01-06",390,160
"1979-01-07",390,154
"1979-01-08",390,150
"1979-01-09",390,151
"1979-01-10",397,158
"1979-01-11",404,194
"1979-01-12",411,206
"1979-01-13",418,200
"1979-01-14",412,194
"1979-01-15",412,190
"1979-01-16",418,190
"1979-01-17",412,189
"1979-01-18",412,190
"1979-01-19",418,189
"1979-01-20",415,187
"1979-01-21",412,186
"1979-01-22",412,183
"1979-01-23",412,179
"1979-01-24",412,178
"1979-01-25",412,180
"1979-01-26",418,182
"1979-01-27",418,179
"1979-01-28",418,178
"1979-01-29",418,178
"1979-01-30",424,179
"1979-01-31",424,174
"1979-02-01",418,173
"1979-02-02",418,175
"1979-02-03",424,176
"1979-02-04",424,179
"1979-02-05",424,190
"1979-02-06",424,203
"1979-02-07",424,216
"1979-02-08",424,216
"1979-02-09",424,216
"1979-02-10",424,214
"1979-02-11",424,213
"1979-02-12",424,211
"1979-02-13",424,210
"1979-02-14",424,212
"1979-02-15",415,211
"1979-02-16",407,207
"1979-02-17",407,206
"1979-02-18",407,205
"1979-02-19",407,205
"1979-02-20",407,207
"1979-02-21",402,207
"1979-02-22",402,207
"1979-02-23",402,215
"1979-02-24",402,226
"1979-02-25",402,219
"1979-02-26",402,216
"1979-02-27",402,214
"1979-02-28",402,217
"1979-03-01",396,221
"1979-03-02",396,222
"1979-03-03",390,222
"1979-03-04",385,222
"1979-03-05",380,221
"1979-03-06",375,219
"1979-03-07",375,219
"1979-03-08",375,221
"1979-03-09",375,222
"1979-03-10",372,223
"1979-03-11",370,221
"1979-03-12",370,220
"1979-03-13",370,219
"1979-03-14",370,219
"1979-03-15",377,221
"1979-03-16",385,220
"1979-03-17",380,219
"1979-03-18",380,221
"1979-03-19",383,219
"1979-03-20",385,225
"1979-03-21",388,237
"1979-03-22",391,250
"1979-03-23",393,255
"1979-03-24",396,259
"1979-03-25",396,256
"1979-03-26",396,254
"1979-03-27",390,248
"1979-03-28",385,242
"1979-03-29",385,242
"1979-03-30",390,240
"1979-03-31",390,240
"1979-04-01",396,240
"1979-04-02",402,241
"1979-04-03",399,246
"1979-04-04",396,243
"1979-04-05",390,238
"1979-04-06",385,235
"1979-04-07",385,236
"1979-04-08",390,238
"1979-04-09",385,233
"1979-04-10",385,233
"1979-04-11",385,234
"1979-04-12",380,231
"1979-04-13",380,227
"1979-04-14",375,225
"1979-04-15",380,222
"1979-04-16",375,222
"1979-04-17",382,221
"1979-04-18",390,228
"1979-04-19",393,237
"1979-04-20",396,242
"1979-04-21",396,247
"1979-04-22",396,254
"1979-04-23",396,258
"1979-04-24",390,259
"1979-04-25",385,258
"1979-04-26",385,254
"1979-04-27",385,251
"1979-04-28",380,251
"1979-04-29",408,256
"1979-04-30",438,263
"1979-05-01",429,262
"1979-05-02",420,266
"1979-05-03",412,277
"1979-05-04",407,271
"1979-05-05",402,270
"1979-05-06",402,269
"1979-05-07",407,267
"1979-05-08",412,267
"1979-05-09",418,264
"1979-05-10",418,262
"1979-05-11",410,264
"1979-05-12",402,264
"1979-05-13",402,262
"1979-05-14",396,262
"1979-05-15",396,260
"1979-05-16",390,259
"1979-05-17",390,259
"1979-05-18",385,259
"1979-05-19",390,258
"1979-05-20",390,258
"1979-05-21",390,258
"1979-05-22",390,256
"1979-05-23",390,256
"1979-05-24",390,254
"1979-05-25",390,252
"1979-05-26",385,250
"1979-05-27",385,248
"1979-05-28",385,248
"1979-05-29",380,246
"1979-05-30",382,244
"1979-05-31",385,242
"1979-06-01",390,244
"1979-06-02",393,246
"1979-06-03",396,248
"1979-06-04",396,247
"1979-06-05",425,247
"1979-06-06",456,247
"1979-06-07",451,249
"1979-06-08",451,248
"1979-06-09",451,246
"1979-06-10",451,244
"1979-06-11",451,241
"1979-06-12",446,240
"1979-06-13",440,238
"1979-06-14",440,237
"1979-06-15",440,238
"1979-06-16",440,237
"1979-06-17",440,236
"1979-06-18",440,233
"1979-06-19",440,233
"1979-06-20",440,231
"1979-06-21",440,231
"1979-06-22",434,226
"1979-06-23",440,226
"1979-06-24",446,225
"1979-06-25",437,223
"1979-06-26",429,224
"1979-06-27",429,222
"1979-06-28",423,220
"1979-06-29",418,218
"1979-06-30",424,217
"1979-07-01",429,218
"1979-07-02",424,214
"1979-07-03",418,214
"1979-07-04",418,212
"1979-07-05",418,215
"1979-07-06",423,216
"1979-07-07",429,216
"1979-07-08",423,217
"1979-07-09",418,216
"1979-07-10",418,212
"1979-07-11",418,210
"1979-07-12",412,209
"1979-07-13",407,207
"1979-07-14",412,206
"1979-07-15",418,207
"1979-07-16",413,204
"1979-07-17",408,203
"1979-07-18",412,203
"1979-07-19",407,203
"1979-07-20",412,204
"1979-07-21",420,206
"1979-07-22",429,203
"1979-07-23",424,200
"1979-07-24",418,198
"1979-07-25",418,196
"1979-07-26",418,194
"1979-07-27",420,206
"1979-07-28",422,231
"1979-07-29",425,232
"1979-07-30",427,231
"1979-07-31",429,230
"1979-08-01",429,224
"1979-08-02",429,224
"1979-08-03",429,222
"1979-08-04",434,222
"1979-08-05",440,221
"1979-08-06",432,219
"1979-08-07",424,218
"1979-08-08",424,216
"1979-08-09",429,216
"1979-08-10",424,213
"1979-08-11",429,215
"1979-08-12",429,215
"1979-08-13",429,215
"1979-08-14",420,216
"1979-08-15",412,217
"1979-08-16",418,213
"1979-08-17",424,214
"1979-08-18",424,213
"1979-08-19",424,210
"1979-08-20",424,207
"1979-08-21",418,204
"1979-08-22",412,203
"1979-08-23",418,201
"1979-08-24",424,201
"1979-08-25",429,200
"1979-08-26",424,198
"1979-08-27",418,200
"1979-08-28",412,201
"1979-08-29",414,203
"1979-08-30",413,203
"1979-08-31",412,201
"1979-09-01",418,200
"1979-09-02",424,198
"1979-09-03",418,197
"1979-09-04",412,194
"1979-09-05",407,193
"1979-09-06",407,193
"1979-09-07",402,192
"1979-09-08",407,188
"1979-09-09",412,186
"1979-09-10",407,182
"1979-09-11",402,180
"1979-09-12",402,180
"1979-09-13",402,180
"1979-09-14",402,182
"1979-09-15",402,181
"1979-09-16",402,181
"1979-09-17",396,182
"1979-09-18",399,183
"1979-09-19",402,186
"1979-09-20",402,183
"1979-09-21",402,180
"1979-09-22",407,178
"1979-09-23",402,177
"1979-09-24",396,179
"1979-09-25",396,177
"1979-09-26",396,174
"1979-09-27",396,172
"1979-09-28",396,170
"1979-09-29",396,172
"1979-09-30",396,172
"1979-10-01",391,165
"1979-10-02",386,165
"1979-10-03",385,163
"1979-10-04",385,163
"1979-10-05",380,166
"1979-10-06",380,168
"1979-10-07",380,166
"1979-10-08",380,166
"1979-10-09",375,165
"1979-10-10",372,166
"1979-10-11",370,168
"1979-10-12",370,168
"1979-10-13",375,168
"1979-10-14",375,168
"1979-10-15",370,168
"1979-10-16",370,166
"1979-10-17",370,165
"1979-10-18",365,165
"1979-10-19",360,166
"1979-10-20",360,169
"1979-10-21",360,168
"1979-10-22",365,166
"1979-10-23",360,163
"1979-10-24",355,160
"1979-10-25",355,159
"1979-10-26",360,162
"1979-10-27",355,161
"1979-10-28",352,160
"1979-10-29",350,157
"1979-10-30",355,155
"1979-10-31",355,152
"1979-11-01",350,152
"1979-11-02",350,152
"1979-11-03",350,151
"1979-11-04",350,151
"1979-11-05",350,151
"1979-11-06",350,147
"1979-11-07",345,147
"1979-11-08",340,145
"1979-11-09",345,146
"1979-11-10",345,144
"1979-11-11",340,143
"1979-11-12",345,141
"1979-11-13",341,140
"1979-11-14",338,138
"1979-11-15",341,140
"1979-11-16",345,143
"1979-11-17",345,149
"1979-11-18",345,154
"1979-11-19",345,154
"1979-11-20",345,152
"1979-11-21",345,149
"1979-11-22",345,147
"1979-11-23",345,147
"1979-11-24",350,143
"1979-11-25",350,144
"1979-11-26",345,145
"1979-11-27",345,146
"1979-11-28",345,143
"1979-11-29",345,142
"1979-11-30",345,143
"1979-12-01",345,143
"1979-12-02",345,147
"1979-12-03",345,149
"1979-12-04",345,146
"1979-12-05",345,144
"1979-12-06",345,143
"1979-12-07",345,140
"1979-12-08",345,136
"1979-12-09",345,136
"1979-12-10",350,141
"1979-12-11",345,146
"1979-12-12",350,144
"1979-12-13",355,144
"1979-12-14",350,140
"1979-12-15",350,142
"1979-12-16",350,141
"1979-12-17",350,135
"1979-12-18",350,138
"1979-12-19",345,138
"1979-12-20",350,136
"1979-12-21",355,136
"1979-12-22",355,135
"1979-12-23",357,136
"1979-12-24",360,136
"1979-12-25",360,136
"1979-12-26",360,136
"1979-12-27",360,137
"1979-12-28",363,138
"1979-12-29",367,138
"1979-12-30",370,139
"1979-12-31",365,140
"1980-01-01",365,140
"1980-01-02",365,140
"1980-01-03",365,141
"1980-01-04",365,139
"1980-01-05",365,139
"1980-01-06",365,140
"1980-01-07",365,138
"1980-01-08",365,138
"1980-01-09",365,138
"1980-01-10",365,138
"1980-01-11",365,138
"1980-01-12",360,138
"1980-01-13",360,140
"1980-01-14",360,136
"1980-01-15",360,136
"1980-01-16",365,136
"1980-01-17",360,137
"1980-01-18",360,139
"1980-01-19",360,139
"1980-01-20",360,140
"1980-01-21",360,138
"1980-01-22",365,138
"1980-01-23",370,136
"1980-01-24",365,136
"1980-01-25",365,137
"1980-01-26",365,137
"1980-01-27",365,135
"1980-01-28",365,135
"1980-01-29",360,135
"1980-01-30",360,135
"1980-01-31",355,132
"1980-02-01",355,134
"1980-02-02",355,135
"1980-02-03",355,134
"1980-02-04",355,135
"1980-02-05",355,134
"1980-02-06",355,133
"1980-02-07",350,132
"1980-02-08",355,132
"1980-02-09",355,133
"1980-02-10",350,133
"1980-02-11",350,132
"1980-02-12",350,131
"1980-02-13",350,131
"1980-02-14",350,133
"1980-02-15",355,132
"1980-02-16",355,135
"1980-02-17",355,136
"1980-02-18",355,136
"1980-02-19",350,136
"1980-02-20",350,136
"1980-02-21",345,136
"1980-02-22",345,136
"1980-02-23",345,138
"1980-02-24",340,138
"1980-02-25",335,137
"1980-02-26",330,136
"1980-02-27",335,138
"1980-02-28",340,140
"1980-02-29",340,138
"1980-03-01",335,133
"1980-03-02",330,133
"1980-03-03",330,134
"1980-03-04",330,135
"1980-03-05",330,134
"1980-03-06",330,134
"1980-03-07",330,134
"1980-03-08",330,132
"1980-03-09",330,132
"1980-03-10",330,130
"1980-03-11",330,130
"1980-03-12",326,130
"1980-03-13",322,129
"1980-03-14",322,128
"1980-03-15",322,127
"1980-03-16",322,127
"1980-03-17",322,127
"1980-03-18",322,126
"1980-03-19",322,126
"1980-03-20",317,124
"1980-03-21",322,122
"1980-03-22",317,121
"1980-03-23",317,122
"1980-03-24",321,120
"1980-03-25",317,120
"1980-03-26",322,120
"1980-03-27",322,121
"1980-03-28",322,122
"1980-03-29",317,119
"1980-03-30",322,121
"1980-03-31",317,120
"1980-04-01",322,119
"1980-04-02",317,119
"1980-04-03",317,119
"1980-04-04",314,117
"1980-04-05",312,115
"1980-04-06",317,116
"1980-04-07",314,116
"1980-04-08",312,116
"1980-04-09",308,118
"1980-04-10",308,118
"1980-04-11",303,118
"1980-04-12",299,118
"1980-04-13",305,118
"1980-04-14",312,117
"1980-04-15",305,117
"1980-04-16",299,117
"1980-04-17",299,116
"1980-04-18",299,114
"1980-04-19",299,114
"1980-04-20",299,113
"1980-04-21",294,112
"1980-04-22",294,112
"1980-04-23",294,113
"1980-04-24",290,114
"1980-04-25",288,114
"1980-04-26",286,116
"1980-04-27",290,118
"1980-04-28",288,116
"1980-04-29",286,114
"1980-04-30",286,112
"1980-05-01",290,111
"1980-05-02",286,111
"1980-05-03",282,113
"1980-05-04",286,113
"1980-05-05",290,111
"1980-05-06",286,111
"1980-05-07",290,113
"1980-05-08",290,114
"1980-05-09",286,114
"1980-05-10",290,117
"1980-05-11",294,117
"1980-05-12",299,118
"1980-05-13",303,118
"1980-05-14",308,121
"1980-05-15",313,138
"1980-05-16",317,151
"1980-05-17",322,152
"1980-05-18",322,150
"1980-05-19",319,150
"1980-05-20",317,146
"1980-05-21",322,147
"1980-05-22",317,151
"1980-05-23",312,157
"1980-05-24",317,160
"1980-05-25",322,162
"1980-05-26",317,160
"1980-05-27",322,157
"1980-05-28",317,155
"1980-05-29",317,152
"1980-05-30",312,152
"1980-05-31",317,154
"1980-06-01",322,152
"1980-06-02",314,152
"1980-06-03",306,151
"1980-06-04",299,151
"1980-06-05",296,151
"1980-06-06",294,151
"1980-06-07",296,152
"1980-06-08",299,151
"1980-06-09",299,149
"1980-06-10",299,150
"1980-06-11",299,149
"1980-06-12",292,148
"1980-06-13",286,147
"1980-06-14",290,147
"1980-06-15",284,147
"1980-06-16",278,147
"1980-06-17",272,146
"1980-06-18",266,144
"1980-06-19",266,145
"1980-06-20",262,143
"1980-06-21",261,147
"1980-06-22",260,151
"1980-06-23",259,154
"1980-06-24",258,152
"1980-06-25",254,148
"1980-06-26",248,146
"1980-06-27",242,146
"1980-06-28",246,147
"1980-06-29",238,149
"1980-06-30",230,146
"1980-07-01",222,143
"1980-07-02",222,144
"1980-07-03",222,143
"1980-07-04",219,139
"1980-07-05",222,139
"1980-07-06",219,141
"1980-07-07",211,142
"1980-07-08",204,141
"1980-07-09",201,140
"1980-07-10",202,137
"1980-07-11",204,136
"1980-07-12",204,138
"1980-07-13",200,136
"1980-07-14",195,138
"1980-07-15",191,138
"1980-07-16",190,138
"1980-07-17",190,137
"1980-07-18",187,134
"1980-07-19",189,135
"1980-07-20",191,133
"1980-07-21",189,133
"1980-07-22",187,132
"1980-07-23",190,133
"1980-07-24",194,132
"1980-07-25",194,132
"1980-07-26",197,133
"1980-07-27",194,132
"1980-07-28",191,131
"1980-07-29",189,131
"1980-07-30",187,129
"1980-07-31",187,130
"1980-08-01",184,129
"1980-08-02",185,131
"1980-08-03",187,131
"1980-08-04",184,132
"1980-08-05",184,132
"1980-08-06",184,131
"1980-08-07",184,132
"1980-08-08",187,132
"1980-08-09",194,133
"1980-08-10",201,135
"1980-08-11",208,135
"1980-08-12",204,135
"1980-08-13",211,135
"1980-08-14",219,135
"1980-08-15",215,136
"1980-08-16",220,135
"1980-08-17",226,135
"1980-08-18",226,135
"1980-08-19",222,130
"1980-08-20",222,129
"1980-08-21",218,131
"1980-08-22",215,129
"1980-08-23",219,127
"1980-08-24",219,127
"1980-08-25",213,128
"1980-08-26",208,128
"1980-08-27",211,125
"1980-08-28",211,125
"1980-08-29",211,126
"1980-08-30",212,127
"1980-08-31",214,126
"1980-09-01",215,121
"1980-09-02",217,122
"1980-09-03",219,121
"1980-09-04",211,120
"1980-09-05",204,117
"1980-09-06",211,119
"1980-09-07",218,127
"1980-09-08",226,133
"1980-09-09",234,135
"1980-09-10",242,138
"1980-09-11",238,140
"1980-09-12",234,140
"1980-09-13",240,137
"1980-09-14",246,135
"1980-09-15",246,135
"1980-09-16",242,135
"1980-09-17",246,133
"1980-09-18",242,134
"1980-09-19",238,135
"1980-09-20",242,137
"1980-09-21",246,138
"1980-09-22",242,136
"1980-09-23",242,135
"1980-09-24",238,135
"1980-09-25",242,135
"1980-09-26",242,135
"1980-09-27",246,136
"1980-09-28",250,138
"1980-09-29",250,138
"1980-09-30",253,138
"1980-10-01",255,137
"1980-10-02",258,136
"1980-10-03",254,137
"1980-10-04",258,137
"1980-10-05",258,138
"1980-10-06",254,136
"1980-10-07",254,134
"1980-10-08",254,132
"1980-10-09",254,131
"1980-10-10",250,130
"1980-10-11",254,130
"1980-10-12",254,129
"1980-10-13",254,130
"1980-10-14",250,130
"1980-10-15",250,132
"1980-10-16",250,133
"1980-10-17",254,133
"1980-10-18",259,135
"1980-10-19",265,135
"1980-10-20",270,135
"1980-10-21",270,133
"1980-10-22",266,134
"1980-10-23",262,136
"1980-10-24",266,133
"1980-10-25",266,131
"1980-10-26",270,131
"1980-10-27",270,131
"1980-10-28",270,128
"1980-10-29",266,129
"1980-10-30",270,127
"1980-10-31",270,128
"1980-11-01",270,126
"1980-11-02",266,128
"1980-11-03",266,127
"1980-11-04",270,127
"1980-11-05",266,128
"1980-11-06",270,127
"1980-11-07",270,127
"1980-11-08",270,129
"1980-11-09",266,129
"1980-11-10",270,128
"1980-11-11",266,128
"1980-11-12",266,126
"1980-11-13",266,125
"1980-11-14",266,124
"1980-11-15",270,124
"1980-11-16",284,125
"1980-11-17",299,126
"1980-11-18",286,125
"1980-11-19",274,124
"1980-11-20",274,124
"1980-11-21",274,122
"1980-11-22",274,125
"1980-11-23",274,125
"1980-11-24",274,124
"1980-11-25",279,122
"1980-11-26",285,124
"1980-11-27",290,125
"1980-11-28",286,125
"1980-11-29",286,123
"1980-11-30",286,124
"1980-12-01",286,122
"1980-12-02",286,125
"1980-12-03",282,131
"1980-12-04",282,135
"1980-12-05",286,133
"1980-12-06",286,131
"1980-12-07",286,130
"1980-12-08",290,130
"1980-12-09",294,129
"1980-12-10",290,125
"1980-12-11",290,125
"1980-12-12",290,127
"1980-12-13",290,126
"1980-12-14",290,129
"1980-12-15",294,129
"1980-12-16",290,131
"1980-12-17",294,131
"1980-12-18",294,132
"1980-12-19",294,133
"1980-12-20",294,132
"1980-12-21",294,131
"1980-12-22",296,131
"1980-12-23",299,132
"1980-12-24",304,129
"1980-12-25",299,128
"1980-12-26",299,127
"1980-12-27",304,129
"1980-12-28",304,130
"1980-12-29",304,130
"1980-12-30",304,128
"1980-12-31",304,129
"1981-01-01",304,127
"1981-01-02",299,124
"1981-01-03",299,123
"1981-01-04",299,124
"1981-01-05",299,122
"1981-01-06",299,123
"1981-01-07",299,121
"1981-01-08",299,121
"1981-01-09",299,121
"1981-01-10",294,123
"1981-01-11",294,123
"1981-01-12",294,122
"1981-01-13",299,121
"1981-01-14",299,121
"1981-01-15",299,122
"1981-01-16",294,120
"1981-01-17",299,120
"1981-01-18",299,120
"1981-01-19",300,129
"1981-01-20",301,130
"1981-01-21",303,130
"1981-01-22",304,131
"1981-01-23",299,130
"1981-01-24",299,130
"1981-01-25",294,130
"1981-01-26",294,130
"1981-01-27",299,130
"1981-01-28",294,134
"1981-01-29",299,133
"1981-01-30",294,133
"1981-01-31",299,134
"1981-02-01",295,132
"1981-02-02",292,130
"1981-02-03",294,129
"1981-02-04",299,127
"1981-02-05",304,126
"1981-02-06",299,126
"1981-02-07",299,127
"1981-02-08",299,126
"1981-02-09",299,125
"1981-02-10",304,124
"1981-02-11",299,121
"1981-02-12",299,122
"1981-02-13",299,123
"1981-02-14",299,125
"1981-02-15",299,127
"1981-02-16",299,128
"1981-02-17",299,127
"1981-02-18",299,125
"1981-02-19",299,126
"1981-02-20",299,126
"1981-02-21",294,124
"1981-02-22",294,123
"1981-02-23",290,124
"1981-02-24",290,123
"1981-02-25",290,123
"1981-02-26",290,123
"1981-02-27",290,121
"1981-02-28",294,122
"1981-03-01",299,121
"1981-03-02",294,120
"1981-03-03",294,120
"1981-03-04",294,120
"1981-03-05",290,121
"1981-03-06",290,121
"1981-03-07",294,121
"1981-03-08",294,119
"1981-03-09",294,117
"1981-03-10",290,117
"1981-03-11",294,119
"1981-03-12",297,124
"1981-03-13",301,127
"1981-03-14",304,130
"1981-03-15",299,131
"1981-03-16",294,130
"1981-03-17",294,131
"1981-03-18",294,131
"1981-03-19",290,131
"1981-03-20",294,134
"1981-03-21",294,135
"1981-03-22",290,134
"1981-03-23",294,132
"1981-03-24",290,132
"1981-03-25",290,132
"1981-03-26",290,133
"1981-03-27",290,133
"1981-03-28",294,134
"1981-03-29",290,132
"1981-03-30",290,132
"1981-03-31",290,131
"1981-04-01",286,132
"1981-04-02",286,134
"1981-04-03",282,134
"1981-04-04",278,132
"1981-04-05",282,131
"1981-04-06",282,131
"1981-04-07",278,131
"1981-04-08",278,129
"1981-04-09",278,129
"1981-04-10",278,130
"1981-04-11",282,131
"1981-04-12",278,131
"1981-04-13",278,131
"1981-04-14",278,130
"1981-04-15",278,132
"1981-04-16",274,134
"1981-04-17",274,135
"1981-04-18",274,136
"1981-04-19",278,137
"1981-04-20",274,136
"1981-04-21",270,136
"1981-04-22",274,135
"1981-04-23",290,135
"1981-04-24",308,138
"1981-04-25",304,140
"1981-04-26",299,141
"1981-04-27",294,140
"1981-04-28",288,140
"1981-04-29",282,140
"1981-04-30",286,140
"1981-05-01",290,140
"1981-05-02",294,140
"1981-05-03",299,140
"1981-05-04",303,140
"1981-05-05",308,140
"1981-05-06",304,140
"1981-05-07",299,139
"1981-05-08",294,140
"1981-05-09",294,140
"1981-05-10",294,140
"1981-05-11",294,140
"1981-05-12",290,139
"1981-05-13",290,139
"1981-05-14",294,137
"1981-05-15",290,140
"1981-05-16",294,140
"1981-05-17",290,140
"1981-05-18",284,140
"1981-05-19",278,138
"1981-05-20",282,137
"1981-05-21",276,137
"1981-05-22",270,138
"1981-05-23",275,140
"1981-05-24",281,140
"1981-05-25",286,141
"1981-05-26",280,143
"1981-05-27",274,141
"1981-05-28",278,141
"1981-05-29",284,141
"1981-05-30",289,143
"1981-05-31",295,144
"1981-06-01",301,142
"1981-06-02",304,144
"1981-06-03",306,144
"1981-06-04",308,145
"1981-06-05",310,147
"1981-06-06",312,145
"1981-06-07",308,145
"1981-06-08",304,145
"1981-06-09",304,145
"1981-06-10",304,144
"1981-06-11",318,154
"1981-06-12",332,181
"1981-06-13",348,208
"1981-06-14",363,235
"1981-06-15",380,262
"1981-06-16",382,289
"1981-06-17",383,316
"1981-06-18",385,325
"1981-06-19",387,345
"1981-06-20",388,350
"1981-06-21",390,345
"1981-06-22",385,340
"1981-06-23",380,335
"1981-06-24",375,330
"1981-06-25",370,328
"1981-06-26",365,326
"1981-06-27",365,324
"1981-06-28",360,322
"1981-06-29",355,320
"1981-06-30",360,318
"1981-07-01",353,316
"1981-07-02",352,312
"1981-07-03",350,308
"1981-07-04",350,306
"1981-07-05",350,306
"1981-07-06",350,306
"1981-07-07",350,304
"1981-07-08",345,303
"1981-07-09",345,302
"1981-07-10",345,298
"1981-07-11",350,294
"1981-07-12",350,294
"1981-07-13",345,294
"1981-07-14",345,292
"1981-07-15",340,289
"1981-07-16",335,285
"1981-07-17",335,284
"1981-07-18",335,281
"1981-07-19",330,280
"1981-07-20",330,279
"1981-07-21",335,273
"1981-07-22",330,271
"1981-07-23",326,271
"1981-07-24",322,268
"1981-07-25",322,267
"1981-07-26",322,266
"1981-07-27",319,268
"1981-07-28",317,266
"1981-07-29",317,263
"1981-07-30",316,262
"1981-07-31",315,258
"1981-08-01",317,258
"1981-08-02",312,258
"1981-08-03",308,256
"1981-08-04",304,254
"1981-08-05",308,252
"1981-08-06",304,250
"1981-08-07",304,250
"1981-08-08",304,248
"1981-08-09",304,247
"1981-08-10",308,245
"1981-08-11",304,240
"1981-08-12",299,240
"1981-08-13",304,241
"1981-08-14",304,238
"1981-08-15",304,239
"1981-08-16",308,238
"1981-08-17",308,236
"1981-08-18",308,235
"1981-08-19",310,233
"1981-08-20",312,231
"1981-08-21",312,230
"1981-08-22",317,229
"1981-08-23",312,230
"1981-08-24",317,232
"1981-08-25",312,231
"1981-08-26",312,230
"1981-08-27",312,228
"1981-08-28",308,229
"1981-08-29",312,229
"1981-08-30",315,224
"1981-08-31",319,224
"1981-09-01",322,223
"1981-09-02",317,221
"1981-09-03",322,223
"1981-09-04",322,222
"1981-09-05",322,219
"1981-09-06",322,218
"1981-09-07",317,217
"1981-09-08",322,216
"1981-09-09",317,216
"1981-09-10",317,216
"1981-09-11",317,218
"1981-09-12",317,218
"1981-09-13",317,216
"1981-09-14",322,216
"1981-09-15",322,213
"1981-09-16",315,209
"1981-09-17",308,208
"1981-09-18",312,209
"1981-09-19",312,210
"1981-09-20",312,208
"1981-09-21",312,210
"1981-09-22",308,208
"1981-09-23",312,206
"1981-09-24",310,206
"1981-09-25",308,206
"1981-09-26",312,205
"1981-09-27",308,204
"1981-09-28",308,202
"1981-09-29",304,201
"1981-09-30",304,200
"1981-10-01",304,198
"1981-10-02",299,199
"1981-10-03",299,201
"1981-10-04",299,198
"1981-10-05",299,197
"1981-10-06",303,196
"1981-10-07",308,196
"1981-10-08",308,196
"1981-10-09",308,197
"1981-10-10",308,196
"1981-10-11",308,196
"1981-10-12",308,196
"1981-10-13",308,195
"1981-10-14",308,195
"1981-10-15",308,194
"1981-10-16",308,192
"1981-10-17",312,193
"1981-10-18",312,191
"1981-10-19",312,190
"1981-10-20",312,188
"1981-10-21",312,187
"1981-10-22",314,189
"1981-10-23",317,188
"1981-10-24",317,187
"1981-10-25",317,186
"1981-10-26",317,183
"1981-10-27",317,182
"1981-10-28",317,182
"1981-10-29",317,181
"1981-10-30",317,181
"1981-10-31",321,183
"1981-11-01",324,183
"1981-11-02",328,184
"1981-11-03",331,183
"1981-11-04",335,181
"1981-11-05",330,179
"1981-11-06",335,176
"1981-11-07",335,178
"1981-11-08",335,179
"1981-11-09",335,179
"1981-11-10",335,178
"1981-11-11",335,176
"1981-11-12",335,176
"1981-11-13",335,176
"1981-11-14",330,177
"1981-11-15",335,176
"1981-11-16",335,175
"1981-11-17",335,175
"1981-11-18",335,176
"1981-11-19",335,174
"1981-11-20",335,171
"1981-11-21",335,172
"1981-11-22",340,173
"1981-11-23",335,171
"1981-11-24",335,171
"1981-11-25",335,171
"1981-11-26",335,168
"1981-11-27",335,168
"1981-11-28",335,169
"1981-11-29",335,167
"1981-11-30",336,166
"1981-12-01",337,164
"1981-12-02",335,166
"1981-12-03",340,166
"1981-12-04",335,166
"1981-12-05",335,166
"1981-12-06",340,166
"1981-12-07",340,166
"1981-12-08",340,166
"1981-12-09",340,165
"1981-12-10",335,164
"1981-12-11",335,165
"1981-12-12",335,164
"1981-12-13",335,163
"1981-12-14",340,164
"1981-12-15",340,163
"1981-12-16",335,163
"1981-12-17",340,162
"1981-12-18",335,163
"1981-12-19",335,163
"1981-12-20",335,164
"1981-12-21",335,164
"1981-12-22",335,166
"1981-12-23",335,166
"1981-12-24",340,166
"1981-12-25",335,168
"1981-12-26",335,167
"1981-12-27",335,165
"1981-12-28",330,165
"1981-12-29",330,164
"1981-12-30",335,163
"1981-12-31",330,163
"1982-01-01",330,164
"1982-01-02",330,164
"1982-01-03",330,163
"1982-01-04",330,161
"1982-01-05",330,159
"1982-01-06",330,159
"1982-01-07",330,158
"1982-01-08",326,157
"1982-01-09",330,159
"1982-01-10",330,158
"1982-01-11",335,155
"1982-01-12",330,154
"1982-01-13",326,155
"1982-01-14",330,154
"1982-01-15",330,154
"1982-01-16",326,154
"1982-01-17",326,152
"1982-01-18",326,152
"1982-01-19",326,152
"1982-01-20",330,153
"1982-01-21",326,153
"1982-01-22",326,153
"1982-01-23",326,150
"1982-01-24",326,150
"1982-01-25",326,147
"1982-01-26",322,146
"1982-01-27",322,148
"1982-01-28",322,148
"1982-01-29",322,149
"1982-01-30",326,150
"1982-01-31",322,146
"1982-02-01",326,146
"1982-02-02",326,147
"1982-02-03",326,147
"1982-02-04",322,146
"1982-02-05",322,146
"1982-02-06",322,147
"1982-02-07",322,146
"1982-02-08",322,147
"1982-02-09",322,145
"1982-02-10",322,145
"1982-02-11",322,145
"1982-02-12",317,141
"1982-02-13",312,141
"1982-02-14",312,142
"1982-02-15",308,141
"1982-02-16",303,141
"1982-02-17",299,140
"1982-02-18",301,139
"1982-02-19",304,138
"1982-02-20",306,140
"1982-02-21",308,140
"1982-02-22",308,138
"1982-02-23",304,138
"1982-02-24",307,136
"1982-02-25",304,138
"1982-02-26",308,139
"1982-02-27",304,139
"1982-02-28",304,139
"1982-03-01",304,139
"1982-03-02",308,136
"1982-03-03",308,137
"1982-03-04",308,136
"1982-03-05",304,135
"1982-03-06",304,132
"1982-03-07",304,132
"1982-03-08",304,130
"1982-03-09",304,130
"1982-03-10",304,131
"1982-03-11",299,132
"1982-03-12",304,132
"1982-03-13",304,135
"1982-03-14",304,134
"1982-03-15",299,135
"1982-03-16",294,134
"1982-03-17",294,135
"1982-03-18",294,132
"1982-03-19",290,131
"1982-03-20",286,129
"1982-03-21",290,129
"1982-03-22",290,130
"1982-03-23",290,131
"1982-03-24",290,131
"1982-03-25",290,131
"1982-03-26",290,130
"1982-03-27",294,135
"1982-03-28",290,131
"1982-03-29",294,132
"1982-03-30",290,132
"1982-03-31",290,131
"1982-04-01",290,130
"1982-04-02",288,130
"1982-04-03",286,127
"1982-04-04",290,127
"1982-04-05",290,126
"1982-04-06",286,122
"1982-04-07",290,124
"1982-04-08",290,124
"1982-04-09",290,125
"1982-04-10",294,125
"1982-04-11",290,125
"1982-04-12",290,125
"1982-04-13",290,125
"1982-04-14",286,125
"1982-04-15",286,125
"1982-04-16",284,125
"1982-04-17",282,123
"1982-04-18",288,125
"1982-04-19",294,124
"1982-04-20",290,124
"1982-04-21",290,124
"1982-04-22",294,124
"1982-04-23",294,124
"1982-04-24",294,124
"1982-04-25",294,124
"1982-04-26",299,122
"1982-04-27",299,122
"1982-04-28",294,122
"1982-04-29",294,123
"1982-04-30",294,124
"1982-05-01",290,124
"1982-05-02",294,124
"1982-05-03",296,122
"1982-05-04",294,121
"1982-05-05",294,120
"1982-05-06",300,122
"1982-05-07",306,121
"1982-05-08",312,127
"1982-05-09",312,125
"1982-05-10",312,123
"1982-05-11",312,121
"1982-05-12",318,125
"1982-05-13",323,135
"1982-05-14",329,172
"1982-05-15",335,170
"1982-05-16",330,160
"1982-05-17",326,154
"1982-05-18",322,153
"1982-05-19",322,148
"1982-05-20",326,146
"1982-05-21",322,147
"1982-05-22",322,146
"1982-05-23",322,144
"1982-05-24",324,143
"1982-05-25",326,142
"1982-05-26",330,141
"1982-05-27",326,140
"1982-05-28",322,141
"1982-05-29",322,140
"1982-05-30",322,139
"1982-05-31",322,138
"1982-06-01",322,137
"1982-06-02",322,136
"1982-06-03",322,135
"1982-06-04",317,136
"1982-06-05",317,135
"1982-06-06",312,135
"1982-06-07",308,133
"1982-06-08",304,133
"1982-06-09",304,132
"1982-06-10",299,130
"1982-06-11",294,131
"1982-06-12",299,129
"1982-06-13",304,125
"1982-06-14",308,128
"1982-06-15",308,129
"1982-06-16",304,130
"1982-06-17",301,129
"1982-06-18",299,130
"1982-06-19",299,130
"1982-06-20",299,130
"1982-06-21",294,129
"1982-06-22",290,130
"1982-06-23",290,132
"1982-06-24",286,131
"1982-06-25",282,132
"1982-06-26",282,132
"1982-06-27",278,131
"1982-06-28",276,130
"1982-06-29",274,129
"1982-06-30",278,129
"1982-07-01",279,132
"1982-07-02",274,129
"1982-07-03",274,130
"1982-07-04",270,128
"1982-07-05",274,129
"1982-07-06",278,127
"1982-07-07",274,126
"1982-07-08",270,126
"1982-07-09",266,128
"1982-07-10",266,128
"1982-07-11",266,129
"1982-07-12",262,129
"1982-07-13",262,130
"1982-07-14",262,130
"1982-07-15",262,126
"1982-07-16",258,126
"1982-07-17",258,127
"1982-07-18",254,128
"1982-07-19",254,131
"1982-07-20",250,130
"1982-07-21",250,128
"1982-07-22",250,127
"1982-07-23",246,126
"1982-07-24",250,128
"1982-07-25",246,129
"1982-07-26",246,128
"1982-07-27",242,127
"1982-07-28",238,127
"1982-07-29",238,128
"1982-07-30",238,126
"1982-07-31",234,128
"1982-08-01",234,128
"1982-08-02",234,126
"1982-08-03",230,126
"1982-08-04",226,124
"1982-08-05",222,123
"1982-08-06",219,123
"1982-08-07",219,125
"1982-08-08",222,125
"1982-08-09",226,126
"1982-08-10",230,127
"1982-08-11",230,126
"1982-08-12",230,126
"1982-08-13",230,124
"1982-08-14",234,123
"1982-08-15",234,123
"1982-08-16",230,122
"1982-08-17",226,122
"1982-08-18",230,119
"1982-08-19",230,119
"1982-08-20",226,119
"1982-08-21",226,120
"1982-08-22",226,120
"1982-08-23",220,119
"1982-08-24",215,118
"1982-08-25",219,120
"1982-08-26",217,119
"1982-08-27",215,119
"1982-08-28",215,120
"1982-08-29",211,120
"1982-08-30",211,116
"1982-08-31",211,118
"1982-09-01",211,119
"1982-09-02",208,116
"1982-09-03",208,116
"1982-09-04",208,119
"1982-09-05",208,122
"1982-09-06",208,123
"1982-09-07",208,125
"1982-09-08",211,124
"1982-09-09",207,123
"1982-09-10",204,121
"1982-09-11",204,121
"1982-09-12",204,119
"1982-09-13",201,121
"1982-09-14",204,122
"1982-09-15",208,123
"1982-09-16",211,122
"1982-09-17",215,121
"1982-09-18",211,122
"1982-09-19",215,124
"1982-09-20",217,124
"1982-09-21",219,123
"1982-09-22",222,124
"1982-09-23",222,124
"1982-09-24",219,119
"1982-09-25",222,123
"1982-09-26",222,123
"1982-09-27",222,122
"1982-09-28",219,119
"1982-09-29",219,117
"1982-09-30",215,117
"1982-10-01",217,119
"1982-10-02",216,120
"1982-10-03",216,119
"1982-10-04",215,120
"1982-10-05",215,119
"1982-10-06",215,118
"1982-10-07",218,118
"1982-10-08",222,121
"1982-10-09",222,121
"1982-10-10",226,126
"1982-10-11",230,123
"1982-10-12",230,127
"1982-10-13",230,121
"1982-10-14",226,120
"1982-10-15",230,120
"1982-10-16",230,121
"1982-10-17",234,120
"1982-10-18",234,120
"1982-10-19",234,120
"1982-10-20",232,119
"1982-10-21",230,119
"1982-10-22",234,119
"1982-10-23",234,116
"1982-10-24",234,115
"1982-10-25",234,115
"1982-10-26",231,116
"1982-10-27",228,116
"1982-10-28",225,116
"1982-10-29",227,117
"1982-10-30",230,116
"1982-10-31",226,115
"1982-11-01",228,115
"1982-11-02",230,120
"1982-11-03",232,121
"1982-11-04",234,115
"1982-11-05",234,115
"1982-11-06",236,117
"1982-11-07",238,117
"1982-11-08",238,118
"1982-11-09",238,116
"1982-11-10",242,114
"1982-11-11",238,116
"1982-11-12",238,112
"1982-11-13",238,114
"1982-11-14",238,113
"1982-11-15",242,113
"1982-11-16",242,114
"1982-11-17",246,115
"1982-11-18",246,115
"1982-11-19",246,116
"1982-11-20",242,118
"1982-11-21",238,117
"1982-11-22",242,118
"1982-11-23",246,121
"1982-11-24",250,120
"1982-11-25",246,120
"1982-11-26",250,134
"1982-11-27",254,129
"1982-11-28",258,120
"1982-11-29",254,121
"1982-11-30",254,121
"1982-12-01",258,121
"1982-12-02",254,122
"1982-12-03",258,127
"1982-12-04",254,122
"1982-12-05",254,120
"1982-12-06",258,119
"1982-12-07",258,118
"1982-12-08",254,114
"1982-12-09",258,113
"1982-12-10",258,121
"1982-12-11",262,118
"1982-12-12",262,118
"1982-12-13",266,119
"1982-12-14",266,118
"1982-12-15",266,116
"1982-12-16",266,115
"1982-12-17",266,116
"1982-12-18",266,119
"1982-12-19",266,117
"1982-12-20",266,117
"1982-12-21",266,119
"1982-12-22",270,120
"1982-12-23",270,120
"1982-12-24",270,120
"1982-12-25",270,119
"1982-12-26",270,119
"1982-12-27",272,125
"1982-12-28",274,119
"1982-12-29",274,119
"1982-12-30",270,119
"1982-12-31",276,121
"1983-01-01",282,124
"1983-01-02",278,119
"1983-01-03",276,120
"1983-01-04",278,119
"1983-01-05",278,117
"1983-01-06",278,118
"1983-01-07",274,116
"1983-01-08",274,116
"1983-01-09",274,116
"1983-01-10",274,115
"1983-01-11",274,113
"1983-01-12",274,111
"1983-01-13",274,108
"1983-01-14",274,110
"1983-01-15",274,111
"1983-01-16",270,112
"1983-01-17",280,113
"1983-01-18",290,119
"1983-01-19",286,119
"1983-01-20",282,115
"1983-01-21",282,116
"1983-01-22",282,112
"1983-01-23",279,115
"1983-01-24",277,118
"1983-01-25",274,116
"1983-01-26",274,111
"1983-01-27",274,109
"1983-01-28",274,111
"1983-01-29",274,114
"1983-01-30",274,114
"1983-01-31",274,114
"1983-02-01",274,111
"1983-02-02",270,111
"1983-02-03",270,112
"1983-02-04",274,114
"1983-02-05",278,121
"1983-02-06",274,116
"1983-02-07",274,114
"1983-02-08",274,115
"1983-02-09",261,120
"1983-02-10",249,117
"1983-02-11",255,115
"1983-02-12",262,116
"1983-02-13",262,115
"1983-02-14",266,115
"1983-02-15",268,129
"1983-02-16",271,121
"1983-02-17",274,118
"1983-02-18",270,119
"1983-02-19",270,122
"1983-02-20",266,124
"1983-02-21",266,125
"1983-02-22",266,124
"1983-02-23",266,124
"1983-02-24",262,124
"1983-02-25",262,123
"1983-02-26",262,124
"1983-02-27",262,125
"1983-02-28",262,124
"1983-03-01",266,123
"1983-03-02",262,122
"1983-03-03",262,124
"1983-03-04",262,129
"1983-03-05",262,127
"1983-03-06",262,129
"1983-03-07",260,128
"1983-03-08",258,125
"1983-03-09",258,126
"1983-03-10",258,126
"1983-03-11",254,127
"1983-03-12",254,130
"1983-03-13",250,132
"1983-03-14",250,134
"1983-03-15",251,132
"1983-03-16",253,141
"1983-03-17",254,137
"1983-03-18",254,137
"1983-03-19",254,140
"1983-03-20",254,140
"1983-03-21",254,138
"1983-03-22",254,138
"1983-03-23",259,167
"1983-03-24",265,153
"1983-03-25",270,153
"1983-03-26",270,173
"1983-03-27",270,169
"1983-03-28",270,165
"1983-03-29",266,166
"1983-03-30",268,172
"1983-03-31",270,177
"1983-04-01",268,172
"1983-04-02",269,170
"1983-04-03",270,170
"1983-04-04",270,172
"1983-04-05",270,170
"1983-04-06",274,170
"1983-04-07",274,169
"1983-04-08",270,169
"1983-04-09",266,168
"1983-04-10",268,168
"1983-04-11",270,167
"1983-04-12",266,167
"1983-04-13",262,167
"1983-04-14",262,166
"1983-04-15",258,164
"1983-04-16",254,163
"1983-04-17",258,163
"1983-04-18",256,162
"1983-04-19",254,160
"1983-04-20",254,159
"1983-04-21",254,160
"1983-04-22",254,158
"1983-04-23",250,156
"1983-04-24",254,155
"1983-04-25",250,155
"1983-04-26",246,154
"1983-04-27",246,154
"1983-04-28",246,153
"1983-04-29",246,153
"1983-04-30",246,152
"1983-05-01",246,152
"1983-05-02",242,153
"1983-05-03",238,149
"1983-05-04",235,148
"1983-05-05",233,144
"1983-05-06",227,147
"1983-05-07",222,147
"1983-05-08",222,149
"1983-05-09",222,149
"1983-05-10",226,151
"1983-05-11",226,147
"1983-05-12",226,154
"1983-05-13",222,153
"1983-05-14",219,151
"1983-05-15",222,159
"1983-05-16",224,152
"1983-05-17",227,150
"1983-05-18",230,152
"1983-05-19",230,149
"1983-05-20",235,162
"1983-05-21",240,197
"1983-05-22",245,218
"1983-05-23",250,195
"1983-05-24",246,187
"1983-05-25",250,180
"1983-05-26",248,180
"1983-05-27",246,180
"1983-05-28",250,180
"1983-05-29",254,181
"1983-05-30",250,179
"1983-05-31",250,179
"1983-06-01",250,179
"1983-06-02",246,178
"1983-06-03",242,177
"1983-06-04",246,175
"1983-06-05",246,180
"1983-06-06",246,185
"1983-06-07",246,181
"1983-06-08",242,176
"1983-06-09",242,174
"1983-06-10",242,174
"1983-06-11",246,174
"1983-06-12",242,174
"1983-06-13",246,173
"1983-06-14",242,172
"1983-06-15",250,175
"1983-06-16",258,183
"1983-06-17",254,182
"1983-06-18",254,176
"1983-06-19",254,174
"1983-06-20",250,174
"1983-06-21",246,173
"1983-06-22",246,173
"1983-06-23",246,171
"1983-06-24",242,171
"1983-06-25",240,185
"1983-06-26",238,194
"1983-06-27",236,187
"1983-06-28",234,182
"1983-06-29",232,178
"1983-06-30",225,176
"1983-07-01",219,176
"1983-07-02",219,176
"1983-07-03",215,177
"1983-07-04",209,177
"1983-07-05",204,178
"1983-07-06",204,175
"1983-07-07",206,173
"1983-07-08",208,173
"1983-07-09",208,174
"1983-07-10",204,175
"1983-07-11",204,174
"1983-07-12",204,174
"1983-07-13",204,175
"1983-07-14",215,180
"1983-07-15",226,184
"1983-07-16",229,180
"1983-07-17",231,178
"1983-07-18",234,177
"1983-07-19",238,182
"1983-07-20",238,177
"1983-07-21",238,172
"1983-07-22",234,172
"1983-07-23",234,172
"1983-07-24",234,173
"1983-07-25",230,172
"1983-07-26",226,171
"1983-07-27",226,171
"1983-07-28",220,172
"1983-07-29",215,172
"1983-07-30",215,170
"1983-07-31",215,169
"1983-08-01",209,168
"1983-08-02",204,165
"1983-08-03",208,164
"1983-08-04",208,163
"1983-08-05",204,166
"1983-08-06",207,167
"1983-08-07",211,168
"1983-08-08",215,172
"1983-08-09",218,168
"1983-08-10",222,164
"1983-08-11",222,162
"1983-08-12",222,159
"1983-08-13",222,163
"1983-08-14",222,162
"1983-08-15",220,160
"1983-08-16",219,159
"1983-08-17",219,159
"1983-08-18",213,160
"1983-08-19",208,159
"1983-08-20",209,160
"1983-08-21",211,159
"1983-08-22",204,157
"1983-08-23",197,157
"1983-08-24",201,155
"1983-08-25",197,154
"1983-08-26",194,154
"1983-08-27",194,154
"1983-08-28",194,154
"1983-08-29",190,151
"1983-08-30",187,150
"1983-08-31",184,148
"1983-09-01",180,148
"1983-09-02",177,149
"1983-09-03",174,146
"1983-09-04",177,145
"1983-09-05",180,148
"1983-09-06",175,147
"1983-09-07",171,146
"1983-09-08",175,145
"1983-09-09",180,146
"1983-09-10",185,148
"1983-09-11",189,148
"1983-09-12",194,146
"1983-09-13",190,144
"1983-09-14",187,143
"1983-09-15",187,140
"1983-09-16",187,140
"1983-09-17",187,144
"1983-09-18",192,148
"1983-09-19",196,164
"1983-09-20",201,156
"1983-09-21",197,146
"1983-09-22",201,146
"1983-09-23",201,146
"1983-09-24",204,144
"1983-09-25",201,143
"1983-09-26",198,141
"1983-09-27",197,140
"1983-09-28",201,141
"1983-09-29",201,139
"1983-09-30",201,139
"1983-10-01",197,140
"1983-10-02",201,140
"1983-10-03",197,137
"1983-10-04",194,137
"1983-10-05",191,138
"1983-10-06",191,138
"1983-10-07",194,137
"1983-10-08",197,137
"1983-10-09",201,141
"1983-10-10",204,144
"1983-10-11",204,141
"1983-10-12",208,140
"1983-10-13",204,138
"1983-10-14",208,136
"1983-10-15",208,137
"1983-10-16",211,137
"1983-10-17",211,135
"1983-10-18",208,133
"1983-10-19",208,133
"1983-10-20",208,135
"1983-10-21",211,132
"1983-10-22",211,133
"1983-10-23",211,135
"1983-10-24",211,134
"1983-10-25",211,134
"1983-10-26",211,135
"1983-10-27",215,135
"1983-10-28",211,132
"1983-10-29",215,132
"1983-10-30",215,132
"1983-10-31",211,131
"1983-11-01",208,129
"1983-11-02",208,129
"1983-11-03",211,130
"1983-11-04",211,131
"1983-11-05",215,138
"1983-11-06",218,139
"1983-11-07",222,138
"1983-11-08",219,132
"1983-11-09",219,130
"1983-11-10",219,130
"1983-11-11",219,133
"1983-11-12",222,133
"1983-11-13",219,132
"1983-11-14",219,134
"1983-11-15",219,133
"1983-11-16",219,132
"1983-11-17",219,132
"1983-11-18",222,131
"1983-11-19",222,133
"1983-11-20",222,134
"1983-11-21",222,134
"1983-11-22",222,133
"1983-11-23",226,135
"1983-11-24",222,132
"1983-11-25",226,133
"1983-11-26",226,135
"1983-11-27",226,138
"1983-11-28",226,132
"1983-11-29",226,130
"1983-11-30",226,127
"1983-12-01",226,128
"1983-12-02",226,131
"1983-12-03",228,135
"1983-12-04",230,132
"1983-12-05",230,133
"1983-12-06",226,130
"1983-12-07",226,130
"1983-12-08",226,131
"1983-12-09",226,132
"1983-12-10",226,132
"1983-12-11",230,131
"1983-12-12",230,133
"1983-12-13",226,131
"1983-12-14",226,131
"1983-12-15",222,133
"1983-12-16",222,132
"1983-12-17",222,132
"1983-12-18",226,131
"1983-12-19",226,133
"1983-12-20",226,132
"1983-12-21",226,133
"1983-12-22",226,132
"1983-12-23",222,132
"1983-12-24",222,128
"1983-12-25",222,129
"1983-12-26",222,131
"1983-12-27",222,129
"1983-12-28",219,128
"1983-12-29",219,127
"1983-12-30",219,128
"1983-12-31",219,129
"1984-01-01",219,132
"1984-01-02",219,131
"1984-01-03",219,130
"1984-01-04",219,131
"1984-01-05",219,131
"1984-01-06",215,132
"1984-01-07",215,131
"1984-01-08",219,132
"1984-01-09",220,135
"1984-01-10",222,129
"1984-01-11",219,130
"1984-01-12",222,128
"1984-01-13",222,127
"1984-01-14",222,129
"1984-01-15",222,129
"1984-01-16",226,128
"1984-01-17",226,129
"1984-01-18",222,126
"1984-01-19",226,126
"1984-01-20",226,125
"1984-01-21",226,125
"1984-01-22",228,127
"1984-01-23",230,130
"1984-01-24",230,126
"1984-01-25",230,127
"1984-01-26",234,126
"1984-01-27",230,126
"1984-01-28",234,127
"1984-01-29",228,128
"1984-01-30",222,127
"1984-01-31",222,126
"1984-02-01",222,129
"1984-02-02",222,129
"1984-02-03",220,129
"1984-02-04",219,129
"1984-02-05",222,129
"1984-02-06",219,126
"1984-02-07",219,125
"1984-02-08",219,126
"1984-02-09",220,127
"1984-02-10",222,126
"1984-02-11",219,122
"1984-02-12",219,120
"1984-02-13",215,118
"1984-02-14",215,118
"1984-02-15",215,117
"1984-02-16",215,117
"1984-02-17",215,118
"1984-02-18",215,119
"1984-02-19",215,117
"1984-02-20",219,119
"1984-02-21",215,120
"1984-02-22",215,120
"1984-02-23",215,120
"1984-02-24",215,119
"1984-02-25",215,118
"1984-02-26",215,119
"1984-02-27",215,117
"1984-02-28",211,116
"1984-02-29",214,113
"1984-03-01",211,112
"1984-03-02",211,115
"1984-03-03",208,116
"1984-03-04",208,114
"1984-03-05",208,119
"1984-03-06",204,119
"1984-03-07",201,117
"1984-03-08",201,114
"1984-03-09",201,118
"1984-03-10",201,117
"1984-03-11",204,116
"1984-03-12",208,119
"1984-03-13",204,116
"1984-03-14",204,118
"1984-03-15",204,116
"1984-03-16",201,116
"1984-03-17",204,115
"1984-03-18",204,111
"1984-03-19",204,112
"1984-03-20",201,112
"1984-03-21",201,110
"1984-03-22",201,110
"1984-03-23",201,111
"1984-03-24",197,109
"1984-03-25",194,110
"1984-03-26",190,109
"1984-03-27",187,109
"1984-03-28",184,106
"1984-03-29",184,108
"1984-03-30",182,108
"1984-03-31",180,107
"1984-04-01",176,111
"1984-04-02",172,113
"1984-04-03",169,111
"1984-04-04",165,108
"1984-04-05",168,105
"1984-04-06",165,107
"1984-04-07",165,111
"1984-04-08",168,111
"1984-04-09",163,107
"1984-04-10",158,104
"1984-04-11",153,104
"1984-04-12",153,106
"1984-04-13",150,102
"1984-04-14",147,103
"1984-04-15",147,106
"1984-04-16",145,107
"1984-04-17",144,106
"1984-04-18",140,105
"1984-04-19",137,107
"1984-04-20",133,106
"1984-04-21",130,106
"1984-04-22",128,105
"1984-04-23",125,104
"1984-04-24",121,102
"1984-04-25",118,101
"1984-04-26",115,100
"1984-04-27",112,100
"1984-04-28",112,104
"1984-04-29",112,103
"1984-04-30",112,100
"1984-05-01",112,101
"1984-05-02",105,103
"1984-05-03",98,104
"1984-05-04",91,104
"1984-05-05",92,105
"1984-05-06",92,102
"1984-05-07",92,101
"1984-05-08",91,98
"1984-05-09",89,94
"1984-05-10",88,95
"1984-05-11",87,93
"1984-05-12",85,97
"1984-05-13",84,99
"1984-05-14",82,97
"1984-05-15",80,94
"1984-05-16",82,95
"1984-05-17",92,98
"1984-05-18",100,99
"1984-05-19",107,102
"1984-05-20",115,103
"1984-05-21",114,101
"1984-05-22",112,98
"1984-05-23",111,98
"1984-05-24",110,98
"1984-05-25",108,99
"1984-05-26",107,102
"1984-05-27",105,101
"1984-05-28",103,100
"1984-05-29",99,99
"1984-05-30",95,99
"1984-05-31",92,98
"1984-06-01",88,99
"1984-06-02",88,101
"1984-06-03",88,101
"1984-06-04",86,100
"1984-06-05",84,98
"1984-06-06",89,102
"1984-06-07",94,101
"1984-06-08",93,101
"1984-06-09",92,104
"1984-06-10",92,106
"1984-06-11",89,104
"1984-06-12",86,105
"1984-06-13",87,107
"1984-06-14",87,107
"1984-06-15",88,106
"1984-06-16",89,106
"1984-06-17",90,104
"1984-06-18",86,101
"1984-06-19",80,100
"1984-06-20",78,96
"1984-06-21",72,94
"1984-06-22",67,95
"1984-06-23",62,97
"1984-06-24",58,97
"1984-06-25",54,97
"1984-06-26",48,96
"1984-06-27",47,94
"1984-06-28",46,91
"1984-06-29",45,96
"1984-06-30",46,95
"1984-07-01",47,94
"1984-07-02",47,93
"1984-07-03",48,91
"1984-07-04",49,92
"1984-07-05",44,92
"1984-07-06",39,89
"1984-07-07",36,89
"1984-07-08",34,90
"1984-07-09",34,90
"1984-07-10",33,88
"1984-07-11",33,88
"1984-07-12",30,86
"1984-07-13",27,85
"1984-07-14",27,87
"1984-07-15",27,87
"1984-07-16",26,84
"1984-07-17",26,83
"1984-07-18",26,84
"1984-07-19",26,85
"1984-07-20",27,87
"1984-07-21",27,88
"1984-07-22",26,88
"1984-07-23",26,84
"1984-07-24",26,83
"1984-07-25",28,83
"1984-07-26",30,81
"1984-07-27",32,76
"1984-07-28",34,74
"1984-07-29",35,76
"1984-07-30",34,77
"1984-07-31",32,76
"1984-08-01",31,73
"1984-08-02",29,73
"1984-08-03",28,75
"1984-08-04",28,75
"1984-08-05",29,76
"1984-08-06",28,72
"1984-08-07",28,69
"1984-08-08",28,69
"1984-08-09",28,68
"1984-08-10",28,69
"1984-08-11",28,71
"1984-08-12",28,74
"1984-08-13",30,71
"1984-08-14",33,72
"1984-08-15",36,85
"1984-08-16",40,79
"1984-08-17",43,81
"1984-08-18",47,80
"1984-08-19",47,80
"1984-08-20",45,81
"1984-08-21",43,76
"1984-08-22",41,76
"1984-08-23",40,75
"1984-08-24",40,75
"1984-08-25",40,74
"1984-08-26",40,74
"1984-08-27",39,74
"1984-08-28",38,74
"1984-08-29",37,74
"1984-08-30",33,74
"1984-08-31",30,74
"1984-09-01",27,74
"1984-09-02",29,72
"1984-09-03",31,76
"1984-09-04",33,74
"1984-09-05",35,74
"1984-09-06",38,74
"1984-09-07",40,74
"1984-09-08",43,74
"1984-09-09",46,72
"1984-09-10",49,72
"1984-09-11",52,72
"1984-09-12",48,72
"1984-09-13",45,71
"1984-09-14",41,71
"1984-09-15",39,71
"1984-09-16",39,70
"1984-09-17",40,69
"1984-09-18",40,64
"1984-09-19",40,66
"1984-09-20",40,70
"1984-09-21",40,74
"1984-09-22",40,75
"1984-09-23",41,75
"1984-09-24",41,72
"1984-09-25",41,71
"1984-09-26",41,72
"1984-09-27",42,71
"1984-09-28",42,71
"1984-09-29",45,76
"1984-09-30",48,76
"1984-10-01",51,75
"1984-10-02",54,72
"1984-10-03",55,72
"1984-10-04",57,74
"1984-10-05",62,74
"1984-10-06",65,75
"1984-10-07",70,82
"1984-10-08",75,78
"1984-10-09",80,79
"1984-10-10",84,74
"1984-10-11",90,81
"1984-10-12",96,83
"1984-10-13",103,82
"1984-10-14",110,90
"1984-10-15",117,89
"1984-10-16",117,88
"1984-10-17",115,85
"1984-10-18",115,86
"1984-10-19",118,89
"1984-10-20",120,89
"1984-10-21",123,93
"1984-10-22",127,89
"1984-10-23",131,89
"1984-10-24",135,95
"1984-10-25",139,93
"1984-10-26",141,100
"1984-10-27",144,100
"1984-10-28",144,100
"1984-10-29",142,99
"1984-10-30",141,99
"1984-10-31",143,98
"1984-11-01",145,99
"1984-11-02",147,100
"1984-11-03",147,100
"1984-11-04",150,100
"1984-11-05",147,100
"1984-11-06",147,98
"1984-11-07",147,99
"1984-11-08",147,100
"1984-11-09",147,101
"1984-11-10",147,99
"1984-11-11",147,99
"1984-11-12",147,98
"1984-11-13",147,95
"1984-11-14",147,96
"1984-11-15",147,96
"1984-11-16",147,95
"1984-11-17",150,96
"1984-11-18",153,100
"1984-11-19",153,96
"1984-11-20",150,94
"1984-11-21",150,95
"1984-11-22",150,98
"1984-11-23",153,100
"1984-11-24",155,101
"1984-11-25",157,107
"1984-11-26",159,101
"1984-11-27",156,99
"1984-11-28",153,100
"1984-11-29",156,100
"1984-11-30",156,100
"1984-12-01",156,100
"1984-12-02",159,100
"1984-12-03",157,100
"1984-12-04",156,102
"1984-12-05",156,104
"1984-12-06",153,99
"1984-12-07",153,100
"1984-12-08",156,101
"1984-12-09",159,101
"1984-12-10",159,99
"1984-12-11",159,100
"1984-12-12",159,102
"1984-12-13",160,105
"1984-12-14",162,104
"1984-12-15",162,105
"1984-12-16",169,110
"1984-12-17",177,114
"1984-12-18",174,125
"1984-12-19",174,120
"1984-12-20",171,121
"1984-12-21",171,120
"1984-12-22",171,118
"1984-12-23",171,119
"1984-12-24",174,119
"1984-12-25",174,119
"1984-12-26",172,119
"1984-12-27",171,122
"1984-12-28",174,126
"1984-12-29",171,124
"1984-12-30",174,124
"1984-12-31",180,127
"1985-01-01",187,132
"1985-01-02",187,132
"1985-01-03",184,131
"1985-01-04",186,127
"1985-01-05",190,125
"1985-01-06",194,124
"1985-01-07",194,124
"1985-01-08",194,122
"1985-01-09",197,122
"1985-01-10",194,121
"1985-01-11",197,120
"1985-01-12",201,122
"1985-01-13",204,125
"1985-01-14",206,136
"1985-01-15",208,132
"1985-01-16",211,139
"1985-01-17",213,145
"1985-01-18",215,145
"1985-01-19",215,145
"1985-01-20",211,140
"1985-01-21",211,139
"1985-01-22",215,139
"1985-01-23",215,139
"1985-01-24",219,140
"1985-01-25",219,140
"1985-01-26",219,140
"1985-01-27",222,147
"1985-01-28",222,141
"1985-01-29",222,144
"1985-01-30",222,144
"1985-01-31",222,141
"1985-02-01",222,141
"1985-02-02",222,141
"1985-02-03",219,141
"1985-02-04",222,141
"1985-02-05",219,144
"1985-02-06",219,145
"1985-02-07",222,144
"1985-02-08",222,144
"1985-02-09",222,147
"1985-02-10",226,148
"1985-02-11",222,147
"1985-02-12",219,147
"1985-02-13",219,147
"1985-02-14",222,145
"1985-02-15",222,147
"1985-02-16",222,148
"1985-02-17",222,149
"1985-02-18",222,149
"1985-02-19",219,152
"1985-02-20",219,153
"1985-02-21",222,154
"1985-02-22",226,154
"1985-02-23",226,156
"1985-02-24",226,163
"1985-02-25",226,164
"1985-02-26",226,158
"1985-02-27",226,154
"1985-02-28",228,154
"1985-03-01",230,162
"1985-03-02",226,162
"1985-03-03",230,158
"1985-03-04",226,157
"1985-03-05",230,156
"1985-03-06",226,154
"1985-03-07",222,156
"1985-03-08",228,157
"1985-03-09",234,157
"1985-03-10",234,157
"1985-03-11",234,158
"1985-03-12",230,157
"1985-03-13",230,158
"1985-03-14",238,168
"1985-03-15",246,174
"1985-03-16",246,168
"1985-03-17",250,163
"1985-03-18",250,162
"1985-03-19",250,163
"1985-03-20",250,175
"1985-03-21",250,167
"1985-03-22",252,163
"1985-03-23",254,162
"1985-03-24",254,163
"1985-03-25",258,166
"1985-03-26",258,166
"1985-03-27",258,172
"1985-03-28",258,170
"1985-03-29",258,167
"1985-03-30",258,172
"1985-03-31",258,169
"1985-04-01",254,167
"1985-04-02",255,167
"1985-04-03",258,168
"1985-04-04",258,167
"1985-04-05",254,167
"1985-04-06",254,167
"1985-04-07",254,167
"1985-04-08",254,166
"1985-04-09",254,167
"1985-04-10",258,172
"1985-04-11",262,177
"1985-04-12",262,172
"1985-04-13",262,174
"1985-04-14",264,175
"1985-04-15",266,172
"1985-04-16",262,172
"1985-04-17",258,169
"1985-04-18",258,169
"1985-04-19",262,170
"1985-04-20",258,170
"1985-04-21",258,170
"1985-04-22",258,168
"1985-04-23",258,168
"1985-04-24",254,167
"1985-04-25",258,167
"1985-04-26",262,174
"1985-04-27",258,166
"1985-04-28",258,166
"1985-04-29",257,164
"1985-04-30",256,164
"1985-05-01",255,169
"1985-05-02",254,160
"1985-05-03",254,158
"1985-05-04",254,158
"1985-05-05",254,157
"1985-05-06",250,152
"1985-05-07",245,153
"1985-05-08",239,157
"1985-05-09",234,159
"1985-05-10",238,158
"1985-05-11",234,157
"1985-05-12",238,157
"1985-05-13",242,156
"1985-05-14",238,167
"1985-05-15",234,159
"1985-05-16",234,156
"1985-05-17",232,159
"1985-05-18",230,157
"1985-05-19",234,154
"1985-05-20",234,154
"1985-05-21",234,156
"1985-05-22",238,156
"1985-05-23",234,153
"1985-05-24",230,150
"1985-05-25",234,152
"1985-05-26",238,150
"1985-05-27",238,150
"1985-05-28",234,149
"1985-05-29",234,149
"1985-05-30",230,145
"1985-05-31",227,141
"1985-06-01",224,140
"1985-06-02",222,138
"1985-06-03",216,136
"1985-06-04",211,135
"1985-06-05",219,144
"1985-06-06",228,192
"1985-06-07",237,272
"1985-06-08",246,233
"1985-06-09",242,202
"1985-06-10",238,191
"1985-06-11",238,184
"1985-06-12",234,179
"1985-06-13",238,177
"1985-06-14",242,173
"1985-06-15",238,172
"1985-06-16",238,170
"1985-06-17",242,167
"1985-06-18",242,177
"1985-06-19",242,194
"1985-06-20",242,178
"1985-06-21",238,173
"1985-06-22",243,223
"1985-06-23",247,284
"1985-06-24",252,246
"1985-06-25",257,236
"1985-06-26",262,230
"1985-06-27",260,226
"1985-06-28",259,221
"1985-06-29",258,218
"1985-06-30",254,216
"1985-07-01",252,213
"1985-07-02",250,209
"1985-07-03",254,224
"1985-07-04",259,275
"1985-07-05",263,280
"1985-07-06",268,250
"1985-07-07",272,250
"1985-07-08",277,244
"1985-07-09",282,246
"1985-07-10",286,238
"1985-07-11",282,236
"1985-07-12",282,283
"1985-07-13",282,279
"1985-07-14",282,250
"1985-07-15",278,242
"1985-07-16",274,238
"1985-07-17",278,233
"1985-07-18",278,231
"1985-07-19",274,230
"1985-07-20",278,228
"1985-07-21",273,231
"1985-07-22",267,243
"1985-07-23",262,242
"1985-07-24",262,240
"1985-07-25",261,238
"1985-07-26",260,240
"1985-07-27",263,236
"1985-07-28",266,232
"1985-07-29",260,232
"1985-07-30",254,231
"1985-07-31",250,227
"1985-08-01",248,226
"1985-08-02",246,226
"1985-08-03",250,219
"1985-08-04",248,214
"1985-08-05",246,213
"1985-08-06",246,212
"1985-08-07",242,212
"1985-08-08",238,208
"1985-08-09",234,206
"1985-08-10",234,208
"1985-08-11",230,208
"1985-08-12",226,206
"1985-08-13",222,202
"1985-08-14",222,202
"1985-08-15",220,201
"1985-08-16",219,199
"1985-08-17",222,199
"1985-08-18",219,196
"1985-08-19",213,199
"1985-08-20",208,195
"1985-08-21",211,196
"1985-08-22",206,195
"1985-08-23",201,195
"1985-08-24",206,194
"1985-08-25",211,195
"1985-08-26",211,192
"1985-08-27",208,192
"1985-08-28",208,190
"1985-08-29",208,186
"1985-08-30",204,191
"1985-08-31",208,191
"1985-09-01",204,192
"1985-09-02",200,192
"1985-09-03",197,192
"1985-09-04",194,191
"1985-09-05",194,190
"1985-09-06",197,194
"1985-09-07",197,190
"1985-09-08",197,188
"1985-09-09",197,186
"1985-09-10",197,189
"1985-09-11",208,186
"1985-09-12",219,186
"1985-09-13",217,188
"1985-09-14",215,189
"1985-09-15",219,188
"1985-09-16",219,188
"1985-09-17",219,186
"1985-09-18",222,185
"1985-09-19",222,183
"1985-09-20",226,178
"1985-09-21",226,178
"1985-09-22",226,179
"1985-09-23",226,179
"1985-09-24",226,177
"1985-09-25",226,174
"1985-09-26",222,172
"1985-09-27",222,177
"1985-09-28",230,179
"1985-09-29",238,188
"1985-09-30",246,179
"1985-10-01",242,169
"1985-10-02",238,169
"1985-10-03",238,169
"1985-10-04",242,168
"1985-10-05",238,168
"1985-10-06",242,168
"1985-10-07",242,167
"1985-10-08",242,164
"1985-10-09",246,162
"1985-10-10",246,163
"1985-10-11",246,160
"1985-10-12",246,158
"1985-10-13",246,157
"1985-10-14",249,157
"1985-10-15",252,174
"1985-10-16",255,168
"1985-10-17",258,163
"1985-10-18",258,160
"1985-10-19",267,159
"1985-10-20",276,159
"1985-10-21",286,158
"1985-10-22",282,158
"1985-10-23",282,158
"1985-10-24",282,158
"1985-10-25",278,158
"1985-10-26",278,158
"1985-10-27",278,158
"1985-10-28",278,158
"1985-10-29",278,158
"1985-10-30",278,158
"1985-10-31",278,158
"1985-11-01",281,158
"1985-11-02",284,158
"1985-11-03",287,158
"1985-11-04",290,159
"1985-11-05",290,160
"1985-11-06",290,163
"1985-11-07",286,163
"1985-11-08",286,164
"1985-11-09",290,164
"1985-11-10",294,163
"1985-11-11",294,164
"1985-11-12",294,166
"1985-11-13",290,164
"1985-11-14",290,163
"1985-11-15",294,163
"1985-11-16",294,163
"1985-11-17",294,164
"1985-11-18",299,162
"1985-11-19",294,162
"1985-11-20",294,159
"1985-11-21",294,159
"1985-11-22",294,158
"1985-11-23",294,162
"1985-11-24",302,230
"1985-11-25",306,242
"1985-11-26",309,219
"1985-11-27",313,316
"1985-11-28",318,294
"1985-11-29",322,263
"1985-11-30",326,259
"1985-12-01",330,254
"1985-12-02",330,250
"1985-12-03",326,251
"1985-12-04",322,251
"1985-12-05",322,250
"1985-12-06",322,247
"1985-12-07",322,248
"1985-12-08",322,248
"1985-12-09",322,248
"1985-12-10",322,251
"1985-12-11",326,257
"1985-12-12",326,257
"1985-12-13",326,252
"1985-12-14",326,250
"1985-12-15",326,248
"1985-12-16",322,247
"1985-12-17",326,246
"1985-12-18",326,244
"1985-12-19",326,243
"1985-12-20",330,241
"1985-12-21",330,241
"1985-12-22",326,243
"1985-12-23",330,244
"1985-12-24",330,242
"1985-12-25",326,240
"1985-12-26",330,238
"1985-12-27",326,238
"1985-12-28",330,238
"1985-12-29",326,236
"1985-12-30",327,236
"1985-12-31",326,236
"1986-01-01",326,236
"1986-01-02",326,233
"1986-01-03",326,232
"1986-01-04",322,231
"1986-01-05",326,230
"1986-01-06",322,228
"1986-01-07",322,230
"1986-01-08",326,232
"1986-01-09",326,230
"1986-01-10",322,227
"1986-01-11",322,227
"1986-01-12",322,224
"1986-01-13",317,223
"1986-01-14",322,224
"1986-01-15",326,223
"1986-01-16",327,223
"1986-01-17",328,227
"1986-01-18",330,221
"1986-01-19",326,217
"1986-01-20",322,213
"1986-01-21",322,212
"1986-01-22",317,210
"1986-01-23",317,209
"1986-01-24",317,209
"1986-01-25",322,209
"1986-01-26",317,206
"1986-01-27",318,206
"1986-01-28",322,206
"1986-01-29",317,205
"1986-01-30",312,204
"1986-01-31",317,204
"1986-02-01",317,204
"1986-02-02",312,202
"1986-02-03",315,205
"1986-02-04",319,218
"1986-02-05",322,216
"1986-02-06",322,209
"1986-02-07",322,206
"1986-02-08",317,204
"1986-02-09",322,202
"1986-02-10",322,201
"1986-02-11",322,199
"1986-02-12",326,197
"1986-02-13",326,196
"1986-02-14",326,197
"1986-02-15",326,196
"1986-02-16",322,199
"1986-02-17",317,197
"1986-02-18",312,196
"1986-02-19",317,195
"1986-02-20",312,196
"1986-02-21",312,195
"1986-02-22",308,196
"1986-02-23",312,196
"1986-02-24",308,196
"1986-02-25",304,197
"1986-02-26",304,197
"1986-02-27",304,195
"1986-02-28",306,195
"1986-03-01",308,195
"1986-03-02",308,197
"1986-03-03",306,198
"1986-03-04",304,197
"1986-03-05",304,197
"1986-03-06",304,196
"1986-03-07",304,195
"1986-03-08",304,197
"1986-03-09",304,199
"1986-03-10",299,196
"1986-03-11",304,194
"1986-03-12",304,192
"1986-03-13",299,191
"1986-03-14",294,190
"1986-03-15",294,189
"1986-03-16",294,186
"1986-03-17",294,186
"1986-03-18",299,186
"1986-03-19",299,184
"1986-03-20",294,183
"1986-03-21",290,182
"1986-03-22",286,180
"1986-03-23",290,180
"1986-03-24",286,179
"1986-03-25",286,179
"1986-03-26",286,179
"1986-03-27",286,177
"1986-03-28",286,175
"1986-03-29",282,172
"1986-03-30",282,168
"1986-03-31",280,168
"1986-04-01",278,168
"1986-04-02",278,167
"1986-04-03",282,169
"1986-04-04",276,168
"1986-04-05",270,168
"1986-04-06",274,167
"1986-04-07",278,168
"1986-04-08",274,167
"1986-04-09",278,168
"1986-04-10",274,168
"1986-04-11",278,167
"1986-04-12",274,168
"1986-04-13",274,167
"1986-04-14",270,166
"1986-04-15",266,166
"1986-04-16",266,163
"1986-04-17",266,164
"1986-04-18",266,164
"1986-04-19",266,164
"1986-04-20",266,164
"1986-04-21",260,160
"1986-04-22",254,159
"1986-04-23",250,157
"1986-04-24",250,156
"1986-04-25",250,157
"1986-04-26",246,157
"1986-04-27",246,159
"1986-04-28",243,157
"1986-04-29",241,158
"1986-04-30",242,159
"1986-05-01",246,168
"1986-05-02",246,164
"1986-05-03",246,160
"1986-05-04",250,159
"1986-05-05",246,159
"1986-05-06",242,158
"1986-05-07",242,158
"1986-05-08",246,162
"1986-05-09",242,163
"1986-05-10",238,205
"1986-05-11",242,212
"1986-05-12",246,201
"1986-05-13",242,195
"1986-05-14",242,191
"1986-05-15",242,194
"1986-05-16",242,189
"1986-05-17",242,199
"1986-05-18",242,226
"1986-05-19",246,210
"1986-05-20",242,208
"1986-05-21",240,206
"1986-05-22",238,204
"1986-05-23",234,202
"1986-05-24",238,201
"1986-05-25",238,199
"1986-05-26",242,200
"1986-05-27",244,201
"1986-05-28",246,200
"1986-05-29",246,199
"1986-05-30",251,208
"1986-05-31",255,230
"1986-06-01",260,230
"1986-06-02",265,224
"1986-06-03",270,224
"1986-06-04",286,240
"1986-06-05",304,244
"1986-06-06",322,240
"1986-06-07",317,244
"1986-06-08",312,253
"1986-06-09",310,261
"1986-06-10",308,254
"1986-06-11",312,250
"1986-06-12",312,250
"1986-06-13",312,257
"1986-06-14",317,254
"1986-06-15",312,253
"1986-06-16",312,251
"1986-06-17",312,257
"1986-06-18",315,257
"1986-06-19",319,263
"1986-06-20",322,258
"1986-06-21",326,258
"1986-06-22",322,257
"1986-06-23",322,254
"1986-06-24",317,253
"1986-06-25",322,251
"1986-06-26",319,252
"1986-06-27",317,251
"1986-06-28",322,252
"1986-06-29",322,251
"1986-06-30",319,248
"1986-07-01",317,248
"1986-07-02",322,248
"1986-07-03",319,245
"1986-07-04",317,244
"1986-07-05",317,244
"1986-07-06",317,244
"1986-07-07",312,243
"1986-07-08",308,241
"1986-07-09",308,239
"1986-07-10",303,240
"1986-07-11",299,239
"1986-07-12",303,238
"1986-07-13",308,237
"1986-07-14",303,236
"1986-07-15",299,234
"1986-07-16",299,237
"1986-07-17",294,237
"1986-07-18",290,235
"1986-07-19",294,234
"1986-07-20",290,233
"1986-07-21",286,233
"1986-07-22",282,231
"1986-07-23",278,229
"1986-07-24",272,228
"1986-07-25",266,228
"1986-07-26",270,227
"1986-07-27",270,227
"1986-07-28",264,224
"1986-07-29",258,223
"1986-07-30",258,223
"1986-07-31",254,222
"1986-08-01",250,220
"1986-08-02",250,217
"1986-08-03",246,215
"1986-08-04",250,213
"1986-08-05",246,212
"1986-08-06",246,212
"1986-08-07",244,211
"1986-08-08",242,209
"1986-08-09",246,209
"1986-08-10",242,210
"1986-08-11",238,215
"1986-08-12",234,212
"1986-08-13",234,208
"1986-08-14",234,208
"1986-08-15",234,205
"1986-08-16",238,206
"1986-08-17",238,206
"1986-08-18",232,205
"1986-08-19",226,203
"1986-08-20",226,200
"1986-08-21",230,200
"1986-08-22",226,200
"1986-08-23",229,204
"1986-08-24",232,200
"1986-08-25",235,198
"1986-08-26",238,198
"1986-08-27",234,197
"1986-08-28",234,195
"1986-08-29",234,193
"1986-08-30",238,191
"1986-08-31",242,191
"1986-09-01",244,191
"1986-09-02",246,191
"1986-09-03",246,189
"1986-09-04",242,190
"1986-09-05",246,187
"1986-09-06",246,190
"1986-09-07",252,199
"1986-09-08",258,193
"1986-09-09",254,190
"1986-09-10",254,188
"1986-09-11",255,186
"1986-09-12",257,191
"1986-09-13",258,195
"1986-09-14",262,185
"1986-09-15",262,183
"1986-09-16",258,181
"1986-09-17",258,180
"1986-09-18",262,179
"1986-09-19",262,174
"1986-09-20",266,175
"1986-09-21",266,183
"1986-09-22",262,184
"1986-09-23",262,180
"1986-09-24",258,179
"1986-09-25",258,178
"1986-09-26",258,178
"1986-09-27",258,178
"1986-09-28",262,177
"1986-09-29",258,175
"1986-09-30",253,174
"1986-10-01",248,186
"1986-10-02",246,181
"1986-10-03",246,177
"1986-10-04",245,175
"1986-10-05",245,180
"1986-10-06",247,175
"1986-10-07",248,175
"1986-10-08",250,175
"1986-10-09",250,172
"1986-10-10",250,165
"1986-10-11",257,177
"1986-10-12",264,196
"1986-10-13",271,212
"1986-10-14",278,201
"1986-10-15",277,197
"1986-10-16",278,193
"1986-10-17",280,190
"1986-10-18",280,189
"1986-10-19",283,186
"1986-10-20",284,186
"1986-10-21",289,191
"1986-10-22",293,199
"1986-10-23",298,199
"1986-10-24",303,218
"1986-10-25",297,213
"1986-10-26",297,206
"1986-10-27",298,203
"1986-10-28",299,200
"1986-10-29",297,197
"1986-10-30",300,196
"1986-10-31",300,195
"1986-11-01",299,194
"1986-11-02",301,192
"1986-11-03",302,191
"1986-11-04",305,191
"1986-11-05",303,188
"1986-11-06",304,188
"1986-11-07",304,186
"1986-11-08",308,186
"1986-11-09",308,185
"1986-11-10",309,185
"1986-11-11",305,185
"1986-11-12",308,185
"1986-11-13",303,184
"1986-11-14",304,184
"1986-11-15",305,183
"1986-11-16",307,183
"1986-11-17",307,183
"1986-11-18",307,183
"1986-11-19",308,181
"1986-11-20",308,179
"1986-11-21",308,178
"1986-11-22",309,178
"1986-11-23",311,178
"1986-11-24",312,177
"1986-11-25",312,180
"1986-11-26",313,175
"1986-11-27",310,175
"1986-11-28",312,173
"1986-11-29",312,172
"1986-11-30",312,171
"1986-12-01",312,171
"1986-12-02",310,168
"1986-12-03",310,167
"1986-12-04",307,167
"1986-12-05",311,167
"1986-12-06",315,166
"1986-12-07",314,166
"1986-12-08",313,166
"1986-12-09",313,166
"1986-12-10",318,167
"1986-12-11",313,168
"1986-12-12",314,168
"1986-12-13",313,168
"1986-12-14",316,173
"1986-12-15",319,185
"1986-12-16",323,188
"1986-12-17",326,184
"1986-12-18",329,188
"1986-12-19",332,186
"1986-12-20",326,185
"1986-12-21",330,185
"1986-12-22",337,225
"1986-12-23",345,245
"1986-12-24",353,255
"1986-12-25",361,260
"1986-12-26",355,265
"1986-12-27",350,268
"1986-12-28",358,270
"1986-12-29",366,273
"1986-12-30",375,275
"1986-12-31",376,273
"1987-01-01",375,272
"1987-01-02",375,268
"1987-01-03",374,266
"1987-01-04",372,262
"1987-01-05",365,257
"1987-01-06",358,258
"1987-01-07",351,259
"1987-01-08",351,261
"1987-01-09",352,266
"1987-01-10",350,262
"1987-01-11",350,257
"1987-01-12",350,255
"1987-01-13",350,255
"1987-01-14",351,255
"1987-01-15",349,252
"1987-01-16",349,250
"1987-01-17",352,253
"1987-01-18",354,253
"1987-01-19",357,250
"1987-01-20",352,246
"1987-01-21",354,246
"1987-01-22",353,241
"1987-01-23",352,240
"1987-01-24",354,241
"1987-01-25",355,236
"1987-01-26",354,236
"1987-01-27",348,235
"1987-01-28",348,234
"1987-01-29",350,234
"1987-01-30",348,231
"1987-01-31",348,230
"1987-02-01",349,230
"1987-02-02",347,226
"1987-02-03",343,227
"1987-02-04",342,225
"1987-02-05",346,224
"1987-02-06",350,222
"1987-02-07",346,218
"1987-02-08",345,217
"1987-02-09",347,212
"1987-02-10",343,210
"1987-02-11",345,211
"1987-02-12",345,209
"1987-02-13",344,207
"1987-02-14",345,208
"1987-02-15",347,207
"1987-02-16",348,207
"1987-02-17",350,205
"1987-02-18",345,202
"1987-02-19",350,199
"1987-02-20",352,207
"1987-02-21",354,203
"1987-02-22",349,201
"1987-02-23",353,196
"1987-02-24",355,210
"1987-02-25",358,207
"1987-02-26",361,254
"1987-02-27",364,246
"1987-02-28",367,244
"1987-03-01",371,242
"1987-03-02",374,239
"1987-03-03",377,238
"1987-03-04",373,245
"1987-03-05",375,253
"1987-03-06",372,262
"1987-03-07",371,262
"1987-03-08",371,260
"1987-03-09",372,259
"1987-03-10",371,258
"1987-03-11",372,270
"1987-03-12",372,257
"1987-03-13",375,256
"1987-03-14",371,255
"1987-03-15",371,254
"1987-03-16",375,253
"1987-03-17",375,255
"1987-03-18",371,253
"1987-03-19",370,251
"1987-03-20",370,249
"1987-03-21",365,248
"1987-03-22",365,248
"1987-03-23",365,251
"1987-03-24",360,250
"1987-03-25",360,247
"1987-03-26",360,246
"1987-03-27",360,245
"1987-03-28",360,252
"1987-03-29",360,246
"1987-03-30",360,241
"1987-03-31",355,240
"1987-04-01",351,239
"1987-04-02",353,236
"1987-04-03",356,233
"1987-04-04",355,226
"1987-04-05",360,228
"1987-04-06",365,228
"1987-04-07",364,227
"1987-04-08",360,226
"1987-04-09",360,225
"1987-04-10",360,224
"1987-04-11",359,224
"1987-04-12",355,225
"1987-04-13",354,226
"1987-04-14",354,223
"1987-04-15",348,221
"1987-04-16",342,219
"1987-04-17",342,215
"1987-04-18",341,213
"1987-04-19",339,215
"1987-04-20",339,213
"1987-04-21",335,210
"1987-04-22",330,212
"1987-04-23",326,212
"1987-04-24",330,210
"1987-04-25",330,210
"1987-04-26",335,209
"1987-04-27",330,206
"1987-04-28",326,207
"1987-04-29",326,207
"1987-04-30",322,206
"1987-05-01",326,204
"1987-05-02",326,202
"1987-05-03",330,207
"1987-05-04",335,215
"1987-05-05",331,205
"1987-05-06",330,206
"1987-05-07",326,204
"1987-05-08",322,204
"1987-05-09",322,190
"1987-05-10",326,187
"1987-05-11",326,186
"1987-05-12",322,185
"1987-05-13",322,184
"1987-05-14",322,182
"1987-05-15",317,184
"1987-05-16",319,204
"1987-05-17",320,200
"1987-05-18",322,192
"1987-05-19",330,204
"1987-05-20",338,206
"1987-05-21",332,193
"1987-05-22",326,185
"1987-05-23",329,185
"1987-05-24",333,187
"1987-05-25",327,186
"1987-05-26",322,184
"1987-05-27",322,184
"1987-05-28",326,182
"1987-05-29",349,195
"1987-05-30",374,212
"1987-05-31",374,227
"1987-06-01",374,246
"1987-06-02",374,290
"1987-06-03",374,315
"1987-06-04",375,369
"1987-06-05",375,383
"1987-06-06",375,383
"1987-06-07",375,372
"1987-06-08",381,370
"1987-06-09",387,373
"1987-06-10",393,383
"1987-06-11",400,404
"1987-06-12",406,415
"1987-06-13",413,425
"1987-06-14",419,427
"1987-06-15",426,424
"1987-06-16",409,416
"1987-06-17",413,403
"1987-06-18",416,405
"1987-06-19",408,388
"1987-06-20",411,380
"1987-06-21",414,372
"1987-06-22",411,367
"1987-06-23",409,363
"1987-06-24",405,359
"1987-06-25",406,355
"1987-06-26",408,352
"1987-06-27",409,348
"1987-06-28",404,346
"1987-06-29",407,343
"1987-06-30",403,342
"1987-07-01",400,340
"1987-07-02",400,339
"1987-07-03",394,337
"1987-07-04",399,335
"1987-07-05",394,332
"1987-07-06",390,328
"1987-07-07",390,330
"1987-07-08",385,328
"1987-07-09",385,329
"1987-07-10",384,328
"1987-07-11",384,328
"1987-07-12",385,325
"1987-07-13",384,322
"1987-07-14",380,321
"1987-07-15",381,314
"1987-07-16",381,321
"1987-07-17",379,320
"1987-07-18",383,381
"1987-07-19",378,364
"1987-07-20",373,357
"1987-07-21",368,352
"1987-07-22",375,353
"1987-07-23",382,352
"1987-07-24",377,351
"1987-07-25",380,351
"1987-07-26",380,347
"1987-07-27",382,345
"1987-07-28",378,341
"1987-07-29",378,341
"1987-07-30",378,338
"1987-07-31",377,337
"1987-08-01",384,334
"1987-08-02",384,333
"1987-08-03",381,331
"1987-08-04",377,329
"1987-08-05",373,326
"1987-08-06",376,323
"1987-08-07",369,321
"1987-08-08",371,318
"1987-08-09",368,318
"1987-08-10",369,318
"1987-08-11",362,316
"1987-08-12",365,314
"1987-08-13",360,313
"1987-08-14",355,311
"1987-08-15",360,310
"1987-08-16",357,307
"1987-08-17",351,305
"1987-08-18",345,302
"1987-08-19",340,300
"1987-08-20",344,305
"1987-08-21",344,303
"1987-08-22",349,302
"1987-08-23",350,300
"1987-08-24",344,299
"1987-08-25",339,296
"1987-08-26",339,295
"1987-08-27",342,293
"1987-08-28",340,298
"1987-08-29",343,292
"1987-08-30",344,293
"1987-08-31",343,289
"1987-09-01",343,289
"1987-09-02",346,288
"1987-09-03",345,289
"1987-09-04",345,283
"1987-09-05",350,285
"1987-09-06",350,284
"1987-09-07",350,288
"1987-09-08",345,282
"1987-09-09",345,278
"1987-09-10",350,278
"1987-09-11",345,281
"1987-09-12",350,277
"1987-09-13",350,274
"1987-09-14",350,271
"1987-09-15",355,270
"1987-09-16",353,267
"1987-09-17",352,265
"1987-09-18",356,263
"1987-09-19",360,267
"1987-09-20",355,265
"1987-09-21",358,261
"1987-09-22",355,257
"1987-09-23",355,259
"1987-09-24",355,255
"1987-09-25",355,253
"1987-09-26",350,252
"1987-09-27",352,250
"1987-09-28",353,252
"1987-09-29",355,249
"1987-09-30",355,246
"1987-10-01",355,244
"1987-10-02",356,243
"1987-10-03",354,240
"1987-10-04",355,239
"1987-10-05",358,238
"1987-10-06",352,234
"1987-10-07",350,231
"1987-10-08",351,230
"1987-10-09",356,227
"1987-10-10",355,223
"1987-10-11",350,222
"1987-10-12",355,221
"1987-10-13",355,223
"1987-10-14",354,221
"1987-10-15",354,222
"1987-10-16",355,218
"1987-10-17",355,216
"1987-10-18",354,215
"1987-10-19",354,216
"1987-10-20",354,209
"1987-10-21",352,206
"1987-10-22",354,204
"1987-10-23",356,206
"1987-10-24",354,204
"1987-10-25",359,201
"1987-10-26",359,203
"1987-10-27",355,199
"1987-10-28",356,199
"1987-10-29",354,199
"1987-10-30",355,199
"1987-10-31",355,199
"1987-11-01",352,199
"1987-11-02",355,199
"1987-11-03",354,196
"1987-11-04",355,196
"1987-11-05",351,194
"1987-11-06",353,194
"1987-11-07",351,195
"1987-11-08",355,196
"1987-11-09",359,197
"1987-11-10",353,193
"1987-11-11",356,191
"1987-11-12",358,198
"1987-11-13",361,197
"1987-11-14",363,197
"1987-11-15",364,196
"1987-11-16",368,195
"1987-11-17",367,196
"1987-11-18",362,196
"1987-11-19",363,193
"1987-11-20",365,189
"1987-11-21",365,188
"1987-11-22",370,190
"1987-11-23",368,189
"1987-11-24",374,188
"1987-11-25",369,196
"1987-11-26",369,206
"1987-11-27",370,213
"1987-11-28",370,218
"1987-11-29",370,220
"1987-11-30",369,220
"1987-12-01",370,219
"1987-12-02",368,216
"1987-12-03",369,212
"1987-12-04",370,211
"1987-12-05",370,212
"1987-12-06",370,215
"1987-12-07",371,211
"1987-12-08",370,205
"1987-12-09",369,201
"1987-12-10",370,210
"1987-12-11",370,209
"1987-12-12",369,206
"1987-12-13",370,206
"1987-12-14",370,205
"1987-12-15",367,202
"1987-12-16",367,203
"1987-12-17",370,202
"1987-12-18",373,206
"1987-12-19",376,207
"1987-12-20",380,208
"1987-12-21",374,207
"1987-12-22",369,203
"1987-12-23",368,203
"1987-12-24",371,203
"1987-12-25",370,200
"1987-12-26",371,198
"1987-12-27",369,194
"1987-12-28",368,194
"1987-12-29",367,192
"1987-12-30",367,191
"1987-12-31",367,191
"1988-01-01",369,189
"1988-01-02",369,188
"1988-01-03",369,187
"1988-01-04",369,186
"1988-01-05",366,188
"1988-01-06",369,190
"1988-01-07",366,188
"1988-01-08",366,185
"1988-01-09",367,183
"1988-01-10",366,182
"1988-01-11",364,177
"1988-01-12",363,176
"1988-01-13",363,173
"1988-01-14",365,172
"1988-01-15",362,172
"1988-01-16",364,172
"1988-01-17",365,172
"1988-01-18",362,172
"1988-01-19",362,172
"1988-01-20",360,172
"1988-01-21",359,172
"1988-01-22",360,172
"1988-01-23",360,171
"1988-01-24",361,170
"1988-01-25",363,168
"1988-01-26",363,168
"1988-01-27",364,168
"1988-01-28",365,168
"1988-01-29",365,168
"1988-01-30",365,167
"1988-01-31",358,167
"1988-02-01",355,167
"1988-02-02",354,168
"1988-02-03",357,167
"1988-02-04",354,167
"1988-02-05",354,172
"1988-02-06",355,166
"1988-02-07",355,164
"1988-02-08",353,164
"1988-02-09",354,163
"1988-02-10",352,162
"1988-02-11",349,162
"1988-02-12",352,162
"1988-02-13",351,167
"1988-02-14",353,167
"1988-02-15",350,166
"1988-02-16",349,165
"1988-02-17",350,165
"1988-02-18",352,170
"1988-02-19",353,168
"1988-02-20",349,165
"1988-02-21",348,164
"1988-02-22",343,163
"1988-02-23",340,162
"1988-02-24",337,162
"1988-02-25",341,162
"1988-02-26",345,163
"1988-02-27",345,167
"1988-02-28",345,167
"1988-02-29",341,165
"1988-03-01",342,164
"1988-03-02",347,167
"1988-03-03",342,163
"1988-03-04",341,162
"1988-03-05",339,160
"1988-03-06",338,161
"1988-03-07",338,160
"1988-03-08",338,160
"1988-03-09",340,159
"1988-03-10",337,159
"1988-03-11",336,162
"1988-03-12",334,163
"1988-03-13",335,161
"1988-03-14",333,160
"1988-03-15",333,157
"1988-03-16",332,154
"1988-03-17",333,157
"1988-03-18",333,167
"1988-03-19",334,163
"1988-03-20",338,162
"1988-03-21",336,160
"1988-03-22",335,159
"1988-03-23",336,158
"1988-03-24",336,156
"1988-03-25",333,155
"1988-03-26",330,155
"1988-03-27",334,154
"1988-03-28",334,152
"1988-03-29",332,153
"1988-03-30",330,152
"1988-03-31",330,154
"1988-04-01",329,155
"1988-04-02",329,153
"1988-04-03",328,153
"1988-04-04",327,153
"1988-04-05",328,151
"1988-04-06",327,151
"1988-04-07",330,149
"1988-04-08",326,150
"1988-04-09",328,152
"1988-04-10",329,156
"1988-04-11",330,155
"1988-04-12",332,153
"1988-04-13",326,153
"1988-04-14",323,152
"1988-04-15",321,152
"1988-04-16",317,153
"1988-04-17",321,156
"1988-04-18",326,154
"1988-04-19",323,152
"1988-04-20",317,150
"1988-04-21",312,151
"1988-04-22",312,152
"1988-04-23",317,151
"1988-04-24",319,151
"1988-04-25",318,150
"1988-04-26",312,146
"1988-04-27",312,147
"1988-04-28",311,149
"1988-04-29",310,148
"1988-04-30",310,151
"1988-05-01",314,153
"1988-05-02",312,152
"1988-05-03",311,151
"1988-05-04",309,151
"1988-05-05",305,150
"1988-05-06",301,151
"1988-05-07",300,151
"1988-05-08",303,152
"1988-05-09",299,150
"1988-05-10",294,147
"1988-05-11",296,145
"1988-05-12",294,147
"1988-05-13",292,150
"1988-05-14",294,150
"1988-05-15",291,152
"1988-05-16",286,151
"1988-05-17",284,152
"1988-05-18",282,150
"1988-05-19",278,151
"1988-05-20",283,148
"1988-05-21",283,148
"1988-05-22",283,149
"1988-05-23",282,149
"1988-05-24",280,145
"1988-05-25",276,145
"1988-05-26",273,148
"1988-05-27",273,147
"1988-05-28",273,147
"1988-05-29",275,149
"1988-05-30",274,148
"1988-05-31",272,171
"1988-06-01",273,176
"1988-06-02",276,170
"1988-06-03",280,170
"1988-06-04",284,170
"1988-06-05",282,166
"1988-06-06",282,163
"1988-06-07",278,162
"1988-06-08",275,160
"1988-06-09",270,159
"1988-06-10",265,157
"1988-06-11",265,156
"1988-06-12",266,157
"1988-06-13",259,155
"1988-06-14",252,152
"1988-06-15",246,152
"1988-06-16",246,151
"1988-06-17",245,150
"1988-06-18",248,150
"1988-06-19",243,151
"1988-06-20",239,149
"1988-06-21",234,147
"1988-06-22",233,147
"1988-06-23",227,145
"1988-06-24",221,147
"1988-06-25",225,145
"1988-06-26",230,151
"1988-06-27",236,151
"1988-06-28",234,149
"1988-06-29",235,147
"1988-06-30",235,148
"1988-07-01",236,146
"1988-07-02",238,145
"1988-07-03",239,147
"1988-07-04",239,145
"1988-07-05",240,142
"1988-07-06",240,143
"1988-07-07",237,143
"1988-07-08",234,143
"1988-07-09",234,143
"1988-07-10",234,144
"1988-07-11",234,143
"1988-07-12",234,143
"1988-07-13",234,138
"1988-07-14",234,138
"1988-07-15",237,139
"1988-07-16",235,135
"1988-07-17",232,137
"1988-07-18",230,134
"1988-07-19",228,133
"1988-07-20",227,131
"1988-07-21",234,134
"1988-07-22",241,132
"1988-07-23",244,132
"1988-07-24",242,132
"1988-07-25",238,130
"1988-07-26",234,129
"1988-07-27",235,130
"1988-07-28",236,130
"1988-07-29",236,131
"1988-07-30",238,131
"1988-07-31",241,132
"1988-08-01",245,132
"1988-08-02",244,130
"1988-08-03",243,129
"1988-08-04",246,130
"1988-08-05",242,128
"1988-08-06",246,127
"1988-08-07",244,122
"1988-08-08",247,123
"1988-08-09",243,124
"1988-08-10",245,124
"1988-08-11",245,123
"1988-08-12",241,123
"1988-08-13",244,124
"1988-08-14",243,123
"1988-08-15",244,121
"1988-08-16",240,120
"1988-08-17",238,123
"1988-08-18",240,121
"1988-08-19",241,124
"1988-08-20",241,123
"1988-08-21",241,123
"1988-08-22",237,123
"1988-08-23",233,123
"1988-08-24",232,122
"1988-08-25",230,125
"1988-08-26",229,124
"1988-08-27",231,124
"1988-08-28",226,123
"1988-08-29",220,124
"1988-08-30",215,123
"1988-08-31",214,118
"1988-09-01",214,120
"1988-09-02",217,121
"1988-09-03",221,120
"1988-09-04",224,121
"1988-09-05",220,120
"1988-09-06",216,118
"1988-09-07",216,119
"1988-09-08",213,117
"1988-09-09",212,115
"1988-09-10",209,118
"1988-09-11",210,118
"1988-09-12",209,118
"1988-09-13",211,117
"1988-09-14",210,115
"1988-09-15",209,118
"1988-09-16",213,118
"1988-09-17",217,118
"1988-09-18",221,115
"1988-09-19",224,116
"1988-09-20",227,115
"1988-09-21",228,114
"1988-09-22",228,114
"1988-09-23",229,117
"1988-09-24",230,118
"1988-09-25",226,116
"1988-09-26",225,115
"1988-09-27",221,116
"1988-09-28",225,117
"1988-09-29",227,120
"1988-09-30",229,122
"1988-10-01",232,121
"1988-10-02",230,121
"1988-10-03",229,121
"1988-10-04",232,121
"1988-10-05",228,121
"1988-10-06",230,121
"1988-10-07",233,121
"1988-10-08",233,120
"1988-10-09",231,120
"1988-10-10",230,120
"1988-10-11",231,120
"1988-10-12",232,120
"1988-10-13",230,120
"1988-10-14",230,119
"1988-10-15",229,119
"1988-10-16",229,119
"1988-10-17",226,119
"1988-10-18",227,119
"1988-10-19",225,119
"1988-10-20",224,119
"1988-10-21",225,118
"1988-10-22",225,118
"1988-10-23",226,118
"1988-10-24",226,119
"1988-10-25",226,119
"1988-10-26",224,118
"1988-10-27",224,118
"1988-10-28",225,118
"1988-10-29",226,118
"1988-10-30",227,118
"1988-10-31",229,118
"1988-11-01",232,118
"1988-11-02",233,119
"1988-11-03",234,119
"1988-11-04",234,119
"1988-11-05",233,119
"1988-11-06",233,119
"1988-11-07",233,119
"1988-11-08",231,119
"1988-11-09",232,119
"1988-11-10",231,118
"1988-11-11",233,118
"1988-11-12",233,118
"1988-11-13",232,118
"1988-11-14",232,118
"1988-11-15",231,118
"1988-11-16",232,118
"1988-11-17",233,118
"1988-11-18",236,118
"1988-11-19",236,118
"1988-11-20",236,117
"1988-11-21",236,117
"1988-11-22",236,117
"1988-11-23",234,117
"1988-11-24",234,117
"1988-11-25",236,117
"1988-11-26",235,117
"1988-11-27",234,117
"1988-11-28",237,117
"1988-11-29",233,117
"1988-11-30",231,116
"1988-12-01",233,116
"1988-12-02",234,115
"1988-12-03",234,115
"1988-12-04",235,115
"1988-12-05",234,115
"1988-12-06",235,115
"1988-12-07",236,115
"1988-12-08",236,114
"1988-12-09",239,114
"1988-12-10",238,114
"1988-12-11",241,114
"1988-12-12",239,114
"1988-12-13",239,115
"1988-12-14",239,116
"1988-12-15",239,115
"1988-12-16",241,114
"1988-12-17",242,115
"1988-12-18",244,115
"1988-12-19",243,115
"1988-12-20",245,115
"1988-12-21",245,114
"1988-12-22",243,114
"1988-12-23",245,114
"1988-12-24",246,113
"1988-12-25",248,114
"1988-12-26",248,114
"1988-12-27",249,114
"1988-12-28",246,113
"1988-12-29",245,114
"1988-12-30",245,114
"1988-12-31",243,114
"1989-01-01",247,114
"1989-01-02",248,114
"1989-01-03",246,114
"1989-01-04",245,114
"1989-01-05",244,114
"1989-01-06",243,114
"1989-01-07",242,113
"1989-01-08",246,113
"1989-01-09",243,113
"1989-01-10",246,113
"1989-01-11",245,113
"1989-01-12",248,113
"1989-01-13",246,113
"1989-01-14",247,113
"1989-01-15",245,113
"1989-01-16",245,113
"1989-01-17",247,113
"1989-01-18",247,113
"1989-01-19",251,113
"1989-01-20",247,113
"1989-01-21",245,113
"1989-01-22",249,113
"1989-01-23",249,113
"1989-01-24",253,113
"1989-01-25",250,114
"1989-01-26",248,113
"1989-01-27",250,113
"1989-01-28",250,114
"1989-01-29",253,114
"1989-01-30",254,114
"1989-01-31",254,115
"1989-02-01",251,115
"1989-02-02",253,114
"1989-02-03",256,113
"1989-02-04",255,113
"1989-02-05",256,113
"1989-02-06",251,113
"1989-02-07",253,112
"1989-02-08",252,112
"1989-02-09",252,112
"1989-02-10",253,112
"1989-02-11",253,112
"1989-02-12",255,112
"1989-02-13",256,112
"1989-02-14",254,111
"1989-02-15",254,111
"1989-02-16",253,111
"1989-02-17",255,111
"1989-02-18",256,111
"1989-02-19",258,112
"1989-02-20",261,113
"1989-02-21",258,112
"1989-02-22",255,112
"1989-02-23",259,112
"1989-02-24",259,112
"1989-02-25",261,112
"1989-02-26",260,112
"1989-02-27",260,113
"1989-02-28",260,112
"1989-03-01",257,112
"1989-03-02",258,112
"1989-03-03",258,112
"1989-03-04",258,111
"1989-03-05",258,112
"1989-03-06",258,112
"1989-03-07",260,111
"1989-03-08",257,111
"1989-03-09",258,111
"1989-03-10",256,111
"1989-03-11",251,111
"1989-03-12",246,111
"1989-03-13",244,111
"1989-03-14",243,111
"1989-03-15",240,110
"1989-03-16",238,110
"1989-03-17",234,109
"1989-03-18",236,108
"1989-03-19",237,109
"1989-03-20",238,109
"1989-03-21",238,108
"1989-03-22",238,109
"1989-03-23",239,108
"1989-03-24",239,108
"1989-03-25",241,108
"1989-03-26",243,108
"1989-03-27",247,109
"1989-03-28",249,109
"1989-03-29",252,110
"1989-03-30",248,109
"1989-03-31",245,109
"1989-04-01",244,109
"1989-04-02",246,109
"1989-04-03",242,109
"1989-04-04",239,108
"1989-04-05",236,107
"1989-04-06",234,108
"1989-04-07",229,108
"1989-04-08",225,107
"1989-04-09",226,107
"1989-04-10",226,106
"1989-04-11",227,106
"1989-04-12",229,106
"1989-04-13",232,106
"1989-04-14",235,107
"1989-04-15",238,108
"1989-04-16",237,108
"1989-04-17",236,108
"1989-04-18",234,108
"1989-04-19",236,109
"1989-04-20",238,113
"1989-04-21",240,113
"1989-04-22",239,114
"1989-04-23",241,114
"1989-04-24",238,114
"1989-04-25",238,114
"1989-04-26",234,114
"1989-04-27",230,113
"1989-04-28",229,113
"1989-04-29",233,113
"1989-04-30",237,114
"1989-05-01",235,113
"1989-05-02",231,113
"1989-05-03",235,113
"1989-05-04",230,113
"1989-05-05",225,113
"1989-05-06",222,113
"1989-05-07",222,113
"1989-05-08",218,113
"1989-05-09",215,112
"1989-05-10",214,112
"1989-05-11",212,113
"1989-05-12",211,113
"1989-05-13",211,113
"1989-05-14",208,113
"1989-05-15",204,113
"1989-05-16",208,113
"1989-05-17",206,113
"1989-05-18",204,113
"1989-05-19",199,113
"1989-05-20",194,112
"1989-05-21",182,112
"1989-05-22",170,112
"1989-05-23",159,113
"1989-05-24",155,112
"1989-05-25",150,112
"1989-05-26",146,111
"1989-05-27",142,110
"1989-05-28",138,111
"1989-05-29",134,110
"1989-05-30",130,110
"1989-05-31",128,110
"1989-06-01",121,109
"1989-06-02",115,108
"1989-06-03",116,108
"1989-06-04",117,108
"1989-06-05",111,108
"1989-06-06",106,108
"1989-06-07",101,107
"1989-06-08",96,107
"1989-06-09",91,107
"1989-06-10",93,107
"1989-06-11",99,108
"1989-06-12",103,108
"1989-06-13",108,108
"1989-06-14",118,109
"1989-06-15",129,109
"1989-06-16",130,110
"1989-06-17",131,110
"1989-06-18",133,111
"1989-06-19",130,111
"1989-06-20",127,111
"1989-06-21",125,110
"1989-06-22",121,110
"1989-06-23",117,110
"1989-06-24",121,110
"1989-06-25",124,110
"1989-06-26",128,110
"1989-06-27",126,110
"1989-06-28",122,110
"1989-06-29",119,110
"1989-06-30",115,109
"1989-07-01",117,108
"1989-07-02",111,108
"1989-07-03",106,107
"1989-07-04",107,107
"1989-07-05",105,107
"1989-07-06",104,106
"1989-07-07",102,106
"1989-07-08",100,106
"1989-07-09",97,106
"1989-07-10",95,105
"1989-07-11",92,105
"1989-07-12",90,105
"1989-07-13",88,105
"1989-07-14",86,105
"1989-07-15",86,104
"1989-07-16",86,103
"1989-07-17",81,103
"1989-07-18",76,103
"1989-07-19",72,103
"1989-07-20",70,103
"1989-07-21",67,102
"1989-07-22",69,102
"1989-07-23",73,102
"1989-07-24",76,102
"1989-07-25",80,102
"1989-07-26",83,102
"1989-07-27",87,102
"1989-07-28",91,102
"1989-07-29",92,101
"1989-07-30",88,101
"1989-07-31",85,101
"1989-08-01",82,101
"1989-08-02",80,101
"1989-08-03",79,101
"1989-08-04",77,101
"1989-08-05",76,101
"1989-08-06",75,100
"1989-08-07",75,100
"1989-08-08",77,100
"1989-08-09",78,100
"1989-08-10",80,100
"1989-08-11",82,100
"1989-08-12",83,100
"1989-08-13",83,100
"1989-08-14",81,99
"1989-08-15",79,99
"1989-08-16",80,99
"1989-08-17",78,98
"1989-08-18",75,98
"1989-08-19",77,98
"1989-08-20",79,97
"1989-08-21",74,97
"1989-08-22",70,96
"1989-08-23",70,95
"1989-08-24",71,95
"1989-08-25",72,95
"1989-08-26",70,94
"1989-08-27",69,94
"1989-08-28",68,93
"1989-08-29",66,93
"1989-08-30",65,92
"1989-08-31",66,92
"1989-09-01",64,91
"1989-09-02",62,91
"1989-09-03",62,90
"1989-09-04",62,90
"1989-09-05",62,89
"1989-09-06",65,89
"1989-09-07",68,89
"1989-09-08",71,88
"1989-09-09",74,88
"1989-09-10",78,87
"1989-09-11",78,87
"1989-09-12",78,87
"1989-09-13",81,86
"1989-09-14",84,86
"1989-09-15",88,86
"1989-09-16",88,86
"1989-09-17",87,86
"1989-09-18",87,86
"1989-09-19",86,86
"1989-09-20",85,85
"1989-09-21",84,85
"1989-09-22",84,85
"1989-09-23",84,84
"1989-09-24",84,85
"1989-09-25",85,84
"1989-09-26",85,84
"1989-09-27",84,84
"1989-09-28",83,83
"1989-09-29",83,84
"1989-09-30",82,84
"1989-10-01",81,83
"1989-10-02",79,82
"1989-10-03",77,80
"1989-10-04",78,80
"1989-10-05",80,80
"1989-10-06",81,80
"1989-10-07",89,80
"1989-10-08",97,80
"1989-10-09",99,81
"1989-10-10",101,83
"1989-10-11",100,83
"1989-10-12",99,83
"1989-10-13",99,83
"1989-10-14",100,83
"1989-10-15",101,83
"1989-10-16",100,83
"1989-10-17",98,83
"1989-10-18",100,83
"1989-10-19",102,83
"1989-10-20",102,83
"1989-10-21",103,83
"1989-10-22",100,83
"1989-10-23",98,83
"1989-10-24",100,84
"1989-10-25",101,84
"1989-10-26",101,83
"1989-10-27",105,83
"1989-10-28",108,84
"1989-10-29",112,84
"1989-10-30",116,83
"1989-10-31",120,82
"1989-11-01",122,81
"1989-11-02",125,81
"1989-11-03",129,81
"1989-11-04",133,82
"1989-11-05",134,82
"1989-11-06",135,82
"1989-11-07",136,82
"1989-11-08",135,82
"1989-11-09",134,81
"1989-11-10",135,81
"1989-11-11",134,81
"1989-11-12",134,81
"1989-11-13",137,81
"1989-11-14",140,80
"1989-11-15",142,80
"1989-11-16",143,80
"1989-11-17",144,80
"1989-11-18",145,80
"1989-11-19",146,80
"1989-11-20",147,81
"1989-11-21",149,82
"1989-11-22",152,82
"1989-11-23",155,82
"1989-11-24",158,84
"1989-11-25",161,84
"1989-11-26",160,85
"1989-11-27",161,85
"1989-11-28",158,85
"1989-11-29",158,84
"1989-11-30",161,84
"1989-12-01",160,84
"1989-12-02",163,85
"1989-12-03",164,85
"1989-12-04",167,86
"1989-12-05",169,86
"1989-12-06",171,87
"1989-12-07",169,87
"1989-12-08",169,86
"1989-12-09",170,86
"1989-12-10",172,86
"1989-12-11",169,87
"1989-12-12",166,86
"1989-12-13",168,87
"1989-12-14",171,88
"1989-12-15",172,88
"1989-12-16",171,87
"1989-12-17",171,86
"1989-12-18",172,85
"1989-12-19",171,82
"1989-12-20",170,81
"1989-12-21",169,81
"1989-12-22",166,81
"1989-12-23",163,81
"1989-12-24",159,80
"1989-12-25",156,80
"1989-12-26",157,80
"1989-12-27",157,80
"1989-12-28",158,80
"1989-12-29",159,80
"1989-12-30",160,80
"1989-12-31",163,80
"1990-01-01",166,81
"1990-01-02",168,82
"1990-01-03",167,82
"1990-01-04",166,83
"1990-01-05",169,85
"1990-01-06",171,85
"1990-01-07",174,86
"1990-01-08",174,86
"1990-01-09",175,86
"1990-01-10",175,86
"1990-01-11",174,86
"1990-01-12",173,85
"1990-01-13",174,84
"1990-01-14",176,84
"1990-01-15",176,84
"1990-01-16",177,84
"1990-01-17",177,84
"1990-01-18",177,84
"1990-01-19",178,85
"1990-01-20",177,84
"1990-01-21",177,84
"1990-01-22",175,84
"1990-01-23",177,84
"1990-01-24",178,84
"1990-01-25",176,83
"1990-01-26",175,84
"1990-01-27",174,84
"1990-01-28",176,84
"1990-01-29",176,84
"1990-01-30",176,84
"1990-01-31",175,84
"1990-02-01",175,83
"1990-02-02",176,82
"1990-02-03",176,83
"1990-02-04",177,83
"1990-02-05",177,84
"1990-02-06",175,83
"1990-02-07",174,83
"1990-02-08",171,83
"1990-02-09",171,83
"1990-02-10",171,83
"1990-02-11",171,84
"1990-02-12",169,84
"1990-02-13",168,85
"1990-02-14",167,85
"1990-02-15",169,84
"1990-02-16",171,83
"1990-02-17",169,84
"1990-02-18",171,84
"1990-02-19",172,84
"1990-02-20",169,84
"1990-02-21",170,86
"1990-02-22",172,88
"1990-02-23",173,88
"1990-02-24",174,88
"1990-02-25",175,88
"1990-02-26",172,87
"1990-02-27",174,86
"1990-02-28",177,85
"1990-03-01",179,87
"1990-03-02",182,90
"1990-03-03",184,90
"1990-03-04",187,91
"1990-03-05",189,91
"1990-03-06",191,91
"1990-03-07",191,92
"1990-03-08",191,92
"1990-03-09",189,92
"1990-03-10",189,92
"1990-03-11",189,92
"1990-03-12",189,92
"1990-03-13",188,93
"1990-03-14",194,94
"1990-03-15",201,94
"1990-03-16",203,94
"1990-03-17",203,94
"1990-03-18",204,96
"1990-03-19",203,96
"1990-03-20",201,96
"1990-03-21",200,97
"1990-03-22",198,97
"1990-03-23",197,98
"1990-03-24",198,98
"1990-03-25",199,98
"1990-03-26",200,99
"1990-03-27",201,100
"1990-03-28",204,100
"1990-03-29",205,101
"1990-03-30",206,102
"1990-03-31",207,103
"1990-04-01",210,103
"1990-04-02",213,104
"1990-04-03",216,104
"1990-04-04",215,104
"1990-04-05",213,104
"1990-04-06",212,104
"1990-04-07",214,105
"1990-04-08",218,105
"1990-04-09",222,105
"1990-04-10",221,105
"1990-04-11",217,106
"1990-04-12",214,106
"1990-04-13",215,107
"1990-04-14",217,107
"1990-04-15",216,107
"1990-04-16",213,107
"1990-04-17",211,107
"1990-04-18",211,107
"1990-04-19",209,107
"1990-04-20",208,106
"1990-04-21",204,106
"1990-04-22",204,106
"1990-04-23",202,106
"1990-04-24",206,106
"1990-04-25",203,106
"1990-04-26",210,108
"1990-04-27",217,114
"1990-04-28",224,116
"1990-04-29",224,117
"1990-04-30",222,117
"1990-05-01",220,116
"1990-05-02",224,117
"1990-05-03",229,120
"1990-05-04",234,129
"1990-05-05",239,132
"1990-05-06",239,133
"1990-05-07",242,133
"1990-05-08",239,134
"1990-05-09",236,134
"1990-05-10",232,133
"1990-05-11",233,134
"1990-05-12",232,133
"1990-05-13",234,133
"1990-05-14",228,133
"1990-05-15",223,133
"1990-05-16",223,133
"1990-05-17",225,133
"1990-05-18",223,133
"1990-05-19",221,134
"1990-05-20",219,134
"1990-05-21",214,134
"1990-05-22",210,133
"1990-05-23",209,133
"1990-05-24",205,133
"1990-05-25",202,133
"1990-05-26",199,133
"1990-05-27",195,133
"1990-05-28",190,132
"1990-05-29",186,131
"1990-05-30",187,130
"1990-05-31",179,130
"1990-06-01",172,129
"1990-06-02",170,129
"1990-06-03",169,129
"1990-06-04",162,127
"1990-06-05",156,127
"1990-06-06",150,127
"1990-06-07",144,127
"1990-06-08",138,127
"1990-06-09",134,126
"1990-06-10",131,126
"1990-06-11",127,125
"1990-06-12",124,125
"1990-06-13",117,124
"1990-06-14",110,123
"1990-06-15",103,123
"1990-06-16",102,122
"1990-06-17",95,121
"1990-06-18",89,121
"1990-06-19",83,121
"1990-06-20",78,120
"1990-06-21",73,119
"1990-06-22",68,119
"1990-06-23",63,119
"1990-06-24",59,118
"1990-06-25",54,118
"1990-06-26",51,119
"1990-06-27",47,119
"1990-06-28",46,119
"1990-06-29",46,119
"1990-06-30",47,118
"1990-07-01",52,118
"1990-07-02",55,118
"1990-07-03",58,118
"1990-07-04",57,118
"1990-07-05",56,118
"1990-07-06",54,118
"1990-07-07",58,117
"1990-07-08",62,117
"1990-07-09",62,117
"1990-07-10",61,117
"1990-07-11",61,117
"1990-07-12",64,117
"1990-07-13",67,117
"1990-07-14",70,117
"1990-07-15",90,117
"1990-07-16",104,122
"1990-07-17",120,129
"1990-07-18",139,131
"1990-07-19",144,131
"1990-07-20",149,136
"1990-07-21",154,139
"1990-07-22",157,141
"1990-07-23",159,141
"1990-07-24",161,141
"1990-07-25",164,141
"1990-07-26",162,141
"1990-07-27",160,141
"1990-07-28",161,141
"1990-07-29",163,141
"1990-07-30",164,141
"1990-07-31",166,141
"1990-08-01",169,141
"1990-08-02",169,141
"1990-08-03",172,141
"1990-08-04",175,141
"1990-08-05",178,141
"1990-08-06",173,141
"1990-08-07",169,140
"1990-08-08",172,138
"1990-08-09",173,137
"1990-08-10",170,136
"1990-08-11",172,136
"1990-08-12",171,136
"1990-08-13",168,135
"1990-08-14",166,135
"1990-08-15",165,134
"1990-08-16",164,134
"1990-08-17",163,133
"1990-08-18",165,133
"1990-08-19",164,133
"1990-08-20",161,133
"1990-08-21",158,132
"1990-08-22",156,130
"1990-08-23",154,129
"1990-08-24",153,128
"1990-08-25",153,128
"1990-08-26",152,128
"1990-08-27",151,127
"1990-08-28",149,127
"1990-08-29",149,126
"1990-08-30",147,125
"1990-08-31",145,125
"1990-09-01",144,124
"1990-09-02",150,123
"1990-09-03",156,123
"1990-09-04",157,123
"1990-09-05",158,123
"1990-09-06",158,123
"1990-09-07",157,123
"1990-09-08",159,123
"1990-09-09",162,122
"1990-09-10",163,123
"1990-09-11",164,124
"1990-09-12",165,124
"1990-09-13",168,125
"1990-09-14",170,125
"1990-09-15",171,125
"1990-09-16",174,124
"1990-09-17",174,124
"1990-09-18",173,124
"1990-09-19",174,124
"1990-09-20",175,123
"1990-09-21",178,123
"1990-09-22",176,123
"1990-09-23",176,123
"1990-09-24",177,122
"1990-09-25",177,122
"1990-09-26",177,122
"1990-09-27",176,122
"1990-09-28",176,122
"1990-09-29",176,122
"1990-09-30",176,122
"1990-10-01",174,120
"1990-10-02",172,119
"1990-10-03",173,119
"1990-10-04",172,118
"1990-10-05",170,118
"1990-10-06",171,118
"1990-10-07",171,117
"1990-10-08",168,117
"1990-10-09",173,116
"1990-10-10",179,117
"1990-10-11",181,118
"1990-10-12",181,118
"1990-10-13",182,118
"1990-10-14",183,119
"1990-10-15",183,119
"1990-10-16",183,119
"1990-10-17",183,119
"1990-10-18",182,118
"1990-10-19",182,118
"1990-10-20",183,119
"1990-10-21",186,118
"1990-10-22",189,118
"1990-10-23",187,118
"1990-10-24",187,118
"1990-10-25",188,118
"1990-10-26",190,118
"1990-10-27",189,118
"1990-10-28",190,117
"1990-10-29",189,117
"1990-10-30",187,117
"1990-10-31",187,117
"1990-11-01",187,117
"1990-11-02",188,117
"1990-11-03",189,117
"1990-11-04",192,116
"1990-11-05",193,116
"1990-11-06",194,116
"1990-11-07",193,116
"1990-11-08",197,117
"1990-11-09",200,121
"1990-11-10",204,122
"1990-11-11",205,123
"1990-11-12",205,123
"1990-11-13",203,123
"1990-11-14",204,123
"1990-11-15",206,123
"1990-11-16",206,123
"1990-11-17",207,123
"1990-11-18",208,123
"1990-11-19",209,123
"1990-11-20",213,123
"1990-11-21",213,123
"1990-11-22",213,123
"1990-11-23",213,122
"1990-11-24",213,122
"1990-11-25",213,122
"1990-11-26",212,122
"1990-11-27",212,122
"1990-11-28",212,121
"1990-11-29",211,121
"1990-11-30",211,121
"1990-12-01",212,121
"1990-12-02",210,121
"1990-12-03",210,121
"1990-12-04",209,121
"1990-12-05",209,120
"1990-12-06",209,120
"1990-12-07",209,119
"1990-12-08",209,119
"1990-12-09",209,119
"1990-12-10",209,119
"1990-12-11",209,119
"1990-12-12",209,119
"1990-12-13",209,119
"1990-12-14",209,119
"1990-12-15",209,119
"1990-12-16",209,118
"1990-12-17",209,118
"1990-12-18",209,118
"1990-12-19",209,118
"1990-12-20",210,118
"1990-12-21",209,118
"1990-12-22",208,117
"1990-12-23",207,117
"1990-12-24",205,116
"1990-12-25",206,116
"1990-12-26",208,116
"1990-12-27",208,116
"1990-12-28",208,116
"1990-12-29",210,116
"1990-12-30",209,114
"1990-12-31",210,114
"1991-01-01",210,114
"1991-01-02",212,115
"1991-01-03",212,115
"1991-01-04",211,115
"1991-01-05",212,116
"1991-01-06",213,116
"1991-01-07",213,116
"1991-01-08",212,116
"1991-01-09",219,150
"1991-01-10",226,174
"1991-01-11",222,179
"1991-01-12",220,180
"1991-01-13",220,180
"1991-01-14",219,180
"1991-01-15",219,180
"1991-01-16",219,180
"1991-01-17",219,180
"1991-01-18",225,180
"1991-01-19",230,183
"1991-01-20",236,183
"1991-01-21",234,185
"1991-01-22",230,185
"1991-01-23",232,186
"1991-01-24",234,186
"1991-01-25",236,186
"1991-01-26",236,187
"1991-01-27",236,187
"1991-01-28",236,187
"1991-01-29",235,187
"1991-01-30",235,187
"1991-01-31",234,187
"1991-02-01",235,187
"1991-02-02",235,186
"1991-02-03",237,186
"1991-02-04",242,187
"1991-02-05",247,190
"1991-02-06",252,192
"1991-02-07",250,192
"1991-02-08",250,193
"1991-02-09",250,194
"1991-02-10",251,194
"1991-02-11",249,194
"1991-02-12",249,195
"1991-02-13",250,195
"1991-02-14",250,195
"1991-02-15",249,194
"1991-02-16",248,195
"1991-02-17",249,195
"1991-02-18",249,195
"1991-02-19",250,195
"1991-02-20",248,195
"1991-02-21",250,195
"1991-02-22",248,195
"1991-02-23",249,195
"1991-02-24",249,195
"1991-02-25",250,195
"1991-02-26",248,195
"1991-02-27",248,195
"1991-02-28",250,195
"1991-03-01",255,194
"1991-03-02",250,195
"1991-03-03",248,194
"1991-03-04",249,194
"1991-03-05",247,194
"1991-03-06",245,193
"1991-03-07",243,193
"1991-03-08",241,193
"1991-03-09",242,192
"1991-03-10",239,192
"1991-03-11",239,192
"1991-03-12",237,192
"1991-03-13",235,192
"1991-03-14",236,191
"1991-03-15",238,191
"1991-03-16",242,191
"1991-03-17",241,192
"1991-03-18",240,193
"1991-03-19",239,194
"1991-03-20",239,194
"1991-03-21",239,195
"1991-03-22",239,194
"1991-03-23",238,194
"1991-03-24",238,194
"1991-03-25",237,194
"1991-03-26",236,194
"1991-03-27",233,194
"1991-03-28",230,194
"1991-03-29",232,193
"1991-03-30",231,193
"1991-03-31",233,192
"1991-04-01",231,193
"1991-04-02",230,192
"1991-04-03",230,192
"1991-04-04",230,191
"1991-04-05",237,192
"1991-04-06",243,198
"1991-04-07",250,203
"1991-04-08",258,206
"1991-04-09",265,207
"1991-04-10",263,209
"1991-04-11",264,210
"1991-04-12",266,210
"1991-04-13",261,211
"1991-04-14",264,212
"1991-04-15",267,214
"1991-04-16",270,215
"1991-04-17",267,216
"1991-04-18",266,216
"1991-04-19",262,216
"1991-04-20",259,216
"1991-04-21",263,216
"1991-04-22",267,216
"1991-04-23",264,216
"1991-04-24",264,216
"1991-04-25",264,216
"1991-04-26",266,216
"1991-04-27",261,216
"1991-04-28",262,216
"1991-04-29",264,216
"1991-04-30",261,215
"1991-05-01",259,214
"1991-05-02",259,214
"1991-05-03",265,215
"1991-05-04",271,216
"1991-05-05",277,217
"1991-05-06",283,217
"1991-05-07",289,217
"1991-05-08",290,218
"1991-05-09",292,220
"1991-05-10",293,222
"1991-05-11",295,223
"1991-05-12",296,223
"1991-05-13",297,224
"1991-05-14",299,225
"1991-05-15",296,225
"1991-05-16",299,225
"1991-05-17",303,225
"1991-05-18",297,225
"1991-05-19",297,225
"1991-05-20",295,225
"1991-05-21",293,225
"1991-05-22",293,225
"1991-05-23",291,225
"1991-05-24",287,225
"1991-05-25",288,224
"1991-05-26",291,224
"1991-05-27",285,224
"1991-05-28",280,224
"1991-05-29",278,223
"1991-05-30",278,223
"1991-05-31",274,222
"1991-06-01",269,222
"1991-06-02",267,221
"1991-06-03",263,220
"1991-06-04",256,220
"1991-06-05",250,220
"1991-06-06",252,219
"1991-06-07",251,218
"1991-06-08",249,218
"1991-06-09",247,218
"1991-06-10",242,217
"1991-06-11",237,217
"1991-06-12",236,216
"1991-06-13",236,216
"1991-06-14",237,216
"1991-06-15",238,216
"1991-06-16",237,216
"1991-06-17",234,216
"1991-06-18",231,216
"1991-06-19",229,215
"1991-06-20",226,215
"1991-06-21",223,214
"1991-06-22",226,214
"1991-06-23",229,213
"1991-06-24",232,212
"1991-06-25",235,212
"1991-06-26",237,212
"1991-06-27",236,212
"1991-06-28",236,212
"1991-06-29",240,211
"1991-06-30",245,211
"1991-07-01",244,211
"1991-07-02",240,210
"1991-07-03",240,210
"1991-07-04",241,210
"1991-07-05",245,210
"1991-07-06",249,209
"1991-07-07",249,209
"1991-07-08",250,208
"1991-07-09",250,208
"1991-07-10",251,208
"1991-07-11",251,208
"1991-07-12",246,208
"1991-07-13",248,207
"1991-07-14",248,207
"1991-07-15",243,206
"1991-07-16",239,205
"1991-07-17",239,204
"1991-07-18",238,204
"1991-07-19",236,204
"1991-07-20",235,203
"1991-07-21",235,202
"1991-07-22",231,202
"1991-07-23",230,201
"1991-07-24",230,201
"1991-07-25",226,201
"1991-07-26",223,200
"1991-07-27",224,200
"1991-07-28",224,200
"1991-07-29",220,200
"1991-07-30",216,199
"1991-07-31",215,199
"1991-08-01",211,198
"1991-08-02",207,198
"1991-08-03",209,197
"1991-08-04",206,196
"1991-08-05",203,196
"1991-08-06",200,195
"1991-08-07",202,195
"1991-08-08",203,194
"1991-08-09",200,194
"1991-08-10",202,194
"1991-08-11",197,193
"1991-08-12",193,193
"1991-08-13",188,192
"1991-08-14",187,192
"1991-08-15",185,191
"1991-08-16",183,191
"1991-08-17",186,191
"1991-08-18",186,190
"1991-08-19",183,190
"1991-08-20",181,189
"1991-08-21",180,188
"1991-08-22",181,188
"1991-08-23",182,187
"1991-08-24",183,188
"1991-08-25",185,188
"1991-08-26",188,188
"1991-08-27",187,188
"1991-08-28",187,188
"1991-08-29",185,187
"1991-08-30",186,187
"1991-08-31",185,187
"1991-09-01",188,187
"1991-09-02",191,186
"1991-09-03",194,185
"1991-09-04",195,184
"1991-09-05",195,184
"1991-09-06",197,183
"1991-09-07",199,182
"1991-09-08",202,182
"1991-09-09",201,181
"1991-09-10",200,180
"1991-09-11",198,179
"1991-09-12",200,179
"1991-09-13",199,178
"1991-09-14",201,177
"1991-09-15",204,176
"1991-09-16",206,176
"1991-09-17",203,175
"1991-09-18",204,174
"1991-09-19",205,173
"1991-09-20",205,172
"1991-09-21",207,172
"1991-09-22",205,171
"1991-09-23",211,170
"1991-09-24",216,169
"1991-09-25",222,169
"1991-09-26",218,168
"1991-09-27",218,167
"1991-09-28",217,166
"1991-09-29",217,165
"1991-09-30",216,164
"1991-10-01",214,163
"1991-10-02",215,162
"1991-10-03",214,161
"1991-10-04",213,160
"1991-10-05",212,159
"1991-10-06",214,159
"1991-10-07",214,158
"1991-10-08",213,157
"1991-10-09",214,156
"1991-10-10",213,155
"1991-10-11",209,154
"1991-10-12",209,153
"1991-10-13",209,152
"1991-10-14",205,151
"1991-10-15",204,150
"1991-10-16",204,149
"1991-10-17",204,149
"1991-10-18",203,148
"1991-10-19",200,148
"1991-10-20",201,148
"1991-10-21",201,148
"1991-10-22",200,147
"1991-10-23",200,147
"1991-10-24",198,147
"1991-10-25",199,147
"1991-10-26",197,146
"1991-10-27",200,146
"1991-10-28",201,146
"1991-10-29",203,146
"1991-10-30",201,145
"1991-10-31",203,145
"1991-11-01",201,145
"1991-11-02",203,145
"1991-11-03",206,144
"1991-11-04",206,144
"1991-11-05",207,144
"1991-11-06",208,144
"1991-11-07",208,144
"1991-11-08",207,143
"1991-11-09",209,143
"1991-11-10",209,143
"1991-11-11",210,143
"1991-11-12",209,143
"1991-11-13",212,143
"1991-11-14",210,142
"1991-11-15",210,143
"1991-11-16",213,143
"1991-11-17",214,142
"1991-11-18",214,142
"1991-11-19",215,142
"1991-11-20",214,142
"1991-11-21",213,142
"1991-11-22",214,142
"1991-11-23",212,141
"1991-11-24",216,141
"1991-11-25",218,141
"1991-11-26",217,141
"1991-11-27",220,141
"1991-11-28",220,141
"1991-11-29",223,141
"1991-11-30",223,141
"1991-12-01",224,141
"1991-12-02",224,140
"1991-12-03",222,140
"1991-12-04",223,139
"1991-12-05",224,138
"1991-12-06",225,138
"1991-12-07",229,138
"1991-12-08",229,138
"1991-12-09",229,138
"1991-12-10",227,137
"1991-12-11",225,137
"1991-12-12",229,137
"1991-12-13",234,137
"1991-12-14",238,137
"1991-12-15",238,137
"1991-12-16",238,137
"1991-12-17",238,137
"1991-12-18",250,137
"1991-12-19",263,150
"1991-12-20",276,184
"1991-12-21",290,289
"1991-12-22",304,340
"1991-12-23",320,362
"1991-12-24",336,372
"1991-12-25",353,376
"1991-12-26",356,379
"1991-12-27",360,381
"1991-12-28",363,383
"1991-12-29",362,384
"1991-12-30",356,385
"1991-12-31",353,385
"1992-01-01",354,385
"1992-01-02",363,385
"1992-01-03",373,385
"1992-01-04",369,385
"1992-01-05",370,384
"1992-01-06",372,384
"1992-01-07",369,384
"1992-01-08",366,383
"1992-01-09",359,383
"1992-01-10",363,382
"1992-01-11",365,381
"1992-01-12",368,381
"1992-01-13",370,381
"1992-01-14",365,380
"1992-01-15",361,379
"1992-01-16",355,378
"1992-01-17",357,377
"1992-01-18",358,377
"1992-01-19",360,377
"1992-01-20",362,377
"1992-01-21",367,377
"1992-01-22",361,377
"1992-01-23",355,376
"1992-01-24",352,376
"1992-01-25",349,375
"1992-01-26",365,375
"1992-01-27",381,383
"1992-01-28",399,389
"1992-01-29",417,391
"1992-01-30",410,392
"1992-01-31",406,393
"1992-02-01",407,393
"1992-02-02",413,394
"1992-02-03",420,396
"1992-02-04",426,404
"1992-02-05",433,412
"1992-02-06",439,415
"1992-02-07",446,417
"1992-02-08",441,418
"1992-02-09",440,418
"1992-02-10",443,419
"1992-02-11",449,419
"1992-02-12",442,419
"1992-02-13",443,420
"1992-02-14",447,420
"1992-02-15",441,419
"1992-02-16",450,419
"1992-02-17",460,419
"1992-02-18",456,419
"1992-02-19",452,418
"1992-02-20",452,417
"1992-02-21",451,417
"1992-02-22",460,420
"1992-02-23",470,423
"1992-02-24",466,425
"1992-02-25",462,428
"1992-02-26",459,430
"1992-02-27",455,431
"1992-02-28",452,431
"1992-02-29",451,431
"1992-03-01",450,431
"1992-03-02",450,431
"1992-03-03",456,431
"1992-03-04",462,435
"1992-03-05",468,443
"1992-03-06",474,447
"1992-03-07",480,449
"1992-03-08",473,450
"1992-03-09",466,450
"1992-03-10",466,450
"1992-03-11",471,450
"1992-03-12",473,451
"1992-03-13",470,451
"1992-03-14",468,451
"1992-03-15",470,451
"1992-03-16",472,450
"1992-03-17",473,450
"1992-03-18",469,450
"1992-03-19",472,449
"1992-03-20",475,448
"1992-03-21",479,448
"1992-03-22",481,448
"1992-03-23",481,446
"1992-03-24",485,446
"1992-03-25",490,445
"1992-03-26",494,445
"1992-03-27",500,444
"1992-03-28",507,443
"1992-03-29",513,442
"1992-03-30",500,441
"1992-03-31",488,440
"1992-04-01",494,439
"1992-04-02",487,438
"1992-04-03",480,438
"1992-04-04",476,438
"1992-04-05",473,437
"1992-04-06",471,436
"1992-04-07",468,435
"1992-04-08",466,434
"1992-04-09",470,433
"1992-04-10",464,433
"1992-04-11",472,432
"1992-04-12",481,430
"1992-04-13",477,429
"1992-04-14",478,428
"1992-04-15",474,427
"1992-04-16",468,426
"1992-04-17",471,425
"1992-04-18",475,425
"1992-04-19",478,424
"1992-04-20",470,423
"1992-04-21",465,422
"1992-04-22",456,421
"1992-04-23",448,420
"1992-04-24",468,419
"1992-04-25",488,418
"1992-04-26",486,416
"1992-04-27",487,415
"1992-04-28",485,415
"1992-04-29",474,413
"1992-04-30",463,412
"1992-05-01",452,411
"1992-05-02",450,410
"1992-05-03",450,409
"1992-05-04",452,408
"1992-05-05",447,407
"1992-05-06",445,406
"1992-05-07",447,404
"1992-05-08",443,403
"1992-05-09",439,402
"1992-05-10",439,401
"1992-05-11",439,400
"1992-05-12",436,399
"1992-05-13",436,397
"1992-05-14",437,396
"1992-05-15",442,395
"1992-05-16",447,394
"1992-05-17",452,393
"1992-05-18",457,393
"1992-05-19",454,397
"1992-05-20",463,400
"1992-05-21",463,403
"1992-05-22",464,412
"1992-05-23",464,417
"1992-05-24",465,420
"1992-05-25",465,420
"1992-05-26",459,421
"1992-05-27",472,421
"1992-05-28",486,421
"1992-05-29",484,420
"1992-05-30",482,420
"1992-05-31",493,419
"1992-06-01",504,419
"1992-06-02",496,419
"1992-06-03",488,419
"1992-06-04",480,419
"1992-06-05",472,418
"1992-06-06",474,418
"1992-06-07",476,418
"1992-06-08",479,419
"1992-06-09",482,420
"1992-06-10",485,419
"1992-06-11",488,419
"1992-06-12",494,419
"1992-06-13",501,418
"1992-06-14",497,418
"1992-06-15",493,417
"1992-06-16",484,417
"1992-06-17",483,416
"1992-06-18",484,415
"1992-06-19",483,414
"1992-06-20",486,414
"1992-06-21",486,413
"1992-06-22",487,412
"1992-06-23",477,411
"1992-06-24",468,410
"1992-06-25",467,409
"1992-06-26",461,408
"1992-06-27",470,407
"1992-06-28",466,406
"1992-06-29",465,405
"1992-06-30",461,404
"1992-07-01",461,403
"1992-07-02",468,402
"1992-07-03",466,401
"1992-07-04",470,400
"1992-07-05",472,399
"1992-07-06",464,398
"1992-07-07",463,396
"1992-07-08",466,395
"1992-07-09",468,393
"1992-07-10",462,392
"1992-07-11",470,390
"1992-07-12",467,388
"1992-07-13",470,387
"1992-07-14",461,385
"1992-07-15",463,383
"1992-07-16",456,381
"1992-07-17",453,379
"1992-07-18",461,378
"1992-07-19",461,376
"1992-07-20",462,374
"1992-07-21",464,373
"1992-07-22",466,371
"1992-07-23",470,370
"1992-07-24",465,369
"1992-07-25",468,367
"1992-07-26",471,365
"1992-07-27",468,363
"1992-07-28",461,361
"1992-07-29",467,359
"1992-07-30",472,357
"1992-07-31",465,355
"1992-08-01",472,353
"1992-08-02",469,351
"1992-08-03",471,349
"1992-08-04",474,347
"1992-08-05",476,346
"1992-08-06",474,343
"1992-08-07",468,340
"1992-08-08",476,337
"1992-08-09",475,334
"1992-08-10",476,331
"1992-08-11",475,328
"1992-08-12",475,325
"1992-08-13",475,322
"1992-08-14",469,319
"1992-08-15",476,316
"1992-08-16",469,313
"1992-08-17",467,310
"1992-08-18",466,307
"1992-08-19",468,304
"1992-08-20",460,301
"1992-08-21",458,298
"1992-08-22",463,295
"1992-08-23",459,292
"1992-08-24",457,289
"1992-08-25",450,286
"1992-08-26",448,283
"1992-08-27",449,288
"1992-08-28",451,288
"1992-08-29",445,287
"1992-08-30",446,285
"1992-08-31",443,284
"1992-09-01",440,283
"1992-09-02",443,282
"1992-09-03",439,281
"1992-09-04",436,280
"1992-09-05",444,279
"1992-09-06",442,279
"1992-09-07",442,278
"1992-09-08",430,276
"1992-09-09",419,275
"1992-09-10",429,274
"1992-09-11",439,273
"1992-09-12",432,272
"1992-09-13",432,271
"1992-09-14",428,270
"1992-09-15",426,269
"1992-09-16",425,268
"1992-09-17",429,268
"1992-09-18",423,267
"1992-09-19",424,266
"1992-09-20",423,265
"1992-09-21",423,264
"1992-09-22",421,263
"1992-09-23",417,262
"1992-09-24",417,261
"1992-09-25",416,260
"1992-09-26",417,259
"1992-09-27",416,258
"1992-09-28",415,257
"1992-09-29",414,256
"1992-09-30",414,255
"1992-10-01",414,255
"1992-10-02",414,254
"1992-10-03",414,253
"1992-10-04",412,252
"1992-10-05",407,251
"1992-10-06",412,250
"1992-10-07",411,249
"1992-10-08",410,248
"1992-10-09",409,247
"1992-10-10",411,247
"1992-10-11",409,245
"1992-10-12",409,245
"1992-10-13",410,244
"1992-10-14",408,243
"1992-10-15",410,242
"1992-10-16",408,241
"1992-10-17",407,240
"1992-10-18",408,239
"1992-10-19",411,238
"1992-10-20",406,237
"1992-10-21",408,236
"1992-10-22",410,236
"1992-10-23",408,235
"1992-10-24",408,234
"1992-10-25",407,234
"1992-10-26",406,234
"1992-10-27",404,233
"1992-10-28",405,233
"1992-10-29",407,232
"1992-10-30",407,232
"1992-10-31",405,231
"1992-11-01",407,231
"1992-11-02",409,230
"1992-11-03",407,229
"1992-11-04",407,228
"1992-11-05",407,226
"1992-11-06",407,225
"1992-11-07",406,224
"1992-11-08",410,224
"1992-11-09",408,223
"1992-11-10",410,223
"1992-11-11",410,223
"1992-11-12",414,222
"1992-11-13",410,221
"1992-11-14",410,221
"1992-11-15",410,221
"1992-11-16",411,220
"1992-11-17",411,220
"1992-11-18",413,219
"1992-11-19",415,219
"1992-11-20",418,219
"1992-11-21",420,219
"1992-11-22",421,219
"1992-11-23",419,219
"1992-11-24",417,218
"1992-11-25",418,217
"1992-11-26",417,217
"1992-11-27",418,216
"1992-11-28",419,216
"1992-11-29",418,215
"1992-11-30",418,215
"1992-12-01",419,214
"1992-12-02",420,214
"1992-12-03",419,213
"1992-12-04",418,212
"1992-12-05",418,212
"1992-12-06",421,211
"1992-12-07",420,210
"1992-12-08",420,210
"1992-12-09",422,209
"1992-12-10",419,209
"1992-12-11",420,209
"1992-12-12",418,209
"1992-12-13",420,209
"1992-12-14",421,208
"1992-12-15",424,208
"1992-12-16",428,208
"1992-12-17",423,208
"1992-12-18",422,208
"1992-12-19",421,208
"1992-12-20",421,208
"1992-12-21",420,208
"1992-12-22",421,208
"1992-12-23",421,207
"1992-12-24",420,207
"1992-12-25",422,207
"1992-12-26",421,206
"1992-12-27",421,206
"1992-12-28",422,206
"1992-12-29",421,206
"1992-12-30",421,206
"1992-12-31",426,205
"1993-01-01",431,204
"1993-01-02",423,204
"1993-01-03",422,204
"1993-01-04",416,203
"1993-01-05",410,203
"1993-01-06",415,203
"1993-01-07",420,203
"1993-01-08",420,203
"1993-01-09",419,202
"1993-01-10",418,201
"1993-01-11",418,201
"1993-01-12",417,201
"1993-01-13",417,200
"1993-01-14",417,200
"1993-01-15",417,199
"1993-01-16",417,199
"1993-01-17",417,199
"1993-01-18",416,199
"1993-01-19",424,198
"1993-01-20",424,198
"1993-01-21",422,198
"1993-01-22",418,198
"1993-01-23",418,198
"1993-01-24",416,197
"1993-01-25",416,197
"1993-01-26",417,197
"1993-01-27",416,196
"1993-01-28",416,196
"1993-01-29",419,196
"1993-01-30",416,196
"1993-01-31",415,195
"1993-02-01",416,196
"1993-02-02",416,195
"1993-02-03",417,194
"1993-02-04",417,194
"1993-02-05",417,194
"1993-02-06",416,194
"1993-02-07",415,195
"1993-02-08",415,195
"1993-02-09",422,195
"1993-02-10",422,195
"1993-02-11",423,195
"1993-02-12",423,195
"1993-02-13",420,195
"1993-02-14",418,195
"1993-02-15",426,195
"1993-02-16",418,194
"1993-02-17",420,194
"1993-02-18",418,194
"1993-02-19",412,194
"1993-02-20",410,195
"1993-02-21",409,195
"1993-02-22",407,194
"1993-02-23",409,194
"1993-02-24",410,194
"1993-02-25",412,194
"1993-02-26",415,194
"1993-02-27",412,194
"1993-02-28",417,194
"1993-03-01",422,194
"1993-03-02",421,194
"1993-03-03",414,195
"1993-03-04",409,194
"1993-03-05",405,195
"1993-03-06",410,195
"1993-03-07",411,195
"1993-03-08",411,196
"1993-03-09",409,196
"1993-03-10",408,195
"1993-03-11",408,196
"1993-03-12",411,195
"1993-03-13",415,196
"1993-03-14",411,196
"1993-03-15",411,196
"1993-03-16",411,196
"1993-03-17",411,196
"1993-03-18",411,196
"1993-03-19",411,196
"1993-03-20",415,197
"1993-03-21",415,197
"1993-03-22",417,197
"1993-03-23",415,198
"1993-03-24",415,199
"1993-03-25",415,199
"1993-03-26",414,199
"1993-03-27",414,199
"1993-03-28",414,199
"1993-03-29",414,199
"1993-03-30",413,199
"1993-03-31",413,199
"1993-04-01",412,199
"1993-04-02",411,199
"1993-04-03",411,199
"1993-04-04",413,199
"1993-04-05",414,199
"1993-04-06",416,199
"1993-04-07",419,200
"1993-04-08",423,199
"1993-04-09",417,199
"1993-04-10",410,199
"1993-04-11",411,198
"1993-04-12",405,198
"1993-04-13",399,198
"1993-04-14",403,197
"1993-04-15",407,196
"1993-04-16",405,196
"1993-04-17",400,195
"1993-04-18",402,195
"1993-04-19",401,195
"1993-04-20",394,194
"1993-04-21",401,193
"1993-04-22",398,193
"1993-04-23",397,193
"1993-04-24",395,192
"1993-04-25",397,192
"1993-04-26",394,191
"1993-04-27",392,191
"1993-04-28",392,190
"1993-04-29",394,190
"1993-04-30",395,190
"1993-05-01",393,190
"1993-05-02",396,190
"1993-05-03",392,191
"1993-05-04",392,191
"1993-05-05",396,192
"1993-05-06",400,212
"1993-05-07",404,215
"1993-05-08",408,217
"1993-05-09",412,220
"1993-05-10",416,222
"1993-05-11",421,222
"1993-05-12",425,224
"1993-05-13",425,225
"1993-05-14",428,226
"1993-05-15",421,226
"1993-05-16",423,226
"1993-05-17",421,226
"1993-05-18",417,226
"1993-05-19",414,226
"1993-05-20",411,226
"1993-05-21",412,226
"1993-05-22",412,226
"1993-05-23",418,226
"1993-05-24",423,226
"1993-05-25",429,226
"1993-05-26",422,227
"1993-05-27",417,227
"1993-05-28",425,226
"1993-05-29",424,226
"1993-05-30",422,226
"1993-05-31",421,226
"1993-06-01",420,225
"1993-06-02",418,225
"1993-06-03",418,225
"1993-06-04",413,224
"1993-06-05",415,224
"1993-06-06",414,223
"1993-06-07",412,223
"1993-06-08",407,222
"1993-06-09",408,222
"1993-06-10",409,221
"1993-06-11",406,220
"1993-06-12",407,220
"1993-06-13",408,220
"1993-06-14",414,220
"1993-06-15",407,219
"1993-06-16",409,218
"1993-06-17",409,217
"1993-06-18",406,217
"1993-06-19",409,216
"1993-06-20",412,216
"1993-06-21",416,217
"1993-06-22",419,217
"1993-06-23",423,217
"1993-06-24",422,217
"1993-06-25",421,217
"1993-06-26",420,220
"1993-06-27",419,223
"1993-06-28",418,225
"1993-06-29",417,225
"1993-06-30",417,225
"1993-07-01",415,225
"1993-07-02",414,225
"1993-07-03",418,225
"1993-07-04",418,225
"1993-07-05",413,225
"1993-07-06",408,225
"1993-07-07",409,225
"1993-07-08",410,224
"1993-07-09",405,224
"1993-07-10",407,223
"1993-07-11",410,223
"1993-07-12",406,222
"1993-07-13",400,222
"1993-07-14",402,221
"1993-07-15",401,221
"1993-07-16",396,220
"1993-07-17",403,220
"1993-07-18",400,219
"1993-07-19",396,219
"1993-07-20",392,218
"1993-07-21",394,217
"1993-07-22",392,216
"1993-07-23",389,215
"1993-07-24",394,214
"1993-07-25",391,214
"1993-07-26",386,213
"1993-07-27",382,212
"1993-07-28",382,211
"1993-07-29",382,210
"1993-07-30",376,209
"1993-07-31",381,209
"1993-08-01",382,208
"1993-08-02",379,207
"1993-08-03",372,207
"1993-08-04",370,206
"1993-08-05",373,205
"1993-08-06",367,204
"1993-08-07",373,204
"1993-08-08",372,203
"1993-08-09",366,202
"1993-08-10",361,201
"1993-08-11",363,200
"1993-08-12",364,200
"1993-08-13",358,199
"1993-08-14",362,198
"1993-08-15",361,197
"1993-08-16",357,196
"1993-08-17",355,196
"1993-08-18",355,195
"1993-08-19",355,195
"1993-08-20",350,194
"1993-08-21",353,193
"1993-08-22",353,193
"1993-08-23",347,192
"1993-08-24",346,191
"1993-08-25",344,191
"1993-08-26",345,190
"1993-08-27",346,190
"1993-08-28",343,189
"1993-08-29",344,189
"1993-08-30",341,188
"1993-08-31",341,188
"1993-09-01",342,187
"1993-09-02",342,187
"1993-09-03",344,186
"1993-09-04",342,186
"1993-09-05",344,185
"1993-09-06",341,185
"1993-09-07",338,185
"1993-09-08",338,185
"1993-09-09",339,184
"1993-09-10",339,184
"1993-09-11",339,184
"1993-09-12",340,184
"1993-09-13",341,184
"1993-09-14",340,184
"1993-09-15",340,183
"1993-09-16",341,183
"1993-09-17",341,183
"1993-09-18",341,183
"1993-09-19",343,176
"1993-09-20",339,166
"1993-09-21",338,165
"1993-09-22",341,165
"1993-09-23",338,165
"1993-09-24",338,164
"1993-09-25",338,164
"1993-09-26",339,164
"1993-09-27",339,164
"1993-09-28",338,163
"1993-09-29",338,163
"1993-09-30",338,163
"1993-10-01",338,162
"1993-10-02",338,162
"1993-10-03",338,162
"1993-10-04",338,162
"1993-10-05",338,161
"1993-10-06",337,161
"1993-10-07",338,160
"1993-10-08",337,160
"1993-10-09",336,160
"1993-10-10",335,159
"1993-10-11",337,159
"1993-10-12",337,159
"1993-10-13",338,159
"1993-10-14",336,159
"1993-10-15",338,159
"1993-10-16",338,159
"1993-10-17",338,159
"1993-10-18",338,158
"1993-10-19",338,158
"1993-10-20",343,159
"1993-10-21",349,161
"1993-10-22",347,162
"1993-10-23",346,162
"1993-10-24",347,162
"1993-10-25",347,162
"1993-10-26",347,162
"1993-10-27",347,162
"1993-10-28",346,162
"1993-10-29",347,162
"1993-10-30",347,161
"1993-10-31",347,161
"1993-11-01",349,161
"1993-11-02",348,161
"1993-11-03",349,161
"1993-11-04",350,161
"1993-11-05",349,160
"1993-11-06",349,159
"1993-11-07",352,159
"1993-11-08",352,159
"1993-11-09",349,159
"1993-11-10",350,159
"1993-11-11",351,159
"1993-11-12",352,159
"1993-11-13",351,158
"1993-11-14",353,158
"1993-11-15",352,158
"1993-11-16",352,158
"1993-11-17",352,157
"1993-11-18",352,157
"1993-11-19",353,157
"1993-11-20",353,157
"1993-11-21",354,157
"1993-11-22",354,157
"1993-11-23",353,157
"1993-11-24",354,156
"1993-11-25",353,156
"1993-11-26",354,156
"1993-11-27",355,156
"1993-11-28",355,156
"1993-11-29",355,156
"1993-11-30",353,155
"1993-12-01",355,155
"1993-12-02",354,155
"1993-12-03",355,154
"1993-12-04",355,154
"1993-12-05",355,154
"1993-12-06",355,154
"1993-12-07",355,154
"1993-12-08",353,153
"1993-12-09",358,154
"1993-12-10",355,153
"1993-12-11",355,153
"1993-12-12",355,153
"1993-12-13",354,152
"1993-12-14",351,152
"1993-12-15",356,152
"1993-12-16",354,151
"1993-12-17",353,151
"1993-12-18",355,151
"1993-12-19",355,151
"1993-12-20",356,151
"1993-12-21",351,150
"1993-12-22",356,150
"1993-12-23",354,150
"1993-12-24",355,150
"1993-12-25",355,150
"1993-12-26",355,150
"1993-12-27",355,150
"1993-12-28",355,149
"1993-12-29",355,149
"1993-12-30",355,149
"1993-12-31",355,149
"1994-01-01",356,148
"1994-01-02",355,148
"1994-01-03",353,148
"1994-01-04",353,148
"1994-01-05",353,148
"1994-01-06",352,148
"1994-01-07",350,147
"1994-01-08",350,147
"1994-01-09",351,147
"1994-01-10",350,146
"1994-01-11",350,146
"1994-01-12",350,146
"1994-01-13",352,146
"1994-01-14",350,146
"1994-01-15",350,145
"1994-01-16",349,145
"1994-01-17",347,145
"1994-01-18",347,144
"1994-01-19",349,144
"1994-01-20",354,144
"1994-01-21",352,143
"1994-01-22",357,143
"1994-01-23",354,143
"1994-01-24",357,143
"1994-01-25",355,143
"1994-01-26",353,143
"1994-01-27",352,143
"1994-01-28",353,143
"1994-01-29",352,143
"1994-01-30",351,143
"1994-01-31",353,143
"1994-02-01",351,142
"1994-02-02",351,142
"1994-02-03",351,142
"1994-02-04",351,142
"1994-02-05",351,142
"1994-02-06",351,142
"1994-02-07",351,142
"1994-02-08",351,142
"1994-02-09",350,141
"1994-02-10",351,141
"1994-02-11",349,141
"1994-02-12",349,140
"1994-02-13",349,140
"1994-02-14",350,140
"1994-02-15",349,140
"1994-02-16",347,140
"1994-02-17",347,140
"1994-02-18",346,140
"1994-02-19",347,140
"1994-02-20",347,139
"1994-02-21",347,139
"1994-02-22",346,139
"1994-02-23",344,139
"1994-02-24",346,139
"1994-02-25",341,139
"1994-02-26",338,139
"1994-02-27",338,139
"1994-02-28",340,139
"1994-03-01",340,139
"1994-03-02",338,138
"1994-03-03",337,138
"1994-03-04",338,138
"1994-03-05",338,138
"1994-03-06",338,138
"1994-03-07",338,138
"1994-03-08",337,138
"1994-03-09",335,137
"1994-03-10",335,137
"1994-03-11",335,137
"1994-03-12",337,137
"1994-03-13",337,137
"1994-03-14",341,137
"1994-03-15",347,137
"1994-03-16",353,137
"1994-03-17",348,137
"1994-03-18",344,137
"1994-03-19",344,137
"1994-03-20",343,137
"1994-03-21",341,137
"1994-03-22",342,137
"1994-03-23",340,137
"1994-03-24",335,137
"1994-03-25",336,137
"1994-03-26",338,137
"1994-03-27",339,136
"1994-03-28",341,136
"1994-03-29",342,136
"1994-03-30",336,136
"1994-03-31",338,136
"1994-04-01",340,136
"1994-04-02",335,135
"1994-04-03",340,135
"1994-04-04",338,135
"1994-04-05",340,135
"1994-04-06",336,135
"1994-04-07",335,135
"1994-04-08",333,135
"1994-04-09",333,135
"1994-04-10",334,135
"1994-04-11",334,135
"1994-04-12",330,135
"1994-04-13",333,135
"1994-04-14",331,135
"1994-04-15",331,134
"1994-04-16",330,134
"1994-04-17",330,134
"1994-04-18",332,134
"1994-04-19",329,134
"1994-04-20",329,134
"1994-04-21",327,134
"1994-04-22",326,134
"1994-04-23",323,134
"1994-04-24",326,134
"1994-04-25",325,134
"1994-04-26",320,134
"1994-04-27",322,134
"1994-04-28",323,133
"1994-04-29",325,133
"1994-04-30",326,134
"1994-05-01",329,134
"1994-05-02",332,135
"1994-05-03",336,135
"1994-05-04",339,136
"1994-05-05",337,136
"1994-05-06",335,136
"1994-05-07",331,136
"1994-05-08",335,136
"1994-05-09",335,136
"1994-05-10",334,136
"1994-05-11",333,136
"1994-05-12",331,136
"1994-05-13",336,136
"1994-05-14",341,138
"1994-05-15",346,140
"1994-05-16",351,142
"1994-05-17",357,142
"1994-05-18",362,142
"1994-05-19",356,142
"1994-05-20",354,142
"1994-05-21",350,142
"1994-05-22",352,141
"1994-05-23",352,141
"1994-05-24",346,141
"1994-05-25",349,141
"1994-05-26",349,140
"1994-05-27",347,140
"1994-05-28",346,140
"1994-05-29",349,140
"1994-05-30",346,140
"1994-05-31",344,139
"1994-06-01",339,139
"1994-06-02",336,139
"1994-06-03",331,139
"1994-06-04",334,139
"1994-06-05",334,139
"1994-06-06",328,139
"1994-06-07",322,138
"1994-06-08",321,138
"1994-06-09",317,137
"1994-06-10",313,137
"1994-06-11",316,137
"1994-06-12",320,137
"1994-06-13",313,137
"1994-06-14",307,137
"1994-06-15",311,137
"1994-06-16",316,137
"1994-06-17",312,136
"1994-06-18",314,136
"1994-06-19",314,136
"1994-06-20",316,136
"1994-06-21",312,136
"1994-06-22",315,136
"1994-06-23",317,137
"1994-06-24",314,137
"1994-06-25",317,137
"1994-06-26",315,137
"1994-06-27",308,136
"1994-06-28",302,136
"1994-06-29",302,136
"1994-06-30",304,135
"1994-07-01",302,135
"1994-07-02",305,135
"1994-07-03",307,134
"1994-07-04",301,134
"1994-07-05",295,134
"1994-07-06",296,133
"1994-07-07",291,133
"1994-07-08",287,132
"1994-07-09",290,132
"1994-07-10",290,131
"1994-07-11",284,131
"1994-07-12",279,131
"1994-07-13",277,130
"1994-07-14",281,130
"1994-07-15",277,129
"1994-07-16",281,130
"1994-07-17",277,130
"1994-07-18",273,130
"1994-07-19",268,130
"1994-07-20",262,129
"1994-07-21",257,128
"1994-07-22",253,128
"1994-07-23",257,127
"1994-07-24",262,127
"1994-07-25",256,127
"1994-07-26",250,127
"1994-07-27",252,126
"1994-07-28",251,126
"1994-07-29",250,126
"1994-07-30",252,126
"1994-07-31",254,126
"1994-08-01",251,126
"1994-08-02",248,126
"1994-08-03",250,125
"1994-08-04",252,125
"1994-08-05",249,125
"1994-08-06",254,125
"1994-08-07",251,125
"1994-08-08",251,124
"1994-08-09",258,124
"1994-08-10",266,125
"1994-08-11",262,125
"1994-08-12",258,125
"1994-08-13",258,126
"1994-08-14",259,126
"1994-08-15",261,126
"1994-08-16",263,126
"1994-08-17",261,126
"1994-08-18",259,125
"1994-08-19",258,125
"1994-08-20",257,124
"1994-08-21",261,124
"1994-08-22",258,124
"1994-08-23",257,124
"1994-08-24",255,124
"1994-08-25",255,124
"1994-08-26",255,124
"1994-08-27",250,124
"1994-08-28",252,124
"1994-08-29",255,124
"1994-08-30",250,124
"1994-08-31",251,124
"1994-09-01",252,124
"1994-09-02",253,123
"1994-09-03",253,123
"1994-09-04",257,123
"1994-09-05",257,123
"1994-09-06",253,123
"1994-09-07",251,123
"1994-09-08",256,123
"1994-09-09",262,123
"1994-09-10",267,123
"1994-09-11",268,123
"1994-09-12",273,124
"1994-09-13",277,124
"1994-09-14",274,124
"1994-09-15",277,124
"1994-09-16",278,124
"1994-09-17",280,124
"1994-09-18",281,124
"1994-09-19",281,124
"1994-09-20",279,124
"1994-09-21",279,124
"1994-09-22",281,124
"1994-09-23",281,124
"1994-09-24",281,124
"1994-09-25",281,124
"1994-09-26",280,124
"1994-09-27",278,124
"1994-09-28",278,123
"1994-09-29",278,123
"1994-09-30",278,123
"1994-10-01",277,123
"1994-10-02",276,123
"1994-10-03",275,122
"1994-10-04",273,122
"1994-10-05",273,123
"1994-10-06",273,123
"1994-10-07",279,123
"1994-10-08",286,124
"1994-10-09",292,124
"1994-10-10",288,125
"1994-10-11",289,125
"1994-10-12",293,125
"1994-10-13",291,126
"1994-10-14",294,127
"1994-10-15",300,127
"1994-10-16",303,127
"1994-10-17",307,127
"1994-10-18",308,128
"1994-10-19",308,128
"1994-10-20",309,129
"1994-10-21",304,129
"1994-10-22",304,129
"1994-10-23",302,129
"1994-10-24",300,129
"1994-10-25",306,133
"1994-10-26",313,138
"1994-10-27",311,138
"1994-10-28",313,139
"1994-10-29",313,139
"1994-10-30",311,139
"1994-10-31",310,139
"1994-11-01",310,140
"1994-11-02",310,140
"1994-11-03",308,140
"1994-11-04",307,141
"1994-11-05",308,141
"1994-11-06",309,142
"1994-11-07",310,142
"1994-11-08",308,143
"1994-11-09",307,143
"1994-11-10",307,144
"1994-11-11",308,145
"1994-11-12",307,145
"1994-11-13",309,145
"1994-11-14",308,146
"1994-11-15",308,146
"1994-11-16",309,147
"1994-11-17",309,149
"1994-11-18",310,151
"1994-11-19",307,151
"1994-11-20",308,152
"1994-11-21",306,150
"1994-11-22",306,150
"1994-11-23",307,148
"1994-11-24",308,150
"1994-11-25",308,152
"1994-11-26",309,152
"1994-11-27",309,151
"1994-11-28",308,149
"1994-11-29",307,148
"1994-11-30",307,147
"1994-12-01",311,148
"1994-12-02",313,148
"1994-12-03",312,147
"1994-12-04",313,146
"1994-12-05",312,146
"1994-12-06",311,147
"1994-12-07",313,147
"1994-12-08",314,147
"1994-12-09",316,146
"1994-12-10",311,144
"1994-12-11",313,144
"1994-12-12",313,143
"1994-12-13",313,144
"1994-12-14",316,145
"1994-12-15",320,145
"1994-12-16",323,147
"1994-12-17",317,147
"1994-12-18",317,146
"1994-12-19",316,145
"1994-12-20",315,146
"1994-12-21",315,147
"1994-12-22",314,147
"1994-12-23",314,146
"1994-12-24",316,146
"1994-12-25",315,145
"1994-12-26",314,144
"1994-12-27",317,146
"1994-12-28",321,168
"1994-12-29",326,170
"1994-12-30",330,170
"1994-12-31",326,169
"1995-01-01",327,168
"1995-01-02",325,168
"1995-01-03",323,168
"1995-01-04",324,166
"1995-01-05",325,166
"1995-01-06",326,166
"1995-01-07",326,163
"1995-01-08",326,164
"1995-01-09",326,165
"1995-01-10",326,164
"1995-01-11",325,165
"1995-01-12",330,165
"1995-01-13",330,164
"1995-01-14",329,162
"1995-01-15",329,162
"1995-01-16",326,161
"1995-01-17",328,162
"1995-01-18",326,161
"1995-01-19",324,160
"1995-01-20",325,159
"1995-01-21",324,156
"1995-01-22",321,154
"1995-01-23",321,153
"1995-01-24",320,153
"1995-01-25",319,151
"1995-01-26",319,153
"1995-01-27",319,152
"1995-01-28",319,150
"1995-01-29",319,147
"1995-01-30",317,147
"1995-01-31",317,147
"1995-02-01",316,146
"1995-02-02",315,144
"1995-02-03",314,143
"1995-02-04",313,142
"1995-02-05",314,142
"1995-02-06",312,141
"1995-02-07",312,141
"1995-02-08",313,141
"1995-02-09",312,141
"1995-02-10",312,141
"1995-02-11",309,143
"1995-02-12",307,143
"1995-02-13",308,145
"1995-02-14",307,145
"1995-02-15",306,146
"1995-02-16",305,147
"1995-02-17",305,147
"1995-02-18",305,147
"1995-02-19",305,147
"1995-02-20",305,145
"1995-02-21",303,146
"1995-02-22",301,145
"1995-02-23",302,146
"1995-02-24",302,144
"1995-02-25",307,145
"1995-02-26",304,147
"1995-02-27",303,145
"1995-02-28",302,144
"1995-03-01",302,142
"1995-03-02",301,144
"1995-03-03",301,146
"1995-03-04",302,147
"1995-03-05",303,148
"1995-03-06",308,149
"1995-03-07",307,148
"1995-03-08",305,148
"1995-03-09",305,148
"1995-03-10",306,148
"1995-03-11",308,149
"1995-03-12",308,150
"1995-03-13",311,152
"1995-03-14",314,153
"1995-03-15",311,156
"1995-03-16",309,157
"1995-03-17",310,157
"1995-03-18",309,158
"1995-03-19",308,159
"1995-03-20",307,160
"1995-03-21",307,160
"1995-03-22",306,161
"1995-03-23",305,160
"1995-03-24",304,159
"1995-03-25",303,161
"1995-03-26",306,162
"1995-03-27",303,162
"1995-03-28",304,163
"1995-03-29",304,166
"1995-03-30",304,167
"1995-03-31",304,168
"1995-04-01",305,168
"1995-04-02",303,166
"1995-04-03",305,165
"1995-04-04",309,168
"1995-04-05",314,173
"1995-04-06",311,176
"1995-04-07",310,179
"1995-04-08",309,176
"1995-04-09",309,172
"1995-04-10",308,168
"1995-04-11",308,166
"1995-04-12",308,165
"1995-04-13",308,163
"1995-04-14",307,164
"1995-04-15",303,162
"1995-04-16",307,162
"1995-04-17",308,163
"1995-04-18",306,161
"1995-04-19",306,161
"1995-04-20",305,161
"1995-04-21",304,160
"1995-04-22",302,159
"1995-04-23",304,158
"1995-04-24",301,157
"1995-04-25",299,157
"1995-04-26",299,157
"1995-04-27",299,155
"1995-04-28",295,155
"1995-04-29",294,156
"1995-04-30",291,153
"1995-05-01",289,150
"1995-05-02",286,150
"1995-05-03",285,150
"1995-05-04",283,150
"1995-05-05",279,150
"1995-05-06",277,150
"1995-05-07",276,151
"1995-05-08",278,150
"1995-05-09",279,150
"1995-05-10",278,150
"1995-05-11",283,149
"1995-05-12",281,150
"1995-05-13",277,150
"1995-05-14",280,149
"1995-05-15",278,149
"1995-05-16",274,150
"1995-05-17",272,149
"1995-05-18",270,148
"1995-05-19",269,147
"1995-05-20",264,147
"1995-05-21",265,146
"1995-05-22",262,145
"1995-05-23",259,146
"1995-05-24",258,146
"1995-05-25",256,146
"1995-05-26",259,146
"1995-05-27",262,146
"1995-05-28",266,146
"1995-05-29",268,146
"1995-05-30",284,183
"1995-05-31",301,204
"1995-06-01",294,209
"1995-06-02",288,215
"1995-06-03",285,212
"1995-06-04",286,211
"1995-06-05",286,210
"1995-06-06",285,210
"1995-06-07",287,209
"1995-06-08",285,209
"1995-06-09",283,208
"1995-06-10",285,208
"1995-06-11",286,209
"1995-06-12",287,209
"1995-06-13",288,209
"1995-06-14",289,210
"1995-06-15",294,209
"1995-06-16",289,209
"1995-06-17",293,212
"1995-06-18",294,210
"1995-06-19",291,212
"1995-06-20",288,211
"1995-06-21",288,210
"1995-06-22",284,209
"1995-06-23",280,207
"1995-06-24",283,207
"1995-06-25",279,204
"1995-06-26",275,203
"1995-06-27",270,203
"1995-06-28",274,203
"1995-06-29",277,204
"1995-06-30",280,205
"1995-07-01",283,206
"1995-07-02",287,204
"1995-07-03",290,203
"1995-07-04",291,198
"1995-07-05",291,197
"1995-07-06",291,193
"1995-07-07",293,194
"1995-07-08",294,194
"1995-07-09",294,192
"1995-07-10",292,189
"1995-07-11",290,188
"1995-07-12",287,187
"1995-07-13",291,187
"1995-07-14",287,186
"1995-07-15",290,186
"1995-07-16",290,185
"1995-07-17",285,183
"1995-07-18",280,183
"1995-07-19",278,182
"1995-07-20",276,181
"1995-07-21",274,180
"1995-07-22",275,180
"1995-07-23",272,179
"1995-07-24",267,178
"1995-07-25",263,178
"1995-07-26",263,177
"1995-07-27",257,178
"1995-07-28",252,177
"1995-07-29",253,177
"1995-07-30",256,177
"1995-07-31",254,177
"1995-08-01",253,179
"1995-08-02",257,179
"1995-08-03",253,180
"1995-08-04",249,177
"1995-08-05",252,175
"1995-08-06",252,174
"1995-08-07",247,171
"1995-08-08",243,171
"1995-08-09",243,170
"1995-08-10",243,169
"1995-08-11",243,168
"1995-08-12",245,168
"1995-08-13",248,168
"1995-08-14",247,167
"1995-08-15",244,167
"1995-08-16",243,168
"1995-08-17",240,167
"1995-08-18",239,166
"1995-08-19",236,165
"1995-08-20",235,165
"1995-08-21",234,164
"1995-08-22",234,163
"1995-08-23",236,164
"1995-08-24",238,164
"1995-08-25",238,163
"1995-08-26",239,162
"1995-08-27",241,163
"1995-08-28",238,163
"1995-08-29",240,164
"1995-08-30",237,164
"1995-08-31",236,163
"1995-09-01",234,162
"1995-09-02",232,162
"1995-09-03",234,160
"1995-09-04",231,158
"1995-09-05",228,155
"1995-09-06",227,156
"1995-09-07",228,157
"1995-09-08",230,158
"1995-09-09",231,157
"1995-09-10",230,156
"1995-09-11",231,156
"1995-09-12",233,156
"1995-09-13",229,158
"1995-09-14",230,159
"1995-09-15",231,160
"1995-09-16",231,160
"1995-09-17",230,160
"1995-09-18",229,157
"1995-09-19",227,155
"1995-09-20",235,154
"1995-09-21",244,153
"1995-09-22",242,150
"1995-09-23",245,149
"1995-09-24",246,148
"1995-09-25",247,145
"1995-09-26",248,144
"1995-09-27",249,145
"1995-09-28",250,145
"1995-09-29",249,146
"1995-09-30",249,146
"1995-10-01",250,146
"1995-10-02",250,146
"1995-10-03",251,146
"1995-10-04",251,146
"1995-10-05",250,146
"1995-10-06",249,145
"1995-10-07",249,145
"1995-10-08",249,145
"1995-10-09",249,144
"1995-10-10",248,143
"1995-10-11",247,142
"1995-10-12",247,142
"1995-10-13",247,142
"1995-10-14",246,140
"1995-10-15",247,140
"1995-10-16",247,140
"1995-10-17",245,140
"1995-10-18",244,140
"1995-10-19",244,140
"1995-10-20",242,138
"1995-10-21",242,137
"1995-10-22",244,138
"1995-10-23",243,140
"1995-10-24",240,139
"1995-10-25",241,139
"1995-10-26",245,139
"1995-10-27",243,140
"1995-10-28",240,139
"1995-10-29",244,139
"1995-10-30",245,139
"1995-10-31",249,143
"1995-11-01",251,146
"1995-11-02",251,146
"1995-11-03",252,148
"1995-11-04",254,148
"1995-11-05",255,148
"1995-11-06",256,149
"1995-11-07",255,148
"1995-11-08",256,147
"1995-11-09",256,148
"1995-11-10",259,146
"1995-11-11",257,144
"1995-11-12",257,144
"1995-11-13",259,143
"1995-11-14",256,142
"1995-11-15",255,141
"1995-11-16",254,141
"1995-11-17",256,142
"1995-11-18",259,140
"1995-11-19",263,139
"1995-11-20",262,139
"1995-11-21",262,139
"1995-11-22",261,140
"1995-11-23",262,139
"1995-11-24",263,138
"1995-11-25",264,138
"1995-11-26",264,139
"1995-11-27",265,138
"1995-11-28",263,136
"1995-11-29",263,136
"1995-11-30",263,136
"1995-12-01",264,136
"1995-12-02",265,135
"1995-12-03",266,134
"1995-12-04",266,134
"1995-12-05",265,133
"1995-12-06",264,132
"1995-12-07",264,131
"1995-12-08",265,132
"1995-12-09",264,131
"1995-12-10",264,130
"1995-12-11",266,131
"1995-12-12",265,132
"1995-12-13",266,131
"1995-12-14",266,132
"1995-12-15",265,131
"1995-12-16",265,131
"1995-12-17",270,132
"1995-12-18",268,131
"1995-12-19",269,129
"1995-12-20",268,129
"1995-12-21",269,129
"1995-12-22",267,130
"1995-12-23",269,129
"1995-12-24",268,128
"1995-12-25",270,129
"1995-12-26",270,129
"1995-12-27",270,129
"1995-12-28",269,128
"1995-12-29",270,128
"1995-12-30",271,128
"1995-12-31",272,129
"1996-01-01",271,126
"1996-01-02",270,124
"1996-01-03",271,124
"1996-01-04",270,125
"1996-01-05",270,123
"1996-01-06",268,122
"1996-01-07",268,121
"1996-01-08",269,121
"1996-01-09",268,122
"1996-01-10",268,120
"1996-01-11",268,118
"1996-01-12",265,118
"1996-01-13",265,118
"1996-01-14",264,117
"1996-01-15",264,116
"1996-01-16",264,116
"1996-01-17",264,116
"1996-01-18",262,114
"1996-01-19",263,114
"1996-01-20",262,114
"1996-01-21",263,113
"1996-01-22",263,113
"1996-01-23",262,114
"1996-01-24",261,112
"1996-01-25",260,112
"1996-01-26",259,112
"1996-01-27",258,111
"1996-01-28",259,111
"1996-01-29",259,111
"1996-01-30",257,111
"1996-01-31",257,110
"1996-02-01",256,109
"1996-02-02",256,109
"1996-02-03",255,109
"1996-02-04",255,108
"1996-02-05",253,109
"1996-02-06",253,109
"1996-02-07",252,109
"1996-02-08",251,109
"1996-02-09",249,109
"1996-02-10",248,109
"1996-02-11",246,107
"1996-02-12",246,107
"1996-02-13",243,108
"1996-02-14",244,108
"1996-02-15",241,107
"1996-02-16",237,107
"1996-02-17",236,107
"1996-02-18",237,108
"1996-02-19",235,107
"1996-02-20",231,106
"1996-02-21",227,106
"1996-02-22",224,106
"1996-02-23",221,106
"1996-02-24",220,105
"1996-02-25",218,105
"1996-02-26",218,106
"1996-02-27",217,106
"1996-02-28",216,105
"1996-02-29",218,106
"1996-03-01",221,107
"1996-03-02",222,107
"1996-03-03",224,106
"1996-03-04",224,106
"1996-03-05",226,108
"1996-03-06",227,108
"1996-03-07",225,107
"1996-03-08",224,107
"1996-03-09",226,108
"1996-03-10",226,108
"1996-03-11",226,108
"1996-03-12",226,109
"1996-03-13",226,109
"1996-03-14",226,109
"1996-03-15",223,109
"1996-03-16",224,109
"1996-03-17",224,109
"1996-03-18",225,108
"1996-03-19",223,107
"1996-03-20",222,107
"1996-03-21",222,108
"1996-03-22",221,107
"1996-03-23",221,107
"1996-03-24",222,107
"1996-03-25",219,106
"1996-03-26",221,107
"1996-03-27",224,108
"1996-03-28",221,108
"1996-03-29",218,108
"1996-03-30",215,108
"1996-03-31",218,106
"1996-04-01",215,105
"1996-04-02",217,104
"1996-04-03",216,105
"1996-04-04",215,105
"1996-04-05",217,106
"1996-04-06",219,105
"1996-04-07",222,104
"1996-04-08",222,103
"1996-04-09",219,102
"1996-04-10",216,103
"1996-04-11",216,104
"1996-04-12",214,104
"1996-04-13",212,104
"1996-04-14",213,102
"1996-04-15",210,100
"1996-04-16",206,101
"1996-04-17",204,100
"1996-04-18",202,100
"1996-04-19",200,99
"1996-04-20",198,99
"1996-04-21",197,99
"1996-04-22",200,98
"1996-04-23",199,98
"1996-04-24",201,98
"1996-04-25",200,98
"1996-04-26",196,97
"1996-04-27",194,97
"1996-04-28",198,98
"1996-04-29",197,99
"1996-04-30",195,100
"1996-05-01",194,101
"1996-05-02",192,101
"1996-05-03",189,102
"1996-05-04",186,102
"1996-05-05",188,102
"1996-05-06",186,100
"1996-05-07",183,101
"1996-05-08",181,101
"1996-05-09",181,101
"1996-05-10",178,101
"1996-05-11",177,101
"1996-05-12",180,101
"1996-05-13",178,101
"1996-05-14",175,100
"1996-05-15",175,101
"1996-05-16",170,101
"1996-05-17",165,101
"1996-05-18",164,101
"1996-05-19",160,100
"1996-05-20",157,100
"1996-05-21",154,99
"1996-05-22",150,99
"1996-05-23",145,98
"1996-05-24",141,97
"1996-05-25",140,97
"1996-05-26",142,97
"1996-05-27",140,96
"1996-05-28",139,96
"1996-05-29",137,96
"1996-05-30",136,97
"1996-05-31",135,96
"1996-06-01",136,97
"1996-06-02",137,97
"1996-06-03",138,97
"1996-06-04",139,96
"1996-06-05",138,96
"1996-06-06",138,95
"1996-06-07",137,95
"1996-06-08",137,95
"1996-06-09",132,94
"1996-06-10",129,94
"1996-06-11",126,94
"1996-06-12",126,94
"1996-06-13",122,95
"1996-06-14",119,95
"1996-06-15",113,95
"1996-06-16",107,95
"1996-06-17",102,94
"1996-06-18",97,94
"1996-06-19",96,94
"1996-06-20",94,94
"1996-06-21",93,94
"1996-06-22",91,94
"1996-06-23",89,93
"1996-06-24",87,92
"1996-06-25",87,93
"1996-06-26",88,93
"1996-06-27",88,93
"1996-06-28",89,93
"1996-06-29",90,93
"1996-06-30",91,92
"1996-07-01",92,93
"1996-07-02",92,92
"1996-07-03",93,90
"1996-07-04",92,89
"1996-07-05",92,88
"1996-07-06",90,87
"1996-07-07",88,87
"1996-07-08",86,86
"1996-07-09",85,85
"1996-07-10",86,85
"1996-07-11",87,86
"1996-07-12",88,86
"1996-07-13",89,86
"1996-07-14",90,84
"1996-07-15",91,83
"1996-07-16",92,83
"1996-07-17",93,83
"1996-07-18",94,83
"1996-07-19",91,82
"1996-07-20",91,83
"1996-07-21",90,82
"1996-07-22",89,82
"1996-07-23",88,82
"1996-07-24",88,82
"1996-07-25",92,81
"1996-07-26",93,82
"1996-07-27",95,82
"1996-07-28",97,81
"1996-07-29",101,80
"1996-07-30",101,79
"1996-07-31",102,80
"1996-08-01",102,80
"1996-08-02",103,80
"1996-08-03",102,79
"1996-08-04",100,79
"1996-08-05",98,79
"1996-08-06",96,79
"1996-08-07",94,78
"1996-08-08",93,78
"1996-08-09",91,79
"1996-08-10",88,78
"1996-08-11",86,78
"1996-08-12",84,78
"1996-08-13",85,78
"1996-08-14",84,77
"1996-08-15",84,76
"1996-08-16",83,76
"1996-08-17",83,77
"1996-08-18",83,78
"1996-08-19",83,77
"1996-08-20",84,78
"1996-08-21",86,79
"1996-08-22",93,79
"1996-08-23",98,82
"1996-08-24",106,82
"1996-08-25",112,84
"1996-08-26",118,85
"1996-08-27",118,87
"1996-08-28",120,86
"1996-08-29",122,89
"1996-08-30",124,92
"1996-08-31",127,95
"1996-09-01",130,98
"1996-09-02",132,101
"1996-09-03",135,104
"1996-09-04",138,108
"1996-09-05",137,108
"1996-09-06",138,108
"1996-09-07",139,109
"1996-09-08",140,108
"1996-09-09",142,108
"1996-09-10",143,109
"1996-09-11",143,109
"1996-09-12",144,109
"1996-09-13",144,110
"1996-09-14",146,110
"1996-09-15",150,111
"1996-09-16",151,109
"1996-09-17",153,109
"1996-09-18",153,109
"1996-09-19",153,111
"1996-09-20",154,112
"1996-09-21",156,110
"1996-09-22",157,110
"1996-09-23",157,110
"1996-09-24",160,110
"1996-09-25",163,109
"1996-09-26",166,109
"1996-09-27",169,109
"1996-09-28",169,109
"1996-09-29",169,109
"1996-09-30",169,109
"1996-10-01",170,109
"1996-10-02",170,108
"1996-10-03",169,108
"1996-10-04",169,108
"1996-10-05",170,109
"1996-10-06",170,109
"1996-10-07",169,109
"1996-10-08",168,108
"1996-10-09",166,108
"1996-10-10",165,108
"1996-10-11",165,108
"1996-10-12",165,109
"1996-10-13",164,108
"1996-10-14",163,108
"1996-10-15",163,108
"1996-10-16",163,108
"1996-10-17",163,108
"1996-10-18",163,108
"1996-10-19",162,109
"1996-10-20",162,108
"1996-10-21",162,108
"1996-10-22",159,107
"1996-10-23",161,106
"1996-10-24",162,106
"1996-10-25",163,106
"1996-10-26",164,105
"1996-10-27",164,104
"1996-10-28",164,104
"1996-10-29",164,104
"1996-10-30",164,104
"1996-10-31",164,104
"1996-11-01",164,104
"1996-11-02",165,102
"1996-11-03",165,100
"1996-11-04",166,100
"1996-11-05",165,101
"1996-11-06",166,102
"1996-11-07",165,100
"1996-11-08",163,98
"1996-11-09",163,97
"1996-11-10",165,97
"1996-11-11",167,96
"1996-11-12",164,95
"1996-11-13",164,94
"1996-11-14",164,94
"1996-11-15",167,93
"1996-11-16",169,91
"1996-11-17",170,89
"1996-11-18",170,87
"1996-11-19",171,86
"1996-11-20",170,87
"1996-11-21",170,87
"1996-11-22",170,87
"1996-11-23",171,88
"1996-11-24",173,87
"1996-11-25",174,86
"1996-11-26",176,86
"1996-11-27",176,86
"1996-11-28",179,87
"1996-11-29",182,88
"1996-11-30",185,88
"1996-12-01",185,87
"1996-12-02",186,88
"1996-12-03",184,88
"1996-12-04",185,88
"1996-12-05",184,89
"1996-12-06",185,89
"1996-12-07",186,89
"1996-12-08",187,88
"1996-12-09",187,88
"1996-12-10",187,89
"1996-12-11",187,89
"1996-12-12",187,89
"1996-12-13",187,89
"1996-12-14",188,89
"1996-12-15",193,90
"1996-12-16",198,90
"1996-12-17",196,90
"1996-12-18",195,90
"1996-12-19",194,91
"1996-12-20",194,92
"1996-12-21",193,93
"1996-12-22",194,94
"1996-12-23",195,95
"1996-12-24",193,94
"1996-12-25",195,95
"1996-12-26",198,96
"1996-12-27",197,96
"1996-12-28",196,97
"1996-12-29",197,97
"1996-12-30",197,97
"1996-12-31",196,98
"1997-01-01",198,98
"1997-01-02",196,99
"1997-01-03",195,99
"1997-01-04",195,100
"1997-01-05",196,100
"1997-01-06",196,101
"1997-01-07",196,102
"1997-01-08",198,103
"1997-01-09",195,103
"1997-01-10",196,103
"1997-01-11",195,102
"1997-01-12",197,101
"1997-01-13",197,100
"1997-01-14",197,100
"1997-01-15",196,99
"1997-01-16",193,98
"1997-01-17",193,98
"1997-01-18",194,98
"1997-01-19",195,98
"1997-01-20",196,98
"1997-01-21",195,99
"1997-01-22",195,99
"1997-01-23",198,98
"1997-01-24",198,99
"1997-01-25",196,98
"1997-01-26",197,98
"1997-01-27",197,97
"1997-01-28",193,96
"1997-01-29",196,96
"1997-01-30",192,95
"1997-01-31",194,95
"1997-02-01",197,95
"1997-02-02",197,95
"1997-02-03",196,95
"1997-02-04",194,94
"1997-02-05",194,94
"1997-02-06",196,94
"1997-02-07",198,94
"1997-02-08",196,94
"1997-02-09",198,94
"1997-02-10",199,95
"1997-02-11",198,95
"1997-02-12",201,96
"1997-02-13",204,97
"1997-02-14",207,97
"1997-02-15",206,98
"1997-02-16",206,98
"1997-02-17",205,100
"1997-02-18",203,100
"1997-02-19",207,100
"1997-02-20",211,101
"1997-02-21",207,100
"1997-02-22",208,100
"1997-02-23",209,100
"1997-02-24",212,102
"1997-02-25",211,103
"1997-02-26",215,105
"1997-02-27",213,104
"1997-02-28",214,105
"1997-03-01",214,106
"1997-03-02",215,106
"1997-03-03",216,106
"1997-03-04",218,106
"1997-03-05",219,108
"1997-03-06",216,108
"1997-03-07",218,108
"1997-03-08",219,110
"1997-03-09",220,111
"1997-03-10",220,112
"1997-03-11",223,113
"1997-03-12",222,114
"1997-03-13",222,115
"1997-03-14",222,113
"1997-03-15",222,114
"1997-03-16",225,116
"1997-03-17",227,118
"1997-03-18",230,118
"1997-03-19",229,118
"1997-03-20",229,119
"1997-03-21",231,118
"1997-03-22",228,117
"1997-03-23",231,117
"1997-03-24",228,115
"1997-03-25",228,117
"1997-03-26",227,116
"1997-03-27",227,116
"1997-03-28",227,118
"1997-03-29",225,118
"1997-03-30",226,117
"1997-03-31",228,118
"1997-04-01",230,120
"1997-04-02",234,124
"1997-04-03",237,129
"1997-04-04",241,129
"1997-04-05",247,132
"1997-04-06",253,135
"1997-04-07",252,138
"1997-04-08",250,138
"1997-04-09",251,139
"1997-04-10",252,139
"1997-04-11",252,138
"1997-04-12",253,137
"1997-04-13",257,136
"1997-04-14",255,136
"1997-04-15",251,135
"1997-04-16",251,135
"1997-04-17",251,134
"1997-04-18",251,135
"1997-04-19",254,135
"1997-04-20",255,135
"1997-04-21",254,133
"1997-04-22",250,131
"1997-04-23",250,131
"1997-04-24",253,132
"1997-04-25",256,149
"1997-04-26",259,156
"1997-04-27",262,169
"1997-04-28",265,171
"1997-04-29",261,174
"1997-04-30",259,174
"1997-05-01",259,173
"1997-05-02",258,173
"1997-05-03",255,170
"1997-05-04",255,171
"1997-05-05",254,171
"1997-05-06",256,171
"1997-05-07",254,171
"1997-05-08",251,171
"1997-05-09",252,171
"1997-05-10",252,171
"1997-05-11",254,172
"1997-05-12",255,173
"1997-05-13",254,174
"1997-05-14",254,173
"1997-05-15",256,174
"1997-05-16",254,174
"1997-05-17",253,176
"1997-05-18",254,176
"1997-05-19",254,179
"1997-05-20",256,180
"1997-05-21",256,182
"1997-05-22",256,184
"1997-05-23",261,189
"1997-05-24",266,193
"1997-05-25",262,198
"1997-05-26",266,203
"1997-05-27",262,204
"1997-05-28",265,201
"1997-05-29",263,204
"1997-05-30",267,202
"1997-05-31",264,203
"1997-06-01",261,203
"1997-06-02",258,202
"1997-06-03",255,201
"1997-06-04",258,199
"1997-06-05",262,196
"1997-06-06",269,206
"1997-06-07",276,217
"1997-06-08",283,228
"1997-06-09",281,240
"1997-06-10",278,253
"1997-06-11",276,266
"1997-06-12",275,279
"1997-06-13",271,294
"1997-06-14",274,291
"1997-06-15",279,289
"1997-06-16",277,287
"1997-06-17",279,285
"1997-06-18",277,281
"1997-06-19",277,281
"1997-06-20",273,280
"1997-06-21",282,295
"1997-06-22",291,310
"1997-06-23",301,313
"1997-06-24",311,326
"1997-06-25",321,338
"1997-06-26",322,337
"1997-06-27",318,333
"1997-06-28",317,331
"1997-06-29",317,329
"1997-06-30",317,326
"1997-07-01",313,327
"1997-07-02",312,327
"1997-07-03",313,327
"1997-07-04",310,322
"1997-07-05",311,318
"1997-07-06",309,315
"1997-07-07",308,313
"1997-07-08",304,314
"1997-07-09",304,313
"1997-07-10",308,314
"1997-07-11",304,314
"1997-07-12",305,312
"1997-07-13",303,310
"1997-07-14",305,307
"1997-07-15",300,309
"1997-07-16",300,309
"1997-07-17",300,308
"1997-07-18",296,308
"1997-07-19",298,306
"1997-07-20",302,302
"1997-07-21",306,302
"1997-07-22",303,300
"1997-07-23",303,301
"1997-07-24",303,299
"1997-07-25",303,298
"1997-07-26",303,296
"1997-07-27",303,292
"1997-07-28",301,289
"1997-07-29",298,288
"1997-07-30",301,285
"1997-07-31",300,285
"1997-08-01",298,283
"1997-08-02",296,283
"1997-08-03",292,280
"1997-08-04",288,278
"1997-08-05",289,276
"1997-08-06",289,273
"1997-08-07",291,274
"1997-08-08",290,274
"1997-08-09",295,275
"1997-08-10",294,273
"1997-08-11",291,274
"1997-08-12",288,274
"1997-08-13",289,274
"1997-08-14",285,274
"1997-08-15",285,274
"1997-08-16",286,273
"1997-08-17",284,268
"1997-08-18",280,264
"1997-08-19",278,265
"1997-08-20",277,264
"1997-08-21",276,263
"1997-08-22",275,261
"1997-08-23",279,258
"1997-08-24",278,256
"1997-08-25",275,254
"1997-08-26",274,254
"1997-08-27",273,252
"1997-08-28",270,250
"1997-08-29",268,250
"1997-08-30",272,250
"1997-08-31",272,247
"1997-09-01",268,243
"1997-09-02",264,240
"1997-09-03",267,240
"1997-09-04",271,236
"1997-09-05",269,236
"1997-09-06",272,237
"1997-09-07",273,241
"1997-09-08",271,237
"1997-09-09",275,235
"1997-09-10",274,235
"1997-09-11",275,235
"1997-09-12",275,234
"1997-09-13",273,231
"1997-09-14",273,229
"1997-09-15",271,227
"1997-09-16",267,223
"1997-09-17",266,221
"1997-09-18",265,221
"1997-09-19",263,220
"1997-09-20",264,223
"1997-09-21",265,221
"1997-09-22",266,219
"1997-09-23",268,220
"1997-09-24",268,221
"1997-09-25",269,219
"1997-09-26",269,217
"1997-09-27",269,216
"1997-09-28",269,213
"1997-09-29",268,211
"1997-09-30",267,207
"1997-10-01",265,205
"1997-10-02",265,203
"1997-10-03",267,203
"1997-10-04",265,201
"1997-10-05",265,200
"1997-10-06",265,199
"1997-10-07",269,202
"1997-10-08",269,202
"1997-10-09",272,206
"1997-10-10",276,205
"1997-10-11",281,204
"1997-10-12",280,202
"1997-10-13",280,204
"1997-10-14",278,200
"1997-10-15",277,199
"1997-10-16",277,201
"1997-10-17",280,203
"1997-10-18",281,202
"1997-10-19",280,198
"1997-10-20",280,194
"1997-10-21",279,198
"1997-10-22",280,196
"1997-10-23",281,198
"1997-10-24",281,195
"1997-10-25",281,192
"1997-10-26",280,190
"1997-10-27",282,189
"1997-10-28",281,188
"1997-10-29",279,188
"1997-10-30",279,189
"1997-10-31",281,191
"1997-11-01",280,188
"1997-11-02",280,185
"1997-11-03",280,184
"1997-11-04",279,185
"1997-11-05",279,187
"1997-11-06",277,184
"1997-11-07",278,184
"1997-11-08",277,184
"1997-11-09",280,184
"1997-11-10",280,181
"1997-11-11",284,183
"1997-11-12",286,186
"1997-11-13",287,185
"1997-11-14",283,182
"1997-11-15",284,179
"1997-11-16",283,177
"1997-11-17",284,176
"1997-11-18",284,179
"1997-11-19",284,178
"1997-11-20",284,178
"1997-11-21",285,176
"1997-11-22",286,174
"1997-11-23",286,173
"1997-11-24",286,172
"1997-11-25",286,172
"1997-11-26",286,172
"1997-11-27",287,172
"1997-11-28",289,172
"1997-11-29",289,173
"1997-11-30",289,172
"1997-12-01",290,171
"1997-12-02",289,170
"1997-12-03",289,173
"1997-12-04",289,172
"1997-12-05",291,170
"1997-12-06",291,169
"1997-12-07",294,169
"1997-12-08",293,168
"1997-12-09",293,168
"1997-12-10",296,165
"1997-12-11",295,163
"1997-12-12",295,163
"1997-12-13",296,163
"1997-12-14",297,162
"1997-12-15",296,162
"1997-12-16",296,162
"1997-12-17",295,160
"1997-12-18",294,160
"1997-12-19",295,160
"1997-12-20",297,163
"1997-12-21",300,167
"1997-12-22",302,166
"1997-12-23",301,168
"1997-12-24",299,167
"1997-12-25",299,165
"1997-12-26",301,166
"1997-12-27",302,168
"1997-12-28",301,168
"1997-12-29",298,168
"1997-12-30",301,169
"1997-12-31",296,168
"1998-01-01",299,168
"1998-01-02",302,169
"1998-01-03",303,170
"1998-01-04",301,171
"1998-01-05",300,172
"1998-01-06",305,172
"1998-01-07",310,170
"1998-01-08",315,171
"1998-01-09",314,172
"1998-01-10",314,170
"1998-01-11",315,171
"1998-01-12",312,172
"1998-01-13",309,171
"1998-01-14",309,171
"1998-01-15",308,173
"1998-01-16",309,173
"1998-01-17",309,170
"1998-01-18",311,171
"1998-01-19",311,171
"1998-01-20",309,170
"1998-01-21",308,168
"1998-01-22",308,166
"1998-01-23",307,167
"1998-01-24",311,168
"1998-01-25",311,168
"1998-01-26",312,169
"1998-01-27",310,168
"1998-01-28",310,168
"1998-01-29",310,168
"1998-01-30",309,168
"1998-01-31",312,170
"1998-02-01",315,172
"1998-02-02",319,174
"1998-02-03",316,175
"1998-02-04",316,176
"1998-02-05",319,178
"1998-02-06",317,176
"1998-02-07",317,176
"1998-02-08",319,177
"1998-02-09",319,179
"1998-02-10",321,180
"1998-02-11",318,179
"1998-02-12",322,181
"1998-02-13",318,179
"1998-02-14",321,180
"1998-02-15",324,181
"1998-02-16",325,183
"1998-02-17",326,185
"1998-02-18",324,187
"1998-02-19",323,190
"1998-02-20",323,190
"1998-02-21",325,193
"1998-02-22",327,196
"1998-02-23",329,195
"1998-02-24",325,195
"1998-02-25",326,198
"1998-02-26",330,202
"1998-02-27",334,200
"1998-02-28",330,198
"1998-03-01",329,200
"1998-03-02",328,199
"1998-03-03",328,199
"1998-03-04",330,201
"1998-03-05",331,201
"1998-03-06",330,200
"1998-03-07",332,203
"1998-03-08",330,201
"1998-03-09",326,199
"1998-03-10",323,199
"1998-03-11",325,199
"1998-03-12",327,196
"1998-03-13",327,200
"1998-03-14",333,202
"1998-03-15",333,204
"1998-03-16",337,209
"1998-03-17",340,214
"1998-03-18",337,214
"1998-03-19",338,211
"1998-03-20",336,211
"1998-03-21",339,212
"1998-03-22",336,214
"1998-03-23",341,215
"1998-03-24",336,216
"1998-03-25",337,215
"1998-03-26",335,215
"1998-03-27",335,217
"1998-03-28",336,217
"1998-03-29",335,215
"1998-03-30",332,216
"1998-03-31",328,215
"1998-04-01",331,216
"1998-04-02",332,219
"1998-04-03",331,216
"1998-04-04",332,216
"1998-04-05",332,217
"1998-04-06",330,216
"1998-04-07",328,216
"1998-04-08",330,215
"1998-04-09",330,215
"1998-04-10",326,211
"1998-04-11",324,210
"1998-04-12",327,210
"1998-04-13",327,210
"1998-04-14",329,208
"1998-04-15",322,208
"1998-04-16",316,205
"1998-04-17",322,203
"1998-04-18",322,203
"1998-04-19",323,203
"1998-04-20",325,201
"1998-04-21",322,199
"1998-04-22",322,197
"1998-04-23",318,196
"1998-04-24",315,198
"1998-04-25",318,200
"1998-04-26",319,197
"1998-04-27",319,198
"1998-04-28",314,194
"1998-04-29",314,193
"1998-04-30",308,191
"1998-05-01",305,190
"1998-05-02",305,189
"1998-05-03",302,187
"1998-05-04",299,187
"1998-05-05",296,186
"1998-05-06",295,185
"1998-05-07",291,183
"1998-05-08",287,182
"1998-05-09",288,184
"1998-05-10",285,180
"1998-05-11",277,177
"1998-05-12",273,175
"1998-05-13",262,175
"1998-05-14",264,176
"1998-05-15",267,175
"1998-05-16",266,175
"1998-05-17",265,175
"1998-05-18",264,175
"1998-05-19",261,175
"1998-05-20",258,174
"1998-05-21",258,175
"1998-05-22",253,176
"1998-05-23",253,174
"1998-05-24",254,172
"1998-05-25",249,170
"1998-05-26",245,169
"1998-05-27",248,171
"1998-05-28",246,169
"1998-05-29",242,172
"1998-05-30",244,169
"1998-05-31",240,167
"1998-06-01",236,167
"1998-06-02",234,165
"1998-06-03",231,163
"1998-06-04",228,164
"1998-06-05",224,164
"1998-06-06",226,164
"1998-06-07",224,165
"1998-06-08",224,164
"1998-06-09",221,167
"1998-06-10",218,170
"1998-06-11",219,170
"1998-06-12",218,171
"1998-06-13",222,170
"1998-06-14",225,171
"1998-06-15",221,170
"1998-06-16",217,169
"1998-06-17",216,168
"1998-06-18",213,168
"1998-06-19",210,168
"1998-06-20",207,167
"1998-06-21",204,164
"1998-06-22",204,161
"1998-06-23",198,158
"1998-06-24",200,158
"1998-06-25",196,157
"1998-06-26",192,155
"1998-06-27",196,156
"1998-06-28",194,155
"1998-06-29",197,155
"1998-06-30",200,158
"1998-07-01",198,158
"1998-07-02",201,155
"1998-07-03",207,159
"1998-07-04",206,159
"1998-07-05",208,160
"1998-07-06",210,162
"1998-07-07",213,164
"1998-07-08",211,165
"1998-07-09",208,164
"1998-07-10",205,163
"1998-07-11",203,163
"1998-07-12",203,162
"1998-07-13",199,163
"1998-07-14",202,161
"1998-07-15",202,160
"1998-07-16",200,159
"1998-07-17",197,159
"1998-07-18",196,159
"1998-07-19",192,157
"1998-07-20",189,154
"1998-07-21",189,155
"1998-07-22",187,153
"1998-07-23",185,152
"1998-07-24",183,151
"1998-07-25",183,153
"1998-07-26",183,152
"1998-07-27",181,150
"1998-07-28",179,150
"1998-07-29",178,151
"1998-07-30",180,150
"1998-07-31",178,149
"1998-08-01",176,150
"1998-08-02",173,150
"1998-08-03",173,148
"1998-08-04",168,148
"1998-08-05",175,147
"1998-08-06",182,149
"1998-08-07",189,149
"1998-08-08",191,150
"1998-08-09",197,149
"1998-08-10",194,148
"1998-08-11",191,148
"1998-08-12",193,146
"1998-08-13",191,145
"1998-08-14",195,145
"1998-08-15",199,146
"1998-08-16",203,144
"1998-08-17",206,143
"1998-08-18",210,144
"1998-08-19",212,146
"1998-08-20",215,146
"1998-08-21",214,146
"1998-08-22",224,153
"1998-08-23",228,159
"1998-08-24",235,167
"1998-08-25",242,174
"1998-08-26",243,182
"1998-08-27",245,179
"1998-08-28",245,176
"1998-08-29",247,175
"1998-08-30",248,173
"1998-08-31",247,171
"1998-09-01",247,170
"1998-09-02",247,170
"1998-09-03",246,169
"1998-09-04",248,169
"1998-09-05",248,170
"1998-09-06",252,171
"1998-09-07",249,170
"1998-09-08",248,169
"1998-09-09",246,169
"1998-09-10",244,170
"1998-09-11",252,173
"1998-09-12",252,177
"1998-09-13",256,177
"1998-09-14",258,178
"1998-09-15",260,180
"1998-09-16",263,195
"1998-09-17",265,202
"1998-09-18",268,214
"1998-09-19",267,215
"1998-09-20",269,211
"1998-09-21",267,206
"1998-09-22",267,206
"1998-09-23",265,205
"1998-09-24",265,204
"1998-09-25",266,204
"1998-09-26",264,205
"1998-09-27",264,205
"1998-09-28",264,205
"1998-09-29",262,205
"1998-09-30",260,206
"1998-10-01",260,208
"1998-10-02",259,209
"1998-10-03",259,209
"1998-10-04",259,210
"1998-10-05",257,210
"1998-10-06",263,211
"1998-10-07",264,213
"1998-10-08",268,213
"1998-10-09",269,213
"1998-10-10",270,213
"1998-10-11",270,213
"1998-10-12",270,213
"1998-10-13",269,215
"1998-10-14",271,215
"1998-10-15",274,215
"1998-10-16",273,216
"1998-10-17",284,241
"1998-10-18",296,255
"1998-10-19",308,270
"1998-10-20",321,286
"1998-10-21",334,303
"1998-10-22",347,321
"1998-10-23",362,334
"1998-10-24",376,356
"1998-10-25",392,379
"1998-10-26",408,403
"1998-10-27",425,401
"1998-10-28",442,397
"1998-10-29",438,396
"1998-10-30",438,388
"1998-10-31",433,384
"1998-11-01",432,382
"1998-11-02",433,381
"1998-11-03",433,378
"1998-11-04",430,375
"1998-11-05",429,376
"1998-11-06",429,371
"1998-11-07",429,374
"1998-11-08",429,371
"1998-11-09",429,372
"1998-11-10",430,369
"1998-11-11",430,367
"1998-11-12",434,369
"1998-11-13",438,368
"1998-11-14",436,372
"1998-11-15",433,376
"1998-11-16",431,375
"1998-11-17",424,373
"1998-11-18",424,371
"1998-11-19",426,372
"1998-11-20",426,373
"1998-11-21",426,374
"1998-11-22",424,372
"1998-11-23",424,368
"1998-11-24",427,370
"1998-11-25",429,369
"1998-11-26",429,368
"1998-11-27",429,369
"1998-11-28",429,370
"1998-11-29",429,370
"1998-11-30",429,366
"1998-12-01",429,366
"1998-12-02",429,368
"1998-12-03",429,369
"1998-12-04",429,369
"1998-12-05",429,369
"1998-12-06",429,369
"1998-12-07",428,366
"1998-12-08",425,367
"1998-12-09",425,364
"1998-12-10",428,367
"1998-12-11",433,371
"1998-12-12",428,365
"1998-12-13",425,364
"1998-12-14",424,361
"1998-12-15",424,360
"1998-12-16",427,359
"1998-12-17",425,356
"1998-12-18",426,357
"1998-12-19",426,353
"1998-12-20",428,351
"1998-12-21",425,351
"1998-12-22",418,345
"1998-12-23",419,345
"1998-12-24",419,342
"1998-12-25",420,342
"1998-12-26",420,340
"1998-12-27",420,339
"1998-12-28",419,337
"1998-12-29",418,334
"1998-12-30",419,334
"1998-12-31",419,331
"1999-01-01",421,335
"1999-01-02",420,329
"1999-01-03",415,326
"1999-01-04",417,325
"1999-01-05",416,325
"1999-01-06",417,324
"1999-01-07",419,323
"1999-01-08",415,322
"1999-01-09",414,320
"1999-01-10",417,319
"1999-01-11",418,317
"1999-01-12",416,315
"1999-01-13",415,314
"1999-01-14",413,312
"1999-01-15",414,313
"1999-01-16",416,312
"1999-01-17",417,311
"1999-01-18",415,308
"1999-01-19",415,307
"1999-01-20",415,307
"1999-01-21",415,306
"1999-01-22",415,305
"1999-01-23",414,301
"1999-01-24",413,299
"1999-01-25",413,297
"1999-01-26",413,296
"1999-01-27",413,301
"1999-01-28",411,301
"1999-01-29",412,300
"1999-01-30",411,299
"1999-01-31",410,296
"1999-02-01",411,294
"1999-02-02",407,292
"1999-02-03",409,292
"1999-02-04",407,293
"1999-02-05",407,288
"1999-02-06",406,288
"1999-02-07",406,288
"1999-02-08",405,286
"1999-02-09",404,285
"1999-02-10",404,285
"1999-02-11",401,281
"1999-02-12",399,278
"1999-02-13",399,277
"1999-02-14",400,276
"1999-02-15",399,275
"1999-02-16",399,272
"1999-02-17",398,271
"1999-02-18",396,270
"1999-02-19",395,269
"1999-02-20",394,267
"1999-02-21",391,262
"1999-02-22",395,262
"1999-02-23",390,262
"1999-02-24",390,260
"1999-02-25",390,259
"1999-02-26",391,258
"1999-02-27",390,258
"1999-02-28",389,256
"1999-03-01",389,254
"1999-03-02",389,250
"1999-03-03",389,249
"1999-03-04",389,247
"1999-03-05",389,246
"1999-03-06",387,242
"1999-03-07",388,239
"1999-03-08",389,239
"1999-03-09",387,239
"1999-03-10",386,236
"1999-03-11",385,234
"1999-03-12",388,233
"1999-03-13",391,231
"1999-03-14",383,230
"1999-03-15",384,229
"1999-03-16",384,228
"1999-03-17",382,226
"1999-03-18",384,227
"1999-03-19",386,224
"1999-03-20",383,222
"1999-03-21",383,220
"1999-03-22",386,218
"1999-03-23",383,216
"1999-03-24",385,213
"1999-03-25",384,212
"1999-03-26",380,212
"1999-03-27",383,212
"1999-03-28",385,211
"1999-03-29",388,211
"1999-03-30",385,210
"1999-03-31",385,211
"1999-04-01",384,211
"1999-04-02",383,210
"1999-04-03",379,210
"1999-04-04",380,208
"1999-04-05",382,207
"1999-04-06",380,205
"1999-04-07",383,204
"1999-04-08",380,204
"1999-04-09",380,202
"1999-04-10",377,200
"1999-04-11",375,198
"1999-04-12",372,195
"1999-04-13",375,194
"1999-04-14",378,195
"1999-04-15",371,193
"1999-04-16",372,190
"1999-04-17",371,188
"1999-04-18",370,189
"1999-04-19",367,188
"1999-04-20",368,188
"1999-04-21",368,186
"1999-04-22",368,186
"1999-04-23",367,186
"1999-04-24",365,186
"1999-04-25",370,190
"1999-04-26",367,185
"1999-04-27",364,185
"1999-04-28",367,185
"1999-04-29",367,183
"1999-04-30",365,183
"1999-05-01",365,182
"1999-05-02",368,181
"1999-05-03",369,182
"1999-05-04",367,184
"1999-05-05",363,183
"1999-05-06",361,181
"1999-05-07",360,179
"1999-05-08",357,178
"1999-05-09",359,176
"1999-05-10",361,176
"1999-05-11",364,175
"1999-05-12",362,177
"1999-05-13",361,178
"1999-05-14",361,177
"1999-05-15",360,179
"1999-05-16",362,178
"1999-05-17",363,180
"1999-05-18",362,180
"1999-05-19",361,179
"1999-05-20",361,181
"1999-05-21",359,181
"1999-05-22",357,182
"1999-05-23",358,182
"1999-05-24",357,180
"1999-05-25",355,180
"1999-05-26",358,180
"1999-05-27",353,181
"1999-05-28",350,180
"1999-05-29",356,180
"1999-05-30",353,180
"1999-05-31",350,179
"1999-06-01",346,177
"1999-06-02",342,178
"1999-06-03",338,178
"1999-06-04",337,178
"1999-06-05",337,179
"1999-06-06",333,178
"1999-06-07",329,177
"1999-06-08",324,176
"1999-06-09",324,176
"1999-06-10",318,178
"1999-06-11",317,177
"1999-06-12",323,177
"1999-06-13",329,174
"1999-06-14",324,174
"1999-06-15",322,176
"1999-06-16",320,176
"1999-06-17",322,175
"1999-06-18",322,176
"1999-06-19",326,175
"1999-06-20",330,179
"1999-06-21",334,182
"1999-06-22",338,186
"1999-06-23",342,188
"1999-06-24",342,190
"1999-06-25",342,192
"1999-06-26",346,194
"1999-06-27",346,191
"1999-06-28",345,190
"1999-06-29",345,190
"1999-06-30",344,189
"1999-07-01",344,188
"1999-07-02",343,187
"1999-07-03",348,184
"1999-07-04",347,182
"1999-07-05",351,183
"1999-07-06",345,185
"1999-07-07",346,183
"1999-07-08",350,182
"1999-07-09",343,182
"1999-07-10",347,182
"1999-07-11",352,182
"1999-07-12",356,182
"1999-07-13",352,182
"1999-07-14",353,181
"1999-07-15",349,181
"1999-07-16",351,179
"1999-07-17",356,179
"1999-07-18",355,178
"1999-07-19",351,176
"1999-07-20",349,175
"1999-07-21",350,177
"1999-07-22",350,176
"1999-07-23",348,176
"1999-07-24",352,174
"1999-07-25",351,173
"1999-07-26",345,170
"1999-07-27",344,168
"1999-07-28",344,167
"1999-07-29",342,169
"1999-07-30",340,168
"1999-07-31",342,165
"1999-08-01",339,163
"1999-08-02",336,161
"1999-08-03",331,158
"1999-08-04",330,158
"1999-08-05",331,158
"1999-08-06",330,156
"1999-08-07",333,156
"1999-08-08",329,153
"1999-08-09",326,152
"1999-08-10",323,152
"1999-08-11",323,151
"1999-08-12",319,150
"1999-08-13",319,148
"1999-08-14",319,148
"1999-08-15",317,147
"1999-08-16",314,146
"1999-08-17",308,147
"1999-08-18",310,146
"1999-08-19",309,144
"1999-08-20",307,142
"1999-08-21",303,143
"1999-08-22",305,143
"1999-08-23",306,141
"1999-08-24",307,139
"1999-08-25",309,139
"1999-08-26",310,138
"1999-08-27",310,137
"1999-08-28",307,138
"1999-08-29",312,136
"1999-08-30",313,134
"1999-08-31",308,133
"1999-09-01",311,133
"1999-09-02",308,133
"1999-09-03",304,134
"1999-09-04",308,134
"1999-09-05",312,132
"1999-09-06",308,131
"1999-09-07",303,129
"1999-09-08",303,131
"1999-09-09",303,133
"1999-09-10",303,133
"1999-09-11",302,132
"1999-09-12",303,132
"1999-09-13",301,130
"1999-09-14",298,130
"1999-09-15",297,128
"1999-09-16",295,126
"1999-09-17",296,126
"1999-09-18",292,127
"1999-09-19",294,127
"1999-09-20",293,125
"1999-09-21",291,125
"1999-09-22",290,125
"1999-09-23",291,127
"1999-09-24",289,126
"1999-09-25",289,126
"1999-09-26",288,126
"1999-09-27",287,125
"1999-09-28",286,127
"1999-09-29",286,127
"1999-09-30",286,125
"1999-10-01",286,125
"1999-10-02",286,124
"1999-10-03",286,122
"1999-10-04",284,120
"1999-10-05",285,119
"1999-10-06",283,119
"1999-10-07",280,118
"1999-10-08",281,117
"1999-10-09",281,116
"1999-10-10",280,116
"1999-10-11",278,114
"1999-10-12",278,114
"1999-10-13",278,115
"1999-10-14",277,113
"1999-10-15",276,113
"1999-10-16",278,112
"1999-10-17",281,111
"1999-10-18",283,111
"1999-10-19",286,111
"1999-10-20",286,111
"1999-10-21",286,113
"1999-10-22",288,114
"1999-10-23",289,112
"1999-10-24",292,112
"1999-10-25",292,110
"1999-10-26",290,108
"1999-10-27",290,107
"1999-10-28",292,107
"1999-10-29",293,108
"1999-10-30",293,108
"1999-10-31",293,109
"1999-11-01",295,107
"1999-11-02",295,106
"1999-11-03",295,107
"1999-11-04",296,108
"1999-11-05",296,108
"1999-11-06",296,110
"1999-11-07",297,111
"1999-11-08",300,109
"1999-11-09",296,110
"1999-11-10",297,110
"1999-11-11",297,111
"1999-11-12",295,112
"1999-11-13",297,111
"1999-11-14",297,112
"1999-11-15",298,113
"1999-11-16",296,113
"1999-11-17",295,113
"1999-11-18",296,115
"1999-11-19",296,117
"1999-11-20",296,117
"1999-11-21",299,119
"1999-11-22",300,119
"1999-11-23",298,118
"1999-11-24",298,118
"1999-11-25",300,120
"1999-11-26",303,120
"1999-11-27",303,120
"1999-11-28",303,120
"1999-11-29",302,119
"1999-11-30",301,120
"1999-12-01",299,120
"1999-12-02",300,120
"1999-12-03",300,120
"1999-12-04",304,119
"1999-12-05",303,119
"1999-12-06",303,119
"1999-12-07",302,119
"1999-12-08",304,119
"1999-12-09",303,118
"1999-12-10",303,117
"1999-12-11",303,118
"1999-12-12",303,117
"1999-12-13",301,116
"1999-12-14",296,114
"1999-12-15",294,116
"1999-12-16",294,116
"1999-12-17",294,116
"1999-12-18",295,115
"1999-12-19",297,115
"1999-12-20",297,113
"1999-12-21",295,113
"1999-12-22",295,113
"1999-12-23",295,112
"1999-12-24",297,112
"1999-12-25",301,111
"1999-12-26",303,111
"1999-12-27",302,112
"1999-12-28",299,111
"1999-12-29",301,111
"1999-12-30",299,110
"1999-12-31",302,110
"2000-01-01",302,111
"2000-01-02",303,111
"2000-01-03",301,110
"2000-01-04",303,109
"2000-01-05",301,109
"2000-01-06",298,109
"2000-01-07",304,110
"2000-01-08",310,111
"2000-01-09",304,109
"2000-01-10",306,108
"2000-01-11",304,109
"2000-01-12",305,109
"2000-01-13",305,110
"2000-01-14",301,111
"2000-01-15",303,111
"2000-01-16",305,110
"2000-01-17",304,111
"2000-01-18",301,111
"2000-01-19",298,110
"2000-01-20",299,110
"2000-01-21",301,111
"2000-01-22",300,110
"2000-01-23",300,111
"2000-01-24",299,110
"2000-01-25",300,109
"2000-01-26",301,109
"2000-01-27",307,111
"2000-01-28",304,113
"2000-01-29",305,113
"2000-01-30",305,113
"2000-01-31",305,115
"2000-02-01",306,116
"2000-02-02",306,117
"2000-02-03",306,115
"2000-02-04",312,114
"2000-02-05",309,114
"2000-02-06",311,115
"2000-02-07",307,115
"2000-02-08",303,115
"2000-02-09",307,116
"2000-02-10",307,117
"2000-02-11",305,115
"2000-02-12",306,115
"2000-02-13",307,115
"2000-02-14",306,114
"2000-02-15",309,113
"2000-02-16",303,113
"2000-02-17",305,115
"2000-02-18",302,114
"2000-02-19",301,115
"2000-02-20",302,115
"2000-02-21",300,117
"2000-02-22",301,118
"2000-02-23",300,116
"2000-02-24",299,115
"2000-02-25",301,115
"2000-02-26",305,116
"2000-02-27",301,114
"2000-02-28",304,115
"2000-02-29",298,115
"2000-03-01",292,115
"2000-03-02",294,116
"2000-03-03",297,114
"2000-03-04",296,114
"2000-03-05",296,115
"2000-03-06",294,115
"2000-03-07",299,116
"2000-03-08",299,116
"2000-03-09",299,118
"2000-03-10",294,117
"2000-03-11",289,115
"2000-03-12",290,115
"2000-03-13",290,116
"2000-03-14",294,117
"2000-03-15",290,117
"2000-03-16",292,117
"2000-03-17",295,115
"2000-03-18",297,114
"2000-03-19",295,113
"2000-03-20",290,115
"2000-03-21",293,114
"2000-03-22",292,113
"2000-03-23",292,113
"2000-03-24",290,113
"2000-03-25",289,113
"2000-03-26",289,112
"2000-03-27",292,112
"2000-03-28",286,113
"2000-03-29",285,113
"2000-03-30",285,113
"2000-03-31",283,112
"2000-04-01",285,112
"2000-04-02",291,113
"2000-04-03",290,111
"2000-04-04",289,110
"2000-04-05",287,111
"2000-04-06",284,112
"2000-04-07",289,112
"2000-04-08",283,110
"2000-04-09",284,111
"2000-04-10",285,111
"2000-04-11",284,111
"2000-04-12",287,112
"2000-04-13",290,112
"2000-04-14",287,112
"2000-04-15",286,112
"2000-04-16",286,112
"2000-04-17",282,113
"2000-04-18",281,113
"2000-04-19",281,114
"2000-04-20",279,116
"2000-04-21",276,116
"2000-04-22",274,116
"2000-04-23",274,117
"2000-04-24",270,115
"2000-04-25",265,114
"2000-04-26",262,115
"2000-04-27",258,115
"2000-04-28",253,114
"2000-04-29",252,112
"2000-04-30",251,111
"2000-05-01",255,114
"2000-05-02",258,116
"2000-05-03",262,119
"2000-05-04",264,120
"2000-05-05",267,121
"2000-05-06",269,122
"2000-05-07",265,123
"2000-05-08",265,123
"2000-05-09",261,123
"2000-05-10",258,123
"2000-05-11",254,124
"2000-05-12",252,124
"2000-05-13",252,123
"2000-05-14",254,123
"2000-05-15",253,125
"2000-05-16",249,125
"2000-05-17",246,124
"2000-05-18",243,124
"2000-05-19",244,123
"2000-05-20",244,122
"2000-05-21",248,122
"2000-05-22",246,122
"2000-05-23",244,124
"2000-05-24",243,126
"2000-05-25",243,125
"2000-05-26",238,123
"2000-05-27",236,121
"2000-05-28",240,120
"2000-05-29",237,120
"2000-05-30",235,118
"2000-05-31",232,117
"2000-06-01",229,116
"2000-06-02",225,118
"2000-06-03",228,116
"2000-06-04",228,116
"2000-06-05",228,117
"2000-06-06",229,119
"2000-06-07",229,119
"2000-06-08",229,119
"2000-06-09",248,133
"2000-06-10",253,148
"2000-06-11",266,161
"2000-06-12",279,173
"2000-06-13",274,186
"2000-06-14",270,201
"2000-06-15",268,200
"2000-06-16",266,198
"2000-06-17",270,196
"2000-06-18",272,194
"2000-06-19",272,195
"2000-06-20",273,194
"2000-06-21",272,193
"2000-06-22",269,192
"2000-06-23",266,192
"2000-06-24",267,190
"2000-06-25",266,187
"2000-06-26",264,184
"2000-06-27",260,184
"2000-06-28",258,183
"2000-06-29",255,182
"2000-06-30",250,182
"2000-07-01",254,181
"2000-07-02",255,178
"2000-07-03",252,175
"2000-07-04",249,170
"2000-07-05",244,165
"2000-07-06",246,164
"2000-07-07",242,163
"2000-07-08",242,164
"2000-07-09",238,161
"2000-07-10",235,158
"2000-07-11",232,158
"2000-07-12",228,157
"2000-07-13",224,154
"2000-07-14",223,154
"2000-07-15",221,150
"2000-07-16",218,151
"2000-07-17",216,147
"2000-07-18",214,147
"2000-07-19",213,144
"2000-07-20",208,142
"2000-07-21",204,143
"2000-07-22",205,141
"2000-07-23",204,140
"2000-07-24",198,139
"2000-07-25",198,140
"2000-07-26",194,139
"2000-07-27",192,137
"2000-07-28",191,138
"2000-07-29",192,136
"2000-07-30",193,134
"2000-07-31",197,132
"2000-08-01",199,130
"2000-08-02",198,131
"2000-08-03",195,132
"2000-08-04",192,131
"2000-08-05",192,130
"2000-08-06",191,129
"2000-08-07",191,129
"2000-08-08",192,127
"2000-08-09",188,127
"2000-08-10",185,127
"2000-08-11",182,125
"2000-08-12",185,125
"2000-08-13",183,126
"2000-08-14",181,125
"2000-08-15",181,123
"2000-08-16",177,125
"2000-08-17",173,125
"2000-08-18",169,124
"2000-08-19",170,124
"2000-08-20",170,123
"2000-08-21",171,121
"2000-08-22",171,120
"2000-08-23",169,121
"2000-08-24",168,121
"2000-08-25",167,121
"2000-08-26",165,121
"2000-08-27",163,120
"2000-08-28",160,119
"2000-08-29",158,119
"2000-08-30",156,117
"2000-08-31",155,118
"2000-09-01",156,117
"2000-09-02",153,117
"2000-09-03",150,115
"2000-09-04",147,114
"2000-09-05",144,113
"2000-09-06",141,113
"2000-09-07",138,113
"2000-09-08",142,112
"2000-09-09",145,113
"2000-09-10",149,111
"2000-09-11",153,111
"2000-09-12",155,111
"2000-09-13",156,111
"2000-09-14",161,110
"2000-09-15",165,111
"2000-09-16",170,110
"2000-09-17",173,109
"2000-09-18",176,108
"2000-09-19",176,108
"2000-09-20",177,108
"2000-09-21",179,109
"2000-09-22",181,109
"2000-09-23",182,109
"2000-09-24",181,110
"2000-09-25",183,110
"2000-09-26",185,110
"2000-09-27",185,109
"2000-09-28",182,110
"2000-09-29",185,111
"2000-09-30",185,111
"2000-10-01",186,111
"2000-10-02",185,113
"2000-10-03",183,115
"2000-10-04",180,114
"2000-10-05",179,114
"2000-10-06",184,113
"2000-10-07",190,114
"2000-10-08",196,116
"2000-10-09",206,114
"2000-10-10",209,115
"2000-10-11",209,116
"2000-10-12",211,116
"2000-10-13",212,115
"2000-10-14",212,116
"2000-10-15",213,117
"2000-10-16",215,116
"2000-10-17",219,115
"2000-10-18",217,115
"2000-10-19",221,116
"2000-10-20",225,114
"2000-10-21",226,114
"2000-10-22",230,114
"2000-10-23",235,114
"2000-10-24",239,116
"2000-10-25",244,116
"2000-10-26",248,116
"2000-10-27",250,117
"2000-10-28",251,116
"2000-10-29",255,116
"2000-10-30",257,118
"2000-10-31",257,117
"2000-11-01",258,118
"2000-11-02",280,132
"2000-11-03",287,148
"2000-11-04",297,165
"2000-11-05",309,185
"2000-11-06",320,207
"2000-11-07",332,231
"2000-11-08",324,230
"2000-11-09",322,231
"2000-11-10",317,231
"2000-11-11",319,229
"2000-11-12",323,231
"2000-11-13",323,229
"2000-11-14",323,229
"2000-11-15",319,229
"2000-11-16",320,228
"2000-11-17",320,227
"2000-11-18",328,228
"2000-11-19",336,228
"2000-11-20",335,226
"2000-11-21",339,225
"2000-11-22",337,224
"2000-11-23",340,226
"2000-11-24",342,229
"2000-11-25",345,230
"2000-11-26",348,231
"2000-11-27",348,232
"2000-11-28",346,232
"2000-11-29",345,232
"2000-11-30",345,232
"2000-12-01",348,231
"2000-12-02",346,229
"2000-12-03",352,227
"2000-12-04",351,226
"2000-12-05",351,226
"2000-12-06",353,225
"2000-12-07",350,226
"2000-12-08",353,224
"2000-12-09",353,223
"2000-12-10",354,222
"2000-12-11",353,222
"2000-12-12",351,220
"2000-12-13",351,220
"2000-12-14",351,220
"2000-12-15",349,219
"2000-12-16",348,218
"2000-12-17",348,217
"2000-12-18",347,216
"2000-12-19",347,215
"2000-12-20",347,212
"2000-12-21",347,212
"2000-12-22",347,212
"2000-12-23",347,212
"2000-12-24",347,212
"2000-12-25",348,216
"2000-12-26",349,220
"2000-12-27",350,219
"2000-12-28",351,221
"2000-12-29",345,220
"2000-12-30",344,220
"2000-12-31",345,221
"2001-01-01",345,220
"2001-01-02",345,221
"2001-01-03",344,223
"2001-01-04",345,226
"2001-01-05",345,226
"2001-01-06",346,228
"2001-01-07",349,227
"2001-01-08",348,226
"2001-01-09",348,228
"2001-01-10",351,230
"2001-01-11",355,233
"2001-01-12",358,234
"2001-01-13",354,236
"2001-01-14",352,236
"2001-01-15",351,236
"2001-01-16",351,239
"2001-01-17",354,240
"2001-01-18",357,242
"2001-01-19",360,243
"2001-01-20",363,243
"2001-01-21",356,241
"2001-01-22",355,242
"2001-01-23",353,242
"2001-01-24",357,242
"2001-01-25",356,245
"2001-01-26",358,245
"2001-01-27",360,247
"2001-01-28",360,247
"2001-01-29",370,252
"2001-01-30",375,247
"2001-01-31",364,248
"2001-02-01",362,247
"2001-02-02",360,246
"2001-02-03",360,248
"2001-02-04",361,251
"2001-02-05",362,251
"2001-02-06",362,253
"2001-02-07",362,252
"2001-02-08",362,253
"2001-02-09",362,253
"2001-02-10",360,252
"2001-02-11",362,253
"2001-02-12",364,255
"2001-02-13",361,257
"2001-02-14",362,259
"2001-02-15",362,259
"2001-02-16",359,258
"2001-02-17",356,257
"2001-02-18",353,258
"2001-02-19",353,258
"2001-02-20",351,259
"2001-02-21",351,258
"2001-02-22",350,257
"2001-02-23",353,259
"2001-02-24",351,261
"2001-02-25",350,260
"2001-02-26",353,257
"2001-02-27",353,256
"2001-02-28",349,255
"2001-03-01",350,254
"2001-03-02",352,257
"2001-03-03",355,258
"2001-03-04",357,258
"2001-03-05",360,256
"2001-03-06",356,256
"2001-03-07",355,256
"2001-03-08",356,256
"2001-03-09",355,256
"2001-03-10",356,258
"2001-03-11",356,259
"2001-03-12",359,258
"2001-03-13",353,258
"2001-03-14",355,260
"2001-03-15",356,263
"2001-03-16",358,264
"2001-03-17",356,263
"2001-03-18",361,265
"2001-03-19",359,265
"2001-03-20",358,269
"2001-03-21",357,269
"2001-03-22",356,269
"2001-03-23",357,266
"2001-03-24",355,266
"2001-03-25",356,265
"2001-03-26",356,266
"2001-03-27",360,267
"2001-03-28",357,268
"2001-03-29",357,269
"2001-03-30",358,268
"2001-03-31",355,268
"2001-04-01",356,267
"2001-04-02",356,266
"2001-04-03",355,266
"2001-04-04",355,267
"2001-04-05",353,267
"2001-04-06",354,267
"2001-04-07",358,266
"2001-04-08",355,263
"2001-04-09",354,264
"2001-04-10",352,262
"2001-04-11",352,261
"2001-04-12",351,260
"2001-04-13",349,260
"2001-04-14",350,260
"2001-04-15",349,256
"2001-04-16",344,251
"2001-04-17",344,248
"2001-04-18",345,248
"2001-04-19",346,251
"2001-04-20",352,249
"2001-04-21",352,248
"2001-04-22",353,246
"2001-04-23",355,246
"2001-04-24",358,245
"2001-04-25",360,244
"2001-04-26",355,239
"2001-04-27",356,239
"2001-04-28",356,238
"2001-04-29",357,236
"2001-04-30",357,233
"2001-05-01",359,231
"2001-05-02",359,232
"2001-05-03",359,232
"2001-05-04",362,233
"2001-05-05",365,234
"2001-05-06",378,234
"2001-05-07",370,234
"2001-05-08",366,233
"2001-05-09",365,235
"2001-05-10",367,235
"2001-05-11",365,234
"2001-05-12",366,236
"2001-05-13",371,237
"2001-05-14",368,237
"2001-05-15",365,239
"2001-05-16",365,239
"2001-05-17",364,237
"2001-05-18",362,237
"2001-05-19",362,236
"2001-05-20",364,236
"2001-05-21",367,240
"2001-05-22",370,237
"2001-05-23",367,237
"2001-05-24",362,237
"2001-05-25",356,235
"2001-05-26",358,234
"2001-05-27",361,233
"2001-05-28",356,229
"2001-05-29",351,225
"2001-05-30",349,224
"2001-05-31",349,224
"2001-06-01",349,224
"2001-06-02",347,224
"2001-06-03",348,222
"2001-06-04",344,219
"2001-06-05",339,219
"2001-06-06",340,218
"2001-06-07",336,216
"2001-06-08",335,215
"2001-06-09",336,214
"2001-06-10",335,214
"2001-06-11",329,214
"2001-06-12",327,212
"2001-06-13",323,210
"2001-06-14",323,208
"2001-06-15",324,204
"2001-06-16",326,203
"2001-06-17",327,203
"2001-06-18",322,202
"2001-06-19",320,201
"2001-06-20",316,202
"2001-06-21",315,202
"2001-06-22",313,200
"2001-06-23",316,198
"2001-06-24",316,201
"2001-06-25",317,200
"2001-06-26",318,201
"2001-06-27",312,200
"2001-06-28",314,200
"2001-06-29",313,200
"2001-06-30",315,200
"2001-07-01",318,194
"2001-07-02",322,189
"2001-07-03",325,201
"2001-07-04",322,200
"2001-07-05",322,194
"2001-07-06",316,196
"2001-07-07",319,196
"2001-07-08",317,196
"2001-07-09",315,196
"2001-07-10",311,195
"2001-07-11",308,195
"2001-07-12",309,195
"2001-07-13",303,194
"2001-07-14",306,191
"2001-07-15",303,189
"2001-07-16",298,187
"2001-07-17",297,189
"2001-07-18",295,188
"2001-07-19",294,188
"2001-07-20",291,186
"2001-07-21",288,187
"2001-07-22",291,182
"2001-07-23",286,185
"2001-07-24",281,183
"2001-07-25",281,184
"2001-07-26",281,184
"2001-07-27",276,184
"2001-07-28",279,185
"2001-07-29",278,183
"2001-07-30",274,180
"2001-07-31",271,181
"2001-08-01",270,181
"2001-08-02",266,181
"2001-08-03",267,181
"2001-08-04",268,181
"2001-08-05",266,180
"2001-08-06",263,178
"2001-08-07",258,179
"2001-08-08",258,178
"2001-08-09",257,180
"2001-08-10",255,180
"2001-08-11",255,180
"2001-08-12",255,179
"2001-08-13",251,176
"2001-08-14",250,176
"2001-08-15",249,176
"2001-08-16",250,172
"2001-08-17",251,176
"2001-08-18",249,175
"2001-08-19",249,167
"2001-08-20",249,172
"2001-08-21",249,171
"2001-08-22",247,174
"2001-08-23",247,172
"2001-08-24",248,171
"2001-08-25",243,170
"2001-08-26",247,170
"2001-08-27",254,172
"2001-08-28",261,169
"2001-08-29",268,168
"2001-08-30",274,172
"2001-08-31",281,186
"2001-09-01",288,202
"2001-09-02",294,216
"2001-09-03",302,229
"2001-09-04",309,225
"2001-09-05",313,224
"2001-09-06",317,223
"2001-09-07",322,223
"2001-09-08",326,220
"2001-09-09",324,219
"2001-09-10",325,219
"2001-09-11",326,219
"2001-09-12",328,221
"2001-09-13",329,212
"2001-09-14",329,217
"2001-09-15",329,214
"2001-09-16",331,205
"2001-09-17",330,212
"2001-09-18",333,208
"2001-09-19",330,214
"2001-09-20",330,217
"2001-09-21",328,215
"2001-09-22",331,214
"2001-09-23",335,212
"2001-09-24",338,210
"2001-09-25",336,207
"2001-09-26",336,206
"2001-09-27",336,206
"2001-09-28",336,204
"2001-09-29",334,203
"2001-09-30",335,201
"2001-10-01",333,199
"2001-10-02",333,200
"2001-10-03",334,199
"2001-10-04",335,198
"2001-10-05",335,197
"2001-10-06",335,197
"2001-10-07",336,197
"2001-10-08",336,199
"2001-10-09",335,199
"2001-10-10",336,199
"2001-10-11",335,201
"2001-10-12",336,200
"2001-10-13",341,200
"2001-10-14",347,199
"2001-10-15",345,202
"2001-10-16",347,200
"2001-10-17",347,200
"2001-10-18",347,202
"2001-10-19",345,204
"2001-10-20",345,203
"2001-10-21",344,203
"2001-10-22",344,202
"2001-10-23",343,203
"2001-10-24",342,203
"2001-10-25",340,200
"2001-10-26",338,199
"2001-10-27",339,197
"2001-10-28",339,197
"2001-10-29",340,197
"2001-10-30",339,197
"2001-10-31",343,196
"2001-11-01",338,196
"2001-11-02",338,195
"2001-11-03",338,193
"2001-11-04",340,192
"2001-11-05",339,193
"2001-11-06",338,193
"2001-11-07",339,191
"2001-11-08",338,190
"2001-11-09",339,191
"2001-11-10",341,190
"2001-11-11",342,189
"2001-11-12",343,188
"2001-11-13",342,185
"2001-11-14",345,183
"2001-11-15",352,197
"2001-11-16",359,213
"2001-11-17",365,229
"2001-11-18",372,246
"2001-11-19",379,265
"2001-11-20",383,286
"2001-11-21",385,308
"2001-11-22",388,305
"2001-11-23",390,302
"2001-11-24",388,297
"2001-11-25",385,295
"2001-11-26",383,295
"2001-11-27",384,291
"2001-11-28",388,295
"2001-11-29",391,299
"2001-11-30",395,296
"2001-12-01",391,295
"2001-12-02",399,297
"2001-12-03",406,300
"2001-12-04",402,303
"2001-12-05",406,303
"2001-12-06",402,306
"2001-12-07",397,307
"2001-12-08",400,309
"2001-12-09",403,311
"2001-12-10",406,313
"2001-12-11",406,317
"2001-12-12",406,322
"2001-12-13",407,323
"2001-12-14",407,324
"2001-12-15",416,325
"2001-12-16",412,336
"2001-12-17",415,338
"2001-12-18",417,341
"2001-12-19",420,336
"2001-12-20",419,333
"2001-12-21",416,332
"2001-12-22",412,331
"2001-12-23",410,327
"2001-12-24",411,325
"2001-12-25",409,324
"2001-12-26",406,324
"2001-12-27",405,325
"2001-12-28",406,323
"2001-12-29",405,321
"2001-12-30",405,319
"2001-12-31",404,320
"2002-01-01",404,319
"2002-01-02",404,318
"2002-01-03",403,317
"2002-01-04",403,318
"2002-01-05",405,322
"2002-01-06",407,318
"2002-01-07",402,316
"2002-01-08",399,316
"2002-01-09",398,317
"2002-01-10",398,316
"2002-01-11",397,313
"2002-01-12",398,313
"2002-01-13",396,314
"2002-01-14",394,311
"2002-01-15",393,310
"2002-01-16",393,309
"2002-01-17",392,312
"2002-01-18",392,310
"2002-01-19",389,310
"2002-01-20",387,309
"2002-01-21",386,309
"2002-01-22",385,309
"2002-01-23",384,309
"2002-01-24",385,307
"2002-01-25",380,305
"2002-01-26",378,304
"2002-01-27",379,303
"2002-01-28",375,302
"2002-01-29",369,301
"2002-01-30",373,301
"2002-01-31",376,301
"2002-02-01",374,296
"2002-02-02",378,297
"2002-02-03",379,295
"2002-02-04",380,293
"2002-02-05",387,296
"2002-02-06",384,293
"2002-02-07",385,291
"2002-02-08",386,289
"2002-02-09",386,287
"2002-02-10",388,282
"2002-02-11",392,281
"2002-02-12",392,283
"2002-02-13",391,282
"2002-02-14",391,282
"2002-02-15",390,282
"2002-02-16",391,282
"2002-02-17",391,283
"2002-02-18",391,284
"2002-02-19",389,285
"2002-02-20",387,285
"2002-02-21",386,283
"2002-02-22",386,283
"2002-02-23",385,284
"2002-02-24",386,284
"2002-02-25",382,282
"2002-02-26",377,280
"2002-02-27",379,277
"2002-02-28",380,276
"2002-03-01",380,277
"2002-03-02",378,275
"2002-03-03",379,273
"2002-03-04",380,273
"2002-03-05",380,271
"2002-03-06",381,271
"2002-03-07",381,271
"2002-03-08",377,271
"2002-03-09",374,268
"2002-03-10",376,267
"2002-03-11",375,265
"2002-03-12",374,263
"2002-03-13",370,261
"2002-03-14",370,260
"2002-03-15",369,257
"2002-03-16",367,253
"2002-03-17",369,250
"2002-03-18",367,251
"2002-03-19",370,250
"2002-03-20",373,249
"2002-03-21",367,247
"2002-03-22",366,246
"2002-03-23",368,244
"2002-03-24",368,243
"2002-03-25",367,239
"2002-03-26",362,237
"2002-03-27",363,237
"2002-03-28",363,238
"2002-03-29",361,236
"2002-03-30",363,236
"2002-03-31",363,234
"2002-04-01",362,231
"2002-04-02",360,230
"2002-04-03",360,226
"2002-04-04",359,227
"2002-04-05",360,227
"2002-04-06",363,226
"2002-04-07",362,224
"2002-04-08",362,227
"2002-04-09",361,219
"2002-04-10",360,218
"2002-04-11",356,218
"2002-04-12",352,216
"2002-04-13",356,217
"2002-04-14",356,215
"2002-04-15",355,213
"2002-04-16",358,214
"2002-04-17",360,212
"2002-04-18",360,212
"2002-04-19",360,212
"2002-04-20",359,213
"2002-04-21",361,212
"2002-04-22",359,209
"2002-04-23",357,208
"2002-04-24",357,207
"2002-04-25",354,206
"2002-04-26",356,207
"2002-04-27",351,206
"2002-04-28",353,204
"2002-04-29",350,202
"2002-04-30",347,201
"2002-05-01",348,201
"2002-05-02",343,201
"2002-05-03",342,200
"2002-05-04",343,200
"2002-05-05",341,202
"2002-05-06",340,201
"2002-05-07",336,201
"2002-05-08",333,201
"2002-05-09",330,199
"2002-05-10",328,198
"2002-05-11",328,197
"2002-05-12",327,195
"2002-05-13",327,194
"2002-05-14",323,193
"2002-05-15",321,192
"2002-05-16",317,192
"2002-05-17",319,195
"2002-05-18",319,196
"2002-05-19",317,196
"2002-05-20",319,194
"2002-05-21",315,190
"2002-05-22",314,191
"2002-05-23",313,191
"2002-05-24",311,191
"2002-05-25",312,191
"2002-05-26",317,191
"2002-05-27",317,189
"2002-05-28",316,188
"2002-05-29",314,187
"2002-05-30",311,185
"2002-05-31",309,186
"2002-06-01",310,186
"2002-06-02",311,184
"2002-06-03",306,181
"2002-06-04",305,179
"2002-06-05",304,180
"2002-06-06",299,180
"2002-06-07",295,179
"2002-06-08",296,178
"2002-06-09",292,175
"2002-06-10",289,177
"2002-06-11",290,176
"2002-06-12",285,175
"2002-06-13",281,174
"2002-06-14",278,173
"2002-06-15",282,169
"2002-06-16",282,170
"2002-06-17",278,170
"2002-06-18",273,170
"2002-06-19",270,170
"2002-06-20",268,168
"2002-06-21",263,167
"2002-06-22",264,166
"2002-06-23",261,162
"2002-06-24",256,160
"2002-06-25",252,159
"2002-06-26",251,158
"2002-06-27",247,158
"2002-06-28",251,157
"2002-06-29",270,157
"2002-06-30",291,181
"2002-07-01",313,195
"2002-07-02",338,209
"2002-07-03",363,225
"2002-07-04",391,241
"2002-07-05",391,255
"2002-07-06",392,276
"2002-07-07",392,299
"2002-07-08",393,300
"2002-07-09",393,297
"2002-07-10",394,297
"2002-07-11",394,297
"2002-07-12",392,298
"2002-07-13",394,302
"2002-07-14",394,303
"2002-07-15",395,302
"2002-07-16",400,308
"2002-07-17",394,314
"2002-07-18",390,316
"2002-07-19",392,317
"2002-07-20",394,317
"2002-07-21",400,316
"2002-07-22",399,316
"2002-07-23",394,317
"2002-07-24",391,318
"2002-07-25",390,319
"2002-07-26",390,319
"2002-07-27",390,319
"2002-07-28",388,318
"2002-07-29",387,319
"2002-07-30",383,318
"2002-07-31",387,319
"2002-08-01",386,319
"2002-08-02",386,321
"2002-08-03",388,319
"2002-08-04",386,317
"2002-08-05",383,316
"2002-08-06",382,318
"2002-08-07",383,317
"2002-08-08",383,315
"2002-08-09",384,314
"2002-08-10",385,314
"2002-08-11",386,312
"2002-08-12",393,312
"2002-08-13",388,312
"2002-08-14",386,311
"2002-08-15",386,310
"2002-08-16",386,310
"2002-08-17",390,310
"2002-08-18",385,308
"2002-08-19",384,311
"2002-08-20",382,309
"2002-08-21",379,308
"2002-08-22",375,308
"2002-08-23",378,308
"2002-08-24",376,308
"2002-08-25",374,304
"2002-08-26",373,302
"2002-08-27",368,300
"2002-08-28",366,299
"2002-08-29",368,300
"2002-08-30",369,299
"2002-08-31",369,298
"2002-09-01",368,296
"2002-09-02",370,292
"2002-09-03",366,288
"2002-09-04",363,287
"2002-09-05",365,288
"2002-09-06",363,286
"2002-09-07",372,288
"2002-09-08",381,290
"2002-09-09",390,294
"2002-09-10",399,292
"2002-09-11",409,297
"2002-09-12",403,300
"2002-09-13",399,299
"2002-09-14",396,299
"2002-09-15",395,295
"2002-09-16",396,296
"2002-09-17",391,294
"2002-09-18",389,298
"2002-09-19",389,298
"2002-09-20",388,298
"2002-09-21",388,299
"2002-09-22",384,294
"2002-09-23",388,290
"2002-09-24",386,292
"2002-09-25",386,291
"2002-09-26",386,289
"2002-09-27",386,287
"2002-09-28",386,286
"2002-09-29",385,286
"2002-09-30",387,283
"2002-10-01",385,281
"2002-10-02",384,279
"2002-10-03",384,277
"2002-10-04",385,280
"2002-10-05",384,278
"2002-10-06",385,276
"2002-10-07",384,273
"2002-10-08",387,271
"2002-10-09",396,269
"2002-10-10",402,268
"2002-10-11",390,270
"2002-10-12",388,269
"2002-10-13",388,264
"2002-10-14",389,266
"2002-10-15",389,264
"2002-10-16",389,261
"2002-10-17",389,260
"2002-10-18",390,257
"2002-10-19",396,256
"2002-10-20",393,255
"2002-10-21",396,258
"2002-10-22",400,259
"2002-10-23",404,260
"2002-10-24",408,265
"2002-10-25",412,275
"2002-10-26",416,280
"2002-10-27",420,283
"2002-10-28",421,283
"2002-10-29",417,280
"2002-10-30",419,278
"2002-10-31",421,276
"2002-11-01",420,272
"2002-11-02",428,272
"2002-11-03",436,268
"2002-11-04",440,298
"2002-11-05",443,344
"2002-11-06",447,357
"2002-11-07",451,356
"2002-11-08",447,355
"2002-11-09",447,350
"2002-11-10",447,346
"2002-11-11",444,341
"2002-11-12",444,339
"2002-11-13",444,337
"2002-11-14",449,337
"2002-11-15",448,334
"2002-11-16",444,332
"2002-11-17",445,332
"2002-11-18",442,332
"2002-11-19",440,334
"2002-11-20",440,332
"2002-11-21",440,331
"2002-11-22",440,329
"2002-11-23",441,329
"2002-11-24",442,327
"2002-11-25",439,325
"2002-11-26",440,327
"2002-11-27",440,326
"2002-11-28",442,325
"2002-11-29",442,324
"2002-11-30",441,323
"2002-12-01",442,321
"2002-12-02",441,322
"2002-12-03",442,323
"2002-12-04",446,322
"2002-12-05",450,321
"2002-12-06",445,323
"2002-12-07",442,322
"2002-12-08",451,324
"2002-12-09",452,325
"2002-12-10",453,326
"2002-12-11",454,324
"2002-12-12",460,329
"2002-12-13",459,323
"2002-12-14",450,320
"2002-12-15",447,319
"2002-12-16",447,318
"2002-12-17",447,317
"2002-12-18",447,317
"2002-12-19",447,313
"2002-12-20",447,311
"2002-12-21",447,312
"2002-12-22",447,309
"2002-12-23",454,312
"2002-12-24",461,316
"2002-12-25",468,315
"2002-12-26",459,316
"2002-12-27",461,317
"2002-12-28",459,317
"2002-12-29",460,318
"2002-12-30",465,321
"2002-12-31",462,319
"2003-01-01",460,320
"2003-01-02",454,320
"2003-01-03",454,318
"2003-01-04",453,320
"2003-01-05",453,320
"2003-01-06",452,317
"2003-01-07",452,316
"2003-01-08",451,319
"2003-01-09",450,318
"2003-01-10",446,318
"2003-01-11",447,319
"2003-01-12",449,319
"2003-01-13",452,319
"2003-01-14",454,321
"2003-01-15",451,322
"2003-01-16",452,318
"2003-01-17",450,318
"2003-01-18",449,318
"2003-01-19",447,317
"2003-01-20",447,316
"2003-01-21",446,317
"2003-01-22",446,315
"2003-01-23",443,312
"2003-01-24",441,312
"2003-01-25",444,311
"2003-01-26",444,312
"2003-01-27",443,312
"2003-01-28",443,314
"2003-01-29",443,313
"2003-01-30",440,314
"2003-01-31",439,313
"2003-02-01",439,313
"2003-02-02",435,312
"2003-02-03",436,312
"2003-02-04",434,311
"2003-02-05",436,310
"2003-02-06",440,313
"2003-02-07",436,310
"2003-02-08",437,311
"2003-02-09",438,313
"2003-02-10",437,312
"2003-02-11",435,312
"2003-02-12",435,310
"2003-02-13",434,313
"2003-02-14",434,315
"2003-02-15",433,314
"2003-02-16",433,312
"2003-02-17",432,312
"2003-02-18",433,311
"2003-02-19",434,311
"2003-02-20",436,310
"2003-02-21",438,310
"2003-02-22",451,310
"2003-02-23",455,307
"2003-02-24",444,303
"2003-02-25",443,302
"2003-02-26",440,303
"2003-02-27",438,304
"2003-02-28",438,305
"2003-03-01",438,304
"2003-03-02",438,304
"2003-03-03",440,310
"2003-03-04",443,308
"2003-03-05",435,306
"2003-03-06",429,306
"2003-03-07",427,307
"2003-03-08",429,304
"2003-03-09",427,303
"2003-03-10",425,301
"2003-03-11",423,299
"2003-03-12",422,300
"2003-03-13",422,301
"2003-03-14",420,299
"2003-03-15",420,298
"2003-03-16",419,298
"2003-03-17",419,297
"2003-03-18",419,296
"2003-03-19",418,295
"2003-03-20",420,295
"2003-03-21",420,296
"2003-03-22",420,296
"2003-03-23",420,296
"2003-03-24",420,295
"2003-03-25",422,295
"2003-03-26",420,295
"2003-03-27",420,296
"2003-03-28",418,292
"2003-03-29",419,291
"2003-03-30",419,291
"2003-03-31",418,291
"2003-04-01",418,294
"2003-04-02",419,293
"2003-04-03",419,293
"2003-04-04",416,294
"2003-04-05",418,292
"2003-04-06",418,288
"2003-04-07",419,287
"2003-04-08",413,283
"2003-04-09",413,284
"2003-04-10",411,285
"2003-04-11",411,286
"2003-04-12",409,284
"2003-04-13",410,283
"2003-04-14",411,281
"2003-04-15",408,280
"2003-04-16",407,279
"2003-04-17",403,277
"2003-04-18",405,275
"2003-04-19",406,274
"2003-04-20",406,273
"2003-04-21",406,275
"2003-04-22",405,272
"2003-04-23",405,273
"2003-04-24",405,274
"2003-04-25",401,272
"2003-04-26",404,270
"2003-04-27",400,265
"2003-04-28",395,262
"2003-04-29",395,260
"2003-04-30",395,259
"2003-05-01",395,257
"2003-05-02",394,258
"2003-05-03",395,259
"2003-05-04",396,259
"2003-05-05",395,257
"2003-05-06",393,255
"2003-05-07",393,256
"2003-05-08",393,256
"2003-05-09",390,255
"2003-05-10",390,252
"2003-05-11",391,252
"2003-05-12",390,253
"2003-05-13",389,252
"2003-05-14",387,251
"2003-05-15",384,249
"2003-05-16",378,249
"2003-05-17",383,247
"2003-05-18",385,244
"2003-05-19",377,240
"2003-05-20",375,238
"2003-05-21",371,238
"2003-05-22",370,238
"2003-05-23",366,238
"2003-05-24",370,241
"2003-05-25",371,239
"2003-05-26",367,237
"2003-05-27",363,230
"2003-05-28",362,230
"2003-05-29",360,229
"2003-05-30",360,227
"2003-05-31",360,227
"2003-06-01",356,224
"2003-06-02",357,222
"2003-06-03",355,221
"2003-06-04",360,222
"2003-06-05",365,234
"2003-06-06",370,244
"2003-06-07",373,242
"2003-06-08",370,240
"2003-06-09",369,237
"2003-06-10",373,236
"2003-06-11",372,235
"2003-06-12",370,232
"2003-06-13",373,232
"2003-06-14",376,232
"2003-06-15",379,233
"2003-06-16",382,230
"2003-06-17",380,228
"2003-06-18",382,229
"2003-06-19",378,229
"2003-06-20",377,231
"2003-06-21",381,234
"2003-06-22",381,231
"2003-06-23",376,229
"2003-06-24",374,233
"2003-06-25",371,229
"2003-06-26",365,229
"2003-06-27",364,228
"2003-06-28",367,227
"2003-06-29",368,226
"2003-06-30",362,227
"2003-07-01",362,228
"2003-07-02",363,228
"2003-07-03",360,228
"2003-07-04",365,230
"2003-07-05",367,229
"2003-07-06",369,227
"2003-07-07",371,225
"2003-07-08",374,227
"2003-07-09",377,230
"2003-07-10",380,230
"2003-07-11",375,228
"2003-07-12",379,228
"2003-07-13",376,226
"2003-07-14",372,223
"2003-07-15",369,224
"2003-07-16",376,222
"2003-07-17",384,220
"2003-07-18",391,220
"2003-07-19",390,219
"2003-07-20",388,215
"2003-07-21",384,212
"2003-07-22",387,213
"2003-07-23",383,212
"2003-07-24",379,211
"2003-07-25",381,211
"2003-07-26",383,210
"2003-07-27",381,208
"2003-07-28",377,206
"2003-07-29",374,205
"2003-07-30",376,198
"2003-07-31",369,198
"2003-08-01",370,199
"2003-08-02",372,198
"2003-08-03",370,196
"2003-08-04",367,196
"2003-08-05",368,197
"2003-08-06",366,198
"2003-08-07",363,200
"2003-08-08",361,197
"2003-08-09",366,196
"2003-08-10",367,196
"2003-08-11",365,198
"2003-08-12",364,197
"2003-08-13",367,195
"2003-08-14",362,197
"2003-08-15",364,195
"2003-08-16",367,195
"2003-08-17",364,198
"2003-08-18",364,194
"2003-08-19",361,192
"2003-08-20",355,195
"2003-08-21",355,195
"2003-08-22",352,192
"2003-08-23",357,191
"2003-08-24",362,191
"2003-08-25",359,191
"2003-08-26",358,190
"2003-08-27",356,189
"2003-08-28",351,188
"2003-08-29",351,188
"2003-08-30",354,186
"2003-08-31",354,186
"2003-09-01",357,183
"2003-09-02",354,186
"2003-09-03",358,185
"2003-09-04",362,186
"2003-09-05",360,184
"2003-09-06",360,186
"2003-09-07",361,185
"2003-09-08",359,183
"2003-09-09",358,184
"2003-09-10",362,184
"2003-09-11",370,188
"2003-09-12",369,191
"2003-09-13",373,195
"2003-09-14",376,198
"2003-09-15",380,196
"2003-09-16",380,198
"2003-09-17",377,197
"2003-09-18",380,199
"2003-09-19",384,196
"2003-09-20",386,195
"2003-09-21",387,198
"2003-09-22",388,194
"2003-09-23",389,195
"2003-09-24",385,194
"2003-09-25",385,194
"2003-09-26",386,194
"2003-09-27",386,194
"2003-09-28",385,192
"2003-09-29",385,194
"2003-09-30",383,196
"2003-10-01",380,192
"2003-10-02",379,193
"2003-10-03",385,192
"2003-10-04",384,191
"2003-10-05",384,186
"2003-10-06",385,188
"2003-10-07",387,191
"2003-10-08",390,189
"2003-10-09",391,189
"2003-10-10",390,192
"2003-10-11",390,190
"2003-10-12",391,189
"2003-10-13",392,189
"2003-10-14",392,192
"2003-10-15",389,191
"2003-10-16",383,190
"2003-10-17",378,193
"2003-10-18",379,190
"2003-10-19",378,189
"2003-10-20",371,190
"2003-10-21",373,187
"2003-10-22",368,186
"2003-10-23",367,186
"2003-10-24",367,185
"2003-10-25",367,184
"2003-10-26",367,181
"2003-10-27",372,183
"2003-10-28",370,181
"2003-10-29",369,180
"2003-10-30",368,179
"2003-10-31",367,176
"2003-11-01",368,177
"2003-11-02",369,176
"2003-11-03",368,176
"2003-11-04",364,175
"2003-11-05",361,174
"2003-11-06",359,172
"2003-11-07",357,175
"2003-11-08",363,176
"2003-11-09",361,174
"2003-11-10",361,175
"2003-11-11",360,177
"2003-11-12",365,179
"2003-11-13",365,178
"2003-11-14",366,173
"2003-11-15",370,174
"2003-11-16",368,173
"2003-11-17",374,175
"2003-11-18",368,177
"2003-11-19",368,175
"2003-11-20",368,171
"2003-11-21",368,173
"2003-11-22",367,173
"2003-11-23",363,170
"2003-11-24",362,167
"2003-11-25",360,168
"2003-11-26",362,170
"2003-11-27",361,169
"2003-11-28",362,168
"2003-11-29",362,167
"2003-11-30",362,165
"2003-12-01",364,166
"2003-12-02",361,166
"2003-12-03",361,166
"2003-12-04",367,166
"2003-12-05",365,165
"2003-12-06",365,163
"2003-12-07",365,165
"2003-12-08",365,165
"2003-12-09",365,166
"2003-12-10",365,159
"2003-12-11",365,162
"2003-12-12",367,163
"2003-12-13",366,165
"2003-12-14",365,165
"2003-12-15",365,164
"2003-12-16",364,161
"2003-12-17",364,163
"2003-12-18",364,161
"2003-12-19",364,160
"2003-12-20",364,161
"2003-12-21",365,161
"2003-12-22",365,161
"2003-12-23",359,159
"2003-12-24",362,159
"2003-12-25",364,158
"2003-12-26",366,158
"2003-12-27",364,158
"2003-12-28",364,157
"2003-12-29",362,156
"2003-12-30",359,156
"2003-12-31",362,156
"2004-01-01",363,156
"2004-01-02",362,155
"2004-01-03",356,154
"2004-01-04",354,152
"2004-01-05",351,154
"2004-01-06",349,157
"2004-01-07",350,157
"2004-01-08",350,160
"2004-01-09",349,158
"2004-01-10",349,157
"2004-01-11",349,156
"2004-01-12",347,156
"2004-01-13",348,156
"2004-01-14",349,157
"2004-01-15",355,161
"2004-01-16",357,160
"2004-01-17",360,159
"2004-01-18",359,155
"2004-01-19",355,155
"2004-01-20",353,157
"2004-01-21",352,158
"2004-01-22",352,157
"2004-01-23",352,158
"2004-01-24",356,160
"2004-01-25",360,158
"2004-01-26",358,159
"2004-01-27",353,160
"2004-01-28",352,158
"2004-01-29",353,158
"2004-01-30",354,157
"2004-01-31",355,157
"2004-02-01",357,157
"2004-02-02",356,156
"2004-02-03",357,158
"2004-02-04",359,160
"2004-02-05",357,158
"2004-02-06",357,155
"2004-02-07",356,155
"2004-02-08",357,154
"2004-02-09",356,156
"2004-02-10",357,158
"2004-02-11",358,156
"2004-02-12",359,155
"2004-02-13",358,156
"2004-02-14",360,158
"2004-02-15",359,156
"2004-02-16",357,155
"2004-02-17",355,154
"2004-02-18",354,153
"2004-02-19",356,153
"2004-02-20",356,154
"2004-02-21",355,153
"2004-02-22",355,152
"2004-02-23",356,152
"2004-02-24",356,151
"2004-02-25",357,150
"2004-02-26",356,149
"2004-02-27",356,150
"2004-02-28",358,153
"2004-02-29",359,154
"2004-03-01",358,153
"2004-03-02",357,154
"2004-03-03",355,152
"2004-03-04",357,153
"2004-03-05",358,154
"2004-03-06",360,152
"2004-03-07",358,150
"2004-03-08",356,146
"2004-03-09",354,148
"2004-03-10",353,150
"2004-03-11",353,147
"2004-03-12",349,147
"2004-03-13",355,150
"2004-03-14",362,149
"2004-03-15",359,150
"2004-03-16",359,149
"2004-03-17",358,149
"2004-03-18",357,148
"2004-03-19",357,148
"2004-03-20",357,149
"2004-03-21",357,148
"2004-03-22",353,151
"2004-03-23",347,152
"2004-03-24",350,152
"2004-03-25",348,153
"2004-03-26",352,149
"2004-03-27",353,151
"2004-03-28",352,151
"2004-03-29",350,150
"2004-03-30",351,151
"2004-03-31",350,150
"2004-04-01",345,150
"2004-04-02",351,152
"2004-04-03",357,149
"2004-04-04",358,151
"2004-04-05",358,150
"2004-04-06",359,151
"2004-04-07",360,151
"2004-04-08",356,150
"2004-04-09",360,151
"2004-04-10",366,154
"2004-04-11",372,153
"2004-04-12",379,153
"2004-04-13",385,154
"2004-04-14",382,155
"2004-04-15",380,156
"2004-04-16",376,156
"2004-04-17",370,158
"2004-04-18",365,158
"2004-04-19",364,159
"2004-04-20",361,160
"2004-04-21",363,161
"2004-04-22",361,161
"2004-04-23",366,163
"2004-04-24",369,164
"2004-04-25",372,164
"2004-04-26",366,164
"2004-04-27",360,163
"2004-04-28",355,165
"2004-04-29",355,166
"2004-04-30",355,166
"2004-05-01",353,168
"2004-05-02",349,171
"2004-05-03",356,170
"2004-05-04",352,171
"2004-05-05",355,173
"2004-05-06",353,172
"2004-05-07",349,172
"2004-05-08",352,171
"2004-05-09",356,171
"2004-05-10",357,172
"2004-05-11",356,175
"2004-05-12",355,174
"2004-05-13",358,176
"2004-05-14",358,178
"2004-05-15",357,180
"2004-05-16",356,180
"2004-05-17",356,179
"2004-05-18",350,180
"2004-05-19",349,181
"2004-05-20",349,182
"2004-05-21",345,182
"2004-05-22",346,183
"2004-05-23",347,182
"2004-05-24",345,181
"2004-05-25",340,182
"2004-05-26",339,178
"2004-05-27",338,181
"2004-05-28",335,180
"2004-05-29",338,178
"2004-05-30",344,176
"2004-05-31",346,178
"2004-06-01",347,180
"2004-06-02",347,178
"2004-06-03",348,179
"2004-06-04",347,180
"2004-06-05",352,178
"2004-06-06",357,177
"2004-06-07",356,181
"2004-06-08",369,186
"2004-06-09",378,209
"2004-06-10",388,220
"2004-06-11",397,229
"2004-06-12",407,246
"2004-06-13",419,241
"2004-06-14",430,242
"2004-06-15",431,239
"2004-06-16",432,236
"2004-06-17",422,235
"2004-06-18",413,233
"2004-06-19",406,233
"2004-06-20",399,232
"2004-06-21",389,229
"2004-06-22",380,230
"2004-06-23",372,230
"2004-06-24",371,231
"2004-06-25",367,232
"2004-06-26",367,233
"2004-06-27",376,234
"2004-06-28",381,232
"2004-06-29",386,239
"2004-06-30",390,246
"2004-07-01",395,267
"2004-07-02",400,272
"2004-07-03",397,273
"2004-07-04",394,274
"2004-07-05",389,273
"2004-07-06",384,272
"2004-07-07",394,272
"2004-07-08",398,270
"2004-07-09",393,270
"2004-07-10",394,268
"2004-07-11",389,267
"2004-07-12",384,266
"2004-07-13",380,265
"2004-07-14",381,264
"2004-07-15",376,265
"2004-07-16",382,262
"2004-07-17",375,260
"2004-07-18",371,258
"2004-07-19",371,256
"2004-07-20",371,257
"2004-07-21",368,254
"2004-07-22",366,255
"2004-07-23",365,255
"2004-07-24",373,254
"2004-07-25",381,257
"2004-07-26",381,253
"2004-07-27",386,251
"2004-07-28",392,251
"2004-07-29",390,251
"2004-07-30",386,251
"2004-07-31",393,253
"2004-08-01",388,250
"2004-08-02",383,247
"2004-08-03",382,245
"2004-08-04",382,244
"2004-08-05",378,244
"2004-08-06",378,240
"2004-08-07",382,238
"2004-08-08",378,236
"2004-08-09",377,234
"2004-08-10",377,232
"2004-08-11",380,232
"2004-08-12",376,230
"2004-08-13",375,232
"2004-08-14",376,229
"2004-08-15",376,225
"2004-08-16",374,222
"2004-08-17",373,221
"2004-08-18",374,219
"2004-08-19",373,218
"2004-08-20",370,219
"2004-08-21",367,221
"2004-08-22",371,222
"2004-08-23",376,222
"2004-08-24",374,221
"2004-08-25",374,218
"2004-08-26",373,215
"2004-08-27",372,213
"2004-08-28",369,213
"2004-08-29",367,213
"2004-08-30",364,213
"2004-08-31",365,211
"2004-09-01",364,210
"2004-09-02",357,209
"2004-09-03",357,209
"2004-09-04",363,209
"2004-09-05",366,207
"2004-09-06",365,208
"2004-09-07",365,204
"2004-09-08",361,204
"2004-09-09",359,207
"2004-09-10",359,203
"2004-09-11",357,201
"2004-09-12",358,200
"2004-09-13",360,199
"2004-09-14",361,199
"2004-09-15",363,199
"2004-09-16",365,197
"2004-09-17",363,196
"2004-09-18",360,196
"2004-09-19",361,194
"2004-09-20",358,192
"2004-09-21",357,191
"2004-09-22",357,190
"2004-09-23",357,189
"2004-09-24",356,187
"2004-09-25",357,187
"2004-09-26",358,187
"2004-09-27",356,188
"2004-09-28",356,186
"2004-09-29",354,185
"2004-09-30",355,185
"2004-10-01",355,185
"2004-10-02",370,186
"2004-10-03",375,186
"2004-10-04",380,185
"2004-10-05",386,184
"2004-10-06",385,184
"2004-10-07",384,187
"2004-10-08",384,186
"2004-10-09",383,184
"2004-10-10",383,183
"2004-10-11",383,181
"2004-10-12",383,178
"2004-10-13",386,178
"2004-10-14",388,183
"2004-10-15",391,179
"2004-10-16",385,177
"2004-10-17",385,176
"2004-10-18",386,176
"2004-10-19",385,175
"2004-10-20",384,172
"2004-10-21",383,173
"2004-10-22",381,172
"2004-10-23",393,187
"2004-10-24",406,204
"2004-10-25",419,222
"2004-10-26",433,241
"2004-10-27",425,238
"2004-10-28",418,237
"2004-10-29",410,238
"2004-10-30",402,237
"2004-10-31",402,235
"2004-11-01",407,238
"2004-11-02",412,241
"2004-11-03",417,243
"2004-11-04",415,244
"2004-11-05",411,246
"2004-11-06",410,245
"2004-11-07",412,245
"2004-11-08",412,243
"2004-11-09",411,247
"2004-11-10",413,247
"2004-11-11",410,246
"2004-11-12",408,245
"2004-11-13",410,245
"2004-11-14",422,247
"2004-11-15",433,247
"2004-11-16",445,256
"2004-11-17",457,265
"2004-11-18",470,274
"2004-11-19",482,283
"2004-11-20",496,293
"2004-11-21",509,303
"2004-11-22",509,312
"2004-11-23",509,323
"2004-11-24",509,333
"2004-11-25",509,344
"2004-11-26",508,355
"2004-11-27",508,367
"2004-11-28",508,363
"2004-11-29",508,361
"2004-11-30",508,363
"2004-12-01",505,360
"2004-12-02",503,360
"2004-12-03",496,360
"2004-12-04",493,365
"2004-12-05",490,365
"2004-12-06",486,369
"2004-12-07",478,368
"2004-12-08",476,368
"2004-12-09",473,370
"2004-12-10",465,369
"2004-12-11",462,373
"2004-12-12",463,376
"2004-12-13",457,374
"2004-12-14",452,372
"2004-12-15",448,371
"2004-12-16",447,370
"2004-12-17",447,369
"2004-12-18",441,369
"2004-12-19",442,368
"2004-12-20",441,368
"2004-12-21",443,369
"2004-12-22",442,366
"2004-12-23",444,363
"2004-12-24",443,360
"2004-12-25",444,361
"2004-12-26",443,358
"2004-12-27",443,357
"2004-12-28",443,358
"2004-12-29",443,356
"2004-12-30",443,355
"2004-12-31",442,353
"2005-01-01",442,351
"2005-01-02",445,352
"2005-01-03",444,353
"2005-01-04",443,353
"2005-01-05",442,353
"2005-01-06",440,350
"2005-01-07",440,348
"2005-01-08",441,345
"2005-01-09",442,342
"2005-01-10",442,339
"2005-01-11",440,338
"2005-01-12",440,339
"2005-01-13",438,334
"2005-01-14",438,332
"2005-01-15",442,329
"2005-01-16",442,327
"2005-01-17",442,325
"2005-01-18",442,324
"2005-01-19",441,325
"2005-01-20",442,325
"2005-01-21",441,324
"2005-01-22",439,322
"2005-01-23",438,320
"2005-01-24",438,321
"2005-01-25",438,323
"2005-01-26",437,322
"2005-01-27",438,323
"2005-01-28",442,324
"2005-01-29",447,321
"2005-01-30",446,320
"2005-01-31",445,319
"2005-02-01",447,322
"2005-02-02",447,325
"2005-02-03",447,320
"2005-02-04",446,317
"2005-02-05",446,317
"2005-02-06",452,319
"2005-02-07",452,322
"2005-02-08",452,326
"2005-02-09",453,325
"2005-02-10",447,323
"2005-02-11",447,322
"2005-02-12",447,323
"2005-02-13",448,323
"2005-02-14",447,320
"2005-02-15",446,316
"2005-02-16",445,313
"2005-02-17",445,305
"2005-02-18",444,304
"2005-02-19",445,307
"2005-02-20",446,308
"2005-02-21",445,304
"2005-02-22",443,305
"2005-02-23",443,304
"2005-02-24",449,308
"2005-02-25",456,303
"2005-02-26",456,309
"2005-02-27",457,308
"2005-02-28",457,304
"2005-03-01",448,304
"2005-03-02",450,304
"2005-03-03",452,303
"2005-03-04",454,302
"2005-03-05",458,308
"2005-03-06",461,307
"2005-03-07",465,310
"2005-03-08",468,306
"2005-03-09",472,304
"2005-03-10",470,302
"2005-03-11",467,300
"2005-03-12",466,301
"2005-03-13",467,301
"2005-03-14",465,299
"2005-03-15",464,298
"2005-03-16",468,299
"2005-03-17",467,300
"2005-03-18",465,302
"2005-03-19",464,301
"2005-03-20",463,301
"2005-03-21",463,304
"2005-03-22",459,302
"2005-03-23",458,303
"2005-03-24",457,303
"2005-03-25",457,303
"2005-03-26",457,302
"2005-03-27",457,302
"2005-03-28",456,302
"2005-03-29",457,303
"2005-03-30",455,302
"2005-03-31",456,305
"2005-04-01",453,302
"2005-04-02",455,303
"2005-04-03",454,302
"2005-04-04",454,304
"2005-04-05",456,304
"2005-04-06",454,303
"2005-04-07",453,302
"2005-04-08",452,302
"2005-04-09",453,302
"2005-04-10",452,300
"2005-04-11",451,300
"2005-04-12",450,297
"2005-04-13",449,295
"2005-04-14",446,294
"2005-04-15",445,293
"2005-04-16",446,291
"2005-04-17",444,290
"2005-04-18",446,289
"2005-04-19",444,289
"2005-04-20",444,289
"2005-04-21",443,291
"2005-04-22",442,288
"2005-04-23",439,287
"2005-04-24",439,286
"2005-04-25",440,286
"2005-04-26",438,287
"2005-04-27",437,285
"2005-04-28",435,282
"2005-04-29",432,281
"2005-04-30",430,280
"2005-05-01",430,277
"2005-05-02",429,278
"2005-05-03",428,277
"2005-05-04",430,277
"2005-05-05",427,277
"2005-05-06",428,278
"2005-05-07",427,276
"2005-05-08",429,280
"2005-05-09",432,275
"2005-05-10",428,275
"2005-05-11",428,274
"2005-05-12",427,275
"2005-05-13",428,275
"2005-05-14",428,275
"2005-05-15",430,270
"2005-05-16",431,268
"2005-05-17",425,267
"2005-05-18",425,266
"2005-05-19",425,264
"2005-05-20",424,263
"2005-05-21",424,261
"2005-05-22",423,258
"2005-05-23",422,255
"2005-05-24",420,253
"2005-05-25",416,251
"2005-05-26",417,249
"2005-05-27",418,248
"2005-05-28",421,248
"2005-05-29",421,248
"2005-05-30",420,261
"2005-05-31",420,273
"2005-06-01",421,274
"2005-06-02",422,270
"2005-06-03",423,269
"2005-06-04",423,269
"2005-06-05",418,266
"2005-06-06",418,262
"2005-06-07",415,259
"2005-06-08",416,258
"2005-06-09",412,255
"2005-06-10",412,256
"2005-06-11",410,255
"2005-06-12",407,251
"2005-06-13",407,248
"2005-06-14",405,247
"2005-06-15",401,243
"2005-06-16",402,240
"2005-06-17",401,237
"2005-06-18",397,235
"2005-06-19",395,229
"2005-06-20",391,228
"2005-06-21",389,227
"2005-06-22",384,225
"2005-06-23",383,225
"2005-06-24",385,224
"2005-06-25",385,225
"2005-06-26",380,223
"2005-06-27",380,223
"2005-06-28",377,221
"2005-06-29",373,221
"2005-06-30",374,220
"2005-07-01",371,221
"2005-07-02",371,220
"2005-07-03",370,219
"2005-07-04",370,214
"2005-07-05",367,208
"2005-07-06",361,209
"2005-07-07",364,207
"2005-07-08",364,205
"2005-07-09",364,209
"2005-07-10",365,209
"2005-07-11",360,206
"2005-07-12",356,208
"2005-07-13",355,208
"2005-07-14",355,211
"2005-07-15",349,208
"2005-07-16",358,209
"2005-07-17",368,211
"2005-07-18",371,208
"2005-07-19",368,211
"2005-07-20",364,211
"2005-07-21",364,212
"2005-07-22",370,212
"2005-07-23",370,210
"2005-07-24",372,208
"2005-07-25",370,208
"2005-07-26",367,207
"2005-07-27",366,207
"2005-07-28",367,205
"2005-07-29",365,205
"2005-07-30",369,205
"2005-07-31",368,202
"2005-08-01",365,203
"2005-08-02",362,203
"2005-08-03",362,201
"2005-08-04",361,199
"2005-08-05",362,199
"2005-08-06",365,199
"2005-08-07",364,196
"2005-08-08",361,198
"2005-08-09",360,196
"2005-08-10",362,194
"2005-08-11",364,196
"2005-08-12",366,197
"2005-08-13",366,196
"2005-08-14",365,194
"2005-08-15",363,194
"2005-08-16",364,194
"2005-08-17",364,193
"2005-08-18",361,192
"2005-08-19",361,194
"2005-08-20",362,194
"2005-08-21",362,189
"2005-08-22",359,190
"2005-08-23",357,188
"2005-08-24",356,189
"2005-08-25",360,188
"2005-08-26",358,189
"2005-08-27",359,189
"2005-08-28",359,186
"2005-08-29",360,186
"2005-08-30",358,185
"2005-08-31",358,184
"2005-09-01",357,184
"2005-09-02",354,185
"2005-09-03",352,183
"2005-09-04",358,181
"2005-09-05",359,180
"2005-09-06",361,178
"2005-09-07",359,179
"2005-09-08",359,179
"2005-09-09",359,182
"2005-09-10",357,181
"2005-09-11",361,181
"2005-09-12",365,182
"2005-09-13",364,184
"2005-09-14",363,183
"2005-09-15",361,185
"2005-09-16",365,184
"2005-09-17",368,184
"2005-09-18",369,183
"2005-09-19",368,185
"2005-09-20",365,184
"2005-09-21",364,185
"2005-09-22",367,187
"2005-09-23",365,188
"2005-09-24",364,187
"2005-09-25",363,185
"2005-09-26",360,183
"2005-09-27",358,184
"2005-09-28",363,182
"2005-09-29",362,181
"2005-09-30",361,180
"2005-10-01",361,179
"2005-10-02",362,178
"2005-10-03",361,179
"2005-10-04",361,181
"2005-10-05",360,179
"2005-10-06",359,181
"2005-10-07",359,183
"2005-10-08",359,182
"2005-10-09",360,182
"2005-10-10",362,181
"2005-10-11",365,179
"2005-10-12",368,178
"2005-10-13",367,181
"2005-10-14",368,182
"2005-10-15",368,180
"2005-10-16",365,178
"2005-10-17",362,178
"2005-10-18",363,176
"2005-10-19",365,174
"2005-10-20",366,176
"2005-10-21",364,174
"2005-10-22",367,172
"2005-10-23",366,171
"2005-10-24",367,170
"2005-10-25",365,169
"2005-10-26",365,168
"2005-10-27",365,167
"2005-10-28",362,167
"2005-10-29",362,166
"2005-10-30",364,165
"2005-10-31",366,166
"2005-11-01",365,167
"2005-11-02",364,166
"2005-11-03",365,166
"2005-11-04",365,163
"2005-11-05",364,163
"2005-11-06",367,162
"2005-11-07",365,159
"2005-11-08",365,158
"2005-11-09",359,158
"2005-11-10",353,159
"2005-11-11",354,160
"2005-11-12",354,157
"2005-11-13",355,155
"2005-11-14",356,157
"2005-11-15",353,154
"2005-11-16",352,152
"2005-11-17",351,152
"2005-11-18",353,151
"2005-11-19",354,150
"2005-11-20",352,150
"2005-11-21",353,151
"2005-11-22",351,152
"2005-11-23",350,152
"2005-11-24",352,152
"2005-11-25",355,152
"2005-11-26",360,150
"2005-11-27",358,148
"2005-11-28",356,148
"2005-11-29",354,148
"2005-11-30",355,148
"2005-12-01",353,145
"2005-12-02",353,146
"2005-12-03",354,146
"2005-12-04",351,144
"2005-12-05",345,144
"2005-12-06",346,144
"2005-12-07",349,144
"2005-12-08",347,143
"2005-12-09",346,143
"2005-12-10",348,144
"2005-12-11",349,143
"2005-12-12",349,143
"2005-12-13",351,144
"2005-12-14",350,145
"2005-12-15",349,144
"2005-12-16",350,143
"2005-12-17",350,143
"2005-12-18",350,142
"2005-12-19",352,144
"2005-12-20",350,144
"2005-12-21",346,143
"2005-12-22",345,144
"2005-12-23",345,145
"2005-12-24",347,143
"2005-12-25",347,144
"2005-12-26",347,144
"2005-12-27",347,144
"2005-12-28",342,144
"2005-12-29",342,143
"2005-12-30",339,143
"2005-12-31",339,143
"2006-01-01",340,143
"2006-01-02",338,143
"2006-01-03",336,145
"2006-01-04",333,145
"2006-01-05",333,143
"2006-01-06",333,142
"2006-01-07",332,139
"2006-01-08",333,141
"2006-01-09",333,141
"2006-01-10",332,141
"2006-01-11",332,139
"2006-01-12",332,138
"2006-01-13",329,135
"2006-01-14",332,138
"2006-01-15",331,137
"2006-01-16",335,137
"2006-01-17",332,136
"2006-01-18",328,137
"2006-01-19",331,135
"2006-01-20",331,135
"2006-01-21",329,133
"2006-01-22",328,134
"2006-01-23",327,133
"2006-01-24",327,133
"2006-01-25",326,132
"2006-01-26",327,133
"2006-01-27",327,133
"2006-01-28",328,134
"2006-01-29",327,133
"2006-01-30",328,132
"2006-01-31",327,132
"2006-02-01",327,133
"2006-02-02",327,133
"2006-02-03",326,131
"2006-02-04",326,131
"2006-02-05",327,131
"2006-02-06",327,129
"2006-02-07",325,129
"2006-02-08",323,129
"2006-02-09",321,129
"2006-02-10",323,129
"2006-02-11",321,128
"2006-02-12",319,127
"2006-02-13",316,128
"2006-02-14",314,127
"2006-02-15",312,127
"2006-02-16",315,127
"2006-02-17",312,126
"2006-02-18",311,126
"2006-02-19",312,127
"2006-02-20",312,127
"2006-02-21",312,129
"2006-02-22",312,131
"2006-02-23",311,129
"2006-02-24",310,130
"2006-02-25",315,131
"2006-02-26",312,131
"2006-02-27",311,130
"2006-02-28",310,132
"2006-03-01",309,132
"2006-03-02",307,130
"2006-03-03",304,129
"2006-03-04",303,128
"2006-03-05",302,131
"2006-03-06",299,132
"2006-03-07",298,131
"2006-03-08",296,130
"2006-03-09",293,130
"2006-03-10",290,130
"2006-03-11",290,129
"2006-03-12",288,129
"2006-03-13",289,128
"2006-03-14",287,126
"2006-03-15",285,126
"2006-03-16",286,128
"2006-03-17",286,128
"2006-03-18",286,129
"2006-03-19",286,131
"2006-03-20",301,130
"2006-03-21",317,129
"2006-03-22",317,128
"2006-03-23",316,126
"2006-03-24",317,127
"2006-03-25",317,126
"2006-03-26",318,127
"2006-03-27",319,126
"2006-03-28",322,128
"2006-03-29",319,126
"2006-03-30",319,126
"2006-03-31",318,125
"2006-04-01",317,125
"2006-04-02",318,124
"2006-04-03",316,122
"2006-04-04",316,121
"2006-04-05",320,120
"2006-04-06",318,120
"2006-04-07",315,122
"2006-04-08",313,120
"2006-04-09",314,120
"2006-04-10",310,117
"2006-04-11",312,117
"2006-04-12",309,115
"2006-04-13",305,118
"2006-04-14",305,119
"2006-04-15",302,118
"2006-04-16",301,116
"2006-04-17",298,111
"2006-04-18",298,114
"2006-04-19",296,116
"2006-04-20",292,115
"2006-04-21",295,113
"2006-04-22",298,111
"2006-04-23",298,110
"2006-04-24",298,113
"2006-04-25",296,116
"2006-04-26",294,120
"2006-04-27",294,119
"2006-04-28",292,120
"2006-04-29",295,117
"2006-04-30",298,115
"2006-05-01",299,120
"2006-05-02",298,121
"2006-05-03",296,122
"2006-05-04",295,124
"2006-05-05",299,125
"2006-05-06",302,127
"2006-05-07",306,128
"2006-05-08",310,130
"2006-05-09",306,129
"2006-05-10",305,130
"2006-05-11",301,127
"2006-05-12",301,130
"2006-05-13",302,131
"2006-05-14",299,129
"2006-05-15",301,127
"2006-05-16",297,125
"2006-05-17",296,122
"2006-05-18",293,119
"2006-05-19",291,119
"2006-05-20",288,120
"2006-05-21",288,121
"2006-05-22",283,119
"2006-05-23",279,119
"2006-05-24",275,120
"2006-05-25",273,121
"2006-05-26",273,121
"2006-05-27",271,120
"2006-05-28",272,119
"2006-05-29",275,119
"2006-05-30",270,118
"2006-05-31",269,117
"2006-06-01",272,118
"2006-06-02",272,120
"2006-06-03",272,119
"2006-06-04",270,117
"2006-06-05",269,114
"2006-06-06",265,115
"2006-06-07",262,116
"2006-06-08",260,115
"2006-06-09",257,115
"2006-06-10",258,115
"2006-06-11",257,115
"2006-06-12",248,116
"2006-06-13",248,117
"2006-06-14",244,114
"2006-06-15",244,112
"2006-06-16",241,112
"2006-06-17",250,113
"2006-06-18",251,113
"2006-06-19",256,114
"2006-06-20",254,113
"2006-06-21",252,110
"2006-06-22",253,110
"2006-06-23",249,111
"2006-06-24",249,109
"2006-06-25",248,109
"2006-06-26",246,106
"2006-06-27",242,106
"2006-06-28",238,111
"2006-06-29",237,112
"2006-06-30",236,112
"2006-07-01",235,113
"2006-07-02",241,113
"2006-07-03",246,112
"2006-07-04",251,114
"2006-07-05",256,116
"2006-07-06",262,114
"2006-07-07",267,114
"2006-07-08",263,114
"2006-07-09",264,113
"2006-07-10",260,111
"2006-07-11",258,108
"2006-07-12",252,110
"2006-07-13",249,109
"2006-07-14",247,108
"2006-07-15",247,108
"2006-07-16",248,108
"2006-07-17",245,107
"2006-07-18",239,106
"2006-07-19",232,106
"2006-07-20",233,107
"2006-07-21",229,107
"2006-07-22",232,106
"2006-07-23",235,105
"2006-07-24",233,106
"2006-07-25",231,105
"2006-07-26",228,105
"2006-07-27",230,105
"2006-07-28",228,105
"2006-07-29",229,104
"2006-07-30",229,103
"2006-07-31",226,103
"2006-08-01",225,104
"2006-08-02",223,103
"2006-08-03",222,103
"2006-08-04",219,103
"2006-08-05",224,102
"2006-08-06",223,101
"2006-08-07",222,103
"2006-08-08",222,103
"2006-08-09",222,103
"2006-08-10",220,101
"2006-08-11",218,101
"2006-08-12",219,101
"2006-08-13",221,100
"2006-08-14",218,101
"2006-08-15",212,101
"2006-08-16",209,101
"2006-08-17",208,100
"2006-08-18",204,100
"2006-08-19",208,100
"2006-08-20",212,99
"2006-08-21",210,98
"2006-08-22",204,96
"2006-08-23",204,96
"2006-08-24",203,96
"2006-08-25",202,95
"2006-08-26",206,94
"2006-08-27",208,93
"2006-08-28",205,93
"2006-08-29",203,93
"2006-08-30",206,95
"2006-08-31",206,95
"2006-09-01",204,95
"2006-09-02",205,94
"2006-09-03",209,95
"2006-09-04",210,94
"2006-09-05",214,94
"2006-09-06",213,93
"2006-09-07",216,93
"2006-09-08",217,90
"2006-09-09",220,93
"2006-09-10",224,94
"2006-09-11",224,92
"2006-09-12",227,92
"2006-09-13",230,92
"2006-09-14",231,91
"2006-09-15",238,91
"2006-09-16",236,92
"2006-09-17",239,92
"2006-09-18",244,93
"2006-09-19",243,93
"2006-09-20",245,93
"2006-09-21",246,93
"2006-09-22",247,93
"2006-09-23",248,93
"2006-09-24",248,92
"2006-09-25",248,94
"2006-09-26",245,93
"2006-09-27",247,93
"2006-09-28",247,93
"2006-09-29",244,94
"2006-09-30",247,94
"2006-10-01",248,94
"2006-10-02",249,94
"2006-10-03",245,95
"2006-10-04",245,95
"2006-10-05",244,94
"2006-10-06",243,95
"2006-10-07",243,94
"2006-10-08",245,92
"2006-10-09",242,93
"2006-10-10",243,94
"2006-10-11",244,95
"2006-10-12",245,94
"2006-10-13",245,93
"2006-10-14",248,94
"2006-10-15",250,94
"2006-10-16",251,94
"2006-10-17",250,94
"2006-10-18",253,95
"2006-10-19",255,97
"2006-10-20",258,98
"2006-10-21",254,98
"2006-10-22",249,97
"2006-10-23",248,96
"2006-10-24",246,96
"2006-10-25",250,98
"2006-10-26",255,97
"2006-10-27",251,97
"2006-10-28",251,97
"2006-10-29",252,97
"2006-10-30",253,98
"2006-10-31",251,99
"2006-11-01",250,97
"2006-11-02",250,97
"2006-11-03",250,97
"2006-11-04",252,97
"2006-11-05",255,97
"2006-11-06",257,98
"2006-11-07",259,98
"2006-11-08",257,97
"2006-11-09",258,97
"2006-11-10",258,98
"2006-11-11",257,97
"2006-11-12",260,98
"2006-11-13",260,98
"2006-11-14",259,98
"2006-11-15",258,98
"2006-11-16",258,99
"2006-11-17",257,99
"2006-11-18",259,100
"2006-11-19",258,100
"2006-11-20",258,100
"2006-11-21",258,100
"2006-11-22",258,100
"2006-11-23",259,100
"2006-11-24",260,100
"2006-11-25",260,100
"2006-11-26",262,100
"2006-11-27",261,99
"2006-11-28",259,99
"2006-11-29",260,99
"2006-11-30",258,98
"2006-12-01",258,98
"2006-12-02",259,99
"2006-12-03",260,98
"2006-12-04",261,98
"2006-12-05",260,98
"2006-12-06",261,100
"2006-12-07",261,100
"2006-12-08",261,99
"2006-12-09",262,99
"2006-12-10",264,98
"2006-12-11",264,98
"2006-12-12",263,98
"2006-12-13",264,97
"2006-12-14",264,98
"2006-12-15",263,98
"2006-12-16",263,97
"2006-12-17",263,97
"2006-12-18",263,97
"2006-12-19",263,97
"2006-12-20",264,97
"2006-12-21",263,97
"2006-12-22",263,96
"2006-12-23",264,98
"2006-12-24",264,99
"2006-12-25",264,101
"2006-12-26",265,101
"2006-12-27",262,100
"2006-12-28",263,102
"2006-12-29",264,102
"2006-12-30",264,103
"2006-12-31",265,101
"2007-01-01",265,101
"2007-01-02",263,101
"2007-01-03",266,104
"2007-01-04",268,102
"2007-01-05",270,103
"2007-01-06",272,102
"2007-01-07",271,103
"2007-01-08",268,103
"2007-01-09",268,103
"2007-01-10",269,103
"2007-01-11",271,103
"2007-01-12",271,103
"2007-01-13",276,130
"2007-01-14",278,146
"2007-01-15",281,164
"2007-01-16",283,184
"2007-01-17",286,183
"2007-01-18",288,184
"2007-01-19",291,182
"2007-01-20",293,183
"2007-01-21",293,182
"2007-01-22",288,180
"2007-01-23",285,179
"2007-01-24",289,180
"2007-01-25",293,182
"2007-01-26",297,181
"2007-01-27",294,180
"2007-01-28",292,177
"2007-01-29",293,177
"2007-01-30",292,176
"2007-01-31",292,175
"2007-02-01",292,175
"2007-02-02",291,174
"2007-02-03",291,173
"2007-02-04",292,173
"2007-02-05",290,172
"2007-02-06",289,171
"2007-02-07",289,171
"2007-02-08",289,170
"2007-02-09",288,169
"2007-02-10",288,169
"2007-02-11",289,169
"2007-02-12",290,170
"2007-02-13",286,169
"2007-02-14",284,168
"2007-02-15",283,168
"2007-02-16",282,168
"2007-02-17",280,167
"2007-02-18",280,167
"2007-02-19",278,168
"2007-02-20",273,168
"2007-02-21",271,169
"2007-02-22",270,168
"2007-02-23",269,168
"2007-02-24",269,170
"2007-02-25",267,170
"2007-02-26",266,169
"2007-02-27",263,168
"2007-02-28",262,167
"2007-03-01",261,167
"2007-03-02",259,167
"2007-03-03",256,167
"2007-03-04",258,169
"2007-03-05",257,171
"2007-03-06",252,171
"2007-03-07",253,172
"2007-03-08",251,172
"2007-03-09",251,173
"2007-03-10",251,173
"2007-03-11",259,173
"2007-03-12",267,186
"2007-03-13",275,198
"2007-03-14",284,212
"2007-03-15",293,212
"2007-03-16",286,211
"2007-03-17",285,211
"2007-03-18",287,212
"2007-03-19",286,213
"2007-03-20",286,215
"2007-03-21",286,216
"2007-03-22",286,217
"2007-03-23",286,218
"2007-03-24",288,220
"2007-03-25",288,219
"2007-03-26",290,222
"2007-03-27",293,225
"2007-03-28",295,225
"2007-03-29",298,226
"2007-03-30",301,231
"2007-03-31",304,230
"2007-04-01",307,232
"2007-04-02",310,230
"2007-04-03",307,231
"2007-04-04",304,230
"2007-04-05",303,229
"2007-04-06",303,228
"2007-04-07",313,229
"2007-04-08",309,231
"2007-04-09",313,229
"2007-04-10",316,230
"2007-04-11",311,229
"2007-04-12",310,228
"2007-04-13",314,228
"2007-04-14",309,228
"2007-04-15",312,225
"2007-04-16",314,223
"2007-04-17",318,219
"2007-04-18",322,218
"2007-04-19",317,218
"2007-04-20",315,217
"2007-04-21",314,218
"2007-04-22",314,218
"2007-04-23",317,219
"2007-04-24",315,219
"2007-04-25",324,218
"2007-04-26",321,218
"2007-04-27",323,216
"2007-04-28",330,216
"2007-04-29",329,215
"2007-04-30",329,217
"2007-05-01",330,216
"2007-05-02",330,216
"2007-05-03",325,215
"2007-05-04",325,215
"2007-05-05",325,215
"2007-05-06",324,215
"2007-05-07",323,214
"2007-05-08",323,213
"2007-05-09",323,212
"2007-05-10",323,211
"2007-05-11",322,211
"2007-05-12",322,211
"2007-05-13",322,210
"2007-05-14",323,207
"2007-05-15",320,206
"2007-05-16",318,204
"2007-05-17",316,203
"2007-05-18",318,202
"2007-05-19",317,201
"2007-05-20",317,199
"2007-05-21",317,199
"2007-05-22",319,203
"2007-05-23",318,199
"2007-05-24",317,199
"2007-05-25",324,199
"2007-05-26",321,201
"2007-05-27",322,218
"2007-05-28",330,222
"2007-05-29",329,230
"2007-05-30",328,238
"2007-05-31",323,247
"2007-06-01",318,256
"2007-06-02",313,254
"2007-06-03",308,253
"2007-06-04",303,252
"2007-06-05",298,250
"2007-06-06",295,249
"2007-06-07",291,248
"2007-06-08",298,247
"2007-06-09",297,245
"2007-06-10",305,244
"2007-06-11",304,241
"2007-06-12",303,240
"2007-06-13",297,239
"2007-06-14",295,239
"2007-06-15",293,239
"2007-06-16",297,241
"2007-06-17",301,239
"2007-06-18",299,237
"2007-06-19",302,236
"2007-06-20",302,259
"2007-06-21",304,255
"2007-06-22",306,255
"2007-06-23",307,260
"2007-06-24",309,260
"2007-06-25",311,256
"2007-06-26",313,254
"2007-06-27",315,256
"2007-06-28",323,258
"2007-06-29",331,262
"2007-06-30",339,261
"2007-07-01",347,259
"2007-07-02",354,259
"2007-07-03",361,261
"2007-07-04",367,263
"2007-07-05",374,265
"2007-07-06",371,267
"2007-07-07",368,269
"2007-07-08",364,270
"2007-07-09",361,271
"2007-07-10",358,272
"2007-07-11",360,272
"2007-07-12",363,272
"2007-07-13",357,272
"2007-07-14",355,272
"2007-07-15",367,274
"2007-07-16",379,273
"2007-07-17",383,273
"2007-07-18",413,278
"2007-07-19",420,276
"2007-07-20",439,291
"2007-07-21",458,308
"2007-07-22",477,325
"2007-07-23",498,343
"2007-07-24",494,362
"2007-07-25",490,382
"2007-07-26",487,404
"2007-07-27",484,426
"2007-07-28",480,420
"2007-07-29",474,418
"2007-07-30",473,416
"2007-07-31",462,413
"2007-08-01",452,416
"2007-08-02",452,416
"2007-08-03",452,416
"2007-08-04",457,416
"2007-08-05",452,417
"2007-08-06",452,416
"2007-08-07",452,416
"2007-08-08",452,417
"2007-08-09",452,417
"2007-08-10",451,418
"2007-08-11",451,419
"2007-08-12",451,416
"2007-08-13",451,416
"2007-08-14",450,417
"2007-08-15",448,419
"2007-08-16",448,426
"2007-08-17",448,428
"2007-08-18",448,427
"2007-08-19",452,428
"2007-08-20",452,426
"2007-08-21",452,424
"2007-08-22",452,424
"2007-08-23",452,425
"2007-08-24",452,425
"2007-08-25",452,424
"2007-08-26",452,424
"2007-08-27",452,421
"2007-08-28",451,422
"2007-08-29",449,423
"2007-08-30",449,426
"2007-08-31",448,429
"2007-09-01",452,428
"2007-09-02",452,426
"2007-09-03",451,422
"2007-09-04",452,421
"2007-09-05",452,421
"2007-09-06",452,418
"2007-09-07",452,418
"2007-09-08",450,414
"2007-09-09",449,410
"2007-09-10",448,404
"2007-09-11",449,403
"2007-09-12",449,401
"2007-09-13",448,399
"2007-09-14",444,396
"2007-09-15",452,394
"2007-09-16",451,391
"2007-09-17",446,388
"2007-09-18",441,386
"2007-09-19",441,387
"2007-09-20",440,385
"2007-09-21",442,382
"2007-09-22",438,380
"2007-09-23",437,377
"2007-09-24",435,372
"2007-09-25",435,369
"2007-09-26",435,367
"2007-09-27",435,363
"2007-09-28",435,360
"2007-09-29",434,358
"2007-09-30",434,355
"2007-10-01",433,351
"2007-10-02",432,353
"2007-10-03",431,349
"2007-10-04",430,347
"2007-10-05",430,343
"2007-10-06",430,339
"2007-10-07",429,336
"2007-10-08",430,332
"2007-10-09",428,328
"2007-10-10",427,325
"2007-10-11",426,322
"2007-10-12",426,321
"2007-10-13",426,316
"2007-10-14",426,313
"2007-10-15",426,309
"2007-10-16",425,303
"2007-10-17",425,305
"2007-10-18",423,302
"2007-10-19",423,302
"2007-10-20",424,300
"2007-10-21",425,301
"2007-10-22",427,299
"2007-10-23",425,295
"2007-10-24",424,294
"2007-10-25",423,294
"2007-10-26",423,293
"2007-10-27",423,290
"2007-10-28",423,291
"2007-10-29",423,289
"2007-10-30",422,288
"2007-10-31",420,291
"2007-11-01",418,290
"2007-11-02",419,289
"2007-11-03",418,288
"2007-11-04",419,287
"2007-11-05",413,286
"2007-11-06",408,283
"2007-11-07",416,283
"2007-11-08",419,282
"2007-11-09",419,282
"2007-11-10",419,280
"2007-11-11",419,280
"2007-11-12",420,278
"2007-11-13",421,277
"2007-11-14",418,276
"2007-11-15",417,273
"2007-11-16",417,276
"2007-11-17",418,275
"2007-11-18",419,272
"2007-11-19",418,270
"2007-11-20",418,271
"2007-11-21",419,268
"2007-11-22",416,265
"2007-11-23",417,265
"2007-11-24",419,265
"2007-11-25",419,263
"2007-11-26",419,263
"2007-11-27",418,262
"2007-11-28",418,259
"2007-11-29",417,256
"2007-11-30",418,256
"2007-12-01",418,254
"2007-12-02",418,252
"2007-12-03",416,253
"2007-12-04",416,252
"2007-12-05",416,250
"2007-12-06",416,250
"2007-12-07",416,249
"2007-12-08",416,248
"2007-12-09",416,246
"2007-12-10",416,247
"2007-12-11",416,246
"2007-12-12",416,243
"2007-12-13",414,243
"2007-12-14",415,242
"2007-12-15",414,241
"2007-12-16",414,239
"2007-12-17",414,238
"2007-12-18",414,237
"2007-12-19",414,236
"2007-12-20",414,236
"2007-12-21",414,234
"2007-12-22",413,232
"2007-12-23",413,230
"2007-12-24",413,230
"2007-12-25",414,228
"2007-12-26",413,226
"2007-12-27",413,226
"2007-12-28",413,223
"2007-12-29",413,222
"2007-12-30",412,221
"2007-12-31",412,219
"2008-01-01",412,217
"2008-01-02",411,214
"2008-01-03",411,214
"2008-01-04",411,216
"2008-01-05",411,215
"2008-01-06",411,215
"2008-01-07",410,214
"2008-01-08",410,213
"2008-01-09",412,213
"2008-01-10",410,211
"2008-01-11",410,211
"2008-01-12",408,209
"2008-01-13",409,207
"2008-01-14",408,205
"2008-01-15",408,205
"2008-01-16",406,206
"2008-01-17",403,203
"2008-01-18",402,202
"2008-01-19",398,202
"2008-01-20",399,201
"2008-01-21",396,200
"2008-01-22",397,199
"2008-01-23",398,197
"2008-01-24",398,195
"2008-01-25",398,195
"2008-01-26",398,195
"2008-01-27",398,195
"2008-01-28",399,194
"2008-01-29",399,193
"2008-01-30",398,191
"2008-01-31",397,192
"2008-02-01",396,190
"2008-02-02",396,190
"2008-02-03",397,190
"2008-02-04",397,192
"2008-02-05",397,189
"2008-02-06",395,187
"2008-02-07",394,186
"2008-02-08",394,185
"2008-02-09",394,184
"2008-02-10",394,184
"2008-02-11",394,183
"2008-02-12",393,181
"2008-02-13",392,180
"2008-02-14",392,181
"2008-02-15",392,182
"2008-02-16",393,182
"2008-02-17",393,183
"2008-02-18",392,180
"2008-02-19",391,180
"2008-02-20",391,180
"2008-02-21",391,182
"2008-02-22",390,182
"2008-02-23",389,181
"2008-02-24",389,180
"2008-02-25",389,179
"2008-02-26",386,177
"2008-02-27",385,177
"2008-02-28",385,177
"2008-02-29",384,176
"2008-03-01",385,176
"2008-03-02",386,176
"2008-03-03",385,176
"2008-03-04",378,178
"2008-03-05",372,178
"2008-03-06",372,176
"2008-03-07",370,176
"2008-03-08",371,176
"2008-03-09",371,176
"2008-03-10",373,175
"2008-03-11",375,174
"2008-03-12",375,174
"2008-03-13",373,174
"2008-03-14",374,174
"2008-03-15",373,171
"2008-03-16",372,170
"2008-03-17",373,171
"2008-03-18",378,171
"2008-03-19",373,171
"2008-03-20",372,171
"2008-03-21",371,170
"2008-03-22",371,169
"2008-03-23",370,167
"2008-03-24",370,168
"2008-03-25",368,169
"2008-03-26",369,170
"2008-03-27",369,170
"2008-03-28",368,170
"2008-03-29",369,170
"2008-03-30",370,171
"2008-03-31",369,171
"2008-04-01",367,171
"2008-04-02",367,171
"2008-04-03",366,171
"2008-04-04",366,171
"2008-04-05",367,171
"2008-04-06",366,170
"2008-04-07",365,168
"2008-04-08",365,169
"2008-04-09",364,169
"2008-04-10",363,169
"2008-04-11",361,167
"2008-04-12",360,164
"2008-04-13",358,163
"2008-04-14",359,162
"2008-04-15",355,161
"2008-04-16",357,160
"2008-04-17",357,157
"2008-04-18",363,156
"2008-04-19",358,151
"2008-04-20",357,150
"2008-04-21",357,150
"2008-04-22",356,150
"2008-04-23",357,149
"2008-04-24",358,149
"2008-04-25",355,149
"2008-04-26",361,148
"2008-04-27",357,147
"2008-04-28",358,147
"2008-04-29",355,146
"2008-04-30",355,147
"2008-05-01",355,148
"2008-05-02",354,147
"2008-05-03",351,145
"2008-05-04",351,144
"2008-05-05",352,143
"2008-05-06",352,143
"2008-05-07",351,143
"2008-05-08",349,142
"2008-05-09",347,140
"2008-05-10",346,139
"2008-05-11",344,137
"2008-05-12",344,137
"2008-05-13",343,136
"2008-05-14",345,136
"2008-05-15",343,136
"2008-05-16",342,135
"2008-05-17",341,134
"2008-05-18",343,134
"2008-05-19",340,134
"2008-05-20",338,134
"2008-05-21",339,134
"2008-05-22",338,133
"2008-05-23",333,133
"2008-05-24",334,133
"2008-05-25",333,133
"2008-05-26",328,133
"2008-05-27",323,133
"2008-05-28",319,133
"2008-05-29",318,134
"2008-05-30",312,135
"2008-05-31",311,136
"2008-06-01",308,136
"2008-06-02",306,135
"2008-06-03",305,135
"2008-06-04",302,134
"2008-06-05",301,134
"2008-06-06",301,133
"2008-06-07",305,133
"2008-06-08",301,133
"2008-06-09",298,131
"2008-06-10",294,130
"2008-06-11",294,128
"2008-06-12",292,129
"2008-06-13",290,132
"2008-06-14",290,134
"2008-06-15",290,134
"2008-06-16",286,135
"2008-06-17",284,135
"2008-06-18",278,135
"2008-06-19",273,134
"2008-06-20",267,132
"2008-06-21",269,131
"2008-06-22",270,130
"2008-06-23",266,130
"2008-06-24",265,129
"2008-06-25",262,128
"2008-06-26",262,129
"2008-06-27",261,129
"2008-06-28",262,128
"2008-06-29",262,127
"2008-06-30",260,129
"2008-07-01",261,131
"2008-07-02",263,133
"2008-07-03",264,133
"2008-07-04",265,133
"2008-07-05",269,131
"2008-07-06",271,130
"2008-07-07",271,132
"2008-07-08",275,134
"2008-07-09",274,136
"2008-07-10",276,136
"2008-07-11",276,136
"2008-07-12",276,135
"2008-07-13",278,133
"2008-07-14",276,133
"2008-07-15",275,132
"2008-07-16",274,131
"2008-07-17",275,132
"2008-07-18",274,131
"2008-07-19",275,131
"2008-07-20",275,131
"2008-07-21",274,130
"2008-07-22",273,129
"2008-07-23",273,129
"2008-07-24",278,130
"2008-07-25",284,130
"2008-07-26",289,130
"2008-07-27",295,130
"2008-07-28",295,128
"2008-07-29",295,127
"2008-07-30",292,129
"2008-07-31",293,129
"2008-08-01",291,129
"2008-08-02",294,129
"2008-08-03",294,128
"2008-08-04",292,127
"2008-08-05",291,127
"2008-08-06",291,127
"2008-08-07",290,127
"2008-08-08",289,126
"2008-08-09",291,126
"2008-08-10",291,125
"2008-08-11",287,123
"2008-08-12",289,124
"2008-08-13",289,123
"2008-08-14",290,122
"2008-08-15",289,122
"2008-08-16",291,121
"2008-08-17",294,121
"2008-08-18",297,123
"2008-08-19",300,121
"2008-08-20",299,121
"2008-08-21",296,121
"2008-08-22",298,122
"2008-08-23",303,123
"2008-08-24",308,124
"2008-08-25",305,124
"2008-08-26",303,124
"2008-08-27",303,124
"2008-08-28",305,124
"2008-08-29",302,124
"2008-08-30",305,124
"2008-08-31",307,124
"2008-09-01",305,122
"2008-09-02",303,120
"2008-09-03",302,121
"2008-09-04",301,122
"2008-09-05",301,121
"2008-09-06",304,121
"2008-09-07",301,120
"2008-09-08",301,119
"2008-09-09",301,118
"2008-09-10",301,118
"2008-09-11",303,119
"2008-09-12",304,119
"2008-09-13",304,120
"2008-09-14",303,118
"2008-09-15",300,116
"2008-09-16",300,116
"2008-09-17",300,116
"2008-09-18",299,116
"2008-09-19",299,115
"2008-09-20",300,114
"2008-09-21",300,116
"2008-09-22",297,115
"2008-09-23",299,114
"2008-09-24",297,114
"2008-09-25",296,114
"2008-09-26",296,114
"2008-09-27",297,113
"2008-09-28",296,112
"2008-09-29",294,111
"2008-09-30",292,111
"2008-10-01",292,112
"2008-10-02",291,112
"2008-10-03",291,111
"2008-10-04",291,111
"2008-10-05",292,111
"2008-10-06",290,110
"2008-10-07",290,110
"2008-10-08",289,111
"2008-10-09",288,110
"2008-10-10",287,110
"2008-10-11",288,110
"2008-10-12",288,110
"2008-10-13",289,109
"2008-10-14",289,109
"2008-10-15",290,108
"2008-10-16",290,108
"2008-10-17",290,107
"2008-10-18",290,107
"2008-10-19",289,107
"2008-10-20",289,107
"2008-10-21",288,107
"2008-10-22",288,107
"2008-10-23",287,106
"2008-10-24",288,106
"2008-10-25",288,107
"2008-10-26",287,106
"2008-10-27",286,105
"2008-10-28",285,105
"2008-10-29",286,105
"2008-10-30",286,105
"2008-10-31",285,106
"2008-11-01",285,106
"2008-11-02",286,106
"2008-11-03",286,106
"2008-11-04",286,105
"2008-11-05",286,105
"2008-11-06",286,105
"2008-11-07",286,105
"2008-11-08",287,105
"2008-11-09",287,105
"2008-11-10",286,105
"2008-11-11",286,104
"2008-11-12",286,104
"2008-11-13",285,104
"2008-11-14",285,103
"2008-11-15",285,103
"2008-11-16",285,104
"2008-11-17",285,104
"2008-11-18",285,103
"2008-11-19",284,103
"2008-11-20",284,103
"2008-11-21",284,103
"2008-11-22",285,103
"2008-11-23",285,103
"2008-11-24",285,103
"2008-11-25",285,103
"2008-11-26",285,103
"2008-11-27",286,103
"2008-11-28",286,103
"2008-11-29",287,102
"2008-11-30",286,102
"2008-12-01",285,102
"2008-12-02",286,102
"2008-12-03",286,101
"2008-12-04",285,100
"2008-12-05",286,100
"2008-12-06",287,101
"2008-12-07",287,101
"2008-12-08",287,101
"2008-12-09",287,101
"2008-12-10",287,100
"2008-12-11",287,100
"2008-12-12",287,99
"2008-12-13",287,98
"2008-12-14",288,98
"2008-12-15",288,97
"2008-12-16",289,97
"2008-12-17",289,98
"2008-12-18",289,99
"2008-12-19",289,99
"2008-12-20",290,98
"2008-12-21",290,98
"2008-12-22",290,99
"2008-12-23",290,99
"2008-12-24",291,99
"2008-12-25",292,99
"2008-12-26",292,99
"2008-12-27",292,99
"2008-12-28",292,99
"2008-12-29",291,98
"2008-12-30",291,98
"2008-12-31",290,98
"2009-01-01",291,98
"2009-01-02",292,98
"2009-01-03",292,98
"2009-01-04",292,98
"2009-01-05",291,98
"2009-01-06",291,98
"2009-01-07",291,98
"2009-01-08",291,98
"2009-01-09",292,97
"2009-01-10",292,97
"2009-01-11",292,98
"2009-01-12",292,98
"2009-01-13",291,98
"2009-01-14",290,98
"2009-01-15",290,97
"2009-01-16",291,97
"2009-01-17",291,98
"2009-01-18",292,97
"2009-01-19",291,97
"2009-01-20",291,96
"2009-01-21",291,97
"2009-01-22",291,97
"2009-01-23",291,97
"2009-01-24",291,97
"2009-01-25",291,98
"2009-01-26",292,98
"2009-01-27",292,98
"2009-01-28",292,98
"2009-01-29",291,97
"2009-01-30",290,97
"2009-01-31",290,97
"2009-02-01",290,96
"2009-02-02",289,96
"2009-02-03",288,96
"2009-02-04",287,96
"2009-02-05",287,97
"2009-02-06",288,98
"2009-02-07",288,98
"2009-02-08",288,98
"2009-02-09",287,98
"2009-02-10",285,99
"2009-02-11",284,99
"2009-02-12",282,100
"2009-02-13",282,100
"2009-02-14",281,100
"2009-02-15",280,100
"2009-02-16",280,99
"2009-02-17",279,99
"2009-02-18",279,100
"2009-02-19",278,100
"2009-02-20",277,100
"2009-02-21",277,100
"2009-02-22",276,100
"2009-02-23",276,100
"2009-02-24",273,99
"2009-02-25",270,99
"2009-02-26",267,99
"2009-02-27",267,98
"2009-02-28",267,98
"2009-03-01",267,98
"2009-03-02",265,98
"2009-03-03",266,98
"2009-03-04",266,98
"2009-03-05",266,98
"2009-03-06",266,99
"2009-03-07",265,99
"2009-03-08",265,99
"2009-03-09",264,100
"2009-03-10",264,100
"2009-03-11",265,100
"2009-03-12",270,102
"2009-03-13",273,103
"2009-03-14",273,102
"2009-03-15",273,102
"2009-03-16",273,102
"2009-03-17",274,102
"2009-03-18",274,102
"2009-03-19",275,101
"2009-03-20",274,101
"2009-03-21",274,100
"2009-03-22",273,100
"2009-03-23",273,99
"2009-03-24",273,100
"2009-03-25",273,100
"2009-03-26",272,100
"2009-03-27",272,100
"2009-03-28",272,99
"2009-03-29",272,98
"2009-03-30",272,98
"2009-03-31",271,97
"2009-04-01",271,98
"2009-04-02",270,98
"2009-04-03",269,98
"2009-04-04",268,97
"2009-04-05",268,97
"2009-04-06",267,96
"2009-04-07",265,97
"2009-04-08",264,97
"2009-04-09",262,96
"2009-04-10",261,96
"2009-04-11",262,96
"2009-04-12",262,96
"2009-04-13",261,96
"2009-04-14",261,96
"2009-04-15",261,96
"2009-04-16",261,96
"2009-04-17",264,97
"2009-04-18",265,97
"2009-04-19",265,95
"2009-04-20",264,94
"2009-04-21",263,93
"2009-04-22",262,93
"2009-04-23",259,93
"2009-04-24",259,93
"2009-04-25",259,94
"2009-04-26",258,94
"2009-04-27",258,94
"2009-04-28",257,95
"2009-04-29",257,94
"2009-04-30",256,94
"2009-05-01",255,94
"2009-05-02",253,94
"2009-05-03",252,94
"2009-05-04",250,94
"2009-05-05",245,94
"2009-05-06",243,94
"2009-05-07",240,94
"2009-05-08",237,93
"2009-05-09",238,92
"2009-05-10",236,92
"2009-05-11",233,91
"2009-05-12",231,91
"2009-05-13",230,91
"2009-05-14",228,91
"2009-05-15",224,91
"2009-05-16",225,92
"2009-05-17",227,92
"2009-05-18",226,92
"2009-05-19",226,92
"2009-05-20",225,92
"2009-05-21",223,92
"2009-05-22",223,92
"2009-05-23",226,91
"2009-05-24",225,92
"2009-05-25",223,92
"2009-05-26",222,93
"2009-05-27",220,94
"2009-05-28",220,93
"2009-05-29",220,93
"2009-05-30",220,92
"2009-05-31",220,91
"2009-06-01",220,91
"2009-06-02",219,91
"2009-06-03",218,91
"2009-06-04",218,91
"2009-06-05",218,91
"2009-06-06",219,90
"2009-06-07",218,89
"2009-06-08",216,89
"2009-06-09",215,88
"2009-06-10",211,87
"2009-06-11",210,86
"2009-06-12",210,86
"2009-06-13",209,86
"2009-06-14",209,84
"2009-06-15",208,83
"2009-06-16",208,83
"2009-06-17",207,84
"2009-06-18",203,87
"2009-06-19",199,88
"2009-06-20",194,90
"2009-06-21",190,92
"2009-06-22",185,94
"2009-06-23",181,94
"2009-06-24",176,95
"2009-06-25",175,95
"2009-06-26",173,95
"2009-06-27",170,94
"2009-06-28",167,94
"2009-06-29",164,93
"2009-06-30",162,93
"2009-07-01",159,93
"2009-07-02",158,93
"2009-07-03",159,93
"2009-07-04",161,92
"2009-07-05",161,92
"2009-07-06",161,92
"2009-07-07",163,91
"2009-07-08",164,90
"2009-07-09",166,89
"2009-07-10",169,88
"2009-07-11",170,88
"2009-07-12",171,88
"2009-07-13",172,88
"2009-07-14",170,87
"2009-07-15",169,86
"2009-07-16",167,87
"2009-07-17",165,87
"2009-07-18",167,87
"2009-07-19",169,87
"2009-07-20",172,86
"2009-07-21",170,86
"2009-07-22",168,87
"2009-07-23",167,87
"2009-07-24",165,87
"2009-07-25",166,87
"2009-07-26",166,86
"2009-07-27",167,86
"2009-07-28",165,86
"2009-07-29",163,86
"2009-07-30",161,87
"2009-07-31",162,86
"2009-08-01",162,86
"2009-08-02",163,86
"2009-08-03",163,86
"2009-08-04",164,86
"2009-08-05",163,86
"2009-08-06",164,86
"2009-08-07",165,87
"2009-08-08",166,87
"2009-08-09",167,87
"2009-08-10",168,87
"2009-08-11",167,87
"2009-08-12",166,88
"2009-08-13",168,89
"2009-08-14",171,89
"2009-08-15",175,88
"2009-08-16",175,88
"2009-08-17",176,87
"2009-08-18",172,87
"2009-08-19",174,87
"2009-08-20",171,88
"2009-08-21",169,88
"2009-08-22",170,88
"2009-08-23",170,87
"2009-08-24",171,87
"2009-08-25",168,87
"2009-08-26",166,86
"2009-08-27",164,85
"2009-08-28",163,84
"2009-08-29",163,84
"2009-08-30",163,84
"2009-08-31",163,84
"2009-09-01",163,85
"2009-09-02",161,87
"2009-09-03",161,87
"2009-09-04",164,87
"2009-09-05",166,87
"2009-09-06",168,86
"2009-09-07",171,86
"2009-09-08",173,86
"2009-09-09",181,88
"2009-09-10",182,90
"2009-09-11",186,92
"2009-09-12",191,92
"2009-09-13",196,95
"2009-09-14",201,95
"2009-09-15",206,96
"2009-09-16",211,96
"2009-09-17",211,96
"2009-09-18",210,97
"2009-09-19",210,97
"2009-09-20",210,97
"2009-09-21",211,97
"2009-09-22",212,98
"2009-09-23",212,98
"2009-09-24",212,99
"2009-09-25",213,99
"2009-09-26",216,99
"2009-09-27",217,99
"2009-09-28",214,98
"2009-09-29",211,96
"2009-09-30",212,95
"2009-10-01",211,95
"2009-10-02",210,96
"2009-10-03",240,122
"2009-10-04",245,125
"2009-10-05",249,129
"2009-10-06",253,133
"2009-10-07",257,137
"2009-10-08",261,138
"2009-10-09",265,142
"2009-10-10",270,145
"2009-10-11",274,147
"2009-10-12",274,147
"2009-10-13",275,147
"2009-10-14",273,148
"2009-10-15",272,150
"2009-10-16",270,151
"2009-10-17",270,151
"2009-10-18",268,152
"2009-10-19",266,154
"2009-10-20",265,154
"2009-10-21",268,155
"2009-10-22",272,156
"2009-10-23",275,157
"2009-10-24",279,158
"2009-10-25",279,160
"2009-10-26",283,164
"2009-10-27",288,168
"2009-10-28",284,168
"2009-10-29",289,177
"2009-10-30",288,177
"2009-10-31",288,177
"2009-11-01",289,178
"2009-11-02",289,178
"2009-11-03",290,177
"2009-11-04",289,176
"2009-11-05",288,176
"2009-11-06",288,176
"2009-11-07",289,177
"2009-11-08",294,177
"2009-11-09",293,178
"2009-11-10",292,178
"2009-11-11",291,178
"2009-11-12",290,178
"2009-11-13",291,178
"2009-11-14",291,178
"2009-11-15",292,178
"2009-11-16",291,178
"2009-11-17",290,178
"2009-11-18",289,178
"2009-11-19",290,178
"2009-11-20",296,181
"2009-11-21",300,183
"2009-11-22",304,184
"2009-11-23",308,184
"2009-11-24",306,183
"2009-11-25",305,183
"2009-11-26",305,182
"2009-11-27",306,182
"2009-11-28",307,182
"2009-11-29",307,182
"2009-11-30",307,181
"2009-12-01",309,182
"2009-12-02",310,183
"2009-12-03",312,183
"2009-12-04",309,184
"2009-12-05",308,185
"2009-12-06",309,187
"2009-12-07",309,187
"2009-12-08",309,186
"2009-12-09",308,186
"2009-12-10",308,186
"2009-12-11",307,186
"2009-12-12",309,186
"2009-12-13",309,185
"2009-12-14",308,185
"2009-12-15",308,184
"2009-12-16",308,184
"2009-12-17",310,184
"2009-12-18",311,184
"2009-12-19",312,184
"2009-12-20",313,184
"2009-12-21",314,183
"2009-12-22",315,183
"2009-12-23",315,183
"2009-12-24",318,182
"2009-12-25",319,181
"2009-12-26",317,180
"2009-12-27",316,179
"2009-12-28",316,179
"2009-12-29",317,180
"2009-12-30",317,181
"2009-12-31",318,180
"2010-01-01",316,180
"2010-01-02",316,180
"2010-01-03",315,180
"2010-01-04",315,181
"2010-01-05",314,180
"2010-01-06",313,180
"2010-01-07",312,180
"2010-01-08",311,180
"2010-01-09",310,180
"2010-01-10",310,180
"2010-01-11",309,180
"2010-01-12",309,180
"2010-01-13",309,181
"2010-01-14",314,182
"2010-01-15",323,185
"2010-01-16",330,189
"2010-01-17",329,193
"2010-01-18",335,196
"2010-01-19",340,203
"2010-01-20",337,204
"2010-01-21",337,205
"2010-01-22",337,206
"2010-01-23",336,207
"2010-01-24",336,207
"2010-01-25",336,207
"2010-01-26",336,207
"2010-01-27",336,208
"2010-01-28",338,209
"2010-01-29",345,209
"2010-01-30",343,210
"2010-01-31",340,209
"2010-02-01",339,210
"2010-02-02",339,210
"2010-02-03",343,216
"2010-02-04",354,223
"2010-02-05",359,229
"2010-02-06",364,236
"2010-02-07",358,236
"2010-02-08",360,241
"2010-02-09",362,243
"2010-02-10",357,243
"2010-02-11",361,248
"2010-02-12",360,253
"2010-02-13",364,253
"2010-02-14",360,257
"2010-02-15",358,264
"2010-02-16",361,264
"2010-02-17",362,264
"2010-02-18",363,265
"2010-02-19",364,266
"2010-02-20",363,267
"2010-02-21",363,268
"2010-02-22",362,268
"2010-02-23",362,269
"2010-02-24",361,270
"2010-02-25",361,269
"2010-02-26",361,269
"2010-02-27",362,268
"2010-02-28",363,266
"2010-03-01",367,264
"2010-03-02",371,262
"2010-03-03",372,262
"2010-03-04",373,261
"2010-03-05",372,261
"2010-03-06",371,263
"2010-03-07",370,263
"2010-03-08",370,265
"2010-03-09",370,263
"2010-03-10",370,262
"2010-03-11",369,260
"2010-03-12",369,259
"2010-03-13",368,258
"2010-03-14",366,256
"2010-03-15",364,255
"2010-03-16",366,255
"2010-03-17",364,255
"2010-03-18",362,253
"2010-03-19",361,251
"2010-03-20",367,250
"2010-03-21",362,250
"2010-03-22",365,249
"2010-03-23",364,250
"2010-03-24",363,253
"2010-03-25",364,253
"2010-03-26",366,252
"2010-03-27",367,252
"2010-03-28",363,249
"2010-03-29",362,248
"2010-03-30",361,248
"2010-03-31",360,248
"2010-04-01",359,247
"2010-04-02",358,247
"2010-04-03",358,247
"2010-04-04",355,247
"2010-04-05",353,246
"2010-04-06",350,246
"2010-04-07",346,245
"2010-04-08",345,244
"2010-04-09",343,245
"2010-04-10",344,245
"2010-04-11",345,245
"2010-04-12",344,246
"2010-04-13",343,246
"2010-04-14",342,246
"2010-04-15",347,248
"2010-04-16",347,249
"2010-04-17",349,251
"2010-04-18",348,253
"2010-04-19",348,255
"2010-04-20",347,254
"2010-04-21",352,254
"2010-04-22",351,253
"2010-04-23",351,253
"2010-04-24",350,253
"2010-04-25",349,249
"2010-04-26",348,248
"2010-04-27",348,247
"2010-04-28",347,245
"2010-04-29",348,244
"2010-04-30",348,243
"2010-05-01",348,242
"2010-05-02",347,240
"2010-05-03",346,238
"2010-05-04",345,237
"2010-05-05",344,236
"2010-05-06",343,235
"2010-05-07",342,233
"2010-05-08",340,231
"2010-05-09",341,231
"2010-05-10",340,231
"2010-05-11",339,231
"2010-05-12",338,230
"2010-05-13",337,230
"2010-05-14",341,233
"2010-05-15",345,234
"2010-05-16",349,234
"2010-05-17",353,234
"2010-05-18",353,234
"2010-05-19",354,234
"2010-05-20",354,234
"2010-05-21",350,234
"2010-05-22",351,234
"2010-05-23",352,234
"2010-05-24",349,233
"2010-05-25",351,234
"2010-05-26",354,234
"2010-05-27",356,234
"2010-05-28",359,235
"2010-05-29",359,231
"2010-05-30",359,227
"2010-05-31",357,224
"2010-06-01",355,220
"2010-06-02",355,222
"2010-06-03",356,222
"2010-06-04",358,223
"2010-06-05",357,222
"2010-06-06",356,221
"2010-06-07",355,220
"2010-06-08",359,222
"2010-06-09",363,222
"2010-06-10",368,222
"2010-06-11",372,223
"2010-06-12",376,225
"2010-06-13",381,224
"2010-06-14",385,224
"2010-06-15",390,225
"2010-06-16",394,227
"2010-06-17",399,228
"2010-06-18",398,228
"2010-06-19",397,228
"2010-06-20",393,226
"2010-06-21",391,226
"2010-06-22",390,228
"2010-06-23",388,228
"2010-06-24",383,228
"2010-06-25",378,228
"2010-06-26",375,229
"2010-06-27",374,229
"2010-06-28",366,227
"2010-06-29",364,226
"2010-06-30",361,226
"2010-07-01",359,225
"2010-07-02",358,227
"2010-07-03",356,229
"2010-07-04",354,227
"2010-07-05",351,226
"2010-07-06",349,224
"2010-07-07",345,223
"2010-07-08",343,224
"2010-07-09",345,224
"2010-07-10",347,223
"2010-07-11",349,223
"2010-07-12",348,221
"2010-07-13",347,219
"2010-07-14",342,218
"2010-07-15",340,218
"2010-07-16",339,217
"2010-07-17",338,217
"2010-07-18",336,215
"2010-07-19",335,214
"2010-07-20",334,214
"2010-07-21",334,213
"2010-07-22",335,214
"2010-07-23",335,214
"2010-07-24",335,213
"2010-07-25",335,213
"2010-07-26",337,210
"2010-07-27",337,210
"2010-07-28",337,211
"2010-07-29",339,212
"2010-07-30",342,212
"2010-07-31",340,213
"2010-08-01",338,211
"2010-08-02",336,210
"2010-08-03",335,209
"2010-08-04",335,208
"2010-08-05",336,210
"2010-08-06",336,212
"2010-08-07",335,210
"2010-08-08",334,209
"2010-08-09",332,207
"2010-08-10",331,206
"2010-08-11",323,206
"2010-08-12",322,206
"2010-08-13",320,206
"2010-08-14",319,207
"2010-08-15",319,207
"2010-08-16",318,207
"2010-08-17",315,207
"2010-08-18",314,207
"2010-08-19",312,207
"2010-08-20",311,207
"2010-08-21",314,206
"2010-08-22",312,206
"2010-08-23",310,204
"2010-08-24",308,204
"2010-08-25",306,205
"2010-08-26",305,206
"2010-08-27",306,208
"2010-08-28",307,207
"2010-08-29",306,206
"2010-08-30",305,205
"2010-08-31",305,206
"2010-09-01",305,206
"2010-09-02",306,210
"2010-09-03",309,212
"2010-09-04",312,209
"2010-09-05",315,208
"2010-09-06",313,207
"2010-09-07",318,210
"2010-09-08",323,213
"2010-09-09",328,216
"2010-09-10",333,214
"2010-09-11",338,216
"2010-09-12",343,221
"2010-09-13",348,220
"2010-09-14",348,220
"2010-09-15",347,220
"2010-09-16",347,220
"2010-09-17",347,219
"2010-09-18",351,219
"2010-09-19",354,218
"2010-09-20",357,218
"2010-09-21",360,217
"2010-09-22",357,218
"2010-09-23",356,218
"2010-09-24",356,218
"2010-09-25",358,218
"2010-09-26",357,217
"2010-09-27",354,217
"2010-09-28",354,219
"2010-09-29",352,218
"2010-09-30",351,215
"2010-10-01",350,213
"2010-10-02",349,212
"2010-10-03",349,212
"2010-10-04",347,210
"2010-10-05",347,209
"2010-10-06",346,208
"2010-10-07",345,208
"2010-10-08",344,208
"2010-10-09",344,207
"2010-10-10",344,206
"2010-10-11",343,204
"2010-10-12",342,203
"2010-10-13",340,204
"2010-10-14",339,204
"2010-10-15",341,203
"2010-10-16",340,202
"2010-10-17",340,201
"2010-10-18",339,200
"2010-10-19",338,200
"2010-10-20",336,199
"2010-10-21",336,198
"2010-10-22",336,197
"2010-10-23",336,197
"2010-10-24",336,197
"2010-10-25",335,196
"2010-10-26",336,196
"2010-10-27",333,194
"2010-10-28",332,192
"2010-10-29",331,194
"2010-10-30",332,193
"2010-10-31",333,193
"2010-11-01",332,192
"2010-11-02",331,189
"2010-11-03",331,186
"2010-11-04",330,188
"2010-11-05",330,187
"2010-11-06",332,187
"2010-11-07",332,186
"2010-11-08",332,185
"2010-11-09",332,184
"2010-11-10",331,184
"2010-11-11",331,183
"2010-11-12",330,183
"2010-11-13",330,182
"2010-11-14",329,182
"2010-11-15",329,182
"2010-11-16",332,182
"2010-11-17",331,182
"2010-11-18",330,181
"2010-11-19",330,180
"2010-11-20",331,180
"2010-11-21",331,179
"2010-11-22",330,178
"2010-11-23",330,179
"2010-11-24",330,179
"2010-11-25",330,177
"2010-11-26",329,176
"2010-11-27",330,176
"2010-11-28",331,176
"2010-11-29",332,174
"2010-11-30",333,173
"2010-12-01",332,171
"2010-12-02",332,170
"2010-12-03",331,170
"2010-12-04",332,171
"2010-12-05",332,171
"2010-12-06",331,170
"2010-12-07",331,170
"2010-12-08",331,170
"2010-12-09",330,171
"2010-12-10",330,172
"2010-12-11",329,173
"2010-12-12",325,171
"2010-12-13",325,170
"2010-12-14",325,170
"2010-12-15",325,169
"2010-12-16",322,168
"2010-12-17",322,167
"2010-12-18",325,167
"2010-12-19",322,166
"2010-12-20",319,165
"2010-12-21",316,164
"2010-12-22",316,163
"2010-12-23",315,163
"2010-12-24",315,168
"2010-12-25",315,171
"2010-12-26",316,170
"2010-12-27",316,174
"2010-12-28",316,173
"2010-12-29",316,173
"2010-12-30",316,172
"2010-12-31",315,172
"2011-01-01",314,170
"2011-01-02",314,170
"2011-01-03",314,170
"2011-01-04",314,170
"2011-01-05",310,169
"2011-01-06",310,168
"2011-01-07",309,167
"2011-01-08",309,166
"2011-01-09",310,165
"2011-01-10",310,164
"2011-01-11",311,163
"2011-01-12",312,162
"2011-01-13",313,163
"2011-01-14",314,164
"2011-01-15",315,164
"2011-01-16",316,164
"2011-01-17",317,164
"2011-01-18",318,163
"2011-01-19",318,162
"2011-01-20",319,162
"2011-01-21",319,162
"2011-01-22",320,162
"2011-01-23",320,161
"2011-01-24",320,161
"2011-01-25",321,160
"2011-01-26",321,160
"2011-01-27",321,160
"2011-01-28",321,160
"2011-01-29",321,159
"2011-01-30",321,159
"2011-01-31",320,158
"2011-02-01",320,158
"2011-02-02",319,156
"2011-02-03",319,156
"2011-02-04",318,156
"2011-02-05",318,156
"2011-02-06",319,156
"2011-02-07",320,155
"2011-02-08",319,157
"2011-02-09",318,156
"2011-02-10",318,155
"2011-02-11",318,154
"2011-02-12",319,154
"2011-02-13",319,153
"2011-02-14",319,152
"2011-02-15",319,152
"2011-02-16",319,151
"2011-02-17",318,150
"2011-02-18",317,150
"2011-02-19",317,149
"2011-02-20",317,149
"2011-02-21",317,148
"2011-02-22",315,148
"2011-02-23",314,148
"2011-02-24",314,148
"2011-02-25",313,148
"2011-02-26",313,148
"2011-02-27",310,146
"2011-02-28",307,145
"2011-03-01",307,146
"2011-03-02",306,147
"2011-03-03",306,147
"2011-03-04",305,147
"2011-03-05",305,147
"2011-03-06",305,147
"2011-03-07",305,148
"2011-03-08",304,148
"2011-03-09",302,148
"2011-03-10",298,148
"2011-03-11",295,148
"2011-03-12",299,149
"2011-03-13",298,149
"2011-03-14",296,149
"2011-03-15",295,150
"2011-03-16",296,150
"2011-03-17",296,150
"2011-03-18",295,150
"2011-03-19",294,150
"2011-03-20",293,149
"2011-03-21",292,150
"2011-03-22",291,150
"2011-03-23",290,150
"2011-03-24",288,150
"2011-03-25",287,150
"2011-03-26",288,150
"2011-03-27",287,150
"2011-03-28",286,150
"2011-03-29",287,151
"2011-03-30",286,151
"2011-03-31",286,151
"2011-04-01",284,150
"2011-04-02",284,150
"2011-04-03",284,149
"2011-04-04",284,148
"2011-04-05",283,148
"2011-04-06",282,147
"2011-04-07",279,146
"2011-04-08",276,146
"2011-04-09",277,144
"2011-04-10",275,143
"2011-04-11",273,140
"2011-04-12",272,139
"2011-04-13",270,139
"2011-04-14",269,138
"2011-04-15",265,138
"2011-04-16",265,137
"2011-04-17",266,135
"2011-04-18",266,134
"2011-04-19",262,133
"2011-04-20",259,133
"2011-04-21",257,132
"2011-04-22",256,132
"2011-04-23",258,130
"2011-04-24",256,129
"2011-04-25",253,127
"2011-04-26",251,128
"2011-04-27",248,126
"2011-04-28",247,125
"2011-04-29",246,124
"2011-04-30",245,123
"2011-05-01",244,121
"2011-05-02",243,120
"2011-05-03",241,119
"2011-05-04",240,120
"2011-05-05",238,121
"2011-05-06",237,122
"2011-05-07",237,122
"2011-05-08",235,122
"2011-05-09",234,122
"2011-05-10",232,122
"2011-05-11",234,122
"2011-05-12",235,122
"2011-05-13",236,122
"2011-05-14",236,122
"2011-05-15",237,121
"2011-05-16",237,123
"2011-05-17",236,123
"2011-05-18",236,122
"2011-05-19",237,122
"2011-05-20",234,124
"2011-05-21",231,127
"2011-05-22",230,126
"2011-05-23",229,127
"2011-05-24",228,126
"2011-05-25",226,126
"2011-05-26",225,125
"2011-05-27",222,125
"2011-05-28",220,124
"2011-05-29",215,120
"2011-05-30",210,118
"2011-05-31",206,117
"2011-06-01",201,116
"2011-06-02",201,115
"2011-06-03",201,114
"2011-06-04",200,114
"2011-06-05",198,113
"2011-06-06",197,112
"2011-06-07",195,112
"2011-06-08",191,112
"2011-06-09",190,112
"2011-06-10",189,110
"2011-06-11",187,109
"2011-06-12",185,109
"2011-06-13",183,108
"2011-06-14",181,108
"2011-06-15",179,108
"2011-06-16",176,111
"2011-06-17",173,110
"2011-06-18",171,110
"2011-06-19",168,109
"2011-06-20",166,107
"2011-06-21",163,108
"2011-06-22",166,110
"2011-06-23",170,111
"2011-06-24",174,113
"2011-06-25",177,112
"2011-06-26",181,112
"2011-06-27",180,111
"2011-06-28",179,111
"2011-06-29",178,111
"2011-06-30",176,111
"2011-07-01",174,111
"2011-07-02",177,111
"2011-07-03",176,110
"2011-07-04",175,109
"2011-07-05",174,109
"2011-07-06",175,108
"2011-07-07",175,108
"2011-07-08",178,107
"2011-07-09",177,106
"2011-07-10",176,105
"2011-07-11",179,104
"2011-07-12",180,104
"2011-07-13",173,103
"2011-07-14",171,104
"2011-07-15",170,104
"2011-07-16",170,103
"2011-07-17",171,102
"2011-07-18",170,102
"2011-07-19",169,102
"2011-07-20",170,101
"2011-07-21",174,101
"2011-07-22",177,100
"2011-07-23",178,100
"2011-07-24",178,100
"2011-07-25",179,101
"2011-07-26",177,101
"2011-07-27",174,102
"2011-07-28",175,102
"2011-07-29",175,102
"2011-07-30",178,103
"2011-07-31",179,103
"2011-08-01",177,103
"2011-08-02",176,102
"2011-08-03",172,101
"2011-08-04",172,102
"2011-08-05",171,102
"2011-08-06",172,101
"2011-08-07",172,101
"2011-08-08",173,100
"2011-08-09",171,98
"2011-08-10",169,96
"2011-08-11",170,94
"2011-08-12",170,92
"2011-08-13",172,92
"2011-08-14",171,92
"2011-08-15",171,93
"2011-08-16",170,93
"2011-08-17",167,93
"2011-08-18",167,93
"2011-08-19",167,94
"2011-08-20",168,94
"2011-08-21",171,94
"2011-08-22",171,94
"2011-08-23",166,94
"2011-08-24",165,93
"2011-08-25",165,94
"2011-08-26",166,94
"2011-08-27",168,94
"2011-08-28",169,94
"2011-08-29",167,93
"2011-08-30",165,93
"2011-08-31",165,93
"2011-09-01",164,93
"2011-09-02",164,92
"2011-09-03",165,92
"2011-09-04",166,92
"2011-09-05",167,91
"2011-09-06",165,91
"2011-09-07",164,92
"2011-09-08",162,92
"2011-09-09",161,92
"2011-09-10",161,92
"2011-09-11",162,92
"2011-09-12",162,91
"2011-09-13",162,92
"2011-09-14",159,92
"2011-09-15",160,92
"2011-09-16",161,92
"2011-09-17",164,91
"2011-09-18",167,89
"2011-09-19",171,88
"2011-09-20",174,88
"2011-09-21",174,88
"2011-09-22",175,89
"2011-09-23",175,89
"2011-09-24",176,89
"2011-09-25",176,89
"2011-09-26",175,89
"2011-09-27",175,89
"2011-09-28",175,89
"2011-09-29",175,89
"2011-09-30",174,90
"2011-10-01",174,90
"2011-10-02",174,90
"2011-10-03",174,90
"2011-10-04",174,90
"2011-10-05",174,90
"2011-10-06",174,91
"2011-10-07",177,92
"2011-10-08",179,92
"2011-10-09",186,92
"2011-10-10",187,92
"2011-10-11",190,92
"2011-10-12",196,92
"2011-10-13",197,93
"2011-10-14",199,93
"2011-10-15",201,93
"2011-10-16",201,93
"2011-10-17",201,92
"2011-10-18",200,92
"2011-10-19",199,92
"2011-10-20",200,92
"2011-10-21",200,92
"2011-10-22",200,92
"2011-10-23",199,92
"2011-10-24",199,92
"2011-10-25",198,92
"2011-10-26",197,92
"2011-10-27",196,92
"2011-10-28",196,92
"2011-10-29",197,92
"2011-10-30",196,93
"2011-10-31",196,94
"2011-11-01",195,94
"2011-11-02",194,93
"2011-11-03",193,93
"2011-11-04",193,94
"2011-11-05",193,94
"2011-11-06",194,94
"2011-11-07",194,94
"2011-11-08",193,94
"2011-11-09",192,92
"2011-11-10",192,91
"2011-11-11",194,92
"2011-11-12",196,94
"2011-11-13",196,94
"2011-11-14",196,94
"2011-11-15",196,94
"2011-11-16",197,93
"2011-11-17",197,93
"2011-11-18",197,94
"2011-11-19",198,94
"2011-11-20",198,94
"2011-11-21",199,94
"2011-11-22",198,94
"2011-11-23",197,94
"2011-11-24",198,95
"2011-11-25",199,95
"2011-11-26",203,95
"2011-11-27",205,95
"2011-11-28",204,95
"2011-11-29",204,95
"2011-11-30",204,94
"2011-12-01",205,95
"2011-12-02",206,96
"2011-12-03",208,97
"2011-12-04",211,98
"2011-12-05",211,99
"2011-12-06",211,98
"2011-12-07",211,98
"2011-12-08",210,98
"2011-12-09",210,98
"2011-12-10",212,99
"2011-12-11",212,98
"2011-12-12",212,98
"2011-12-13",212,98
"2011-12-14",213,99
"2011-12-15",213,99
"2011-12-16",214,99
"2011-12-17",214,99
"2011-12-18",214,100
"2011-12-19",214,102
"2011-12-20",213,101
"2011-12-21",213,101
"2011-12-22",218,100
"2011-12-23",221,100
"2011-12-24",219,101
"2011-12-25",219,101
"2011-12-26",219,101
"2011-12-27",219,101
"2011-12-28",218,102
"2011-12-29",218,101
"2011-12-30",218,101
"2011-12-31",219,100
"2012-01-01",218,100
"2012-01-02",218,101
"2012-01-03",219,101
"2012-01-04",220,100
"2012-01-05",221,101
"2012-01-06",221,101
"2012-01-07",221,101
"2012-01-08",221,101
"2012-01-09",223,101
"2012-01-10",222,101
"2012-01-11",222,101
"2012-01-12",221,100
"2012-01-13",221,100
"2012-01-14",221,100
"2012-01-15",222,100
"2012-01-16",222,101
"2012-01-17",221,100
"2012-01-18",220,100
"2012-01-19",220,101
"2012-01-20",221,101
"2012-01-21",224,101
"2012-01-22",224,101
"2012-01-23",223,101
"2012-01-24",225,102
"2012-01-25",228,111
"2012-01-26",231,118
"2012-01-27",234,124
"2012-01-28",237,131
"2012-01-29",237,138
"2012-01-30",238,139
"2012-01-31",242,139
"2012-02-01",243,140
"2012-02-02",245,141
"2012-02-03",243,142
"2012-02-04",249,143
"2012-02-05",252,143
"2012-02-06",260,144
"2012-02-07",256,145
"2012-02-08",254,145
"2012-02-09",253,146
"2012-02-10",253,147
"2012-02-11",253,147
"2012-02-12",253,147
"2012-02-13",255,149
"2012-02-14",256,149
"2012-02-15",258,149
"2012-02-16",256,149
"2012-02-17",258,147
"2012-02-18",260,146
"2012-02-19",262,144
"2012-02-20",264,146
"2012-02-21",266,148
"2012-02-22",264,150
"2012-02-23",263,150
"2012-02-24",262,150
"2012-02-25",262,152
"2012-02-26",263,154
"2012-02-27",264,154
"2012-02-28",264,157
"2012-02-29",264,158
"2012-03-01",263,159
"2012-03-02",263,160
"2012-03-03",263,161
"2012-03-04",262,162
"2012-03-05",262,162
"2012-03-06",262,163
"2012-03-07",261,165
"2012-03-08",260,166
"2012-03-09",263,168
"2012-03-10",265,169
"2012-03-11",262,170
"2012-03-12",262,171
"2012-03-13",263,171
"2012-03-14",261,172
"2012-03-15",260,173
"2012-03-16",259,174
"2012-03-17",258,174
"2012-03-18",259,175
"2012-03-19",260,177
"2012-03-20",264,181
"2012-03-21",267,186
"2012-03-22",271,190
"2012-03-23",275,195
"2012-03-24",278,195
"2012-03-25",282,195
"2012-03-26",286,195
"2012-03-27",286,196
"2012-03-28",286,200
"2012-03-29",285,203
"2012-03-30",285,207
"2012-03-31",286,211
"2012-04-01",286,215
"2012-04-02",287,214
"2012-04-03",287,215
"2012-04-04",286,216
"2012-04-05",285,216
"2012-04-06",281,215
"2012-04-07",278,214
"2012-04-08",276,212
"2012-04-09",275,211
"2012-04-10",272,211
"2012-04-11",270,210
"2012-04-12",267,210
"2012-04-13",269,211
"2012-04-14",266,210
"2012-04-15",264,210
"2012-04-16",262,208
"2012-04-17",260,207
"2012-04-18",257,206
"2012-04-19",255,205
"2012-04-20",252,205
"2012-04-21",250,205
"2012-04-22",247,202
"2012-04-23",244,199
"2012-04-24",241,198
"2012-04-25",240,198
"2012-04-26",237,197
"2012-04-27",235,196
"2012-04-28",230,194
"2012-04-29",227,193
"2012-04-30",224,191
"2012-05-01",221,191
"2012-05-02",218,190
"2012-05-03",217,190
"2012-05-04",213,189
"2012-05-05",214,189
"2012-05-06",220,187
"2012-05-07",224,186
"2012-05-08",227,187
"2012-05-09",225,186
"2012-05-10",236,200
"2012-05-11",235,209
"2012-05-12",231,216
"2012-05-13",233,222
"2012-05-14",235,229
"2012-05-15",239,230
"2012-05-16",243,230
"2012-05-17",247,230
"2012-05-18",245,230
"2012-05-19",244,230
"2012-05-20",244,229
"2012-05-21",244,229
"2012-05-22",242,229
"2012-05-23",243,228
"2012-05-24",241,228
"2012-05-25",240,227
"2012-05-26",240,227
"2012-05-27",239,226
"2012-05-28",237,223
"2012-05-29",236,220
"2012-05-30",233,219
"2012-05-31",233,218
"2012-06-01",236,217
"2012-06-02",236,216
"2012-06-03",237,215
"2012-06-04",237,214
"2012-06-05",233,214
"2012-06-06",229,214
"2012-06-07",227,213
"2012-06-08",226,212
"2012-06-09",226,212
"2012-06-10",224,212
"2012-06-11",223,210
"2012-06-12",221,209
"2012-06-13",219,209
"2012-06-14",217,209
"2012-06-15",215,209
"2012-06-16",214,209
"2012-06-17",212,207
"2012-06-18",210,205
"2012-06-19",209,204
"2012-06-20",212,204
"2012-06-21",209,204
"2012-06-22",206,204
"2012-06-23",206,203
"2012-06-24",203,202
"2012-06-25",200,200
"2012-06-26",197,199
"2012-06-27",195,198
"2012-06-28",194,198
"2012-06-29",192,198
"2012-06-30",193,198
"2012-07-01",193,198
"2012-07-02",194,198
"2012-07-03",193,197
"2012-07-04",192,195
"2012-07-05",191,194
"2012-07-06",190,193
"2012-07-07",192,193
"2012-07-08",193,192
"2012-07-09",194,189
"2012-07-10",195,185
"2012-07-11",198,182
"2012-07-12",200,180
"2012-07-13",203,180
"2012-07-14",203,180
"2012-07-15",205,180
"2012-07-16",205,180
"2012-07-17",201,180
"2012-07-18",201,180
"2012-07-19",201,180
"2012-07-20",201,180
"2012-07-21",202,180
"2012-07-22",201,179
"2012-07-23",200,177
"2012-07-24",199,177
"2012-07-25",196,177
"2012-07-26",195,177
"2012-07-27",193,178
"2012-07-28",193,178
"2012-07-29",192,177
"2012-07-30",188,176
"2012-07-31",188,175
"2012-08-01",185,174
"2012-08-02",182,174
"2012-08-03",180,174
"2012-08-04",182,172
"2012-08-05",181,170
"2012-08-06",180,168
"2012-08-07",179,168
"2012-08-08",177,169
"2012-08-09",175,169
"2012-08-10",174,168
"2012-08-11",174,168
"2012-08-12",174,165
"2012-08-13",174,163
"2012-08-14",172,164
"2012-08-15",170,163
"2012-08-16",168,162
"2012-08-17",167,161
"2012-08-18",169,161
"2012-08-19",171,160
"2012-08-20",172,159
"2012-08-21",174,158
"2012-08-22",173,158
"2012-08-23",170,158
"2012-08-24",171,157
"2012-08-25",172,157
"2012-08-26",172,155
"2012-08-27",172,154
"2012-08-28",170,154
"2012-08-29",170,153
"2012-08-30",168,152
"2012-08-31",167,152
"2012-09-01",164,152
"2012-09-02",163,152
"2012-09-03",163,148
"2012-09-04",162,147
"2012-09-05",160,146
"2012-09-06",158,146
"2012-09-07",156,146
"2012-09-08",156,146
"2012-09-09",157,145
"2012-09-10",157,144
"2012-09-11",158,144
"2012-09-12",156,144
"2012-09-13",155,144
"2012-09-14",159,145
"2012-09-15",162,144
"2012-09-16",166,145
"2012-09-17",170,146
"2012-09-18",174,146
"2012-09-19",178,146
"2012-09-20",178,146
"2012-09-21",178,148
"2012-09-22",178,148
"2012-09-23",178,147
"2012-09-24",178,147
"2012-09-25",177,147
"2012-09-26",176,146
"2012-09-27",174,148
"2012-09-28",180,149
"2012-09-29",186,151
"2012-09-30",193,151
"2012-10-01",199,151
"2012-10-02",206,151
"2012-10-03",209,152
"2012-10-04",214,152
"2012-10-05",214,154
"2012-10-06",215,154
"2012-10-07",216,153
"2012-10-08",216,153
"2012-10-09",215,152
"2012-10-10",214,151
"2012-10-11",214,151
"2012-10-12",213,151
"2012-10-13",212,151
"2012-10-14",212,151
"2012-10-15",211,150
"2012-10-16",211,149
"2012-10-17",210,149
"2012-10-18",209,149
"2012-10-19",208,148
"2012-10-20",207,148
"2012-10-21",207,148
"2012-10-22",206,147
"2012-10-23",204,146
"2012-10-24",202,146
"2012-10-25",201,145
"2012-10-26",201,145
"2012-10-27",203,145
"2012-10-28",202,144
"2012-10-29",201,144
"2012-10-30",200,143
"2012-10-31",199,143
"2012-11-01",198,143
"2012-11-02",198,142
"2012-11-03",199,141
"2012-11-04",201,140
"2012-11-05",201,139
"2012-11-06",200,139
"2012-11-07",200,139
"2012-11-08",199,137
"2012-11-09",199,137
"2012-11-10",199,137
"2012-11-11",199,137
"2012-11-12",199,136
"2012-11-13",199,137
"2012-11-14",200,136
"2012-11-15",200,136
"2012-11-16",200,135
"2012-11-17",202,135
"2012-11-18",202,134
"2012-11-19",202,133
"2012-11-20",199,132
"2012-11-21",199,132
"2012-11-22",200,132
"2012-11-23",201,132
"2012-11-24",202,132
"2012-11-25",202,130
"2012-11-26",202,129
"2012-11-27",202,127
"2012-11-28",203,129
"2012-11-29",203,129
"2012-11-30",204,130
"2012-12-01",205,130
"2012-12-02",206,129
"2012-12-03",206,129
"2012-12-04",206,128
"2012-12-05",205,128
"2012-12-06",205,128
"2012-12-07",206,128
"2012-12-08",207,127
"2012-12-09",207,127
"2012-12-10",207,125
"2012-12-11",207,126
"2012-12-12",207,124
"2012-12-13",207,124
"2012-12-14",207,125
"2012-12-15",207,125
"2012-12-16",208,124
"2012-12-17",208,124
"2012-12-18",208,124
"2012-12-19",208,122
"2012-12-20",207,121
"2012-12-21",208,121
"2012-12-22",208,121
"2012-12-23",208,121
"2012-12-24",208,120
"2012-12-25",208,120
"2012-12-26",208,119
"2012-12-27",209,119
"2012-12-28",208,118
"2012-12-29",208,117
"2012-12-30",209,117
"2012-12-31",211,118
"2013-01-01",211,118
"2013-01-02",210,117
"2013-01-03",210,117
"2013-01-04",209,117
"2013-01-05",210,117
"2013-01-06",210,117
"2013-01-07",211,117
"2013-01-08",213,118
"2013-01-09",218,121
"2013-01-10",221,120
"2013-01-11",220,120
"2013-01-12",224,123
"2013-01-13",224,123
"2013-01-14",225,123
"2013-01-15",224,123
"2013-01-16",225,123
"2013-01-17",225,123
"2013-01-18",225,123
"2013-01-19",225,121
"2013-01-20",225,121
"2013-01-21",225,122
"2013-01-22",225,120
"2013-01-23",225,120
"2013-01-24",224,120
"2013-01-25",224,120
"2013-01-26",224,120
"2013-01-27",225,120
"2013-01-28",225,120
"2013-01-29",224,119
"2013-01-30",222,119
"2013-01-31",222,119
"2013-02-01",221,119
"2013-02-02",222,118
"2013-02-03",222,118
"2013-02-04",222,118
"2013-02-05",222,118
"2013-02-06",221,118
"2013-02-07",221,118
"2013-02-08",221,117
"2013-02-09",222,117
"2013-02-10",223,116
"2013-02-11",223,116
"2013-02-12",222,116
"2013-02-13",221,115
"2013-02-14",220,114
"2013-02-15",220,114
"2013-02-16",220,113
"2013-02-17",219,113
"2013-02-18",219,113
"2013-02-19",218,113
"2013-02-20",218,113
"2013-02-21",218,112
"2013-02-22",217,111
"2013-02-23",216,111
"2013-02-24",216,110
"2013-02-25",215,110
"2013-02-26",215,110
"2013-02-27",214,110
"2013-02-28",214,109
"2013-03-01",213,109
"2013-03-02",213,109
"2013-03-03",212,109
"2013-03-04",210,109
"2013-03-05",209,109
"2013-03-06",207,109
"2013-03-07",206,109
"2013-03-08",205,110
"2013-03-09",206,109
"2013-03-10",208,108
"2013-03-11",209,107
"2013-03-12",209,107
"2013-03-13",208,107
"2013-03-14",207,108
"2013-03-15",206,108
"2013-03-16",206,108
"2013-03-17",205,108
"2013-03-18",203,108
"2013-03-19",202,108
"2013-03-20",200,108
"2013-03-21",200,108
"2013-03-22",201,109
"2013-03-23",201,108
"2013-03-24",200,108
"2013-03-25",200,108
"2013-03-26",198,108
"2013-03-27",196,108
"2013-03-28",196,108
"2013-03-29",195,108
"2013-03-30",192,109
"2013-03-31",194,109
"2013-04-01",194,109
"2013-04-02",195,109
"2013-04-03",196,110
"2013-04-04",197,110
"2013-04-05",199,109
"2013-04-06",199,109
"2013-04-07",200,109
"2013-04-08",200,109
"2013-04-09",198,109
"2013-04-10",197,109
"2013-04-11",197,108
"2013-04-12",196,108
"2013-04-13",197,108
"2013-04-14",196,108
"2013-04-15",196,107
"2013-04-16",195,108
"2013-04-17",194,108
"2013-04-18",194,108
"2013-04-19",195,107
"2013-04-20",195,107
"2013-04-21",194,106
"2013-04-22",194,106
"2013-04-23",193,106
"2013-04-24",191,106
"2013-04-25",190,106
"2013-04-26",190,106
"2013-04-27",191,107
"2013-04-28",192,106
"2013-04-29",194,104
"2013-04-30",195,103
"2013-05-01",195,102
"2013-05-02",195,102
"2013-05-03",195,102
"2013-05-04",196,102
"2013-05-05",198,101
"2013-05-06",195,101
"2013-05-07",195,100
"2013-05-08",193,100
"2013-05-09",191,100
"2013-05-10",193,101
"2013-05-11",194,100
"2013-05-12",196,99
"2013-05-13",197,98
"2013-05-14",196,99
"2013-05-15",196,100
"2013-05-16",195,101
"2013-05-17",193,101
"2013-05-18",191,102
"2013-05-19",190,101
"2013-05-20",190,100
"2013-05-21",185,99
"2013-05-22",183,100
"2013-05-23",183,100
"2013-05-24",188,103
"2013-05-25",194,106
"2013-05-26",195,109
"2013-05-27",199,112
"2013-05-28",206,115
"2013-05-29",207,118
"2013-05-30",206,122
"2013-05-31",206,125
"2013-06-01",205,125
"2013-06-02",208,124
"2013-06-03",208,124
"2013-06-04",208,124
"2013-06-05",208,124
"2013-06-06",209,123
"2013-06-07",210,123
"2013-06-08",211,122
"2013-06-09",210,122
"2013-06-10",210,121
"2013-06-11",209,121
"2013-06-12",206,121
"2013-06-13",206,121
"2013-06-14",205,122
"2013-06-15",205,122
"2013-06-16",206,122
"2013-06-17",205,122
"2013-06-18",205,121
"2013-06-19",204,120
"2013-06-20",201,120
"2013-06-21",198,120
"2013-06-22",197,119
"2013-06-23",196,119
"2013-06-24",195,118
"2013-06-25",194,118
"2013-06-26",190,117
"2013-06-27",188,116
"2013-06-28",187,116
"2013-06-29",186,116
"2013-06-30",184,115
"2013-07-01",182,115
"2013-07-02",180,115
"2013-07-03",178,114
"2013-07-04",179,114
"2013-07-05",178,113
"2013-07-06",176,112
"2013-07-07",175,111
"2013-07-08",174,111
"2013-07-09",174,111
"2013-07-10",170,111
"2013-07-11",168,111
"2013-07-12",165,111
"2013-07-13",166,111
"2013-07-14",168,114
"2013-07-15",168,114
"2013-07-16",168,114
"2013-07-17",171,114
"2013-07-18",172,115
"2013-07-19",167,115
"2013-07-20",166,115
"2013-07-21",166,115
"2013-07-22",164,115
"2013-07-23",162,115
"2013-07-24",160,115
"2013-07-25",159,115
"2013-07-26",156,115
"2013-07-27",155,115
"2013-07-28",153,114
"2013-07-29",151,114
"2013-07-30",149,113
"2013-07-31",147,114
"2013-08-01",144,114
"2013-08-02",142,114
"2013-08-03",140,113
"2013-08-04",137,112
"2013-08-05",138,112
"2013-08-06",134,111
"2013-08-07",131,111
"2013-08-08",131,110
"2013-08-09",131,110
"2013-08-10",131,109
"2013-08-11",130,108
"2013-08-12",127,108
"2013-08-13",127,107
"2013-08-14",125,107
"2013-08-15",124,107
"2013-08-16",124,107
"2013-08-17",125,106
"2013-08-18",124,106
"2013-08-19",122,105
"2013-08-20",121,105
"2013-08-21",120,104
"2013-08-22",120,104
"2013-08-23",119,104
"2013-08-24",119,104
"2013-08-25",119,104
"2013-08-26",119,104
"2013-08-27",118,103
"2013-08-28",118,103
"2013-08-29",116,102
"2013-08-30",115,102
"2013-08-31",113,103
"2013-09-01",113,102
"2013-09-02",113,101
"2013-09-03",113,100
"2013-09-04",111,101
"2013-09-05",112,102
"2013-09-06",112,101
"2013-09-07",113,101
"2013-09-08",116,101
"2013-09-09",116,102
"2013-09-10",115,102
"2013-09-11",115,102
"2013-09-12",114,102
"2013-09-13",114,102
"2013-09-14",116,102
"2013-09-15",117,102
"2013-09-16",119,104
"2013-09-17",120,104
"2013-09-18",122,104
"2013-09-19",123,104
"2013-09-20",125,105
"2013-09-21",126,105
"2013-09-22",127,105
"2013-09-23",126,104
"2013-09-24",125,104
"2013-09-25",124,104
"2013-09-26",123,105
"2013-09-27",124,105
"2013-09-28",128,105
"2013-09-29",130,105
"2013-09-30",132,103
"2013-10-01",135,103
"2013-10-02",137,104
"2013-10-03",139,104
"2013-10-04",142,104
"2013-10-05",142,105
"2013-10-06",141,105
"2013-10-07",141,105
"2013-10-08",140,106
"2013-10-09",140,106
"2013-10-10",139,106
"2013-10-11",138,107
"2013-10-12",139,107
"2013-10-13",143,112
"2013-10-14",145,114
"2013-10-15",148,117
"2013-10-16",148,119
"2013-10-17",148,122
"2013-10-18",148,123
"2013-10-19",152,125
"2013-10-20",153,125
"2013-10-21",154,125
"2013-10-22",149,125
"2013-10-23",148,125
"2013-10-24",147,125
"2013-10-25",146,126
"2013-10-26",146,126
"2013-10-27",147,125
"2013-10-28",147,125
"2013-10-29",146,126
"2013-10-30",146,126
"2013-10-31",152,148
"2013-11-01",156,155
"2013-11-02",159,166
"2013-11-03",163,177
"2013-11-04",166,185
"2013-11-05",170,196
"2013-11-06",169,207
"2013-11-07",168,219
"2013-11-08",169,232
"2013-11-09",169,231
"2013-11-10",170,230
"2013-11-11",170,230
"2013-11-12",169,228
"2013-11-13",167,228
"2013-11-14",168,227
"2013-11-15",169,226
"2013-11-16",170,225
"2013-11-17",171,224
"2013-11-18",170,222
"2013-11-19",169,220
"2013-11-20",169,218
"2013-11-21",168,217
"2013-11-22",168,215
"2013-11-23",167,214
"2013-11-24",167,213
"2013-11-25",168,212
"2013-11-26",169,210
"2013-11-27",170,209
"2013-11-28",168,207
"2013-11-29",169,205
"2013-11-30",171,204
"2013-12-01",170,203
"2013-12-02",168,201
"2013-12-03",167,200
"2013-12-04",165,198
"2013-12-05",163,197
"2013-12-06",162,195
"2013-12-07",161,194
"2013-12-08",160,193
"2013-12-09",159,192
"2013-12-10",159,190
"2013-12-11",159,189
"2013-12-12",159,187
"2013-12-13",159,187
"2013-12-14",159,186
"2013-12-15",159,186
"2013-12-16",161,184
"2013-12-17",160,183
"2013-12-18",159,182
"2013-12-19",158,181
"2013-12-20",158,180
"2013-12-21",158,179
"2013-12-22",159,178
"2013-12-23",159,177
"2013-12-24",159,176
"2013-12-25",161,176
"2013-12-26",163,175
"2013-12-27",162,174
"2013-12-28",162,174
"2013-12-29",161,173
"2013-12-30",160,173
"2013-12-31",162,172
"2014-01-01",164,171
"2014-01-02",164,170
"2014-01-03",165,171
"2014-01-04",166,170
"2014-01-05",167,169
"2014-01-06",167,168
"2014-01-07",168,167
"2014-01-08",169,167
"2014-01-09",170,167
"2014-01-10",170,166
"2014-01-11",171,166
"2014-01-12",171,164
"2014-01-13",172,164
"2014-01-14",172,163
"2014-01-15",171,162
"2014-01-16",171,162
"2014-01-17",171,163
"2014-01-18",172,162
"2014-01-19",172,162
"2014-01-20",171,161
"2014-01-21",170,159
"2014-01-22",170,158
"2014-01-23",168,157
"2014-01-24",168,157
"2014-01-25",169,158
"2014-01-26",169,156
"2014-01-27",168,155
"2014-01-28",168,154
"2014-01-29",168,154
"2014-01-30",168,154
"2014-01-31",169,154
"2014-02-01",170,153
"2014-02-02",170,152
"2014-02-03",171,152
"2014-02-04",171,151
"2014-02-05",170,151
"2014-02-06",171,151
"2014-02-07",172,152
"2014-02-08",172,153
"2014-02-09",173,152
"2014-02-10",175,152
"2014-02-11",175,152
"2014-02-12",174,152
"2014-02-13",173,151
"2014-02-14",172,151
"2014-02-15",172,150
"2014-02-16",172,150
"2014-02-17",171,150
"2014-02-18",169,150
"2014-02-19",167,150
"2014-02-20",166,149
"2014-02-21",165,149
"2014-02-22",165,148
"2014-02-23",164,148
"2014-02-24",162,147
"2014-02-25",161,147
"2014-02-26",161,147
"2014-02-27",161,148
"2014-02-28",161,148
"2014-03-01",159,146
"2014-03-02",156,144
"2014-03-03",154,142
"2014-03-04",152,142
"2014-03-05",152,142
"2014-03-06",153,141
"2014-03-07",153,141
"2014-03-08",154,142
"2014-03-09",154,142
"2014-03-10",154,142
"2014-03-11",154,141
"2014-03-12",153,140
"2014-03-13",153,140
"2014-03-14",153,140
"2014-03-15",154,140
"2014-03-16",154,139
"2014-03-17",154,138
"2014-03-18",154,139
"2014-03-19",153,137
"2014-03-20",155,137
"2014-03-21",155,136
"2014-03-22",156,136
"2014-03-23",156,135
"2014-03-24",155,135
"2014-03-25",155,135
"2014-03-26",155,135
"2014-03-27",155,134
"2014-03-28",156,134
"2014-03-29",155,133
"2014-03-30",155,132
"2014-03-31",154,132
"2014-04-01",151,131
"2014-04-02",150,131
"2014-04-03",148,130
"2014-04-04",147,130
"2014-04-05",150,131
"2014-04-06",149,130
"2014-04-07",148,130
"2014-04-08",147,129
"2014-04-09",145,128
"2014-04-10",145,128
"2014-04-11",145,128
"2014-04-12",145,127
"2014-04-13",144,126
"2014-04-14",144,125
"2014-04-15",143,125
"2014-04-16",144,124
"2014-04-17",144,123
"2014-04-18",144,122
"2014-04-19",144,122
"2014-04-20",145,122
"2014-04-21",146,122
"2014-04-22",146,122
"2014-04-23",145,121
"2014-04-24",144,120
"2014-04-25",141,120
"2014-04-26",140,119
"2014-04-27",141,117
"2014-04-28",139,116
"2014-04-29",138,115
"2014-04-30",135,114
"2014-05-01",132,113
"2014-05-02",130,112
"2014-05-03",127,112
"2014-05-04",124,111
"2014-05-05",121,110
"2014-05-06",118,109
"2014-05-07",116,109
"2014-05-08",115,109
"2014-05-09",115,109
"2014-05-10",116,108
"2014-05-11",119,108
"2014-05-12",121,112
"2014-05-13",123,112
"2014-05-14",126,114
"2014-05-15",128,113
"2014-05-16",130,117
"2014-05-17",131,119
"2014-05-18",130,121
"2014-05-19",129,123
"2014-05-20",128,122
"2014-05-21",126,122
"2014-05-22",125,122
"2014-05-23",125,122
"2014-05-24",125,122
"2014-05-25",127,122
"2014-05-26",134,125
"2014-05-27",134,129
"2014-05-28",138,133
"2014-05-29",142,137
"2014-05-30",146,141
"2014-05-31",147,145
"2014-06-01",146,149
"2014-06-02",146,154
"2014-06-03",147,154
"2014-06-04",149,154
"2014-06-05",148,154
"2014-06-06",148,153
"2014-06-07",147,153
"2014-06-08",147,152
"2014-06-09",147,152
"2014-06-10",148,152
"2014-06-11",148,152
"2014-06-12",148,154
"2014-06-13",149,154
"2014-06-14",147,154
"2014-06-15",148,154
"2014-06-16",145,153
"2014-06-17",142,153
"2014-06-18",139,154
"2014-06-19",136,154
"2014-06-20",133,154
"2014-06-21",133,154
"2014-06-22",134,154
"2014-06-23",134,154
"2014-06-24",132,153
"2014-06-25",132,154
"2014-06-26",134,155
"2014-06-27",133,155
"2014-06-28",134,155
"2014-06-29",134,155
"2014-06-30",134,154
"2014-07-01",135,153
"2014-07-02",132,153
"2014-07-03",130,147
"2014-07-04",130,147
"2014-07-05",129,144
"2014-07-06",128,143
"2014-07-07",127,142
"2014-07-08",124,142
"2014-07-09",122,142
"2014-07-10",120,141
"2014-07-11",119,141
"2014-07-12",117,140
"2014-07-13",115,140
"2014-07-14",113,139
"2014-07-15",111,137
"2014-07-16",111,135
"2014-07-17",110,135
"2014-07-18",110,136
"2014-07-19",112,135
"2014-07-20",115,134
"2014-07-21",114,133
"2014-07-22",116,132
"2014-07-23",119,131
"2014-07-24",119,130
"2014-07-25",118,130
"2014-07-26",117,128
"2014-07-27",115,127
"2014-07-28",113,125
"2014-07-29",111,124
"2014-07-30",109,124
"2014-07-31",107,123
"2014-08-01",105,122
"2014-08-02",104,121
"2014-08-03",102,121
"2014-08-04",101,120
"2014-08-05",99,119
"2014-08-06",98,118
"2014-08-07",96,117
"2014-08-08",95,117
"2014-08-09",93,116
"2014-08-10",92,116
"2014-08-11",90,115
"2014-08-12",88,116
"2014-08-13",86,116
"2014-08-14",86,116
"2014-08-15",86,116
"2014-08-16",84,115
"2014-08-17",82,115
"2014-08-18",81,114
"2014-08-19",79,113
"2014-08-20",77,112
"2014-08-21",76,112
"2014-08-22",74,112
"2014-08-23",72,111
"2014-08-24",71,111
"2014-08-25",69,109
"2014-08-26",68,109
"2014-08-27",67,109
"2014-08-28",66,109
"2014-08-29",65,109
"2014-08-30",65,109
"2014-08-31",65,108
"2014-09-01",66,108
"2014-09-02",66,107
"2014-09-03",66,107
"2014-09-04",66,107
"2014-09-05",66,107
"2014-09-06",67,107
"2014-09-07",67,107
"2014-09-08",68,106
"2014-09-09",68,106
"2014-09-10",69,106
"2014-09-11",69,106
"2014-09-12",71,106
"2014-09-13",70,105
"2014-09-14",71,106
"2014-09-15",72,106
"2014-09-16",77,105
"2014-09-17",77,104
"2014-09-18",78,106
"2014-09-19",78,108
"2014-09-20",78,109
"2014-09-21",79,109
"2014-09-22",79,108
"2014-09-23",79,108
"2014-09-24",80,108
"2014-09-25",80,108
"2014-09-26",81,109
"2014-09-27",81,109
"2014-09-28",82,109
"2014-09-29",83,108
"2014-09-30",84,109
"2014-10-01",84,109
"2014-10-02",85,109
"2014-10-03",86,108
"2014-10-04",86,109
"2014-10-05",86,108
"2014-10-06",86,108
"2014-10-07",86,108
"2014-10-08",85,108
"2014-10-09",84,108
"2014-10-10",84,108
"2014-10-11",86,108
"2014-10-12",87,108
"2014-10-13",89,108
"2014-10-14",90,107
"2014-10-15",92,106
"2014-10-16",92,106
"2014-10-17",92,106
"2014-10-18",93,105
"2014-10-19",93,104
"2014-10-20",94,104
"2014-10-21",93,104
"2014-10-22",92,104
"2014-10-23",91,105
"2014-10-24",91,105
"2014-10-25",91,105
"2014-10-26",90,105
"2014-10-27",90,105
"2014-10-28",89,105
"2014-10-29",88,105
"2014-10-30",88,105
"2014-10-31",89,105
"2014-11-01",91,105
"2014-11-02",93,105
"2014-11-03",95,105
"2014-11-04",97,106
"2014-11-05",106,106
"2014-11-06",108,107
"2014-11-07",114,107
"2014-11-08",118,106
"2014-11-09",122,106
"2014-11-10",123,106
"2014-11-11",124,106
"2014-11-12",125,105
"2014-11-13",126,105
"2014-11-14",128,105
"2014-11-15",129,105
"2014-11-16",130,105
"2014-11-17",131,105
"2014-11-18",131,104
"2014-11-19",131,104
"2014-11-20",131,104
"2014-11-21",131,104
"2014-11-22",135,107
"2014-11-23",137,111
"2014-11-24",139,114
"2014-11-25",141,118
"2014-11-26",143,121
"2014-11-27",145,125
"2014-11-28",147,125
"2014-11-29",145,125
"2014-11-30",143,125
"2014-12-01",142,125
"2014-12-02",142,125
"2014-12-03",140,125
"2014-12-04",138,124
"2014-12-05",137,124
"2014-12-06",137,123
"2014-12-07",137,122
"2014-12-08",135,122
"2014-12-09",134,121
"2014-12-10",135,120
"2014-12-11",136,119
"2014-12-12",137,118
"2014-12-13",137,118
"2014-12-14",137,118
"2014-12-15",134,118
"2014-12-16",134,117
"2014-12-17",132,116
"2014-12-18",133,116
"2014-12-19",134,116
"2014-12-20",135,116
"2014-12-21",134,116
"2014-12-22",133,116
"2014-12-23",132,116
"2014-12-24",133,116
"2014-12-25",133,116
"2014-12-26",134,116
"2014-12-27",134,116
"2014-12-28",133,117
"2014-12-29",132,117
"2014-12-30",132,116
"2014-12-31",131,116
"2015-01-01",131,117
"2015-01-02",131,117
"2015-01-03",132,116
"2015-01-04",133,116
"2015-01-05",131,116
"2015-01-06",131,116
"2015-01-07",133,116
"2015-01-08",133,116
"2015-01-09",133,118
"2015-01-10",135,118
"2015-01-11",137,118
"2015-01-12",139,118
"2015-01-13",139,119
"2015-01-14",140,119
"2015-01-15",140,119
"2015-01-16",140,118
"2015-01-17",141,118
"2015-01-18",141,118
"2015-01-19",141,118
"2015-01-20",142,119
"2015-01-21",143,119
"2015-01-22",148,127
"2015-01-23",154,131
"2015-01-24",159,136
"2015-01-25",161,140
"2015-01-26",166,145
"2015-01-27",170,145
"2015-01-28",171,145
"2015-01-29",172,146
"2015-01-30",172,147
"2015-01-31",174,149
"2015-02-01",175,150
"2015-02-02",177,150
"2015-02-03",180,152
"2015-02-04",184,152
"2015-02-05",187,152
"2015-02-06",191,154
"2015-02-07",191,154
"2015-02-08",193,155
"2015-02-09",193,155
"2015-02-10",190,155
"2015-02-11",189,155
"2015-02-12",188,155
"2015-02-13",187,156
"2015-02-14",189,157
"2015-02-15",188,157
"2015-02-16",187,159
"2015-02-17",186,159
"2015-02-18",187,160
"2015-02-19",187,160
"2015-02-20",188,160
"2015-02-21",187,159
"2015-02-22",185,158
"2015-02-23",184,158
"2015-02-24",184,158
"2015-02-25",184,159
"2015-02-26",183,157
"2015-02-27",183,156
"2015-02-28",184,156
"2015-03-01",184,156
"2015-03-02",184,157
"2015-03-03",186,157
"2015-03-04",183,156
"2015-03-05",183,156
"2015-03-06",183,156
"2015-03-07",184,157
"2015-03-08",187,160
"2015-03-09",188,161
"2015-03-10",190,161
"2015-03-11",192,162
"2015-03-12",194,162
"2015-03-13",196,162
"2015-03-14",198,161
"2015-03-15",196,161
"2015-03-16",194,161
"2015-03-17",194,162
"2015-03-18",195,165
"2015-03-19",195,165
"2015-03-20",202,169
"2015-03-21",205,170
"2015-03-22",208,171
"2015-03-23",212,172
"2015-03-24",202,172
"2015-03-25",203,173
"2015-03-26",201,174
"2015-03-27",200,174
"2015-03-28",200,175
"2015-03-29",198,173
"2015-03-30",197,173
"2015-03-31",195,176
"2015-04-01",194,178
"2015-04-02",194,175
"2015-04-03",193,179
"2015-04-04",192,176
"2015-04-05",192,177
"2015-04-06",192,177
"2015-04-07",190,176
"2015-04-08",187,176
"2015-04-09",187,175
"2015-04-10",189,174
"2015-04-11",191,174
"2015-04-12",193,174
"2015-04-13",193,173
"2015-04-14",195,173
"2015-04-15",196,171
"2015-04-16",197,172
"2015-04-17",197,174
"2015-04-18",198,173
"2015-04-19",198,173
"2015-04-20",199,172
"2015-04-21",196,172
"2015-04-22",199,172
"2015-04-23",202,172
"2015-04-24",205,174
"2015-04-25",208,176
"2015-04-26",211,179
"2015-04-27",214,181
"2015-04-28",217,183
"2015-04-29",221,182
"2015-04-30",219,182
"2015-05-01",222,183
"2015-05-02",222,182
"2015-05-03",222,181
"2015-05-04",222,180
"2015-05-05",221,180
"2015-05-06",221,180
"2015-05-07",221,181
"2015-05-08",221,180
"2015-05-09",222,180
"2015-05-10",222,180
"2015-05-11",221,180
"2015-05-12",221,180
"2015-05-13",225,183
"2015-05-14",229,186
"2015-05-15",233,190
"2015-05-16",242,192
"2015-05-17",248,197
"2015-05-18",253,197
"2015-05-19",259,201
"2015-05-20",254,204
"2015-05-21",253,207
"2015-05-22",253,210
"2015-05-23",263,219
"2015-05-24",269,230
"2015-05-25",274,240
"2015-05-26",280,252
"2015-05-27",285,257
"2015-05-28",291,266
"2015-05-29",296,275
"2015-05-30",301,284
"2015-05-31",306,293
"2015-06-01",311,303
"2015-06-02",316,313
"2015-06-03",318,324
"2015-06-04",326,335
"2015-06-05",321,346
"2015-06-06",317,347
"2015-06-07",313,347
"2015-06-08",308,347
"2015-06-09",304,347
"2015-06-10",299,347
"2015-06-11",294,346
"2015-06-12",289,346
"2015-06-13",286,346
"2015-06-14",298,346
"2015-06-15",299,345
"2015-06-16",305,346
"2015-06-17",312,346
"2015-06-18",319,345
"2015-06-19",326,344
"2015-06-20",337,343
"2015-06-21",341,343
"2015-06-22",344,343
"2015-06-23",355,343
"2015-06-24",363,341
"2015-06-25",355,341
"2015-06-26",352,340
"2015-06-27",352,340
"2015-06-28",351,340
"2015-06-29",351,339
"2015-06-30",347,330
"2015-07-01",344,328
"2015-07-02",341,327
"2015-07-03",341,325
"2015-07-04",344,324
"2015-07-05",345,322
"2015-07-06",343,322
"2015-07-07",341,322
"2015-07-08",338,323
"2015-07-09",336,323
"2015-07-10",336,323
"2015-07-11",337,322
"2015-07-12",337,322
"2015-07-13",338,322
"2015-07-14",336,321
"2015-07-15",332,320
"2015-07-16",333,320
"2015-07-17",334,319
"2015-07-18",334,318
"2015-07-19",333,317
"2015-07-20",332,316
"2015-07-21",331,316
"2015-07-22",330,315
"2015-07-23",330,315
"2015-07-24",330,315
"2015-07-25",330,315
"2015-07-26",329,311
"2015-07-27",329,311
"2015-07-28",329,308
"2015-07-29",326,307
"2015-07-30",323,305
"2015-07-31",321,305
"2015-08-01",319,304
"2015-08-02",318,304
"2015-08-03",314,301
"2015-08-04",311,299
"2015-08-05",303,298
"2015-08-06",301,297
"2015-08-07",296,295
"2015-08-08",299,293
"2015-08-09",287,288
"2015-08-10",283,286
"2015-08-11",286,282
"2015-08-12",274,282
"2015-08-13",272,281
"2015-08-14",270,281
"2015-08-15",269,280
"2015-08-16",268,281
"2015-08-17",262,280
"2015-08-18",257,279
"2015-08-19",255,278
"2015-08-20",253,276
"2015-08-21",252,275
"2015-08-22",255,273
"2015-08-23",252,270
"2015-08-24",246,269
"2015-08-25",243,270
"2015-08-26",235,270
"2015-08-27",230,272
"2015-08-28",228,270
"2015-08-29",227,269
"2015-08-30",228,267
"2015-08-31",227,266
"2015-09-01",223,265
"2015-09-02",222,264
"2015-09-03",221,262
"2015-09-04",219,261
"2015-09-05",220,260
"2015-09-06",225,255
"2015-09-07",225,250
"2015-09-08",220,249
"2015-09-09",220,248
"2015-09-10",216,247
"2015-09-11",221,246
"2015-09-12",226,244
"2015-09-13",227,242
"2015-09-14",223,241
"2015-09-15",225,240
"2015-09-16",222,239
"2015-09-17",220,238
"2015-09-18",217,236
"2015-09-19",215,235
"2015-09-20",218,234
"2015-09-21",212,233
"2015-09-22",207,232
"2015-09-23",205,229
"2015-09-24",204,227
"2015-09-25",203,228
"2015-09-26",206,226
"2015-09-27",209,224
"2015-09-28",206,223
"2015-09-29",199,219
"2015-09-30",198,220
"2015-10-01",197,218
"2015-10-02",196,218
"2015-10-03",199,216
"2015-10-04",198,215
"2015-10-05",196,214
"2015-10-06",195,213
"2015-10-07",197,212
"2015-10-08",199,211
"2015-10-09",201,209
"2015-10-10",203,208
"2015-10-11",206,208
"2015-10-12",208,207
"2015-10-13",204,206
"2015-10-14",202,205
"2015-10-15",203,204
"2015-10-16",205,203
"2015-10-17",205,202
"2015-10-18",204,201
"2015-10-19",202,201
"2015-10-20",201,201
"2015-10-21",199,200
"2015-10-22",202,199
"2015-10-23",207,201
"2015-10-24",213,199
"2015-10-25",219,197
"2015-10-26",225,199
"2015-10-27",235,197
"2015-10-28",236,198
"2015-10-29",238,197
"2015-10-30",245,204
"2015-10-31",252,221
"2015-11-01",259,235
"2015-11-02",267,250
"2015-11-03",269,266
"2015-11-04",274,280
"2015-11-05",280,294
"2015-11-06",286,312
"2015-11-07",292,338
"2015-11-08",297,337
"2015-11-09",296,338
"2015-11-10",300,339
"2015-11-11",299,340
"2015-11-12",298,341
"2015-11-13",296,340
"2015-11-14",296,340
"2015-11-15",296,340
"2015-11-16",297,342
"2015-11-17",299,341
"2015-11-18",301,339
"2015-11-19",302,338
"2015-11-20",302,338
"2015-11-21",302,338
"2015-11-22",301,337
"2015-11-23",301,337
"2015-11-24",301,337
"2015-11-25",303,337
"2015-11-26",307,337
"2015-11-27",309,337
"2015-11-28",312,337
"2015-11-29",314,337
"2015-11-30",317,335
"2015-12-01",315,333
"2015-12-02",313,331
"2015-12-03",311,330
"2015-12-04",312,330
"2015-12-05",311,329
"2015-12-06",309,328
"2015-12-07",308,327
"2015-12-08",307,328
"2015-12-09",306,328
"2015-12-10",307,328
"2015-12-11",308,328
"2015-12-12",308,329
"2015-12-13",306,330
"2015-12-14",305,330
"2015-12-15",303,329
"2015-12-16",302,328
"2015-12-17",302,326
"2015-12-18",301,326
"2015-12-19",302,325
"2015-12-20",304,324
"2015-12-21",304,323
"2015-12-22",306,324
"2015-12-23",305,324
"2015-12-24",305,324
"2015-12-25",308,323
"2015-12-26",312,323
"2015-12-27",313,322
"2015-12-28",315,320
"2015-12-29",316,317
"2015-12-30",314,314
"2015-12-31",313,311
"2016-01-01",312,309
"2016-01-02",318,307
"2016-01-03",323,306
"2016-01-04",320,306
"2016-01-05",323,304
"2016-01-06",323,303
"2016-01-07",323,302
"2016-01-08",324,301
"2016-01-09",324,300
"2016-01-10",324,299
"2016-01-11",323,298
"2016-01-12",323,297
"2016-01-13",326,296
"2016-01-14",327,295
"2016-01-15",327,294
"2016-01-16",328,293
"2016-01-17",328,292
"2016-01-18",329,291
"2016-01-19",330,291
"2016-01-20",329,290
"2016-01-21",328,287
"2016-01-22",327,285
"2016-01-23",324,282
"2016-01-24",323,281
"2016-01-25",322,278
"2016-01-26",321,275
"2016-01-27",316,273
"2016-01-28",312,272
"2016-01-29",312,271
"2016-01-30",311,270
"2016-01-31",308,267
"2016-02-01",306,265
"2016-02-02",302,262
"2016-02-03",299,259
"2016-02-04",299,258
"2016-02-05",299,257
"2016-02-06",298,256
"2016-02-07",297,256
"2016-02-08",297,255
"2016-02-09",297,256
"2016-02-10",299,256
"2016-02-11",298,255
"2016-02-12",296,255
"2016-02-13",296,254
"2016-02-14",297,254
"2016-02-15",297,254
"2016-02-16",296,253
"2016-02-17",294,253
"2016-02-18",296,252
"2016-02-19",291,252
"2016-02-20",286,251
"2016-02-21",281,250
"2016-02-22",278,249
"2016-02-23",280,248
"2016-02-24",283,247
"2016-02-25",285,246
"2016-02-26",284,246
"2016-02-27",282,246
"2016-02-28",279,245
"2016-02-29",281,245
"2016-03-01",283,244
"2016-03-02",284,244
"2016-03-03",286,244
"2016-03-04",286,244
"2016-03-05",286,244
"2016-03-06",286,244
"2016-03-07",287,245
"2016-03-08",287,246
"2016-03-09",292,246
"2016-03-10",295,248
"2016-03-11",298,250
"2016-03-12",301,250
"2016-03-13",303,249
"2016-03-14",306,249
"2016-03-15",309,248
"2016-03-16",312,247
"2016-03-17",308,245
"2016-03-18",307,243
"2016-03-19",305,241
"2016-03-20",304,239
"2016-03-21",302,237
"2016-03-22",301,235
"2016-03-23",299,236
"2016-03-24",298,234
"2016-03-25",297,232
"2016-03-26",297,231
"2016-03-27",296,229
"2016-03-28",296,228
"2016-03-29",299,227
"2016-03-30",297,229
"2016-03-31",294,231
"2016-04-01",293,231
"2016-04-02",291,233
"2016-04-03",289,234
"2016-04-04",288,235
"2016-04-05",286,237
"2016-04-06",288,237
"2016-04-07",290,237
"2016-04-08",291,237
"2016-04-09",293,237
"2016-04-10",294,237
"2016-04-11",296,236
"2016-04-12",295,236
"2016-04-13",295,236
"2016-04-14",294,235
"2016-04-15",294,235
"2016-04-16",294,235
"2016-04-17",297,235
"2016-04-18",300,253
"2016-04-19",303,256
"2016-04-20",306,263
"2016-04-21",309,270
"2016-04-22",312,278
"2016-04-23",316,286
"2016-04-24",325,294
"2016-04-25",322,293
"2016-04-26",323,298
"2016-04-27",325,310
"2016-04-28",327,309
"2016-04-29",329,307
"2016-04-30",329,305
"2016-05-01",329,303
"2016-05-02",329,304
"2016-05-03",329,304
"2016-05-04",317,304
"2016-05-05",316,303
"2016-05-06",319,301
"2016-05-07",315,301
"2016-05-08",317,304
"2016-05-09",314,304
"2016-05-10",319,299
"2016-05-11",320,301
"2016-05-12",320,297
"2016-05-13",317,298
"2016-05-14",315,298
"2016-05-15",316,301
"2016-05-16",322,304
"2016-05-17",325,306
"2016-05-18",328,308
"2016-05-19",332,314
"2016-05-20",335,320
"2016-05-21",339,326
"2016-05-22",343,326
"2016-05-23",346,326
"2016-05-24",350,326
"2016-05-25",354,326
"2016-05-26",357,327
"2016-05-27",361,328
"2016-05-28",361,328
"2016-05-29",364,327
"2016-05-30",372,325
"2016-05-31",378,324
"2016-06-01",384,324
"2016-06-02",390,328
"2016-06-03",396,333
"2016-06-04",402,336
"2016-06-05",400,340
"2016-06-06",398,343
"2016-06-07",396,347
"2016-06-08",393,350
"2016-06-09",391,350
"2016-06-10",389,350
"2016-06-11",387,349
"2016-06-12",385,349
"2016-06-13",384,348
"2016-06-14",383,348
"2016-06-15",383,348
"2016-06-16",382,348
"2016-06-17",381,348
"2016-06-18",380,348
"2016-06-19",379,345
"2016-06-20",378,343
"2016-06-21",378,342
"2016-06-22",378,342
"2016-06-23",376,342
"2016-06-24",374,341
"2016-06-25",374,341
"2016-06-26",373,340
"2016-06-27",369,338
"2016-06-28",370,337
"2016-06-29",370,339
"2016-06-30",369,336
"2016-07-01",371,336
"2016-07-02",373,336
"2016-07-03",371,331
"2016-07-04",369,326
"2016-07-05",362,321
"2016-07-06",355,319
"2016-07-07",351,317
"2016-07-08",347,317
"2016-07-09",349,317
"2016-07-10",347,317
"2016-07-11",346,316
"2016-07-12",344,316
"2016-07-13",343,316
"2016-07-14",342,316
"2016-07-15",341,319
"2016-07-16",339,317
"2016-07-17",336,314
"2016-07-18",334,312
"2016-07-19",331,310
"2016-07-20",329,310
"2016-07-21",328,311
"2016-07-22",326,311
"2016-07-23",323,311
"2016-07-24",321,311
"2016-07-25",325,309
"2016-07-26",329,307
"2016-07-27",333,308
"2016-07-28",337,309
"2016-07-29",341,307
"2016-07-30",345,306
"2016-07-31",354,302
"2016-08-01",353,301
"2016-08-02",347,299
"2016-08-03",345,297
"2016-08-04",344,295
"2016-08-05",344,294
"2016-08-06",341,290
"2016-08-07",339,287
"2016-08-08",336,284
"2016-08-09",333,283
"2016-08-10",329,280
"2016-08-11",327,278
"2016-08-12",326,279
"2016-08-13",327,280
"2016-08-14",339,283
"2016-08-15",345,287
"2016-08-16",352,286
"2016-08-17",358,285
"2016-08-18",365,283
"2016-08-19",372,283
"2016-08-20",367,283
"2016-08-21",371,284
"2016-08-22",374,284
"2016-08-23",378,285
"2016-08-24",382,283
"2016-08-25",386,281
"2016-08-26",384,282
"2016-08-27",384,282
"2016-08-28",383,280
"2016-08-29",383,280
"2016-08-30",383,279
"2016-08-31",383,278
"2016-09-01",382,277
"2016-09-02",381,276
"2016-09-03",382,279
"2016-09-04",384,277
"2016-09-05",386,276
"2016-09-06",384,274
"2016-09-07",382,272
"2016-09-08",380,270
"2016-09-09",379,267
"2016-09-10",378,265
"2016-09-11",378,264
"2016-09-12",377,263
"2016-09-13",377,262
"2016-09-14",377,261
"2016-09-15",374,260
"2016-09-16",373,259
"2016-09-17",374,256
"2016-09-18",372,253
"2016-09-19",370,252
"2016-09-20",368,251
"2016-09-21",368,250
"2016-09-22",367,249
"2016-09-23",366,249
"2016-09-24",367,249
"2016-09-25",369,252
"2016-09-26",370,256
"2016-09-27",371,261
"2016-09-28",373,265
"2016-09-29",374,270
"2016-09-30",375,275
"2016-10-01",376,279
"2016-10-02",378,284
"2016-10-03",379,289
"2016-10-04",380,289
"2016-10-05",378,289
"2016-10-06",377,289
"2016-10-07",375,286
"2016-10-08",375,283
"2016-10-09",374,280
"2016-10-10",374,278
"2016-10-11",372,277
"2016-10-12",370,276
"2016-10-13",369,274
"2016-10-14",367,272
"2016-10-15",370,269
"2016-10-16",369,267
"2016-10-17",368,266
"2016-10-18",367,264
"2016-10-19",366,261
"2016-10-20",365,259
"2016-10-21",363,258
"2016-10-22",363,258
"2016-10-23",364,258
"2016-10-24",363,258
"2016-10-25",362,258
"2016-10-26",361,258
"2016-10-27",360,257
"2016-10-28",359,256
"2016-10-29",362,256
"2016-10-30",362,256
"2016-10-31",361,255
"2016-11-01",360,255
"2016-11-02",360,255
"2016-11-03",361,254
"2016-11-04",362,253
"2016-11-05",362,252
"2016-11-06",368,252
"2016-11-07",371,252
"2016-11-08",372,252
"2016-11-09",373,251
"2016-11-10",375,248
"2016-11-11",376,247
"2016-11-12",375,246
"2016-11-13",374,245
"2016-11-14",374,243
"2016-11-15",374,242
"2016-11-16",374,242
"2016-11-17",374,242
"2016-11-18",373,241
"2016-11-19",373,241
"2016-11-20",373,241
"2016-11-21",374,242
"2016-11-22",374,242
"2016-11-23",375,243
"2016-11-24",374,244
"2016-11-25",374,244
"2016-11-26",375,244
"2016-11-27",374,245
"2016-11-28",374,245
"2016-11-29",373,246
"2016-11-30",373,244
"2016-12-01",373,244
"2016-12-02",373,243
"2016-12-03",378,245
"2016-12-04",382,247
"2016-12-05",387,249
"2016-12-06",392,251
"2016-12-07",397,253
"2016-12-08",402,250
"2016-12-09",402,250
"2016-12-10",403,250
"2016-12-11",403,249
"2016-12-12",403,249
"2016-12-13",402,248
"2016-12-14",402,247
"2016-12-15",401,246
"2016-12-16",402,246
"2016-12-17",399,245
"2016-12-18",395,240
"2016-12-19",393,238
"2016-12-20",396,238
"2016-12-21",395,236
"2016-12-22",394,235
"2016-12-23",394,234
"2016-12-24",394,234
"2016-12-25",394,233
"2016-12-26",394,232
"2016-12-27",394,231
"2016-12-28",394,229
"2016-12-29",393,227
"2016-12-30",392,226
"2016-12-31",392,226
"2017-01-01",392,227
"2017-01-02",392,227
"2017-01-03",390,227
"2017-01-04",388,225
"2017-01-05",387,224
"2017-01-06",380,220
"2017-01-07",379,219
"2017-01-08",380,219
"2017-01-09",382,219
"2017-01-10",383,218
"2017-01-11",384,218
"2017-01-12",384,218
"2017-01-13",390,217
"2017-01-14",385,217
"2017-01-15",385,217
"2017-01-16",390,218
"2017-01-17",395,220
"2017-01-18",400,223
"2017-01-19",406,227
"2017-01-20",402,230
"2017-01-21",405,234
"2017-01-22",400,237
"2017-01-23",397,237
"2017-01-24",398,236
"2017-01-25",398,235
"2017-01-26",397,236
"2017-01-27",396,236
"2017-01-28",396,236
"2017-01-29",396,235
"2017-01-30",397,235
"2017-01-31",398,235
"2017-02-01",397,235
"2017-02-02",396,235
"2017-02-03",395,235
"2017-02-04",398,236
"2017-02-05",399,237
"2017-02-06",401,238
"2017-02-07",402,237
"2017-02-08",400,236
"2017-02-09",398,235
"2017-02-10",398,237
"2017-02-11",398,237
"2017-02-12",399,236
"2017-02-13",399,236
"2017-02-14",410,236
"2017-02-15",410,237
"2017-02-16",415,237
"2017-02-17",421,238
"2017-02-18",433,238
"2017-02-19",432,238
"2017-02-20",434,238
"2017-02-21",436,238
"2017-02-22",438,237
"2017-02-23",436,236
"2017-02-24",433,236
"2017-02-25",431,235
"2017-02-26",433,235
"2017-02-27",433,235
"2017-02-28",434,235
"2017-03-01",434,235
"2017-03-02",433,233
"2017-03-03",430,232
"2017-03-04",428,232
"2017-03-05",425,233
"2017-03-06",423,234
"2017-03-07",420,234
"2017-03-08",418,235
"2017-03-09",422,236
"2017-03-10",426,238
"2017-03-11",430,238
"2017-03-12",435,239
"2017-03-13",439,240
"2017-03-14",428,240
"2017-03-15",421,241
"2017-03-16",418,242
"2017-03-17",416,242
"2017-03-18",415,241
"2017-03-19",414,241
"2017-03-20",410,241
"2017-03-21",407,240
"2017-03-22",410,240
"2017-03-23",407,240
"2017-03-24",405,242
"2017-03-25",402,242
"2017-03-26",396,242
"2017-03-27",394,242
"2017-03-28",395,243
"2017-03-29",393,244
"2017-03-30",392,245
"2017-03-31",390,246
"2017-04-01",388,246
"2017-04-02",388,247
"2017-04-03",388,248
"2017-04-04",388,248
"2017-04-05",382,247
"2017-04-06",381,247
"2017-04-07",381,248
"2017-04-08",381,248
"2017-04-09",381,248
"2017-04-10",381,248
"2017-04-11",395,255
"2017-04-12",399,262
"2017-04-13",408,270
"2017-04-14",417,277
"2017-04-15",426,285
"2017-04-16",436,293
"2017-04-17",437,293
"2017-04-18",439,293
"2017-04-19",439,292
"2017-04-20",440,292
"2017-04-21",436,291
"2017-04-22",432,290
"2017-04-23",429,289
"2017-04-24",427,289
"2017-04-25",426,289
"2017-04-26",424,289
"2017-04-27",421,287
"2017-04-28",419,285
"2017-04-29",421,283
"2017-04-30",419,281
"2017-05-01",416,280
"2017-05-02",415,278
"2017-05-03",411,277
"2017-05-04",408,276
"2017-05-05",405,276
"2017-05-06",404,276
"2017-05-07",400,275
"2017-05-08",396,274
"2017-05-09",393,273
"2017-05-10",390,272
"2017-05-11",388,271
"2017-05-12",385,270
"2017-05-13",381,270
"2017-05-14",378,269
"2017-05-15",373,269
"2017-05-16",373,269
"2017-05-17",372,268
"2017-05-18",372,268
"2017-05-19",369,267
"2017-05-20",369,267
"2017-05-21",371,266
"2017-05-22",372,266
"2017-05-23",368,266
"2017-05-24",366,266
"2017-05-25",363,267
"2017-05-26",361,267
"2017-05-27",362,267
"2017-05-28",363,263
"2017-05-29",361,260
"2017-05-30",360,256
"2017-05-31",360,256
"2017-06-01",361,256
"2017-06-02",362,257
"2017-06-03",362,255
"2017-06-04",364,254
"2017-06-05",367,252
"2017-06-06",364,252
"2017-06-07",361,251
"2017-06-08",357,249
"2017-06-09",354,248
"2017-06-10",352,246
"2017-06-11",351,245
"2017-06-12",347,244
"2017-06-13",349,242
"2017-06-14",352,242
"2017-06-15",354,242
"2017-06-16",350,242
"2017-06-17",349,241
"2017-06-18",347,237
"2017-06-19",346,236
"2017-06-20",340,234
"2017-06-21",338,234
"2017-06-22",336,234
"2017-06-23",334,233
"2017-06-24",332,231
"2017-06-25",331,230
"2017-06-26",332,231
"2017-06-27",333,232
"2017-06-28",334,233
"2017-06-29",335,232
"2017-06-30",332,231
"2017-07-01",329,230
"2017-07-02",327,227
"2017-07-03",324,226
"2017-07-04",321,221
"2017-07-05",319,217
"2017-07-06",315,218
"2017-07-07",312,218
"2017-07-08",309,215
"2017-07-09",308,213
"2017-07-10",303,212
"2017-07-11",300,211
"2017-07-12",294,209
"2017-07-13",292,208
"2017-07-14",290,205
"2017-07-15",289,204
"2017-07-16",286,203
"2017-07-17",283,202
"2017-07-18",280,202
"2017-07-19",278,199
"2017-07-20",276,196
"2017-07-21",275,193
"2017-07-22",276,193
"2017-07-23",275,193
"2017-07-24",273,190
"2017-07-25",272,188
"2017-07-26",269,186
"2017-07-27",267,184
"2017-07-28",267,182
"2017-07-29",267,180
"2017-07-30",266,177
"2017-07-31",266,175
"2017-08-01",263,173
"2017-08-02",261,172
"2017-08-03",261,173
"2017-08-04",262,174
"2017-08-05",263,174
"2017-08-06",264,175
"2017-08-07",266,175
"2017-08-08",268,175
"2017-08-09",270,176
"2017-08-10",272,177
"2017-08-11",273,178
"2017-08-12",272,178
"2017-08-13",272,179
"2017-08-14",271,179
"2017-08-15",270,178
"2017-08-16",268,178
"2017-08-17",267,177
"2017-08-18",266,177
"2017-08-19",268,177
"2017-08-20",267,177
"2017-08-21",265,175
"2017-08-22",264,174
"2017-08-23",264,174
"2017-08-24",263,175
"2017-08-25",266,176
"2017-08-26",271,204
"2017-08-27",275,216
"2017-08-28",280,227
"2017-08-29",285,240
"2017-08-30",283,240
"2017-08-31",287,240
"2017-09-01",286,240
"2017-09-02",286,239
"2017-09-03",286,238
"2017-09-04",284,236
"2017-09-05",283,236
"2017-09-06",280,236
"2017-09-07",279,236
"2017-09-08",278,236
"2017-09-09",279,236
"2017-09-10",281,233
"2017-09-11",282,231
"2017-09-12",281,230
"2017-09-13",282,230
"2017-09-14",283,231
"2017-09-15",283,231
"2017-09-16",283,230
"2017-09-17",284,229
"2017-09-18",284,228
"2017-09-19",282,227
"2017-09-20",280,226
"2017-09-21",278,225
"2017-09-22",281,224
"2017-09-23",282,224
"2017-09-24",282,222
"2017-09-25",283,221
"2017-09-26",291,220
"2017-09-27",291,219
"2017-09-28",295,220
"2017-09-29",299,220
"2017-09-30",303,219
"2017-10-01",312,218
"2017-10-02",312,218
"2017-10-03",311,215
"2017-10-04",310,212
"2017-10-05",309,209
"2017-10-06",308,207
"2017-10-07",307,204
"2017-10-08",305,204
"2017-10-09",303,203
"2017-10-10",300,202
"2017-10-11",297,202
"2017-10-12",293,202
"2017-10-13",291,202
"2017-10-14",290,202
"2017-10-15",290,201
"2017-10-16",286,200
"2017-10-17",282,201
"2017-10-18",277,202
"2017-10-19",275,203
"2017-10-20",277,202
"2017-10-21",279,201
"2017-10-22",281,201
"2017-10-23",283,200
"2017-10-24",279,198
"2017-10-25",281,198
"2017-10-26",283,197
"2017-10-27",284,197
"2017-10-28",284,196
"2017-10-29",287,196
"2017-10-30",290,197
"2017-10-31",292,197
"2017-11-01",294,198
"2017-11-02",296,198
"2017-11-03",296,198
"2017-11-04",297,197
"2017-11-05",299,196
"2017-11-06",298,195
"2017-11-07",296,195
"2017-11-08",295,195
"2017-11-09",295,194
"2017-11-10",295,193
"2017-11-11",298,193
"2017-11-12",300,193
"2017-11-13",302,193
"2017-11-14",302,192
"2017-11-15",302,191
"2017-11-16",302,190
"2017-11-17",301,189
"2017-11-18",299,187
"2017-11-19",297,186
"2017-11-20",296,184
"2017-11-21",294,181
"2017-11-22",293,179
"2017-11-23",294,178
"2017-11-24",293,177
"2017-11-25",293,174
"2017-11-26",292,171
"2017-11-27",290,169
"2017-11-28",288,168
"2017-11-29",285,167
"2017-11-30",284,168
"2017-12-01",282,168
"2017-12-02",282,169
"2017-12-03",281,170
"2017-12-04",281,171
"2017-12-05",278,172
"2017-12-06",279,173
"2017-12-07",280,174
"2017-12-08",280,175
"2017-12-09",281,175
"2017-12-10",282,175
"2017-12-11",281,178
"2017-12-12",280,179
"2017-12-13",278,180
"2017-12-14",278,180
"2017-12-15",279,179
"2017-12-16",284,179
"2017-12-17",290,178
"2017-12-18",295,178
"2017-12-19",296,179
"2017-12-20",296,176
"2017-12-21",297,177
"2017-12-22",298,174
"2017-12-23",297,172
"2017-12-24",299,171
"2017-12-25",301,170
"2017-12-26",302,169
"2017-12-27",302,166
"2017-12-28",302,166
"2017-12-29",301,165
"2017-12-30",301,165
"2017-12-31",300,165
"2018-01-01",300,165
"2018-01-02",299,163
"2018-01-03",299,164
"2018-01-04",298,164
"2018-01-05",298,165
"2018-01-06",297,164
"2018-01-07",297,164
"2018-01-08",296,164
"2018-01-09",296,164
"2018-01-10",297,164
"2018-01-11",298,164
"2018-01-12",299,164
"2018-01-13",300,164
"2018-01-14",300,163
"2018-01-15",302,163
"2018-01-16",302,162
"2018-01-17",302,165
"2018-01-18",303,165
"2018-01-19",308,166
"2018-01-20",309,166
"2018-01-21",311,166
"2018-01-22",312,166
"2018-01-23",312,166
"2018-01-24",311,166
"2018-01-25",312,166
"2018-01-26",311,167
"2018-01-27",311,167
"2018-01-28",310,168
"2018-01-29",307,167
"2018-01-30",305,167
"2018-01-31",304,167
"2018-02-01",303,167
"2018-02-02",302,167
"2018-02-03",300,168
"2018-02-04",299,168
"2018-02-05",297,167
"2018-02-06",296,166
"2018-02-07",296,166
"2018-02-08",296,167
"2018-02-09",296,167
"2018-02-10",295,166
"2018-02-11",295,166
"2018-02-12",293,165
"2018-02-13",292,165
"2018-02-14",292,165
"2018-02-15",292,164
"2018-02-16",292,164
"2018-02-17",292,164
"2018-02-18",292,165
"2018-02-19",292,164
"2018-02-20",292,163
"2018-02-21",292,162
"2018-02-22",291,162
"2018-02-23",295,162
"2018-02-24",299,162
"2018-02-25",295,162
"2018-02-26",297,161
"2018-02-27",297,160
"2018-02-28",297,159
"2018-03-01",297,158
"2018-03-02",296,158
"2018-03-03",297,158
"2018-03-04",298,159
"2018-03-05",298,159
"2018-03-06",297,158
"2018-03-07",297,158
"2018-03-08",296,158
"2018-03-09",297,157
"2018-03-10",298,157
"2018-03-11",298,156
"2018-03-12",297,156
"2018-03-13",295,156
"2018-03-14",292,155
"2018-03-15",290,155
"2018-03-16",290,154
"2018-03-17",289,154
"2018-03-18",288,154
"2018-03-19",287,153
"2018-03-20",284,152
"2018-03-21",283,151
"2018-03-22",280,151
"2018-03-23",279,152
"2018-03-24",278,152
"2018-03-25",278,153
"2018-03-26",278,152
"2018-03-27",279,153
"2018-03-28",287,167
"2018-03-29",291,170
"2018-03-30",296,177
"2018-03-31",301,184
"2018-04-01",305,191
"2018-04-02",316,191
"2018-04-03",314,192
"2018-04-04",312,192
"2018-04-05",311,192
"2018-04-06",310,192
"2018-04-07",309,191
"2018-04-08",308,190
"2018-04-09",307,189
"2018-04-10",306,188
"2018-04-11",303,187
"2018-04-12",301,186
"2018-04-13",300,184
"2018-04-14",298,182
"2018-04-15",295,181
"2018-04-16",292,180
"2018-04-17",288,178
"2018-04-18",286,177
"2018-04-19",286,177
"2018-04-20",285,177
"2018-04-21",284,177
"2018-04-22",283,176
"2018-04-23",281,176
"2018-04-24",280,175
"2018-04-25",279,175
"2018-04-26",278,175
"2018-04-27",277,174
"2018-04-28",277,174
"2018-04-29",276,173
"2018-04-30",276,172
"2018-05-01",273,172
"2018-05-02",274,172
"2018-05-03",274,171
"2018-05-04",276,174
"2018-05-05",278,178
"2018-05-06",280,181
"2018-05-07",278,182
"2018-05-08",277,184
"2018-05-09",275,182
"2018-05-10",273,181
"2018-05-11",271,182
"2018-05-12",271,182
"2018-05-13",272,180
"2018-05-14",272,179
"2018-05-15",267,178
"2018-05-16",267,178
"2018-05-17",267,179
"2018-05-18",266,179
"2018-05-19",266,178
"2018-05-20",266,178
"2018-05-21",267,177
"2018-05-22",267,176
"2018-05-23",266,176
"2018-05-24",266,175
"2018-05-25",266,172
"2018-05-26",266,170
"2018-05-27",265,167
"2018-05-28",265,165
"2018-05-29",262,161
"2018-05-30",259,159
"2018-05-31",255,157
"2018-06-01",252,155
"2018-06-02",247,154
"2018-06-03",243,152
"2018-06-04",238,150
"2018-06-05",234,149
"2018-06-06",229,147
"2018-06-07",225,145
"2018-06-08",223,144
"2018-06-09",222,143
"2018-06-10",218,141
"2018-06-11",213,138
"2018-06-12",209,136
"2018-06-13",205,134
"2018-06-14",202,135
"2018-06-15",204,137
"2018-06-16",206,139
"2018-06-17",206,139
"2018-06-18",207,141
"2018-06-19",208,141
"2018-06-20",209,141
"2018-06-21",210,141
"2018-06-22",209,142
"2018-06-23",207,144
"2018-06-24",204,146
"2018-06-25",202,146
"2018-06-26",199,146
"2018-06-27",197,146
"2018-06-28",194,146
"2018-06-29",193,145
"2018-06-30",194,144
"2018-07-01",193,144
"2018-07-02",191,142
"2018-07-03",190,141
"2018-07-04",194,141
"2018-07-05",197,140
"2018-07-06",200,140
"2018-07-07",206,139
"2018-07-08",211,138
"2018-07-09",217,144
"2018-07-10",223,150
"2018-07-11",230,155
"2018-07-12",236,162
"2018-07-13",237,162
"2018-07-14",240,161
"2018-07-15",238,161
"2018-07-16",237,159
"2018-07-17",235,157
"2018-07-18",232,155
"2018-07-19",229,154
"2018-07-20",227,153
"2018-07-21",225,152
"2018-07-22",224,150
"2018-07-23",222,149
"2018-07-24",219,147
"2018-07-25",216,146
"2018-07-26",212,146
"2018-07-27",208,145
"2018-07-28",210,144
"2018-07-29",208,144
"2018-07-30",207,141
"2018-07-31",204,140
"2018-08-01",201,139
"2018-08-02",199,138
"2018-08-03",197,139
"2018-08-04",197,139
"2018-08-05",196,140
"2018-08-06",196,139
"2018-08-07",192,138
"2018-08-08",189,137
"2018-08-09",187,136
"2018-08-10",186,136
"2018-08-11",187,137
"2018-08-12",188,136
"2018-08-13",190,135
"2018-08-14",187,134
"2018-08-15",189,133
"2018-08-16",187,132
"2018-08-17",185,132
"2018-08-18",183,131
"2018-08-19",181,128
"2018-08-20",180,126
"2018-08-21",178,122
"2018-08-22",176,121
"2018-08-23",173,121
"2018-08-24",171,120
"2018-08-25",170,120
"2018-08-26",169,119
"2018-08-27",168,118
"2018-08-28",167,118
"2018-08-29",164,117
"2018-08-30",161,117
"2018-08-31",161,117
"2018-09-01",162,118
"2018-09-02",164,119
"2018-09-03",165,119
"2018-09-04",171,124
"2018-09-05",179,126
"2018-09-06",186,128
"2018-09-07",194,128
"2018-09-08",201,127
"2018-09-09",211,132
"2018-09-10",219,138
"2018-09-11",229,143
"2018-09-12",238,149
"2018-09-13",248,151
"2018-09-14",253,153
"2018-09-15",258,156
"2018-09-16",264,158
"2018-09-17",269,160
"2018-09-18",275,163
"2018-09-19",276,163
"2018-09-20",280,165
"2018-09-21",284,163
"2018-09-22",288,162
"2018-09-23",292,160
"2018-09-24",296,161
"2018-09-25",300,163
"2018-09-26",309,164
"2018-09-27",309,166
"2018-09-28",313,167
"2018-09-29",314,168
"2018-09-30",316,168
"2018-10-01",317,168
"2018-10-02",319,169
"2018-10-03",319,170
"2018-10-04",320,172
"2018-10-05",321,173
"2018-10-06",323,174
"2018-10-07",327,174
"2018-10-08",332,176
"2018-10-09",333,176
"2018-10-10",333,178
"2018-10-11",334,178
"2018-10-12",329,179
"2018-10-13",329,180
"2018-10-14",331,182
"2018-10-15",334,184
"2018-10-16",337,187
"2018-10-17",340,189
"2018-10-18",343,190
"2018-10-19",347,191
"2018-10-20",350,193
"2018-10-21",354,194
"2018-10-22",352,195
"2018-10-23",354,198
"2018-10-24",356,200
"2018-10-25",358,203
"2018-10-26",360,206
"2018-10-27",362,206
"2018-10-28",362,207
"2018-10-29",361,209
"2018-10-30",359,211
"2018-10-31",361,212
"2018-11-01",364,213
"2018-11-02",366,213
"2018-11-03",362,214
"2018-11-04",364,214
"2018-11-05",367,214
"2018-11-06",369,214
"2018-11-07",368,214
"2018-11-08",368,214
"2018-11-09",369,216
"2018-11-10",374,217
"2018-11-11",370,219
"2018-11-12",368,219
"2018-11-13",367,219
"2018-11-14",365,219
"2018-11-15",364,220
"2018-11-16",363,220
"2018-11-17",363,221
"2018-11-18",363,221
"2018-11-19",362,219
"2018-11-20",362,217
"2018-11-21",360,215
"2018-11-22",360,217
"2018-11-23",361,220
"2018-11-24",360,219
"2018-11-25",360,219
"2018-11-26",359,218
"2018-11-27",356,218
"2018-11-28",356,220
"2018-11-29",357,222
"2018-11-30",358,222
"2018-12-01",359,223
"2018-12-02",360,223
"2018-12-03",361,223
"2018-12-04",361,223
"2018-12-05",362,225
"2018-12-06",365,228
"2018-12-07",369,234
"2018-12-08",373,232
"2018-12-09",377,234
"2018-12-10",381,236
"2018-12-11",380,238
"2018-12-12",379,241
"2018-12-13",379,245
"2018-12-14",379,245
"2018-12-15",380,243
"2018-12-16",379,242
"2018-12-17",379,242
"2018-12-18",378,242
"2018-12-19",378,242
"2018-12-20",378,242
"2018-12-21",379,241
"2018-12-22",379,241
"2018-12-23",380,240
"2018-12-24",380,239
"2018-12-25",381,240
"2018-12-26",382,240
"2018-12-27",384,239
"2018-12-28",386,239
"2018-12-29",383,238
"2018-12-30",384,239
"2018-12-31",385,239
"2019-01-01",384,237
"2019-01-02",384,249
"2019-01-03",385,252
"2019-01-04",385,254
"2019-01-05",389,256
"2019-01-06",386,256
"2019-01-07",386,258
"2019-01-08",386,258
"2019-01-09",384,257
"2019-01-10",383,257
"2019-01-11",390,258
"2019-01-12",389,258
"2019-01-13",388,256
"2019-01-14",387,255
"2019-01-15",386,257
"2019-01-16",384,257
"2019-01-17",384,258
"2019-01-18",383,258
"2019-01-19",382,257
"2019-01-20",381,256
"2019-01-21",381,256
"2019-01-22",380,255
"2019-01-23",380,254
"2019-01-24",380,254
"2019-01-25",379,254
"2019-01-26",381,254
"2019-01-27",379,254
"2019-01-28",380,254
"2019-01-29",382,252
"2019-01-30",380,253
"2019-01-31",378,254
"2019-02-01",379,254
"2019-02-02",381,254
"2019-02-03",381,254
"2019-02-04",380,254
"2019-02-05",380,254
"2019-02-06",380,254
"2019-02-07",380,255
"2019-02-08",376,251
"2019-02-09",377,251
"2019-02-10",379,252
"2019-02-11",379,251
"2019-02-12",379,251
"2019-02-13",379,250
"2019-02-14",380,251
"2019-02-15",380,250
"2019-02-16",380,248
"2019-02-17",380,247
"2019-02-18",379,245
"2019-02-19",380,245
"2019-02-20",380,244
"2019-02-21",380,244
"2019-02-22",381,243
"2019-02-23",382,242
"2019-02-24",382,241
"2019-02-25",383,240
"2019-02-26",384,240
"2019-02-27",384,239
"2019-02-28",383,237
"2019-03-01",383,236
"2019-03-02",382,236
"2019-03-03",382,235
"2019-03-04",377,233
"2019-03-05",378,231
"2019-03-06",378,232
"2019-03-07",381,232
"2019-03-08",386,232
"2019-03-09",381,232
"2019-03-10",382,230
"2019-03-11",382,229
"2019-03-12",381,229
"2019-03-13",380,233
"2019-03-14",380,238
"2019-03-15",380,242
"2019-03-16",380,243
"2019-03-17",380,244
"2019-03-18",380,245
"2019-03-19",380,246
"2019-03-20",381,246
"2019-03-21",381,246
"2019-03-22",381,245
"2019-03-23",380,245
"2019-03-24",380,244
"2019-03-25",379,244
"2019-03-26",375,243
"2019-03-27",374,243
"2019-03-28",372,243
"2019-03-29",371,242
"2019-03-30",369,241
"2019-03-31",367,240
"2019-04-01",365,240
"2019-04-02",364,239
"2019-04-03",363,238
"2019-04-04",364,238
"2019-04-05",364,238
"2019-04-06",367,241
"2019-04-07",369,245
"2019-04-08",372,248
"2019-04-09",369,246
"2019-04-10",367,244
"2019-04-11",367,243
"2019-04-12",365,241
"2019-04-13",363,240
"2019-04-14",361,240
"2019-04-15",358,240
"2019-04-16",359,240
"2019-04-17",362,242
"2019-04-18",360,241
"2019-04-19",358,239
"2019-04-20",356,238
"2019-04-21",356,236
"2019-04-22",355,235
"2019-04-23",356,234
"2019-04-24",357,234
"2019-04-25",358,233
"2019-04-26",359,233
"2019-04-27",356,232
"2019-04-28",356,232
"2019-04-29",355,230
"2019-04-30",356,229
"2019-05-01",357,229
"2019-05-02",357,228
"2019-05-03",366,236
"2019-05-04",370,245
"2019-05-05",374,254
"2019-05-06",379,263
"2019-05-07",383,268
"2019-05-08",388,273
"2019-05-09",389,278
"2019-05-10",390,279
"2019-05-11",387,281
"2019-05-12",385,280
"2019-05-13",385,279
"2019-05-14",385,278
"2019-05-15",384,277
"2019-05-16",384,278
"2019-05-17",383,279
"2019-05-18",384,280
"2019-05-19",384,282
"2019-05-20",385,279
"2019-05-21",384,276
"2019-05-22",382,274
"2019-05-23",379,271
"2019-05-24",377,276
"2019-05-25",377,280
"2019-05-26",376,278
"2019-05-27",375,280
"2019-05-28",374,277
"2019-05-29",374,279
"2019-05-30",373,280
"2019-05-31",372,280
"2019-06-01",372,280
"2019-06-02",372,279
"2019-06-03",372,279
"2019-06-04",372,277
"2019-06-05",373,276
"2019-06-06",374,275
"2019-06-07",375,274
"2019-06-08",377,272
"2019-06-09",378,271
"2019-06-10",374,267
"2019-06-11",374,263
"2019-06-12",373,265
"2019-06-13",373,266
"2019-06-14",373,266
"2019-06-15",373,265
"2019-06-16",373,264
"2019-06-17",374,266
"2019-06-18",376,268
"2019-06-19",377,270
"2019-06-20",371,266
"2019-06-21",369,265
"2019-06-22",368,259
"2019-06-23",366,253
"2019-06-24",366,248
"2019-06-25",368,242
"2019-06-26",370,239
"2019-06-27",369,238
"2019-06-28",369,238
"2019-06-29",368,237
"2019-06-30",366,235
"2019-07-01",364,236
"2019-07-02",366,237
"2019-07-03",366,238
"2019-07-04",365,239
"2019-07-05",365,240
"2019-07-06",364,238
"2019-07-07",364,237
"2019-07-08",362,234
"2019-07-09",360,233
"2019-07-10",358,232
"2019-07-11",356,231
"2019-07-12",356,233
"2019-07-13",356,230
"2019-07-14",356,227
"2019-07-15",357,224
"2019-07-16",356,224
"2019-07-17",356,223
"2019-07-18",356,222
"2019-07-19",355,222
"2019-07-20",351,223
"2019-07-21",348,223
"2019-07-22",341,220
"2019-07-23",334,221
"2019-07-24",331,222
"2019-07-25",328,222
"2019-07-26",323,223
"2019-07-27",320,222
"2019-07-28",317,222
"2019-07-29",314,221
"2019-07-30",310,220
"2019-07-31",307,220
"2019-08-01",306,220
"2019-08-02",305,220
"2019-08-03",305,221
"2019-08-04",305,221
"2019-08-05",301,220
"2019-08-06",298,220
"2019-08-07",296,222
"2019-08-08",295,222
"2019-08-09",295,223
"2019-08-10",295,223
"2019-08-11",292,222
"2019-08-12",289,222
"2019-08-13",286,222
"2019-08-14",285,221
"2019-08-15",286,220
"2019-08-16",286,219
"2019-08-17",291,217
"2019-08-18",292,215
"2019-08-19",293,213
"2019-08-20",293,212
"2019-08-21",296,210
"2019-08-22",297,209
"2019-08-23",298,206
"2019-08-24",302,204
"2019-08-25",307,203
"2019-08-26",307,201
"2019-08-27",308,199
"2019-08-28",310,198
"2019-08-29",311,198
"2019-08-30",311,198
"2019-08-31",313,199
"2019-09-01",313,198
"2019-09-02",313,196
"2019-09-03",313,195
"2019-09-04",312,195
"2019-09-05",311,194
"2019-09-06",310,194
"2019-09-07",313,194
"2019-09-08",315,194
"2019-09-09",318,194
"2019-09-10",317,194
"2019-09-11",316,193
"2019-09-12",314,192
"2019-09-13",313,192
"2019-09-14",312,193
"2019-09-15",311,193
"2019-09-16",306,192
"2019-09-17",302,192
"2019-09-18",298,191
"2019-09-19",295,191
"2019-09-20",293,193
"2019-09-21",291,194
"2019-09-22",290,194
"2019-09-23",290,194
"2019-09-24",287,193
"2019-09-25",285,193
"2019-09-26",283,193
"2019-09-27",283,193
"2019-09-28",284,192
"2019-09-29",284,192
"2019-09-30",285,189
"2019-10-01",285,188
"2019-10-02",287,186
"2019-10-03",286,185
"2019-10-04",286,185
"2019-10-05",287,184
"2019-10-06",288,182
"2019-10-07",286,180
"2019-10-08",285,178
"2019-10-09",284,176
"2019-10-10",282,175
"2019-10-11",281,176
"2019-10-12",285,176
"2019-10-13",286,176
"2019-10-14",286,176
"2019-10-15",286,176
"2019-10-16",288,176
"2019-10-17",291,175
"2019-10-18",291,174
"2019-10-19",294,173
"2019-10-20",294,172
"2019-10-21",296,172
"2019-10-22",295,173
"2019-10-23",298,175
"2019-10-24",303,178
"2019-10-25",309,181
"2019-10-26",314,184
"2019-10-27",326,182
"2019-10-28",325,181
"2019-10-29",325,180
"2019-10-30",326,180
"2019-10-31",326,179
"2019-11-01",323,180
"2019-11-02",325,180
"2019-11-03",328,181
"2019-11-04",328,180
"2019-11-05",328,180
"2019-11-06",330,180
"2019-11-07",327,180
"2019-11-08",326,180
"2019-11-09",324,179
"2019-11-10",324,178
"2019-11-11",323,177
"2019-11-12",323,177
"2019-11-13",323,178
"2019-11-14",324,178
"2019-11-15",324,178
"2019-11-16",325,178
"2019-11-17",325,178
"2019-11-18",326,178
"2019-11-19",328,179
"2019-11-20",328,177
"2019-11-21",328,176
"2019-11-22",328,176
"2019-11-23",328,177
"2019-11-24",327,177
"2019-11-25",326,176
"2019-11-26",325,175
"2019-11-27",324,174
"2019-11-28",325,174
"2019-11-29",327,174
"2019-11-30",326,172
"2019-12-01",325,171
"2019-12-02",324,172
"2019-12-03",323,172
"2019-12-04",322,173
"2019-12-05",321,172
"2019-12-06",320,171
"2019-12-07",319,170
"2019-12-08",318,169
"2019-12-09",318,169
"2019-12-10",317,168
"2019-12-11",316,168
"2019-12-12",315,168
"2019-12-13",312,167
"2019-12-14",310,166
"2019-12-15",311,166
"2019-12-16",309,165
"2019-12-17",307,164
"2019-12-18",306,165
"2019-12-19",306,166
"2019-12-20",307,166
"2019-12-21",306,165
"2019-12-22",306,165
"2019-12-23",306,164
"2019-12-24",306,161
"2019-12-25",309,160
"2019-12-26",313,160
"2019-12-27",313,159
"2019-12-28",313,159
"2019-12-29",313,158
"2019-12-30",310,156
"2019-12-31",310,155
"2020-01-01",312,155
"2020-01-02",312,154
"2020-01-03",312,153
"2020-01-04",312,152
"2020-01-05",313,152
"2020-01-06",313,152
"2020-01-07",312,152
"2020-01-08",312,152
"2020-01-09",315,153
"2020-01-10",315,156
"2020-01-11",315,159
"2020-01-12",315,162
"2020-01-13",317,163
"2020-01-14",319,163
"2020-01-15",321,162
"2020-01-16",320,162
"2020-01-17",320,162
"2020-01-18",319,161
"2020-01-19",318,161
"2020-01-20",317,160
"2020-01-21",315,159
"2020-01-22",318,160
"2020-01-23",321,161
"2020-01-24",321,162
"2020-01-25",321,162
"2020-01-26",321,162
"2020-01-27",321,162
"2020-01-28",320,162
"2020-01-29",320,161
"2020-01-30",319,160
"2020-01-31",319,160
"2020-02-01",318,160
"2020-02-02",318,160
"2020-02-03",319,160
"2020-02-04",320,156
"2020-02-05",319,153
"2020-02-06",317,155
"2020-02-07",319,155
"2020-02-08",322,155
"2020-02-09",324,156
"2020-02-10",321,156
"2020-02-11",319,155
"2020-02-12",323,152
"2020-02-13",326,150
"2020-02-14",325,149
"2020-02-15",327,150
"2020-02-16",329,150
"2020-02-17",329,151
"2020-02-18",328,150
"2020-02-19",328,149
"2020-02-20",325,148
"2020-02-21",325,148
"2020-02-22",325,146
"2020-02-23",323,145
"2020-02-24",321,145
"2020-02-25",319,144
"2020-02-26",324,143
"2020-02-27",324,142
"2020-02-28",324,142
"2020-02-29",324,141
"2020-03-01",325,141
"2020-03-02",324,140
"2020-03-03",324,139
"2020-03-04",322,142
"2020-03-05",321,142
"2020-03-06",319,144
"2020-03-07",318,146
"2020-03-08",318,147
"2020-03-09",317,152
"2020-03-10",317,151
"2020-03-11",316,151
"2020-03-12",315,151
"2020-03-13",312,151
"2020-03-14",311,150
"2020-03-15",310,149
"2020-03-16",308,150
"2020-03-17",308,150
"2020-03-18",307,151
"2020-03-19",303,151
"2020-03-20",301,151
"2020-03-21",299,152
"2020-03-22",298,152
"2020-03-23",296,152
"2020-03-24",294,151
"2020-03-25",288,151
"2020-03-26",285,150
"2020-03-27",281,150
"2020-03-28",278,150
"2020-03-29",273,150
"2020-03-30",270,149
"2020-03-31",265,147
"2020-04-01",264,147
"2020-04-02",266,149
"2020-04-03",277,152
"2020-04-04",287,154
"2020-04-05",299,159
"2020-04-06",304,158
"2020-04-07",313,157
"2020-04-08",322,155
"2020-04-09",322,154
"2020-04-10",322,151
"2020-04-11",321,149
"2020-04-12",321,146
"2020-04-13",320,143
"2020-04-14",318,142
"2020-04-15",319,141
"2020-04-16",319,142
"2020-04-17",320,142
"2020-04-18",320,143
"2020-04-19",321,144
"2020-04-20",320,144
"2020-04-21",319,144
"2020-04-22",317,143
"2020-04-23",316,143
"2020-04-24",313,142
"2020-04-25",312,142
"2020-04-26",310,142
"2020-04-27",309,142
"2020-04-28",308,142
"2020-04-29",306,143
"2020-04-30",304,144
"2020-05-01",302,145
"2020-05-02",302,145
"2020-05-03",299,145
"2020-05-04",297,144
"2020-05-05",295,143
"2020-05-06",292,144
"2020-05-07",290,144
"2020-05-08",288,144
"2020-05-09",287,144
"2020-05-10",286,143
"2020-05-11",285,143
"2020-05-12",284,150
"2020-05-13",284,151
"2020-05-14",280,156
"2020-05-15",282,160
"2020-05-16",277,168
"2020-05-17",276,170
"2020-05-18",275,171
"2020-05-19",274,172
"2020-05-20",272,174
"2020-05-21",270,175
"2020-05-22",270,176
"2020-05-23",271,177
"2020-05-24",288,186
"2020-05-25",297,187
"2020-05-26",300,191
"2020-05-27",308,198
"2020-05-28",316,199
"2020-05-29",316,200
"2020-05-30",316,200
"2020-05-31",316,199
"2020-06-01",306,199
"2020-06-02",302,198
"2020-06-03",298,199
"2020-06-04",295,200
"2020-06-05",291,201
"2020-06-06",289,199
"2020-06-07",287,197
"2020-06-08",285,195
"2020-06-09",283,194
"2020-06-10",281,193
"2020-06-11",278,193
"2020-06-12",276,193
"2020-06-13",274,192
"2020-06-14",272,191
"2020-06-15",269,189
"2020-06-16",267,189
"2020-06-17",266,189
"2020-06-18",264,189
"2020-06-19",266,188
"2020-06-20",264,188
"2020-06-21",263,188
"2020-06-22",261,188
"2020-06-23",264,187
"2020-06-24",266,187
"2020-06-25",269,187
"2020-06-26",272,187
"2020-06-27",274,186
"2020-06-28",274,185
"2020-06-29",274,183
"2020-06-30",274,182
"2020-07-01",273,182
"2020-07-02",271,181
"2020-07-03",269,182
"2020-07-04",269,182
"2020-07-05",270,181
"2020-07-06",267,180
"2020-07-07",265,178
"2020-07-08",264,177
"2020-07-09",264,176
"2020-07-10",263,175
"2020-07-11",263,174
"2020-07-12",263,172
"2020-07-13",263,171
"2020-07-14",262,171
"2020-07-15",261,170
"2020-07-16",260,170
"2020-07-17",257,168
"2020-07-18",257,167
"2020-07-19",257,166
"2020-07-20",257,165
"2020-07-21",253,162
"2020-07-22",249,162
"2020-07-23",246,161
"2020-07-24",246,161
"2020-07-25",248,160
"2020-07-26",249,158
"2020-07-27",249,156
"2020-07-28",250,154
"2020-07-29",250,154
"2020-07-30",250,155
"2020-07-31",250,154
"2020-08-01",251,152
"2020-08-02",252,150
"2020-08-03",252,148
"2020-08-04",251,146
"2020-08-05",251,144
"2020-08-06",251,145
"2020-08-07",250,146
"2020-08-08",250,146
"2020-08-09",248,146
"2020-08-10",247,144
"2020-08-11",246,143
"2020-08-12",245,141
"2020-08-13",244,140
"2020-08-14",243,140
"2020-08-15",243,139
"2020-08-16",244,139
"2020-08-17",244,138
"2020-08-18",239,136
"2020-08-19",237,135
"2020-08-20",235,134
"2020-08-21",236,134
"2020-08-22",242,135
"2020-08-23",246,136
"2020-08-24",244,135
"2020-08-25",242,135
"2020-08-26",241,134
"2020-08-27",239,134
"2020-08-28",236,132
"2020-08-29",237,132
"2020-08-30",238,131
"2020-08-31",239,131
"2020-09-01",236,131
"2020-09-02",235,131
"2020-09-03",236,134
"2020-09-04",241,134
"2020-09-05",246,133
"2020-09-06",248,132
"2020-09-07",249,131
"2020-09-08",251,133
"2020-09-09",255,135
"2020-09-10",260,137
"2020-09-11",264,137
"2020-09-12",269,136
"2020-09-13",269,136
"2020-09-14",268,136
"2020-09-15",268,137
"2020-09-16",268,137
"2020-09-17",269,138
"2020-09-18",269,138
"2020-09-19",271,138
"2020-09-20",273,138
"2020-09-21",277,138
"2020-09-22",277,138
"2020-09-23",278,137
"2020-09-24",278,137
"2020-09-25",278,139
"2020-09-26",281,138
"2020-09-27",278,137
"2020-09-28",278,136
"2020-09-29",284,136
"2020-09-30",284,137
"2020-10-01",283,137
"2020-10-02",282,137
"2020-10-03",282,138
"2020-10-04",281,138
"2020-10-05",280,137
"2020-10-06",279,137
"2020-10-07",280,137
"2020-10-08",280,137
"2020-10-09",281,139
"2020-10-10",281,138
"2020-10-11",280,138
"2020-10-12",280,137
"2020-10-13",278,136
"2020-10-14",275,136
"2020-10-15",270,140
"2020-10-16",266,141
"2020-10-17",270,144
"2020-10-18",270,145
"2020-10-19",270,147
"2020-10-20",270,147
"2020-10-21",269,152
"2020-10-22",268,152
"2020-10-23",267,152
"2020-10-24",266,154
"2020-10-25",266,157
"2020-10-26",266,159
"2020-10-27",265,159
"2020-10-28",263,162
"2020-10-29",261,163
"2020-10-30",259,165
"2020-10-31",262,162
"2020-11-01",261,158
"2020-11-02",259,155
"2020-11-03",258,152
"2020-11-04",259,149
"2020-11-05",258,146
"2020-11-06",258,143
"2020-11-07",259,140
"2020-11-08",260,137
"2020-11-09",261,134
"2020-11-10",260,131
"2020-11-11",259,129
"2020-11-12",259,125
"2020-11-13",259,124
"2020-11-14",258,124
"2020-11-15",258,124
"2020-11-16",253,124
"2020-11-17",249,124
"2020-11-18",248,124
"2020-11-19",246,125
"2020-11-20",243,127
"2020-11-21",241,127
"2020-11-22",239,126
"2020-11-23",237,126
"2020-11-24",235,123
"2020-11-25",236,123
"2020-11-26",238,123
"2020-11-27",241,123
"2020-11-28",245,122
"2020-11-29",248,122
"2020-11-30",246,122
"2020-12-01",248,122
"2020-12-02",250,123
"2020-12-03",250,123
"2020-12-04",252,122
"2020-12-05",258,122
"2020-12-06",258,122
"2020-12-07",257,121
"2020-12-08",257,120
"2020-12-09",257,121
"2020-12-10",258,122
"2020-12-11",258,122
"2020-12-12",258,121
"2020-12-13",257,121
"2020-12-14",256,120
"2020-12-15",255,120
"2020-12-16",256,119
"2020-12-17",256,120
"2020-12-18",257,121
"2020-12-19",261,122
"2020-12-20",259,122
"2020-12-21",264,122
"2020-12-22",262,124
"2020-12-23",261,123
"2020-12-24",258,122
"2020-12-25",260,122
"2020-12-26",261,122
"2020-12-27",260,122
"2020-12-28",259,121
"2020-12-29",260,121
"2020-12-30",261,121
"2020-12-31",263,119
"2021-01-01",264,117
"2021-01-02",266,117
"2021-01-03",270,116
"2021-01-04",274,116
"2021-01-05",279,117
"2021-01-06",279,118
"2021-01-07",278,119
"2021-01-08",278,120
"2021-01-09",278,118
"2021-01-10",277,120
"2021-01-11",276,120
"2021-01-12",275,120
"2021-01-13",275,120
"2021-01-14",274,120
"2021-01-15",273,119
"2021-01-16",272,119
"2021-01-17",271,118
"2021-01-18",270,118
"2021-01-19",269,118
"2021-01-20",268,118
"2021-01-21",270,118
"2021-01-22",272,118
"2021-01-23",266,118
"2021-01-24",270,117
"2021-01-25",268,117
"2021-01-26",265,116
"2021-01-27",265,116
"2021-01-28",265,115
"2021-01-29",265,116
"2021-01-30",264,115
"2021-01-31",264,115
"2021-02-01",263,114
"2021-02-02",262,114
"2021-02-03",262,114
"2021-02-04",264,113
"2021-02-05",263,113
"2021-02-06",263,113
"2021-02-07",262,113
"2021-02-08",263,113
"2021-02-09",262,112
"2021-02-10",262,112
"2021-02-11",265,112
"2021-02-12",268,111
"2021-02-13",268,110
"2021-02-14",268,108
"2021-02-15",266,107
"2021-02-16",264,107
"2021-02-17",260,106
"2021-02-18",256,106
"2021-02-19",252,107
"2021-02-20",250,108
"2021-02-21",252,109
"2021-02-22",253,110
"2021-02-23",255,110
"2021-02-24",256,111
"2021-02-25",256,111
"2021-02-26",257,111
"2021-02-27",258,110
"2021-02-28",260,110
"2021-03-01",261,109
"2021-03-02",258,109
"2021-03-03",258,109
"2021-03-04",259,108
"2021-03-05",259,108
"2021-03-06",259,108
"2021-03-07",258,108
"2021-03-08",257,107
"2021-03-09",257,108
"2021-03-10",258,108
"2021-03-11",258,108
"2021-03-12",257,108
"2021-03-13",256,108
"2021-03-14",256,109
"2021-03-15",255,109
"2021-03-16",254,108
"2021-03-17",252,108
"2021-03-18",248,109
"2021-03-19",246,109
"2021-03-20",244,110
"2021-03-21",243,110
"2021-03-22",244,110
"2021-03-23",243,110
"2021-03-24",241,110
"2021-03-25",240,110
"2021-03-26",236,109
"2021-03-27",237,108
"2021-03-28",237,108
"2021-03-29",238,107
"2021-03-30",238,105
"2021-03-31",235,103
"2021-04-01",231,104
"2021-04-02",228,104
"2021-04-03",230,104
"2021-04-04",233,103
"2021-04-05",229,103
"2021-04-06",232,102
"2021-04-07",229,102
"2021-04-08",227,102
"2021-04-09",223,102
"2021-04-10",221,102
"2021-04-11",218,101
"2021-04-12",216,100
"2021-04-13",214,99
"2021-04-14",213,100
"2021-04-15",211,101
"2021-04-16",209,101
"2021-04-17",208,100
"2021-04-18",208,100
"2021-04-19",205,100
"2021-04-20",203,100
"2021-04-21",200,100
"2021-04-22",197,101
"2021-04-23",200,102
"2021-04-24",204,103
"2021-04-25",207,103
"2021-04-26",207,103
"2021-04-27",207,105
"2021-04-28",209,106
"2021-04-29",212,107
"2021-04-30",221,111
"2021-05-01",230,115
"2021-05-02",234,119
"2021-05-03",242,123
"2021-05-04",250,127
"2021-05-05",258,132
"2021-05-06",258,132
"2021-05-07",258,133
"2021-05-08",260,132
"2021-05-09",263,132
"2021-05-10",265,131
"2021-05-11",264,130
"2021-05-12",265,129
"2021-05-13",265,128
"2021-05-14",266,127
"2021-05-15",269,127
"2021-05-16",270,126
"2021-05-17",272,125
"2021-05-18",274,132
"2021-05-19",276,134
"2021-05-20",278,139
"2021-05-21",274,144
"2021-05-22",276,150
"2021-05-23",279,155
"2021-05-24",280,156
"2021-05-25",282,157
"2021-05-26",281,158
"2021-05-27",280,157
"2021-05-28",289,156
"2021-05-29",298,156
"2021-05-30",308,155
"2021-05-31",318,153
"2021-06-01",324,154
"2021-06-02",330,155
"2021-06-03",325,161
"2021-06-04",321,167
"2021-06-05",316,173
"2021-06-06",312,175
"2021-06-07",307,180
"2021-06-08",303,181
"2021-06-09",302,181
"2021-06-10",302,182
"2021-06-11",301,180
"2021-06-12",301,178
"2021-06-13",298,177
"2021-06-14",296,175
"2021-06-15",293,175
"2021-06-16",292,174
"2021-06-17",291,174
"2021-06-18",288,174
"2021-06-19",288,172
"2021-06-20",287,171
"2021-06-21",287,169
"2021-06-22",282,169
"2021-06-23",279,168
"2021-06-24",276,168
"2021-06-25",276,167
"2021-06-26",277,165
"2021-06-27",275,164
"2021-06-28",273,166
"2021-06-29",273,168
"2021-06-30",273,167
"2021-07-01",274,170
"2021-07-02",276,169
"2021-07-03",276,168
"2021-07-04",276,167
"2021-07-05",276,166
"2021-07-06",275,166
"2021-07-07",275,166
"2021-07-08",276,168
"2021-07-09",278,168
"2021-07-10",281,169
"2021-07-11",283,169
"2021-07-12",279,169
"2021-07-13",282,169
"2021-07-14",285,169
"2021-07-15",288,169
"2021-07-16",288,169
"2021-07-17",288,169
"2021-07-18",287,169
"2021-07-19",292,169
"2021-07-20",297,169
"2021-07-21",302,170
"2021-07-22",308,171
"2021-07-23",313,172
"2021-07-24",312,170
"2021-07-25",312,169
"2021-07-26",308,167
"2021-07-27",305,166
"2021-07-28",303,166
"2021-07-29",304,166
"2021-07-30",305,166
"2021-07-31",304,165
"2021-08-01",303,164
"2021-08-02",302,166
"2021-08-03",302,163
"2021-08-04",302,164
"2021-08-05",302,166
"2021-08-06",302,166
"2021-08-07",301,165
"2021-08-08",299,165
"2021-08-09",297,162
"2021-08-10",295,160
"2021-08-11",294,162
"2021-08-12",294,162
"2021-08-13",291,163
"2021-08-14",291,162
"2021-08-15",291,161
"2021-08-16",291,160
"2021-08-17",291,159
"2021-08-18",289,159
"2021-08-19",287,160
"2021-08-20",285,161
"2021-08-21",286,160
"2021-08-22",283,159
"2021-08-23",280,157
"2021-08-24",277,156
"2021-08-25",271,156
"2021-08-26",270,156
"2021-08-27",267,155
"2021-08-28",269,154
"2021-08-29",271,154
"2021-08-30",270,153
"2021-08-31",269,152
"2021-09-01",268,152
"2021-09-02",265,154
"2021-09-03",263,155
"2021-09-04",264,156
"2021-09-05",263,156
"2021-09-06",262,154
"2021-09-07",261,153
"2021-09-08",260,150
"2021-09-09",260,150
"2021-09-10",260,151
"2021-09-11",261,151
"2021-09-12",261,149
"2021-09-13",262,148
"2021-09-14",266,147
"2021-09-15",266,146
"2021-09-16",265,147
"2021-09-17",266,147
"2021-09-18",268,146
"2021-09-19",267,146
"2021-09-20",265,144
"2021-09-21",264,142
"2021-09-22",263,142
"2021-09-23",263,142
"2021-09-24",267,141
"2021-09-25",266,140
"2021-09-26",264,140
"2021-09-27",263,139
"2021-09-28",261,138
"2021-09-29",259,138
"2021-09-30",257,131
"2021-10-01",255,136
"2021-10-02",253,136
"2021-10-03",251,135
"2021-10-04",249,134
"2021-10-05",248,134
"2021-10-06",247,133
"2021-10-07",244,133
"2021-10-08",241,135
"2021-10-09",243,137
"2021-10-10",244,137
"2021-10-11",244,137
"2021-10-12",245,137
"2021-10-13",259,160
"2021-10-14",265,169
"2021-10-15",265,178
"2021-10-16",272,188
"2021-10-17",280,197
"2021-10-18",287,208
"2021-10-19",285,219
"2021-10-20",286,220
"2021-10-21",286,220
"2021-10-22",286,220
"2021-10-23",289,220
"2021-10-24",291,220
"2021-10-25",287,218
"2021-10-26",286,216
"2021-10-27",286,216
"2021-10-28",287,216
"2021-10-29",288,213
"2021-10-30",288,212
"2021-10-31",288,211
"2021-11-01",288,210
"2021-11-02",286,209
"2021-11-03",289,209
"2021-11-04",291,209
"2021-11-05",294,209
"2021-11-06",289,208
"2021-11-07",289,208
"2021-11-08",289,207
"2021-11-09",289,207
"2021-11-10",289,208
"2021-11-11",289,208
"2021-11-12",289,208
"2021-11-13",289,209
"2021-11-14",289,210
"2021-11-15",289,210
"2021-11-16",289,210
"2021-11-17",288,210
"2021-11-18",286,209
"2021-11-19",285,209
"2021-11-20",287,210
"2021-11-21",286,208
"2021-11-22",285,207
"2021-11-23",285,205
"2021-11-24",285,199
"2021-11-25",285,198
"2021-11-26",284,197
"2021-11-27",284,196
"2021-11-28",283,195
"2021-11-29",283,192
"2021-11-30",285,188
"2021-12-01",284,185
"2021-12-02",284,182
"2021-12-03",283,179
"2021-12-04",283,177
"2021-12-05",282,174
"2021-12-06",280,172
"2021-12-07",279,171
"2021-12-08",278,170
"2021-12-09",277,168
"2021-12-10",276,167
"2021-12-11",275,166
"2021-12-12",275,165
"2021-12-13",275,168
"2021-12-14",275,172
"2021-12-15",276,171
"2021-12-16",277,173
"2021-12-17",278,173
"2021-12-18",278,178
"2021-12-19",279,180
"2021-12-20",279,183
"2021-12-21",279,181
"2021-12-22",280,184
"2021-12-23",280,184
"2021-12-24",282,184
"2021-12-25",282,183
"2021-12-26",283,183
"2021-12-27",282,182
"2021-12-28",282,180
"2021-12-29",281,178
"2021-12-30",282,177
"2021-12-31",281,176
"2022-01-01",279,174
"2022-01-02",278,173
"2022-01-03",276,174
"2022-01-04",274,174
"2022-01-05",274,174
"2022-01-06",274,175
"2022-01-07",273,174
"2022-01-08",273,171
"2022-01-09",274,169
"2022-01-10",274,166
"2022-01-11",275,164
"2022-01-12",274,162
"2022-01-13",274,160
"2022-01-14",274,159
"2022-01-15",273,157
"2022-01-16",272,157
"2022-01-17",272,157
"2022-01-18",272,156
"2022-01-19",272,156
"2022-01-20",272,154
"2022-01-21",272,153
"2022-01-22",272,151
"2022-01-23",272,150
"2022-01-24",272,150
"2022-01-25",272,151
"2022-01-26",272,151
"2022-01-27",272,150
"2022-01-28",272,150
"2022-01-29",271,147
"2022-01-30",272,145
"2022-01-31",274,146
"2022-02-01",274,147
"2022-02-02",275,147
"2022-02-03",277,152
"2022-02-04",279,158
"2022-02-05",281,163
"2022-02-06",280,169
"2022-02-07",280,169
"2022-02-08",281,169
"2022-02-09",281,169
"2022-02-10",279,172
"2022-02-11",277,171
"2022-02-12",280,170
"2022-02-13",282,171
"2022-02-14",285,172
"2022-02-15",287,173
"2022-02-16",292,173
"2022-02-17",292,174
"2022-02-18",293,174
"2022-02-19",293,175
"2022-02-20",296,175
"2022-02-21",295,175
"2022-02-22",293,175
"2022-02-23",292,175
"2022-02-24",286,174
"2022-02-25",281,174
"2022-02-26",280,174
"2022-02-27",280,174
"2022-02-28",280,173
"2022-03-01",280,173
"2022-03-02",281,174
"2022-03-03",281,174
"2022-03-04",279,174
"2022-03-05",278,175
"2022-03-06",278,174
"2022-03-07",278,174
"2022-03-08",276,174
"2022-03-09",274,174
"2022-03-10",269,172
"2022-03-11",268,171
"2022-03-12",266,174
"2022-03-13",268,173
"2022-03-14",270,172
"2022-03-15",269,171
"2022-03-16",269,172
"2022-03-17",268,172
"2022-03-18",263,171
"2022-03-19",264,171
"2022-03-20",264,171
"2022-03-21",264,169
"2022-03-22",263,167
"2022-03-23",263,165
"2022-03-24",262,167
"2022-03-25",260,166
"2022-03-26",258,165
"2022-03-27",256,164
"2022-03-28",251,163
"2022-03-29",250,162
"2022-03-30",249,160
"2022-03-31",248,157
"2022-04-01",246,155
"2022-04-02",242,153
"2022-04-03",238,151
"2022-04-04",234,150
"2022-04-05",231,148
"2022-04-06",227,148
"2022-04-07",223,147
"2022-04-08",220,148
"2022-04-09",220,150
"2022-04-10",221,149
"2022-04-11",218,148
"2022-04-12",216,147
"2022-04-13",217,149
"2022-04-14",217,147
"2022-04-15",218,145
"2022-04-16",219,146
"2022-04-17",219,146
"2022-04-18",220,146
"2022-04-19",217,147
"2022-04-20",219,146
"2022-04-21",220,146
"2022-04-22",222,146
"2022-04-23",223,145
"2022-04-24",221,145
"2022-04-25",220,143
"2022-04-26",218,142
"2022-04-27",217,142
"2022-04-28",215,143
"2022-04-29",214,143
"2022-04-30",214,141
"2022-05-01",214,140
"2022-05-02",214,138
"2022-05-03",210,136
"2022-05-04",207,136
"2022-05-05",206,136
"2022-05-06",206,135
"2022-05-07",203,134
"2022-05-08",202,133
"2022-05-09",200,132
"2022-05-10",199,132
"2022-05-11",196,131
"2022-05-12",194,131
"2022-05-13",193,131
"2022-05-14",195,131
"2022-05-15",198,129
"2022-05-16",192,128
"2022-05-17",190,127
"2022-05-18",191,125
"2022-05-19",186,124
"2022-05-20",183,124
"2022-05-21",182,125
"2022-05-22",180,125
"2022-05-23",179,126
"2022-05-24",179,125
"2022-05-25",175,125
"2022-05-26",179,124
"2022-05-27",171,123
"2022-05-28",169,122
"2022-05-29",170,120
"2022-05-30",167,119
"2022-05-31",163,117
"2022-06-01",162,118
"2022-06-02",162,118
"2022-06-03",161,118
"2022-06-04",160,116
"2022-06-05",158,114
"2022-06-06",157,115
"2022-06-07",156,113
"2022-06-08",156,111
"2022-06-09",153,110
"2022-06-10",151,110
"2022-06-11",150,109
"2022-06-12",149,109
"2022-06-13",148,108
"2022-06-14",145,108
"2022-06-15",143,108
"2022-06-16",140,107
"2022-06-17",138,107
"2022-06-18",138,107
"2022-06-19",135,107
"2022-06-20",133,105
"2022-06-21",130,103
"2022-06-22",128,102
"2022-06-23",125,102
"2022-06-24",124,102
"2022-06-25",124,102
"2022-06-26",124,101
"2022-06-27",124,103
"2022-06-28",127,102
"2022-06-29",130,102
"2022-06-30",133,103
"2022-07-01",133,104
"2022-07-02",132,104
"2022-07-03",132,104
"2022-07-04",131,106
"2022-07-05",131,105
"2022-07-06",129,104
"2022-07-07",128,103
"2022-07-08",126,104
"2022-07-09",123,101
"2022-07-10",120,100
"2022-07-11",117,100
"2022-07-12",114,99
"2022-07-13",112,97
"2022-07-14",109,98
"2022-07-15",109,98
"2022-07-16",109,99
"2022-07-17",109,99
"2022-07-18",110,98
"2022-07-19",110,98
"2022-07-20",111,98
"2022-07-21",110,98
"2022-07-22",110,98
"2022-07-23",110,99
"2022-07-24",109,99
"2022-07-25",109,99
"2022-07-26",108,99
"2022-07-27",108,99
"2022-07-28",106,99
"2022-07-29",104,99
"2022-07-30",102,99
"2022-07-31",101,99
"2022-08-01",99,96
"2022-08-02",96,95
"2022-08-03",94,93
"2022-08-04",92,92
"2022-08-05",89,91
"2022-08-06",91,92
"2022-08-07",92,94
"2022-08-08",93,92
"2022-08-09",95,94
"2022-08-10",96,92
"2022-08-11",96,92
"2022-08-12",95,91
"2022-08-13",98,90
"2022-08-14",98,89
"2022-08-15",99,89
"2022-08-16",100,89
"2022-08-17",108,89
"2022-08-18",103,89
"2022-08-19",104,90
"2022-08-20",106,90
"2022-08-21",108,90
"2022-08-22",111,90
"2022-08-23",113,89
"2022-08-24",118,90
"2022-08-25",118,88
"2022-08-26",119,89
"2022-08-27",120,89
"2022-08-28",120,89
"2022-08-29",120,90
"2022-08-30",119,90
"2022-08-31",118,90
"2022-09-01",120,91
"2022-09-02",120,93
"2022-09-03",120,93
"2022-09-04",123,92
"2022-09-05",122,92
"2022-09-06",122,92
"2022-09-07",122,91
"2022-09-08",121,90
"2022-09-09",121,90
"2022-09-10",124,90
"2022-09-11",124,90
"2022-09-12",124,91
"2022-09-13",122,90
"2022-09-14",121,89
"2022-09-15",119,89
"2022-09-16",118,89
"2022-09-17",120,88
"2022-09-18",118,87
"2022-09-19",114,86
"2022-09-20",113,84
"2022-09-21",112,83
"2022-09-22",110,84
"2022-09-23",109,84
"2022-09-24",108,85
"2022-09-25",108,85
"2022-09-26",107,84
"2022-09-27",105,83
"2022-09-28",103,82
"2022-09-29",102,84
"2022-09-30",100,84
"2022-10-01",99,84
"2022-10-02",97,85
"2022-10-03",96,85
"2022-10-04",94,85
"2022-10-05",95,86
"2022-10-06",93,87
"2022-10-07",91,88
"2022-10-08",91,88
"2022-10-09",92,87
"2022-10-10",92,86
"2022-10-11",93,85
"2022-10-12",93,86
"2022-10-13",93,87
"2022-10-14",93,86
"2022-10-15",93,85
"2022-10-16",94,84
"2022-10-17",93,84
"2022-10-18",94,83
"2022-10-19",96,84
"2022-10-20",94,83
"2022-10-21",96,83
"2022-10-22",97,83
"2022-10-23",98,83
"2022-10-24",99,84
"2022-10-25",101,83
"2022-10-26",102,83
"2022-10-27",103,84
"2022-10-28",104,83
"2022-10-29",105,83
"2022-10-30",105,82
"2022-10-31",106,84
"2022-11-01",107,84
"2022-11-02",108,84
"2022-11-03",109,84
"2022-11-04",111,86
"2022-11-05",113,87
"2022-11-06",112,86
"2022-11-07",113,85
"2022-11-08",114,84
"2022-11-09",113,84
"2022-11-10",114,85
"2022-11-11",112,86
"2022-11-12",110,87
"2022-11-13",111,87
"2022-11-14",112,89
"2022-11-15",114,90
"2022-11-16",115,90
"2022-11-17",117,90
"2022-11-18",120,89
"2022-11-19",122,89
"2022-11-20",125,89
"2022-11-21",127,90
"2022-11-22",130,91
"2022-11-23",132,91
"2022-11-24",135,91
"2022-11-25",135,91
"2022-11-26",134,90
"2022-11-27",134,89
"2022-11-28",133,88
"2022-11-29",132,87
"2022-11-30",132,87
"2022-12-01",131,86
"2022-12-02",132,87
"2022-12-03",131,89
"2022-12-04",131,90
"2022-12-05",130,89
"2022-12-06",127,89
"2022-12-07",123,88
"2022-12-08",120,88
"2022-12-09",117,88
"2022-12-10",119,89
"2022-12-11",120,90
"2022-12-12",122,89
"2022-12-13",123,89
"2022-12-14",125,91
"2022-12-15",126,88
"2022-12-16",127,87
"2022-12-17",127,87
"2022-12-18",128,87
"2022-12-19",128,86
"2022-12-20",126,85
"2022-12-21",127,84
"2022-12-22",126,83
"2022-12-23",124,82
"2022-12-24",123,82
"2022-12-25",121,84
"2022-12-26",124,86
"2022-12-27",126,87
"2022-12-28",129,87
"2022-12-29",131,87
"2022-12-30",133,88
"2022-12-31",134,88
"2023-01-01",136,88
"2023-01-02",139,88
"2023-01-03",134,88
"2023-01-04",133,89
"2023-01-05",132,91
"2023-01-06",132,91
"2023-01-07",133,91
"2023-01-08",130,91
"2023-01-09",130,89
"2023-01-10",128,88
"2023-01-11",127,88
"2023-01-12",125,89
"2023-01-13",124,89
"2023-01-14",124,90
"2023-01-15",124,90
"2023-01-16",123,90
"2023-01-17",122,90
"2023-01-18",121,90
"2023-01-19",121,91
"2023-01-20",121,91
"2023-01-21",122,90
"2023-01-22",124,90
"2023-01-23",125,90
"2023-01-24",126,90
"2023-01-25",122,90
"2023-01-26",121,90
"2023-01-27",119,90
"2023-01-28",120,90
"2023-01-29",117,90
"2023-01-30",115,90
"2023-01-31",115,90
"2023-02-01",115,90
"2023-02-02",116,90
"2023-02-03",116,91
"2023-02-04",116,92
"2023-02-05",116,91
"2023-02-06",117,91
"2023-02-07",118,92
"2023-02-08",119,92
"2023-02-09",120,93
"2023-02-10",125,93
"2023-02-11",125,93
"2023-02-12",125,93
"2023-02-13",123,93
"2023-02-14",124,93
"2023-02-15",125,93
"2023-02-16",126,92
"2023-02-17",128,91
"2023-02-18",131,91
"2023-02-19",132,89
"2023-02-20",133,88
"2023-02-21",132,87
"2023-02-22",130,86
"2023-02-23",129,87
"2023-02-24",131,88
"2023-02-25",132,89
"2023-02-26",133,89
"2023-02-27",131,89
"2023-02-28",129,88
"2023-03-01",129,87
"2023-03-02",130,88
"2023-03-03",130,88
"2023-03-04",128,88
"2023-03-05",125,87
"2023-03-06",123,87
"2023-03-07",120,88
"2023-03-08",118,88
"2023-03-09",115,88
"2023-03-10",113,87
"2023-03-11",111,87
"2023-03-12",110,87
"2023-03-13",107,87
"2023-03-14",104,85
"2023-03-15",104,86
"2023-03-16",105,85
"2023-03-17",106,83
"2023-03-18",107,83
"2023-03-19",109,82
"2023-03-20",110,83
"2023-03-21",111,84
"2023-03-22",112,84
"2023-03-23",112,85
"2023-03-24",116,84
"2023-03-25",117,84
"2023-03-26",117,82
"2023-03-27",118,80
"2023-03-28",119,81
"2023-03-29",119,81
"2023-03-30",120,82
"2023-03-31",120,82
"2023-04-01",121,82
"2023-04-02",121,82
"2023-04-03",121,81
"2023-04-04",119,80
"2023-04-05",118,81
"2023-04-06",122,83
"2023-04-07",123,84
"2023-04-08",125,86
"2023-04-09",128,86
"2023-04-10",131,86
"2023-04-11",133,87
"2023-04-12",136,88
"2023-04-13",136,86
"2023-04-14",134,86
"2023-04-15",131,85
"2023-04-16",129,84
"2023-04-17",127,85
"2023-04-18",125,85
"2023-04-19",126,86
"2023-04-20",131,87
"2023-04-21",137,89
"2023-04-22",142,90
"2023-04-23",148,91
"2023-04-24",148,93
"2023-04-25",148,94
"2023-04-26",148,95
"2023-04-27",150,96
"2023-04-28",151,96
"2023-04-29",152,95
"2023-04-30",150,96
"2023-05-01",149,94
"2023-05-02",147,95
"2023-05-03",145,94
"2023-05-04",144,92
"2023-05-05",143,94
"2023-05-06",142,95
"2023-05-07",143,96
"2023-05-08",144,95
"2023-05-09",144,97
"2023-05-10",144,96
"2023-05-11",143,96
"2023-05-12",146,96
"2023-05-13",154,97
"2023-05-14",159,99
"2023-05-15",165,100
"2023-05-16",171,102
"2023-05-17",178,103
"2023-05-18",184,103
"2023-05-19",191,104
"2023-05-20",192,104
"2023-05-21",194,104
"2023-05-22",195,105
"2023-05-23",196,107
"2023-05-24",195,106
"2023-05-25",195,106
"2023-05-26",194,105
"2023-05-27",191,104
"2023-05-28",191,102
"2023-05-29",192,101
"2023-05-30",189,101
"2023-05-31",187,NaN
"2023-06-01",184,100
"2023-06-02",182,99
"2023-06-03",183,99
"2023-06-04",184,96
"2023-06-05",185,94
"2023-06-06",186,93
"2023-06-07",187,91
"2023-06-08",184,90
"2023-06-09",182,88
"2023-06-10",178,86
"2023-06-11",175,86
"2023-06-12",172,85
"2023-06-13",168,85
"2023-06-14",165,86
"2023-06-15",163,86
"2023-06-16",161,86
"2023-06-17",159,86
"2023-06-18",157,85
"2023-06-19",154,85
"2023-06-20",152,86
"2023-06-21",150,87
"2023-06-22",147,88
"2023-06-23",146,89
"2023-06-24",142,90
"2023-06-25",139,90
"2023-06-26",135,90
"2023-06-27",131,90
"2023-06-28",127,89
"2023-06-29",125,88
"2023-06-30",122,89
"2023-07-01",119,89
"2023-07-02",118,89
"2023-07-03",118,89
"2023-07-04",117,88
"2023-07-05",116,88
"2023-07-06",114,89
"2023-07-07",113,88
"2023-07-08",111,88
"2023-07-09",108,87
"2023-07-10",106,86
"2023-07-11",104,86
"2023-07-12",101,86
"2023-07-13",99,85
"2023-07-14",95,85
"2023-07-15",93,86
"2023-07-16",91,86
"2023-07-17",90,85
"2023-07-18",87,84
"2023-07-19",85,83
"2023-07-20",81,84
"2023-07-21",80,85
"2023-07-22",81,87
"2023-07-23",80,87
"2023-07-24",79,87
"2023-07-25",77,88
"2023-07-26",76,88
"2023-07-27",75,87
"2023-07-28",74,86
"2023-07-29",74,85
"2023-07-30",73,84
"2023-07-31",72,84
"2023-08-01",71,83
"2023-08-02",70,84
"2023-08-03",71,84
"2023-08-04",71,84
"2023-08-05",70,83
"2023-08-06",69,82
"2023-08-07",68,81
"2023-08-08",67,80
"2023-08-09",66,79
"2023-08-10",65,77
"2023-08-11",64,77
"2023-08-12",62,76
"2023-08-13",61,74
"2023-08-14",60,73
"2023-08-15",58,72
"2023-08-16",57,71
"2023-08-17",56,71
"2023-08-18",55,70
"2023-08-19",57,70
"2023-08-20",58,70
"2023-08-21",60,69
"2023-08-22",62,69
"2023-08-23",63,68
"2023-08-24",64,67
"2023-08-25",64,66
"2023-08-26",65,67
"2023-08-27",66,68
"2023-08-28",67,69
"2023-08-29",68,69
"2023-08-30",69,68
"2023-08-31",70,68
"2023-09-01",71,68
"2023-09-02",74,68
"2023-09-03",73,68
"2023-09-04",72,68
"2023-09-05",72,68
"2023-09-06",71,68
"2023-09-07",70,68
"2023-09-08",69,68
"2023-09-09",69,68
"2023-09-10",68,68
"2023-09-11",68,68
"2023-09-12",67,67
"2023-09-13",66,67
"2023-09-14",66,67
"2023-09-15",65,70
"2023-09-16",67,70
"2023-09-17",69,70
"2023-09-18",70,70
"2023-09-19",71,70
"2023-09-20",73,70
"2023-09-21",73,70
"2023-09-22",73,70
"2023-09-23",73,70
"2023-09-24",72,70
"2023-09-25",72,70
"2023-09-26",71,70
"2023-09-27",71,70
"2023-09-28",72,70
"2023-09-29",70,71
"2023-09-30",72,70
"2023-10-01",73,70
"2023-10-02",74,71
"2023-10-03",74,71
"2023-10-04",75,71
"2023-10-05",76,72
"2023-10-06",78,73
"2023-10-07",80,74
"2023-10-08",82,75
"2023-10-09",85,76
"2023-10-10",87,77
"2023-10-11",88,77
"2023-10-12",89,79
"2023-10-13",89,79
"2023-10-14",89,79
"2023-10-15",89,79
"2023-10-16",89,79
"2023-10-17",88,79
"2023-10-18",88,79
"2023-10-19",87,79
"2023-10-20",86,79
"2023-10-21",87,80
"2023-10-22",88,80
"2023-10-23",90,81
"2023-10-24",91,82
"2023-10-25",93,82
"2023-10-26",96,82
"2023-10-27",100,85
"2023-10-28",104,85
"2023-10-29",108,88
"2023-10-30",112,88
"2023-10-31",116,90
"2023-11-01",121,90
"2023-11-02",120,90
"2023-11-03",120,90
"2023-11-04",119,89
"2023-11-05",119,89
"2023-11-06",118,90
"2023-11-07",117,89
"2023-11-08",117,89
"2023-11-09",116,89
"2023-11-10",114,88
"2023-11-11",112,88
"2023-11-12",113,88
"2023-11-13",113,88
"2023-11-14",114,88
"2023-11-15",115,88
"2023-11-16",114,88
"2023-11-17",115,88
"2023-11-18",116,88
"2023-11-19",116,87
"2023-11-20",115,87
"2023-11-21",115,87
"2023-11-22",115,87
"2023-11-23",115,87
"2023-11-24",117,87
"2023-11-25",118,87
"2023-11-26",119,86
"2023-11-27",120,86
"2023-11-28",122,86
"2023-11-29",122,86
"2023-11-30",122,86
"2023-12-01",124,86
"2023-12-02",126,86
"2023-12-03",126,86
"2023-12-04",126,85
"2023-12-05",127,85
"2023-12-06",129,84
"2023-12-07",129,85
"2023-12-08",130,85
"2023-12-09",130,85
"2023-12-10",130,84
"2023-12-11",130,84
"2023-12-12",130,84
"2023-12-13",131,84
"2023-12-14",129,85
"2023-12-15",131,85
"2023-12-16",130,84
"2023-12-17",128,84
"2023-12-18",128,84
"2023-12-19",128,84
"2023-12-20",129,84
"2023-12-21",129,84
"2023-12-22",129,84
"2023-12-23",131,84
"2023-12-24",133,85
"2023-12-25",135,85
"2023-12-26",133,85
"2023-12-27",132,85
"2023-12-28",132,85
"2023-12-29",132,85
"2023-12-30",133,85
"2023-12-31",133,85
"2024-01-01",133,85
"2024-01-02",139,86
"2024-01-03",141,87
"2024-01-04",143,87
"2024-01-05",142,88
"2024-01-06",142,88
"2024-01-07",141,88
"2024-01-08",142,89
"2024-01-09",139,89
"2024-01-10",139,89
"2024-01-11",138,89
"2024-01-12",137,89
"2024-01-13",136,89
"2024-01-14",135,89
"2024-01-15",135,88
"2024-01-16",136,88
"2024-01-17",133,88
"2024-01-18",134,88
"2024-01-19",136,88
"2024-01-20",137,88
"2024-01-21",139,89
"2024-01-22",153,103
"2024-01-23",161,111
"2024-01-24",169,120
"2024-01-25",175,130
"2024-01-26",185,138
"2024-01-27",196,150
"2024-01-28",208,164
"2024-01-29",205,164
"2024-01-30",203,163
"2024-01-31",199,165
"2024-02-01",196,165
"2024-02-02",195,169
"2024-02-03",194,170
"2024-02-04",194,170
"2024-02-05",193,171
"2024-02-06",192,173
"2024-02-07",191,174
"2024-02-08",188,175
"2024-02-09",186,175
"2024-02-10",186,175
"2024-02-11",184,175
"2024-02-12",183,174
"2024-02-13",181,174
"2024-02-14",180,174
"2024-02-15",179,173
"2024-02-16",179,172
"2024-02-17",178,171
"2024-02-18",179,170
"2024-02-19",178,169
"2024-02-20",176,168
"2024-02-21",175,166
"2024-02-22",176,165
"2024-02-23",175,163
"2024-02-24",174,161
"2024-02-25",172,160
"2024-02-26",170,157
"2024-02-27",169,156
"2024-02-28",169,155
"2024-02-29",168,157
"2024-03-01",168,159
"2024-03-02",166,159
"2024-03-03",165,158
"2024-03-04",163,158
"2024-03-05",162,156
"2024-03-06",162,155
"2024-03-07",161,156
"2024-03-08",160,156
"2024-03-09",157,157
"2024-03-10",154,158
"2024-03-11",152,159
"2024-03-12",152,159
"2024-03-13",152,158
"2024-03-14",152,158
"2024-03-15",154,157
"2024-03-16",156,156
"2024-03-17",158,156
"2024-03-18",160,155
"2024-03-19",159,155
"2024-03-20",160,151
"2024-03-21",162,150
"2024-03-22",162,148
"2024-03-23",162,145
"2024-03-24",162,143
"2024-03-25",162,140
"2024-03-26",162,138
"2024-03-27",162,136
"2024-03-28",161,135
"2024-03-29",161,134
"2024-03-30",159,133
"2024-03-31",156,132
"2024-04-01",154,132
"2024-04-02",152,130
"2024-04-03",149,130
"2024-04-04",147,129
"2024-04-05",148,129
"2024-04-06",148,128
"2024-04-07",149,128
"2024-04-08",147,129
"2024-04-09",147,128
"2024-04-10",150,128
"2024-04-11",152,127
"2024-04-12",154,126
"2024-04-13",155,126
"2024-04-14",156,126
"2024-04-15",157,124
"2024-04-16",156,122
"2024-04-17",155,122
"2024-04-18",152,123
"2024-04-19",152,123
"2024-04-20",150,122
"2024-04-21",148,121
"2024-04-22",147,120
"2024-04-23",146,120
"2024-04-24",143,120
"2024-04-25",143,119
"2024-04-26",144,117
"2024-04-27",146,116
"2024-04-28",147,120
"2024-04-29",149,123
"2024-04-30",150,127
"2024-05-01",149,131
"2024-05-02",150,131
"2024-05-03",150,131
"2024-05-04",150,130
"2024-05-05",149,129
"2024-05-06",148,128
"2024-05-07",146,128
"2024-05-08",145,129
"2024-05-09",144,131
"2024-05-10",144,134
"2024-05-11",144,135
"2024-05-12",143,136
"2024-05-13",140,136
"2024-05-14",138,135
"2024-05-15",135,135
"2024-05-16",132,134
"2024-05-17",129,134
"2024-05-18",127,133
"2024-05-19",124,132
"2024-05-20",121,131
"2024-05-21",119,130
"2024-05-22",116,129
"2024-05-23",114,128
"2024-05-24",111,128
"2024-05-25",109,126
"2024-05-26",105,123
"2024-05-27",102,121
"2024-05-28",98,118
"2024-05-29",97,116
"2024-05-30",95,115
"2024-05-31",94,114
"2024-06-01",92,114
"2024-06-02",91,114
"2024-06-03",90,114
"2024-06-04",88,112
"2024-06-05",89,111
"2024-06-06",87,112
"2024-06-07",85,111
"2024-06-08",83,113
"2024-06-09",84,113
"2024-06-10",87,112
"2024-06-11",90,112
"2024-06-12",93,111
"2024-06-13",94,111
"2024-06-14",96,111
"2024-06-15",99,112
"2024-06-16",98,112
"2024-06-17",97,110
"2024-06-18",96,110
"2024-06-19",97,111
"2024-06-20",98,112
"2024-06-21",94,112
"2024-06-22",94,112
"2024-06-23",93,112
"2024-06-24",93,112
"2024-06-25",92,112
"2024-06-26",92,111
"2024-06-27",91,111
"2024-06-28",91,111
"2024-06-29",90,112
"2024-06-30",90,111
"2024-07-01",89,110
"2024-07-02",89,110
"2024-07-03",86,110
"2024-07-04",85,110
"2024-07-05",84,110
"2024-07-06",88,109
"2024-07-07",91,109
"2024-07-08",95,108
"2024-07-09",99,107
"2024-07-10",98,107
"2024-07-11",98,107
"2024-07-12",98,107
"2024-07-13",99,108
"2024-07-14",99,107
"2024-07-15",100,107
"2024-07-16",99,106
"2024-07-17",99,105
"2024-07-18",97,107
"2024-07-19",96,109
"2024-07-20",98,108
"2024-07-21",99,107
"2024-07-22",100,107
"2024-07-23",104,108
"2024-07-24",106,108
"2024-07-25",108,108
"2024-07-26",111,107
"2024-07-27",113,108
"2024-07-28",116,108
"2024-07-29",118,107
"2024-07-30",121,107
"2024-07-31",123,106
"2024-08-01",126,105
"2024-08-02",125,106
"2024-08-03",123,106
"2024-08-04",121,106
"2024-08-05",120,106
"2024-08-06",118,105
"2024-08-07",116,105
"2024-08-08",115,105
"2024-08-09",114,105
"2024-08-10",111,106
"2024-08-11",111,106
"2024-08-12",107,107
"2024-08-13",104,107
"2024-08-14",101,107
"2024-08-15",98,105
"2024-08-16",96,103
"2024-08-17",94,102
"2024-08-18",92,100
"2024-08-19",90,98
"2024-08-20",89,94
"2024-08-21",86,94
"2024-08-22",83,94
"2024-08-23",83,93
"2024-08-24",82,93
"2024-08-25",82,94
"2024-08-26",81,92
"2024-08-27",81,93
"2024-08-28",81,93
"2024-08-29",81,93
"2024-08-30",81,94
"2024-08-31",82,94
"2024-09-01",84,94
"2024-09-02",86,94
"2024-09-03",89,96
"2024-09-04",92,96
"2024-09-05",94,97
"2024-09-06",97,98
"2024-09-07",100,98
"2024-09-08",101,98
"2024-09-09",101,98
"2024-09-10",100,98
"2024-09-11",100,98
"2024-09-12",99,98
"2024-09-13",96,98
"2024-09-14",96,96
"2024-09-15",93,94
"2024-09-16",91,92
"2024-09-17",89,91
"2024-09-18",87,89
"2024-09-19",85,88
"2024-09-20",83,88
"2024-09-21",82,88
"2024-09-22",81,88
"2024-09-23",79,87
"2024-09-24",78,87
"2024-09-25",76,86
"2024-09-26",76,86
"2024-09-27",76,85
"2024-09-28",75,85
"2024-09-29",75,85
"2024-09-30",75,85
"2024-10-01",74,85
"2024-10-02",74,85
"2024-10-03",73,85
"2024-10-04",73,85
"2024-10-05",74,85
"2024-10-06",74,85
"2024-10-07",74,83
"2024-10-08",74,82
"2024-10-09",72,83
"2024-10-10",72,84
"2024-10-11",70,84
"2024-10-12",68,85
"2024-10-13",66,86
"2024-10-14",64,86
"2024-10-15",63,86
"2024-10-16",61,87
"2024-10-17",59,87
"2024-10-18",58,88
"2024-10-19",58,89
"2024-10-20",57,89
"2024-10-21",56,90
"2024-10-22",55,90
"2024-10-23",56,91
"2024-10-24",56,91
"2024-10-25",55,91
"2024-10-26",56,91
"2024-10-27",56,91
"2024-10-28",57,92
"2024-10-29",57,91
"2024-10-30",58,91
"2024-10-31",58,91
"2024-11-01",59,89
"2024-11-02",61,88
"2024-11-03",63,86
"2024-11-04",65,84
"2024-11-05",67,84
"2024-11-06",69,82
"2024-11-07",71,81
"2024-11-08",73,82
"2024-11-09",75,82
"2024-11-10",74,81
"2024-11-11",73,81
"2024-11-12",73,80
"2024-11-13",72,81
"2024-11-14",72,81
"2024-11-15",72,81
"2024-11-16",73,81
"2024-11-17",72,81
"2024-11-18",72,80
"2024-11-19",71,80
"2024-11-20",70,80
"2024-11-21",70,80
"2024-11-22",68,80
"2024-11-23",68,80
"2024-11-24",66,80
"2024-11-25",64,80
"2024-11-26",62,81
"2024-11-27",62,81
"2024-11-28",62,82
"2024-11-29",61,82
"2024-11-30",61,83
"2024-12-01",60,83
"2024-12-02",60,83
"2024-12-03",58,83
"2024-12-04",58,84
"2024-12-05",57,84
"2024-12-06",56,83
"2024-12-07",56,83
"2024-12-08",55,84
"2024-12-09",55,84
"2024-12-10",55,84
"2024-12-11",55,84
"2024-12-12",56,84
"2024-12-13",58,84
"2024-12-14",59,85
"2024-12-15",60,85
"2024-12-16",62,85
"2024-12-17",63,85
"2024-12-18",62,85
"2024-12-19",61,84
"2024-12-20",60,84
"2024-12-21",61,84
"2024-12-22",62,84
"2024-12-23",63,84
"2024-12-24",64,84
"2024-12-25",65,84
"2024-12-26",66,84
"2024-12-27",67,83
"2024-12-28",66,83
"2024-12-29",66,82
"2024-12-30",65,82
"2024-12-31",65,81
"2025-01-01",64,81
"2025-01-02",63,81
"2025-01-03",62,82
"2025-01-04",62,82
"2025-01-05",63,81
"2025-01-06",63,81
"2025-01-07",63,81
"2025-01-08",63,82
"2025-01-09",64,82
"2025-01-10",66,83
"2025-01-11",67,83
"2025-01-12",68,83
"2025-01-13",69,84
"2025-01-14",72,84
"2025-01-15",72,84
"2025-01-16",73,84
"2025-01-17",75,84
"2025-01-18",74,84
"2025-01-19",75,83
"2025-01-20",76,83
"2025-01-21",78,83
"2025-01-22",77,83
"2025-01-23",76,83
"2025-01-24",76,84
"2025-01-25",76,85
"2025-01-26",77,85
"2025-01-27",79,84
"2025-01-28",81,85
"2025-01-29",83,85
"2025-01-30",84,85
"2025-01-31",85,85
"2025-02-01",85,85
"2025-02-02",86,85
"2025-02-03",86,85
"2025-02-04",85,84
"2025-02-05",84,85
"2025-02-06",84,85
"2025-02-07",83,85
"2025-02-08",83,84
"2025-02-09",84,84
"2025-02-10",85,84
"2025-02-11",85,84
"2025-02-12",86,84
"2025-02-13",86,84
"2025-02-14",88,85
"2025-02-15",89,85
"2025-02-16",90,84
"2025-02-17",89,84
"2025-02-18",87,84
"2025-02-19",86,84
"2025-02-20",87,84
"2025-02-21",87,84
"2025-02-22",89,85
"2025-02-23",89,85
"2025-02-24",90,85
"2025-02-25",91,85
"2025-02-26",91,86
"2025-02-27",91,86
"2025-02-28",90,86
"2025-03-01",88,86
"2025-03-02",87,86
"2025-03-03",86,86
"2025-03-04",84,85
"2025-03-05",84,84
"2025-03-06",83,85
"2025-03-07",82,85
"2025-03-08",82,85
"2025-03-09",80,85
"2025-03-10",80,85
"2025-03-11",78,86
"2025-03-12",74,86
"2025-03-13",74,85
"2025-03-14",74,85
"2025-03-15",73,85
"2025-03-16",72,85
"2025-03-17",70,84
"2025-03-18",69,85
"2025-03-19",67,85
"2025-03-20",65,85
"2025-03-21",64,86
"2025-03-22",62,86
"2025-03-23",62,87
"2025-03-24",62,86
"2025-03-25",62,86
"2025-03-26",64,87
"2025-03-27",66,88
"2025-03-28",66,87
"2025-03-29",68,86
"2025-03-30",69,86
"2025-03-31",71,86
"2025-04-01",72,87
"2025-04-02",74,86
"2025-04-03",76,86
"2025-04-04",77,86
"2025-04-05",75,86
"2025-04-06",73,86
"2025-04-07",72,86
"2025-04-08",70,86
"2025-04-09",68,86
"2025-04-10",66,86
"2025-04-11",65,86
"2025-04-12",63,86
"2025-04-13",61,86
"2025-04-14",60,86
"2025-04-15",57,86
"2025-04-16",57,86
"2025-04-17",55,86
"2025-04-18",55,86
"2025-04-19",55,87
"2025-04-20",57,87
"2025-04-21",60,87
"2025-04-22",61,87
"2025-04-23",66,88
"2025-04-24",69,88
"2025-04-25",72,88
"2025-04-26",76,88
"2025-04-27",75,88
"2025-04-28",75,88
"2025-04-29",74,88
"2025-04-30",73,88
"2025-05-01",72,87
"2025-05-02",70,87
"2025-05-03",69,86
"2025-05-04",68,86
"2025-05-05",66,88
"2025-05-06",65,88
"2025-05-07",64,88
"2025-05-08",62,88
"2025-05-09",61,88
"2025-05-10",60,88
"2025-05-11",59,88
"2025-05-12",58,89
"2025-05-13",57,87
"2025-05-14",56,86
"2025-05-15",54,85
"2025-05-16",53,85
"2025-05-17",52,85
"2025-05-18",51,84
"2025-05-19",51,83
"2025-05-20",50,83
"2025-05-21",49,82
"2025-05-22",48,80
"2025-05-23",52,81
"2025-05-24",53,81
"2025-05-25",54,80
"2025-05-26",61,80
"2025-05-27",68,80
"2025-05-28",72,81
"2025-05-29",78,82
"2025-05-30",83,84
"2025-05-31",89,85
"2025-06-01",85,87
"2025-06-02",90,88
"2025-06-03",95,88
"2025-06-04",101,89
"2025-06-05",107,89
"2025-06-06",105,89
"2025-06-07",103,89
"2025-06-08",101,89
"2025-06-09",99,88
"2025-06-10",96,88
"2025-06-11",95,88
"2025-06-12",98,93
"2025-06-13",101,94
"2025-06-14",105,96
"2025-06-15",108,96
"2025-06-16",112,99
"2025-06-17",116,101
"2025-06-18",120,103
"2025-06-19",124,103
"2025-06-20",128,103
"2025-06-21",132,102
"2025-06-22",136,102
"2025-06-23",141,102
"2025-06-24",140,103
"2025-06-25",138,103
"2025-06-26",137,102
"2025-06-27",136,102
"2025-06-28",138,103
"2025-06-29",142,102
"2025-06-30",134,100
"2025-07-01",133,100
"2025-07-02",129,99
"2025-07-03",132,100
"2025-07-04",136,101
"2025-07-05",139,104
"2025-07-06",143,100
"2025-07-07",146,102
"2025-07-08",150,102
"2025-07-09",154,104
"2025-07-10",158,102
"2025-07-11",162,101
"2025-07-12",166,103
"2025-07-13",162,103
"2025-07-14",158,104
"2025-07-15",155,108
"2025-07-16",147,108
"2025-07-17",146,108
"2025-07-18",146,108
"2025-07-19",144,108
"2025-07-20",146,108
"2025-07-21",143,107
"2025-07-22",140,107
"2025-07-23",138,106
"2025-07-24",132,106
"2025-07-25",128,107
"2025-07-26",128,106
"2025-07-27",131,106
"2025-07-28",127,105
"2025-07-29",125,105
"2025-07-30",115,104
"2025-07-31",115,103
"2025-08-01",112,102
"2025-08-02",111,102
"2025-08-03",113,101
"2025-08-04",112,101
"2025-08-05",111,100
"2025-08-06",102,99
"2025-08-07",101,98
"2025-08-08",99,98
"2025-08-09",99,98
"2025-08-10",100,99
"2025-08-11",98,99
"2025-08-12",95,98
"2025-08-13",86,98
"2025-08-14",86,99
"2025-08-15",86,100
"2025-08-16",86,101
"2025-08-17",92,101
"2025-08-18",89,102
"2025-08-19",84,103
"2025-08-20",83,102
"2025-08-21",82,102
"2025-08-22",81,102
"2025-08-23",82,101
"2025-08-24",83,101
"2025-08-25",80,100
"2025-08-26",76,100
"2025-08-27",74,100
"2025-08-28",73,100
"2025-08-29",73,100
"2025-08-30",76,100
"2025-08-31",80,101
"2025-09-01",83,101
"2025-09-02",87,99
"2025-09-03",88,99
"2025-09-04",86,99
"2025-09-05",88,98
"2025-09-06",85,96
"2025-09-07",103,95
"2025-09-08",106,94
"2025-09-09",106,93
"2025-09-10",102,94
"2025-09-11",101,93
"2025-09-12",101,92
"2025-09-13",101,92
"2025-09-14",101,91
"2025-09-15",99,89
"2025-09-16",89,88
"2025-09-17",88,88
"2025-09-18",88,88
"2025-09-19",88,84
"2025-09-20",89,86
"2025-09-21",88,89
"2025-09-22",89,87
"2025-09-23",87,87
"2025-09-24",86,89
"2025-09-25",88,89
"2025-09-26",91,88
"2025-09-27",88,89
"2025-09-28",88,89
"2025-09-29",87,89
"2025-09-30",81,90
"2025-10-01",78,89
"2025-10-02",78,90
"2025-10-03",77,89
"2025-10-04",77,90
"2025-10-05",81,90
"2025-10-06",79,89
"2025-10-07",74,89
"2025-10-08",73,89
"2025-10-09",71,89
"2025-10-10",70,89
"2025-10-11",68,90
"2025-10-12",67,90
"2025-10-13",66,89
"2025-10-14",65,88
"2025-10-15",64,88
"2025-10-16",63,88
"2025-10-17",62,87
"2025-10-18",62,88
"2025-10-19",63,87
"2025-10-20",63,88
"2025-10-21",59,88
"2025-10-22",56,88
"2025-10-23",55,88
"2025-10-24",56,88
"2025-10-25",57,90
"2025-10-26",58,88
"2025-10-27",59,88
"2025-10-28",60,88
"2025-10-29",61,87
"2025-10-30",62,88
"2025-10-31",62,88
"2025-11-01",63,88
"2025-11-02",64,88
"2025-11-03",64,88
"2025-11-04",63,87
"2025-11-05",63,87
"2025-11-06",62,87
"2025-11-07",62,87
"2025-11-08",61,86
"2025-11-09",62,86
"2025-11-10",62,86
"2025-11-11",60,86
"2025-11-12",60,86
"2025-11-13",60,86
"2025-11-14",62,87
"2025-11-15",62,87
"2025-11-16",64,87
"2025-11-17",65,86
"2025-11-18",62,86
"2025-11-19",62,86
"2025-11-20",71,88
"2025-11-21",84,84
"2025-11-22",72,84
"2025-11-23",69,84
"2025-11-24",70,84
"2025-11-25",68,84
"2025-11-26",68,83
"2025-11-27",66,84
"2025-11-28",68,84
"2025-11-29",71,84
"2025-11-30",73,82
"2025-12-01",72,83
"2025-12-02",74,83
"2025-12-03",74,82
"2025-12-04",73,82
"2025-12-05",72,79
"2025-12-06",76,79
"2025-12-07",77,79
"2025-12-08",72,77
"2025-12-09",69,79
"2025-12-10",68,79
"2025-12-11",64,79
"2025-12-12",64,79
"2025-12-13",65,79
"2025-12-14",64,78
"2025-12-15",62,80
"2025-12-16",63,81
"2025-12-17",65,80
"2025-12-18",67,80
"2025-12-19",70,81
"2025-12-20",72,82
"2025-12-21",76,82
"2025-12-22",76,82
"2025-12-23",75,82
"2025-12-24",76,83
"2025-12-25",80,83
"2025-12-26",82,83
"2025-12-27",83,84
"2025-12-28",87,84
"2025-12-29",83,82
"2025-12-30",83,83
"2025-12-31",83,83
"2026-01-01",83,85
"2026-01-02",83,86
"2026-01-03",82,86
"2026-01-04",82,87
"2026-01-05",81,87
"2026-01-06",76,87
"2026-01-07",75,87
"2026-01-08",73,88
"2026-01-09",71,87
"2026-01-10",71,86
"2026-01-11",73,86
"2026-01-12",73,85
"2026-01-13",70,86
"2026-01-14",69,85
"2026-01-15",69,84
"2026-01-16",71,85
"2026-01-17",71,84
"2026-01-18",71,83
"2026-01-19",71,82
"2026-01-20",71,81
"2026-01-21",71,81
"2026-01-22",71,81
"2026-01-23",73,81
"2026-01-24",78,81
"2026-01-25",75,80
"2026-01-26",71,79
"2026-01-27",69,80
"2026-01-28",70,81
"2026-01-29",70,82
"2026-01-30",73,81
"2026-01-31",74,81
"2026-02-01",72,82
"2026-02-02",74,83
"2026-02-03",75,82
"2026-02-04",74,81
"2026-02-05",74,82
"2026-02-06",74,82
"2026-02-07",75,82
"2026-02-08",75,82
"2026-02-09",77,82
"2026-02-10",74,82
"2026-02-11",72,82
"2026-02-12",71,82
"2026-02-13",72,82
"2026-02-14",78,83
"2026-02-15",76,83
"2026-02-16",75,82
"2026-02-17",73,81
"2026-02-18",72,81
"2026-02-19",68,79
"2026-02-20",69,78
"2026-02-21",67,77
"2026-02-22",68,76
"2026-02-23",67,77
"2026-02-24",68,78
"2026-02-25",68,78
"2026-02-26",67,78
"2026-02-27",66,78
"2026-02-28",65,77
"2026-03-01",65,77
"2026-03-02",65,76
"2026-03-03",64,76
"2026-03-04",64,79
"2026-03-05",60,79
"2026-03-06",61,79
"2026-03-07",65,79
"2026-03-08",70,78
"2026-03-09",65,79
"2026-03-10",68,79
"2026-03-11",69,79
"2026-03-12",65,77
"2026-03-13",65,78
"2026-03-14",68,79
"2026-03-15",70,78
"2026-03-16",66,74
"2026-03-17",64,75
"2026-03-18",65,75
"2026-03-19",65,77
"2026-03-20",63,77
"2026-03-21",63,76
"2026-03-22",65,76
"2026-03-23",63,74
"2026-03-24",61,75
"2026-03-25",59,75
"2026-03-26",57,74
"2026-03-27",55,73
"2026-03-28",54,72
"2026-03-29",56,74
"2026-03-30",56,74
"2026-03-31",55,73
"2026-04-01",53,72
"2026-04-02",55,72
"2026-04-03",56,73
"2026-04-04",56,73
"2026-04-05",57,73
"2026-04-06",58,73
"2026-04-07",59,74
"2026-04-08",59,74
"2026-04-09",60,74
"2026-04-10",60,74
"2026-04-11",60,75
"2026-04-12",67,76
"2026-04-13",62,77
"2026-04-14",61,76
"2026-04-15",61,75
"2026-04-16",59,74
"2026-04-17",60,75
"2026-04-18",60,76
"2026-04-19",65,78
"2026-04-20",72,84
"2026-04-21",79,87
"2026-04-22",87,86
"2026-04-23",96,86
"2026-04-24",105,86
"2026-04-25",116,85
"2026-04-26",121,84
"2026-04-27",120,83
"2026-04-28",126,83
"2026-04-29",131,83
"2026-04-30",136,83
"2026-05-01",141,89
"2026-05-02",146,93
"2026-05-03",152,93
"2026-05-04",157,93
"2026-05-05",152,92
"2026-05-06",151,92
"2026-05-07",147,91
"2026-05-08",145,91
"2026-05-09",144,91
"2026-05-10",143,91
"2026-05-11",142,90
"2026-05-12",142,88
"2026-05-13",141,87
"2026-05-14",140,86
"2026-05-15",141,85
"2026-05-16",143,86
"2026-05-17",142,85
"2026-05-18",140,85
"2026-05-19",137,85
"2026-05-20",142,85
"2026-05-21",147,85
"2026-05-22",152,85
"2026-05-23",152,85
"2026-05-24",154,85
"2026-05-25",154,86
"2026-05-26",155,88
"2026-05-27",157,88
"2026-05-28",158,87
"2026-05-29",160,88
"2026-05-30",161,88
"2026-05-31",160,88
"2026-06-01",157,87
"2026-06-02",159,87
"2026-06-03",157,85
"2026-06-04",159,86
"2026-06-05",159,89
"2026-06-06",160,87
"2026-06-07",160,87
"2026-06-08",161,87
"2026-06-09",162,87
"2026-06-10",161,87
"2026-06-11",161,87
"2026-06-12",157,86
"2026-06-13",155,85
"2026-06-14",157,85
"2026-06-15",162,86
"2026-06-16",166,88
"2026-06-17",170,91
"2026-06-18",173,93
"2026-06-19",176,96
"2026-06-20",177,98
"2026-06-21",177,101
"2026-06-22",178,103
"2026-06-23",178,106
"2026-06-24",179,108
"2026-06-25",177,107
"2026-06-26",178,107
"2026-06-27",179,108
"2026-06-28",179,107
"2026-06-29",177,106
"2026-06-30",175,105
"2026-07-01",171,103
"2026-07-02",167,103
"2026-07-03",164,102
"2026-07-04",165,102
"2026-07-05",164,100
"2026-07-06",160,98
"2026-07-07",154,97
"2026-07-08",152,95
"2026-07-09",151,95
"2026-07-10",148,94
"2026-07-11",153,95
"2026-07-12",158,95
"2026-07-13",163,94
"2026-07-14",170,96
"2026-07-15",178,104
"2026-07-16",185,110
"2026-07-17",187,112
"2026-07-18",189,113
"2026-07-19",191,113
"2026-07-20",231,132
"2026-07-21",229,132
"2026-07-22",228,133
"2026-07-23",225,133
"2026-07-24",230,133
"2026-07-25",229,133
"2026-07-26",229,132
"2026-07-27",226,131
"2026-07-28",223,131
"2026-07-29",222,130
"2026-07-30",222,129
"2026-07-31",220,129