"Day","Bexar J-17 Daily High Water Level (ft amsl)","Uvalde J-27 WL Daily High Water Level (ft amsl)"
"1932-11-12",675.6,
"1932-11-13",675.82,
"1932-11-14",675.97,
"1932-11-15",675.92,
"1932-11-16",675.74,
"1932-11-17",675.88,
"1932-11-18",675.88,
"1932-11-19",675.92,
"1932-11-20",675.97,
"1932-11-21",676.02,
"1932-11-22",675.92,
"1932-11-23",675.98,
"1932-11-24",675.9,
"1932-11-25",675.98,
"1932-11-26",675.9,
"1932-11-27",675.92,
"1932-11-28",675.87,
"1932-11-29",675.84,
"1932-11-30",675.92,
"1932-12-01",675.93,
"1932-12-03",675.72,
"1932-12-04",675.64,
"1932-12-05",675.74,
"1932-12-06",675.88,
"1932-12-07",675.83,
"1932-12-08",675.81,
"1932-12-09",675.94,
"1932-12-10",675.9,
"1932-12-14",677,
"1932-12-15",675.99,
"1932-12-16",676.01,
"1932-12-17",675.84,
"1932-12-18",675.81,
"1932-12-19",675.88,
"1932-12-20",675.91,
"1932-12-21",675.94,
"1932-12-23",676.05,
"1932-12-24",676.03,
"1932-12-25",675.95,
"1932-12-26",676.01,
"1932-12-27",676.04,
"1932-12-28",676.03,
"1932-12-29",676.04,
"1932-12-30",676.1,
"1932-12-31",675.81,
"1933-01-01",675.77,
"1933-01-02",675.89,
"1933-01-03",675.94,
"1933-01-04",675.99,
"1933-01-05",675.91,
"1933-01-06",675.86,
"1933-01-07",675.96,
"1933-01-08",675.95,
"1933-01-09",675.98,
"1933-01-10",676.02,
"1933-01-11",676.08,
"1933-01-12",676,
"1933-01-13",676,
"1933-01-14",675.98,
"1933-01-15",676.11,
"1933-01-16",676.18,
"1933-01-17",676.19,
"1933-01-18",676.19,
"1933-01-19",676.15,
"1933-01-20",676.16,
"1933-01-21",676.21,
"1933-01-22",676.21,
"1933-01-24",676.26,
"1933-01-25",676.2,
"1933-01-26",676.18,
"1933-01-27",676.08,
"1933-01-28",676.06,
"1933-01-29",676.19,
"1933-01-30",676.18,
"1933-01-31",676.13,
"1933-02-03",676.2,
"1933-02-04",675.98,
"1933-02-05",675.93,
"1933-02-06",676.09,
"1933-02-07",676.16,
"1933-02-08",675.68,
"1933-02-09",675.38,
"1933-02-10",675.46,
"1933-02-16",677.01,
"1933-02-17",676.93,
"1933-02-18",676.97,
"1933-02-19",676.96,
"1933-02-20",676.9,
"1933-02-21",676.82,
"1933-02-22",676.81,
"1933-02-23",676.81,
"1933-02-28",675.94,
"1933-03-01",675.95,
"1933-03-02",676.1,
"1933-03-03",676.08,
"1933-03-04",676.08,
"1933-03-05",676.19,
"1933-03-06",676.23,
"1933-03-07",676.29,
"1933-03-08",676.3,
"1933-03-09",676.25,
"1933-03-10",676.1,
"1933-03-11",676.14,
"1933-03-12",676.18,
"1933-03-13",676.24,
"1933-03-14",676.19,
"1933-03-15",676.01,
"1933-03-16",675.97,
"1933-03-17",675.94,
"1933-03-18",676.01,
"1933-03-19",675.93,
"1933-03-20",675.98,
"1933-03-21",675.89,
"1933-03-22",675.89,
"1933-03-23",675.66,
"1933-03-24",675.66,
"1933-03-25",675.57,
"1933-03-26",675.61,
"1933-03-27",675.74,
"1933-03-28",675.78,
"1933-03-29",675.84,
"1933-04-14",674.9,
"1933-04-15",675.3,
"1933-04-16",675.13,
"1933-04-17",675.18,
"1933-04-18",675.06,
"1933-04-25",675.05,
"1933-04-26",675.08,
"1933-04-27",674.93,
"1933-04-28",674.66,
"1933-04-29",674.56,
"1933-04-30",674.5,
"1933-05-01",674.59,
"1933-05-02",674.18,
"1933-05-03",674.14,
"1933-05-04",674.26,
"1933-05-05",674.06,
"1933-05-06",674.11,
"1933-05-07",674.11,
"1933-05-17",673.84,
"1933-05-18",673.71,
"1933-05-19",673.65,
"1933-05-20",673.69,
"1933-05-21",673.68,
"1933-05-22",673.84,
"1933-05-23",673.56,
"1933-05-24",673.49,
"1933-06-02",674.13,
"1933-06-03",673.94,
"1933-06-04",673.92,
"1933-06-05",674,
"1933-06-06",673.83,
"1933-06-07",673.76,
"1933-06-08",673.59,
"1933-06-09",673.49,
"1933-06-22",673.7,
"1933-06-23",673.55,
"1933-06-24",673.4,
"1933-06-25",673.33,
"1933-06-26",673.43,
"1933-06-27",673.12,
"1933-06-28",673.05,
"1933-06-29",672.88,
"1933-07-08",672.98,
"1933-07-09",673.02,
"1933-07-10",673.18,
"1933-07-11",672.85,
"1933-07-12",672.57,
"1933-07-13",672.43,
"1933-07-14",672.38,
"1933-07-15",672.3,
"1933-07-16",672.37,
"1933-07-17",672.62,
"1933-07-18",672.34,
"1933-07-19",672.15,
"1933-07-20",672.11,
"1933-07-21",671.94,
"1933-07-22",671.94,
"1933-07-23",672.06,
"1933-07-24",672.25,
"1933-07-25",671.99,
"1933-07-26",671.99,
"1933-07-27",671.79,
"1933-07-28",671.74,
"1933-07-29",671.87,
"1933-07-30",672.36,
"1933-07-31",672.7,
"1933-08-01",672.69,
"1933-08-02",672.78,
"1933-08-03",672.76,
"1933-08-04",672.63,
"1933-08-05",672.6,
"1933-08-06",672.62,
"1933-08-07",672.69,
"1933-08-08",672.53,
"1933-08-09",672.45,
"1933-08-10",672.32,
"1933-08-11",672.3,
"1933-08-12",672.31,
"1933-08-13",672.28,
"1933-08-14",672.48,
"1933-08-15",672.07,
"1933-08-16",672.45,
"1933-08-17",672.51,
"1933-08-18",672.56,
"1933-08-19",672.58,
"1933-08-20",672.66,
"1933-08-21",672.78,
"1933-08-22",672.56,
"1933-08-23",672.37,
"1933-08-24",672.19,
"1933-08-25",672.55,
"1933-08-26",672.7,
"1933-08-27",672.83,
"1933-08-28",672.92,
"1933-08-29",672.75,
"1933-08-30",672.62,
"1933-08-31",672.8,
"1933-09-01",673.04,
"1933-09-02",673.16,
"1933-09-03",673.21,
"1933-09-04",673.43,
"1933-09-05",673.4,
"1933-09-06",673.28,
"1933-09-07",673.11,
"1933-09-08",672.95,
"1933-09-09",672.79,
"1933-09-10",672.76,
"1933-09-11",672.86,
"1933-09-12",672.62,
"1933-09-13",672.48,
"1933-09-14",672.32,
"1933-09-15",672.34,
"1933-09-16",672.43,
"1933-09-17",672.74,
"1933-09-18",672.99,
"1933-09-19",673.03,
"1933-09-20",673.08,
"1933-09-21",672.94,
"1933-09-22",672.76,
"1933-09-23",672.82,
"1933-09-24",672.79,
"1933-09-25",673.04,
"1933-09-26",673.21,
"1933-09-27",673.34,
"1933-09-28",673.35,
"1933-09-30",673.22,
"1933-10-01",673.12,
"1933-10-02",673.21,
"1933-10-03",673.26,
"1933-10-04",673.2,
"1933-10-05",673.04,
"1933-10-06",672.84,
"1933-10-07",672.72,
"1933-10-08",672.62,
"1933-10-09",672.71,
"1933-10-10",672.46,
"1933-10-11",672.42,
"1933-10-12",672.42,
"1933-10-13",672.31,
"1933-10-14",672.2,
"1933-10-15",672.36,
"1933-10-16",672.43,
"1933-10-17",672.43,
"1933-10-18",672.24,
"1933-10-19",672.1,
"1933-10-20",672.08,
"1933-10-21",672.04,
"1933-10-22",672.05,
"1933-10-23",672.21,
"1933-10-24",672.06,
"1933-10-25",671.94,
"1933-10-26",671.91,
"1933-10-27",671.92,
"1933-10-28",672,
"1933-10-29",672.17,
"1933-10-30",672.36,
"1933-10-31",672.28,
"1933-11-01",672.36,
"1933-11-02",672.41,
"1933-11-03",672.4,
"1933-11-04",672.46,
"1933-11-05",672.43,
"1933-11-06",672.48,
"1933-11-07",672.49,
"1933-11-08",672.58,
"1933-11-09",672.47,
"1933-11-10",672.27,
"1933-11-11",672.26,
"1933-11-12",672.29,
"1933-11-13",672.35,
"1933-11-14",672.24,
"1933-11-15",672.23,
"1933-11-16",672.03,
"1933-11-17",672.01,
"1933-11-18",672.01,
"1933-11-19",672.05,
"1933-11-20",672.3,
"1933-11-21",672.23,
"1933-11-22",672.12,
"1933-11-23",672.03,
"1933-11-24",672.01,
"1933-11-25",672.01,
"1933-11-26",672.01,
"1933-11-27",672.3,
"1933-11-28",672.11,
"1933-11-29",672.06,
"1933-11-30",672.09,
"1933-12-01",672.23,
"1933-12-02",672.13,
"1933-12-03",672.24,
"1933-12-04",672.28,
"1933-12-05",672.22,
"1933-12-06",672.13,
"1933-12-07",672.12,
"1933-12-08",672.1,
"1933-12-09",672.2,
"1933-12-10",672.3,
"1933-12-11",672.5,
"1933-12-12",672.38,
"1933-12-13",672.37,
"1933-12-14",672.37,
"1933-12-15",672.33,
"1933-12-16",672.4,
"1933-12-17",672.42,
"1933-12-18",672.52,
"1933-12-19",672.47,
"1933-12-20",672.45,
"1933-12-21",672.46,
"1933-12-22",672.46,
"1933-12-23",672.45,
"1933-12-24",672.48,
"1933-12-25",672.56,
"1933-12-26",672.72,
"1933-12-27",672.26,
"1933-12-28",672.2,
"1933-12-29",672.45,
"1933-12-30",672.52,
"1933-12-31",672.45,
"1934-01-01",672.44,
"1934-01-02",672.29,
"1934-01-03",672.41,
"1934-01-04",672.31,
"1934-01-05",672.21,
"1934-01-06",672.19,
"1934-01-07",672.11,
"1934-01-08",672.01,
"1934-01-09",672.01,
"1934-01-10",672.01,
"1934-01-11",672.09,
"1934-01-12",672.18,
"1934-01-13",672.09,
"1934-01-14",672.21,
"1934-01-15",672.22,
"1934-01-16",672.2,
"1934-01-17",672.28,
"1934-01-18",672.39,
"1934-01-19",672.59,
"1934-01-20",672.7,
"1934-01-21",672.59,
"1934-01-22",672.57,
"1934-01-23",672.51,
"1934-01-24",672.72,
"1934-01-25",672.77,
"1934-01-26",672.76,
"1934-01-27",672.96,
"1934-01-28",673.21,
"1934-01-29",673.44,
"1934-01-30",673.24,
"1934-01-31",673.29,
"1934-02-01",673.5,
"1934-02-02",673.45,
"1934-02-03",673.46,
"1934-02-04",673.41,
"1934-02-05",673.46,
"1934-02-06",673.24,
"1934-02-07",673.22,
"1934-02-08",673.26,
"1934-02-09",673.09,
"1934-02-10",673.07,
"1934-02-11",673.21,
"1934-02-12",673.21,
"1934-02-13",673.13,
"1934-02-14",673.11,
"1934-02-15",673.16,
"1934-02-16",672.95,
"1934-02-17",672.9,
"1934-02-18",673,
"1934-02-19",673,
"1934-02-20",672.92,
"1934-02-21",672.91,
"1934-02-22",672.87,
"1934-02-23",672.73,
"1934-02-24",672.86,
"1934-02-25",672.84,
"1934-02-26",672.7,
"1934-02-27",672.49,
"1934-02-28",672.62,
"1934-03-01",672.92,
"1934-03-02",674.06,
"1934-03-03",674.76,
"1934-03-04",674.87,
"1934-03-05",675.03,
"1934-03-06",674.97,
"1934-03-07",674.94,
"1934-03-08",674.72,
"1934-03-09",674.59,
"1934-03-10",674.42,
"1934-03-11",674.4,
"1934-03-12",674.42,
"1934-03-13",674.33,
"1934-03-14",674.03,
"1934-03-15",674,
"1934-03-16",673.88,
"1934-03-17",673.87,
"1934-03-18",673.62,
"1934-03-19",673.73,
"1934-03-20",673.61,
"1934-03-21",673.49,
"1934-03-22",673.44,
"1934-03-23",673.39,
"1934-03-24",673.34,
"1934-03-25",673.48,
"1934-03-26",673.56,
"1934-03-27",673.35,
"1934-03-28",673.31,
"1934-03-29",673.22,
"1934-03-30",673.18,
"1934-03-31",673.09,
"1934-04-01",672.92,
"1934-04-02",674.06,
"1934-04-03",674.76,
"1934-04-04",674.87,
"1934-04-05",675.03,
"1934-04-06",674.97,
"1934-04-07",674.94,
"1934-04-08",674.72,
"1934-04-09",674.59,
"1934-04-10",674.42,
"1934-04-11",674.4,
"1934-04-12",674.42,
"1934-04-13",674.33,
"1934-04-14",674.03,
"1934-04-15",674,
"1934-04-16",673.88,
"1934-04-17",673.87,
"1934-04-18",673.62,
"1934-04-19",673.73,
"1934-04-20",673.61,
"1934-04-21",673.49,
"1934-04-22",673.44,
"1934-04-23",673.39,
"1934-04-24",673.34,
"1934-04-25",673.48,
"1934-04-26",673.56,
"1934-04-27",673.35,
"1934-04-28",673.31,
"1934-04-29",673.22,
"1934-04-30",673.18,
"1934-05-01",673.62,
"1934-05-02",673.68,
"1934-05-03",673.87,
"1934-05-04",673.76,
"1934-05-05",673.63,
"1934-05-06",673.7,
"1934-05-07",673.57,
"1934-05-08",673.19,
"1934-05-09",672.9,
"1934-05-10",672.64,
"1934-05-11",672.57,
"1934-05-12",672.63,
"1934-05-13",672.63,
"1934-05-14",672.6,
"1934-05-15",672.58,
"1934-05-16",672.67,
"1934-05-17",672.52,
"1934-05-18",672.46,
"1934-05-19",672.38,
"1934-05-20",672.21,
"1934-05-21",672.24,
"1934-05-22",671.92,
"1934-05-23",671.57,
"1934-05-24",671.42,
"1934-05-25",671.6,
"1934-05-26",671.64,
"1934-05-27",671.58,
"1934-05-28",671.71,
"1934-05-29",671.46,
"1934-05-30",671.28,
"1934-05-31",671.08,
"1934-06-01",670.99,
"1934-06-02",671,
"1934-06-03",671.08,
"1934-06-04",671.18,
"1934-06-05",670.83,
"1934-06-06",670.8,
"1934-06-07",670.68,
"1934-06-08",670.54,
"1934-06-09",670.42,
"1934-06-10",670.42,
"1934-06-11",670.53,
"1934-06-12",670.16,
"1934-06-13",670.06,
"1934-06-14",669.81,
"1934-06-15",669.67,
"1934-06-16",669.69,
"1934-06-17",669.6,
"1934-06-18",669.73,
"1934-06-19",669.61,
"1934-06-20",669.48,
"1934-06-21",669.32,
"1934-06-22",669.12,
"1934-06-23",669.03,
"1934-06-24",669,
"1934-06-25",669.35,
"1934-06-26",669.03,
"1934-06-27",668.87,
"1934-06-28",668.72,
"1934-06-29",668.62,
"1934-06-30",668.64,
"1934-07-01",668.5,
"1934-07-02",668.8,
"1934-07-03",668.45,
"1934-07-04",668.47,
"1934-07-05",668.66,
"1934-07-06",668.58,
"1934-07-07",668.43,
"1934-07-08",668.35,
"1934-07-09",668.55,
"1934-07-10",668.3,
"1934-07-11",668.11,
"1934-07-12",668.46,
"1934-07-13",668.39,
"1934-07-14",668.49,
"1934-07-15",668.25,
"1934-07-16",668.46,
"1934-07-17",668.16,
"1934-07-18",668.05,
"1934-07-19",667.72,
"1934-07-20",667.55,
"1934-07-21",667.49,
"1934-07-22",667.62,
"1934-07-23",668,
"1934-07-24",667.78,
"1934-07-25",667.58,
"1934-07-26",668.41,
"1934-07-27",670.37,
"1934-07-28",670.2,
"1934-07-29",670.64,
"1934-07-30",670.87,
"1934-07-31",670.93,
"1934-08-01",671.01,
"1934-08-02",670.93,
"1934-08-03",670.97,
"1934-08-04",671.04,
"1934-08-05",671.07,
"1934-08-06",671.04,
"1934-08-07",670.87,
"1934-08-08",670.76,
"1934-08-09",670.53,
"1934-08-10",670.33,
"1934-08-11",670.24,
"1934-08-12",670.18,
"1934-08-13",670.16,
"1934-08-14",669.75,
"1934-08-15",669.38,
"1934-08-16",669.16,
"1934-08-17",668.96,
"1934-08-18",668.81,
"1934-08-19",668.78,
"1934-08-21",668.58,
"1934-08-22",668.3,
"1934-08-23",668.18,
"1934-08-24",668.03,
"1934-08-25",667.86,
"1934-08-26",667.88,
"1934-08-27",668.07,
"1934-08-28",667.88,
"1934-08-29",667.71,
"1934-08-30",667.53,
"1934-08-31",667.34,
"1934-09-01",667.38,
"1934-09-02",667.41,
"1934-09-03",667.67,
"1934-09-04",667.88,
"1934-09-05",667.79,
"1934-09-06",667.62,
"1934-09-07",667.46,
"1934-09-08",667.47,
"1934-09-09",667.56,
"1934-09-10",667.69,
"1934-09-11",667.6,
"1934-09-12",667.84,
"1934-09-13",667.8,
"1934-09-14",667.73,
"1934-09-15",667.74,
"1934-09-16",668.03,
"1934-09-17",668.3,
"1934-09-18",668.05,
"1934-09-19",667.96,
"1934-09-20",667.97,
"1934-09-21",667.77,
"1934-09-22",667.72,
"1934-09-23",667.72,
"1934-09-24",667.89,
"1934-09-25",667.53,
"1934-09-26",667.39,
"1934-09-27",667.15,
"1934-09-28",667.27,
"1934-09-29",667.47,
"1934-09-30",667.59,
"1934-10-01",667.88,
"1934-10-02",668.1,
"1934-10-03",668.23,
"1934-10-04",668.34,
"1934-10-05",668.28,
"1934-10-06",668.24,
"1934-10-07",668.12,
"1934-10-08",668.17,
"1934-10-09",667.96,
"1934-10-10",667.76,
"1934-10-11",667.47,
"1934-10-12",667.4,
"1934-10-13",667.27,
"1934-10-14",667.36,
"1934-10-15",667.39,
"1934-10-16",667.19,
"1934-10-17",667.07,
"1934-10-18",667.04,
"1934-10-19",667.15,
"1934-10-20",667.21,
"1934-10-21",667.26,
"1934-10-22",667.57,
"1934-10-23",667.21,
"1934-10-24",667.13,
"1934-10-25",667.11,
"1934-10-26",666.91,
"1934-10-27",666.85,
"1934-10-28",666.88,
"1934-10-29",667.13,
"1934-10-30",666.95,
"1934-10-31",666.81,
"1934-11-01",666.9,
"1934-11-02",667.04,
"1934-11-03",667.24,
"1934-11-04",667.57,
"1934-11-05",667.63,
"1934-11-06",667.51,
"1934-11-07",667.54,
"1934-11-08",667.65,
"1934-11-09",667.48,
"1934-11-10",667.36,
"1934-11-11",667.54,
"1934-11-13",667.56,
"1934-11-14",667.42,
"1934-11-15",667.48,
"1934-11-16",667.64,
"1934-11-17",667.83,
"1934-11-18",667.81,
"1934-11-19",667.98,
"1934-11-20",668.06,
"1934-11-21",668.12,
"1934-11-22",667.96,
"1934-11-23",667.86,
"1934-11-24",667.96,
"1934-11-25",668.05,
"1934-11-26",668.06,
"1934-11-27",668.11,
"1934-11-28",668.02,
"1934-11-29",668.06,
"1934-11-30",668.14,
"1934-12-01",668.06,
"1934-12-02",668.26,
"1934-12-03",668.18,
"1934-12-04",668.1,
"1934-12-05",668.1,
"1934-12-06",668.16,
"1934-12-07",668.18,
"1934-12-08",668.19,
"1934-12-09",668.3,
"1934-12-10",668.22,
"1934-12-11",668.07,
"1934-12-12",668.06,
"1934-12-13",668.13,
"1934-12-14",668.14,
"1934-12-15",668.16,
"1934-12-16",668.14,
"1934-12-17",668.17,
"1934-12-18",668.36,
"1934-12-19",668.21,
"1934-12-20",668.23,
"1934-12-21",668.27,
"1934-12-22",668.12,
"1934-12-23",668.19,
"1934-12-24",668.14,
"1934-12-25",668.12,
"1934-12-26",668.22,
"1934-12-27",668.23,
"1934-12-28",668.9,
"1934-12-29",669.16,
"1934-12-30",669.14,
"1934-12-31",669.22,
"1935-01-01",669,
"1935-01-02",668.93,
"1935-01-03",668.98,
"1935-01-04",668.81,
"1935-01-05",668.83,
"1935-01-06",668.83,
"1935-01-07",668.92,
"1935-01-08",668.83,
"1935-01-09",668.7,
"1935-01-10",668.67,
"1935-01-11",668.6,
"1935-01-12",668.55,
"1935-01-13",668.48,
"1935-01-14",668.43,
"1935-01-15",668.45,
"1935-01-16",668.46,
"1935-01-17",668.36,
"1935-01-18",668.33,
"1935-01-19",668.3,
"1935-01-20",668.29,
"1935-01-21",668.96,
"1935-01-22",668.85,
"1935-01-23",668.92,
"1935-01-24",668.86,
"1935-01-25",668.82,
"1935-01-26",668.89,
"1935-01-27",668.77,
"1935-01-28",668.76,
"1935-01-29",668.67,
"1935-01-30",668.59,
"1935-01-31",668.56,
"1935-02-01",668.51,
"1935-02-02",668.39,
"1935-02-03",668.44,
"1935-02-04",668.48,
"1935-02-05",668.32,
"1935-02-06",668.22,
"1935-02-07",668.13,
"1935-02-08",668.26,
"1935-02-09",668.31,
"1935-02-10",668.38,
"1935-02-11",668.7,
"1935-02-12",669.03,
"1935-02-13",669.37,
"1935-02-14",669.7,
"1935-02-15",669.79,
"1935-02-16",669.74,
"1935-02-17",669.61,
"1935-02-18",669.67,
"1935-02-19",669.51,
"1935-02-20",669.32,
"1935-02-21",669.22,
"1935-02-22",669.27,
"1935-02-23",669.19,
"1935-02-24",669.25,
"1935-02-25",669.27,
"1935-02-26",668.97,
"1935-02-27",668.8,
"1935-02-28",668.76,
"1935-03-01",668.77,
"1935-03-02",668.82,
"1935-03-03",668.81,
"1935-03-04",668.88,
"1935-03-05",668.82,
"1935-03-06",668.78,
"1935-03-07",668.67,
"1935-03-08",668.68,
"1935-03-09",668.72,
"1935-03-10",668.74,
"1935-03-11",668.77,
"1935-03-12",668.4,
"1935-03-13",668.65,
"1935-03-14",668.58,
"1935-03-15",668.37,
"1935-03-16",668.29,
"1935-03-17",668.08,
"1935-03-18",668.2,
"1935-03-19",668.11,
"1935-03-20",667.92,
"1935-03-21",667.83,
"1935-03-22",667.62,
"1935-03-23",667.48,
"1935-03-24",667.38,
"1935-03-25",667.4,
"1935-03-26",667.3,
"1935-03-27",667.17,
"1935-03-28",666.97,
"1935-03-29",666.8,
"1935-03-30",667.07,
"1935-03-31",667.24,
"1935-04-01",667.38,
"1935-04-02",667.26,
"1935-04-03",667.3,
"1935-04-04",667.49,
"1935-04-05",667.74,
"1935-04-06",667.86,
"1935-04-07",667.91,
"1935-04-08",667.93,
"1935-04-09",667.96,
"1935-04-10",667.86,
"1935-04-11",667.58,
"1935-04-12",667.51,
"1935-04-13",667.23,
"1935-04-14",667.07,
"1935-04-15",667.06,
"1935-04-16",666.79,
"1935-04-17",666.55,
"1935-04-18",666.31,
"1935-04-19",666.11,
"1935-04-20",666.89,
"1935-04-21",667.08,
"1935-04-22",667.24,
"1935-04-23",667.26,
"1935-04-24",667.19,
"1935-04-25",667.06,
"1935-04-26",666.95,
"1935-04-27",667.03,
"1935-04-28",667.06,
"1935-04-29",667.21,
"1935-04-30",667.51,
"1935-05-01",667.59,
"1935-05-02",667.68,
"1935-05-03",667.88,
"1935-05-04",667.94,
"1935-05-05",668.71,
"1935-05-06",669.7,
"1935-05-07",670.08,
"1935-05-08",670.01,
"1935-05-09",669.86,
"1935-05-10",670.33,
"1935-05-11",671.16,
"1935-05-12",671.56,
"1935-05-13",671.66,
"1935-05-14",671.51,
"1935-05-15",671.33,
"1935-05-16",671.31,
"1935-05-17",671.81,
"1935-05-18",672.66,
"1935-05-19",674.31,
"1935-05-20",675.68,
"1935-05-21",675.81,
"1935-05-22",676.5,
"1935-05-23",676.63,
"1935-05-24",676.74,
"1935-05-25",676.63,
"1935-05-26",676.51,
"1935-05-27",676.61,
"1935-05-28",676.47,
"1935-05-29",676.75,
"1935-05-30",677.25,
"1935-05-31",677.43,
"1935-06-01",677.68,
"1935-06-02",677.93,
"1935-06-03",678.11,
"1935-06-04",678.54,
"1935-06-05",678.86,
"1935-06-06",678.96,
"1935-06-07",678.99,
"1935-06-08",678.98,
"1935-06-26",685.54,
"1935-06-27",685.26,
"1935-06-28",684.91,
"1935-08-04",681.28,
"1935-08-05",681.31,
"1935-08-06",680.96,
"1935-08-07",680.87,
"1935-08-08",680.64,
"1935-08-09",680.45,
"1935-08-10",680.33,
"1935-08-11",680.37,
"1935-08-12",680.54,
"1935-08-13",680.41,
"1935-08-14",680.24,
"1935-08-15",680.22,
"1935-08-16",680.22,
"1935-08-17",679.99,
"1935-08-18",679.92,
"1935-08-19",679.94,
"1935-08-20",679.65,
"1935-08-21",679.39,
"1935-08-22",679.28,
"1935-08-23",679.13,
"1935-08-24",679.08,
"1935-08-25",679,
"1935-08-26",679.08,
"1935-08-27",678.94,
"1935-08-28",678.69,
"1935-08-29",678.54,
"1935-08-30",678.36,
"1935-08-31",678.34,
"1935-09-01",678.37,
"1935-09-02",678.46,
"1935-09-03",678.36,
"1935-09-04",678.21,
"1935-09-05",678.36,
"1935-09-06",678.46,
"1935-09-07",678.87,
"1935-09-08",679.2,
"1935-09-09",679.5,
"1935-09-10",679.75,
"1935-09-11",679.93,
"1935-09-12",680.08,
"1935-09-13",680.24,
"1935-09-19",680.46,
"1935-09-20",680.41,
"1935-09-21",680.22,
"1935-09-22",680.2,
"1935-09-23",680.31,
"1935-09-24",680.38,
"1935-09-25",680.68,
"1935-09-26",681.06,
"1935-09-27",681.32,
"1935-09-30",681.97,
"1935-10-01",682.04,
"1935-10-02",681.89,
"1935-10-03",681.8,
"1935-11-20",680.56,
"1935-11-21",680.54,
"1935-11-22",680.41,
"1935-11-23",680.26,
"1935-11-24",680.28,
"1935-11-25",680.35,
"1935-11-26",680.41,
"1935-11-27",680.41,
"1935-11-28",680.23,
"1935-11-29",680.21,
"1935-11-30",680.1,
"1935-12-01",680.11,
"1935-12-02",680.06,
"1935-12-03",679.96,
"1935-12-04",679.91,
"1935-12-05",680.01,
"1935-12-06",680.05,
"1935-12-07",680.08,
"1935-12-08",680.16,
"1935-12-09",680.21,
"1935-12-10",680.11,
"1935-12-11",680.15,
"1935-12-12",680.11,
"1935-12-13",680.19,
"1935-12-14",680.18,
"1935-12-15",680.06,
"1935-12-16",680.14,
"1935-12-17",680.04,
"1935-12-18",680.04,
"1935-12-19",680.01,
"1935-12-20",679.94,
"1935-12-21",680.04,
"1935-12-22",680.08,
"1935-12-23",680.12,
"1935-12-24",680,
"1935-12-25",679.96,
"1935-12-26",679.95,
"1935-12-27",679.91,
"1935-12-28",680.06,
"1935-12-29",679.96,
"1935-12-30",679.98,
"1935-12-31",679.94,
"1936-01-01",679.95,
"1936-01-02",679.96,
"1936-01-03",680.04,
"1936-01-04",679.96,
"1936-01-05",680.11,
"1936-01-06",679.96,
"1936-01-07",679.71,
"1936-01-08",679.67,
"1936-01-09",679.65,
"1936-01-10",679.58,
"1936-01-11",679.54,
"1936-01-12",679.48,
"1936-01-13",679.49,
"1936-01-14",679.41,
"1936-01-15",679.31,
"1936-01-16",679.31,
"1936-01-17",679.27,
"1936-01-18",679.24,
"1936-01-19",678.96,
"1936-01-20",679.21,
"1936-01-21",679.18,
"1936-01-22",679.12,
"1936-01-23",679.08,
"1936-01-24",679.02,
"1936-01-25",678.95,
"1936-01-26",678.91,
"1936-01-27",678.91,
"1936-01-28",678.8,
"1936-01-29",678.91,
"1936-01-30",678.88,
"1936-01-31",678.81,
"1936-02-01",678.86,
"1936-02-02",678.94,
"1936-02-03",679.04,
"1936-02-04",678.76,
"1936-02-05",678.61,
"1936-02-06",678.6,
"1936-02-07",678.51,
"1936-02-08",678.49,
"1936-02-09",678.43,
"1936-02-10",678.48,
"1936-02-11",678.46,
"1936-02-12",678.44,
"1936-02-13",678.43,
"1936-02-14",678.34,
"1936-02-15",678.26,
"1936-02-16",678.24,
"1936-02-17",678.36,
"1936-02-18",678.11,
"1936-02-19",678.11,
"1936-02-20",678.22,
"1936-02-21",678.24,
"1936-02-22",678.09,
"1936-02-23",678.06,
"1936-02-24",678.21,
"1936-02-25",678.14,
"1936-02-26",678.16,
"1936-02-27",678.04,
"1936-02-28",677.99,
"1936-02-29",677.9,
"1936-03-01",677.98,
"1936-03-02",678.18,
"1936-03-03",678.54,
"1936-03-04",678.91,
"1936-03-05",679.04,
"1936-03-06",679.17,
"1936-03-07",679.23,
"1936-03-08",679.26,
"1936-03-09",679.32,
"1936-03-10",679.34,
"1936-03-11",679.34,
"1936-03-12",679.29,
"1936-03-13",679.35,
"1936-03-14",679.29,
"1936-03-15",679.26,
"1936-03-16",679.22,
"1936-03-17",679.07,
"1936-03-18",679.11,
"1936-03-19",679.09,
"1936-03-20",678.84,
"1936-03-21",678.8,
"1936-03-22",678.89,
"1936-03-23",678.96,
"1936-03-24",678.76,
"1936-03-25",678.6,
"1936-03-26",678.64,
"1936-03-27",678.56,
"1936-03-28",678.41,
"1936-03-29",678.38,
"1936-03-30",678.44,
"1936-03-31",678.27,
"1936-04-01",678.34,
"1936-04-02",678.04,
"1936-04-03",677.94,
"1936-04-04",678.09,
"1936-04-05",678.11,
"1936-04-06",677.96,
"1936-04-07",677.82,
"1936-04-08",677.82,
"1936-04-09",677.82,
"1936-04-10",677.58,
"1936-04-11",677.37,
"1936-04-12",677.24,
"1936-04-13",677.41,
"1936-04-14",676.94,
"1936-04-15",676.8,
"1936-04-16",676.81,
"1936-04-17",676.72,
"1936-04-18",676.62,
"1936-04-20",676.83,
"1936-04-21",676.97,
"1936-04-22",677.11,
"1936-04-23",677.16,
"1936-04-24",677.17,
"1936-04-25",677.19,
"1936-04-26",677.12,
"1936-04-27",677.21,
"1936-04-28",677.36,
"1936-04-29",677.48,
"1936-04-30",677.51,
"1936-05-01",677.58,
"1936-05-02",677.56,
"1936-05-03",677.54,
"1936-05-04",677.61,
"1936-05-05",677.36,
"1936-05-06",677.24,
"1936-05-07",677.09,
"1936-05-08",677.08,
"1936-05-09",677.21,
"1936-05-10",677.41,
"1936-05-11",677.58,
"1936-05-12",677.64,
"1936-05-13",677.61,
"1936-05-14",677.64,
"1936-05-15",677.63,
"1936-05-16",677.61,
"1936-05-17",677.58,
"1936-05-18",677.48,
"1936-05-19",677.41,
"1936-05-20",677.56,
"1936-05-21",677.48,
"1936-05-22",677.41,
"1936-05-23",677.54,
"1936-05-24",678.48,
"1936-05-25",679.49,
"1936-05-26",680.33,
"1936-05-27",680.8,
"1936-05-28",681.81,
"1936-05-29",682.29,
"1936-05-30",682.66,
"1936-05-31",682.76,
"1936-06-01",682.96,
"1936-06-02",683.02,
"1936-06-03",683,
"1936-06-04",682.86,
"1936-06-05",682.81,
"1936-06-06",682.76,
"1936-06-07",682.66,
"1936-06-08",682.58,
"1936-06-09",682.29,
"1936-06-10",682.11,
"1936-06-11",681.88,
"1936-06-12",681.82,
"1936-06-13",681.79,
"1936-06-14",681.59,
"1936-06-15",681.63,
"1936-08-06",682.92,
"1936-08-07",682.74,
"1936-08-08",682.66,
"1936-08-09",682.53,
"1936-08-10",682.63,
"1936-08-11",682.21,
"1936-08-12",682.01,
"1936-08-13",681.78,
"1936-08-14",681.78,
"1936-08-15",681.5,
"1936-08-16",681.6,
"1936-08-17",681.66,
"1936-08-18",681.31,
"1936-08-19",681.16,
"1936-08-20",680.99,
"1936-08-21",680.85,
"1936-08-22",680.76,
"1936-08-23",680.74,
"1936-08-24",680.82,
"1936-08-25",680.72,
"1936-08-26",680.66,
"1936-08-27",680.5,
"1936-08-28",680.56,
"1936-08-29",680.71,
"1936-08-30",680.71,
"1936-08-31",680.94,
"1936-09-01",681.11,
"1936-09-02",681.22,
"1936-09-03",681.11,
"1936-09-04",681.01,
"1936-09-05",680.88,
"1936-09-06",680.81,
"1936-09-07",680.94,
"1936-09-08",680.81,
"1936-09-09",680.64,
"1936-09-10",680.34,
"1936-09-11",680.24,
"1936-09-12",680.11,
"1936-09-13",680.09,
"1936-09-14",680.36,
"1936-09-15",680.46,
"1936-09-16",680.61,
"1936-09-17",680.76,
"1936-09-18",680.99,
"1936-09-19",681.2,
"1936-09-20",681.26,
"1936-09-21",681.38,
"1936-09-22",681.41,
"1936-09-23",681.49,
"1936-09-24",681.44,
"1936-09-25",681.41,
"1936-09-26",681.56,
"1936-09-27",681.58,
"1936-09-28",681.62,
"1936-09-29",681.71,
"1936-09-30",681.76,
"1936-10-01",681.71,
"1936-10-02",681.84,
"1936-10-03",681.84,
"1936-10-04",681.86,
"1936-10-05",681.96,
"1936-10-06",681.83,
"1936-10-07",681.83,
"1936-10-08",682.08,
"1936-10-09",682.18,
"1936-10-10",682.26,
"1936-10-11",682.24,
"1936-10-12",682.31,
"1936-10-13",682.26,
"1936-10-14",682.21,
"1936-10-15",682.17,
"1936-10-16",682.06,
"1936-10-17",681.98,
"1936-10-18",681.89,
"1936-10-19",681.88,
"1936-10-20",681.72,
"1936-10-21",681.56,
"1936-10-22",681.44,
"1936-10-23",681.46,
"1936-10-24",681.63,
"1936-10-25",681.86,
"1936-10-26",681.89,
"1936-10-27",681.9,
"1936-10-28",681.86,
"1936-10-29",681.99,
"1936-10-30",682.06,
"1936-10-31",682.11,
"1936-11-01",682.17,
"1936-11-02",682.22,
"1936-11-03",682.11,
"1936-11-04",682.03,
"1936-11-05",682.01,
"1936-11-06",682.02,
"1936-11-07",681.91,
"1936-11-08",681.81,
"1936-11-09",681.86,
"1936-11-10",681.81,
"1936-11-11",681.96,
"1936-11-12",682.06,
"1936-11-13",682.05,
"1936-11-14",682,
"1936-11-15",682.06,
"1936-11-16",681.94,
"1936-11-17",682.01,
"1936-11-18",681.96,
"1936-11-19",681.91,
"1936-11-20",681.91,
"1936-11-21",681.96,
"1936-11-22",681.96,
"1936-11-23",682.01,
"1936-11-24",681.95,
"1936-11-25",681.88,
"1936-11-26",681.87,
"1936-11-27",681.89,
"1936-11-28",681.88,
"1936-11-29",682,
"1936-11-30",682.01,
"1936-12-01",681.98,
"1936-12-02",681.96,
"1936-12-03",681.91,
"1936-12-04",681.76,
"1936-12-05",681.83,
"1936-12-06",681.81,
"1936-12-07",681.81,
"1936-12-08",681.72,
"1936-12-09",681.81,
"1936-12-10",681.83,
"1936-12-11",681.75,
"1936-12-12",681.67,
"1936-12-13",681.76,
"1936-12-14",681.78,
"1936-12-15",681.61,
"1936-12-16",681.61,
"1936-12-17",681.69,
"1936-12-18",681.54,
"1936-12-19",681.56,
"1936-12-20",681.53,
"1936-12-21",681.66,
"1936-12-22",681.54,
"1936-12-23",681.54,
"1936-12-24",681.51,
"1936-12-25",681.58,
"1936-12-26",681.71,
"1936-12-27",681.66,
"1936-12-28",681.66,
"1936-12-29",681.71,
"1936-12-30",681.72,
"1936-12-31",681.51,
"1937-01-01",681.59,
"1937-01-02",681.53,
"1937-01-03",681.49,
"1937-01-04",681.52,
"1937-01-05",681.46,
"1937-01-06",681.37,
"1937-01-07",681.41,
"1937-01-08",681.32,
"1937-01-09",681.04,
"1937-01-10",680.94,
"1937-01-11",681.04,
"1937-01-12",681.14,
"1937-01-13",681.15,
"1937-01-14",681.18,
"1937-01-15",681.08,
"1937-01-16",681.08,
"1937-01-17",681.28,
"1937-01-18",681.22,
"1937-01-19",681.14,
"1937-01-20",681.18,
"1937-01-21",681.1,
"1937-01-22",681,
"1937-01-23",680.83,
"1937-01-24",680.96,
"1937-01-25",681.02,
"1937-01-26",680.83,
"1937-01-27",680.69,
"1937-01-28",680.67,
"1937-01-29",680.65,
"1937-01-30",680.67,
"1937-01-31",680.73,
"1937-02-01",680.74,
"1937-02-02",680.57,
"1937-02-03",680.63,
"1937-02-04",680.51,
"1937-02-05",680.56,
"1937-02-06",680.61,
"1937-02-07",680.59,
"1937-02-08",680.76,
"1937-02-09",680.39,
"1937-02-10",680.21,
"1937-02-11",680.09,
"1937-02-12",680.09,
"1937-02-13",680.1,
"1937-02-14",680.08,
"1937-02-15",680.27,
"1937-02-16",680.2,
"1937-02-17",680.11,
"1937-02-18",679.94,
"1937-02-19",680.02,
"1937-02-20",680.02,
"1937-02-21",679.96,
"1937-02-22",680.06,
"1937-02-23",680.12,
"1937-02-24",680.11,
"1937-02-25",679.99,
"1937-02-26",679.94,
"1937-02-27",680.06,
"1937-02-28",680.02,
"1937-03-01",680.11,
"1937-03-02",680.05,
"1937-03-03",680.06,
"1937-03-04",680.13,
"1937-03-05",680.14,
"1937-03-06",680.31,
"1937-03-07",680.51,
"1937-03-08",680.65,
"1937-03-09",680.62,
"1937-03-10",680.76,
"1937-03-11",680.86,
"1937-03-12",680.79,
"1937-03-13",680.81,
"1937-03-14",680.96,
"1937-03-15",680.99,
"1937-03-16",681.1,
"1937-03-17",681.13,
"1937-03-18",681.1,
"1937-03-19",681.14,
"1937-03-20",681.11,
"1937-03-21",681.03,
"1937-03-22",681.12,
"1937-03-23",681.06,
"1937-03-24",681.06,
"1937-03-25",681.16,
"1937-03-26",681.15,
"1937-03-27",681.13,
"1937-03-28",681.13,
"1937-03-29",681.22,
"1937-03-30",681.19,
"1937-03-31",681.14,
"1937-04-01",681.13,
"1937-04-02",681.06,
"1937-04-03",680.96,
"1937-04-04",681.03,
"1937-04-05",680.9,
"1937-04-06",680.78,
"1937-04-07",680.71,
"1937-04-08",680.51,
"1937-04-09",680.44,
"1937-04-10",680.33,
"1937-04-11",680.24,
"1937-04-12",680.33,
"1937-04-13",680.3,
"1937-04-14",680.27,
"1937-04-15",680.22,
"1937-04-16",679.99,
"1937-04-17",679.79,
"1937-04-18",679.61,
"1937-04-19",679.64,
"1937-04-20",679.35,
"1937-04-21",679.35,
"1937-04-22",679.71,
"1937-04-23",679.86,
"1937-04-24",679.8,
"1937-04-25",679.79,
"1937-04-26",679.82,
"1937-04-27",679.59,
"1937-04-28",679.48,
"1937-04-29",679.13,
"1937-04-30",678.78,
"1937-05-01",678.59,
"1937-05-02",678.43,
"1937-05-03",678.61,
"1937-05-04",678.28,
"1937-05-05",678.15,
"1937-05-06",678,
"1937-05-07",677.93,
"1937-05-08",677.81,
"1937-05-09",677.76,
"1937-05-10",677.9,
"1937-05-11",677.67,
"1937-05-12",677.58,
"1937-05-13",677.37,
"1937-05-14",677.74,
"1937-05-15",677.74,
"1937-05-16",677.74,
"1937-05-17",677.82,
"1937-05-18",677.55,
"1937-05-19",677.39,
"1937-05-20",677.22,
"1937-05-21",677.12,
"1937-05-22",677.08,
"1937-05-23",677.01,
"1937-05-24",677.09,
"1937-05-25",676.86,
"1937-05-26",676.92,
"1937-05-27",676.86,
"1937-05-28",676.76,
"1937-05-29",677.36,
"1937-05-30",677.63,
"1937-05-31",677.78,
"1937-06-01",678.31,
"1937-06-02",678.69,
"1937-06-03",679.21,
"1937-06-04",679.71,
"1937-06-05",680.88,
"1937-06-06",681.38,
"1937-06-07",681.81,
"1937-06-08",681.96,
"1937-06-09",682.05,
"1937-06-10",682.08,
"1937-06-11",681.99,
"1937-06-12",682,
"1937-06-13",681.9,
"1937-06-14",681.95,
"1937-06-15",681.69,
"1937-06-16",681.53,
"1937-06-17",681.34,
"1937-06-18",681.14,
"1937-06-19",680.99,
"1937-06-20",680.75,
"1937-06-21",680.78,
"1937-06-22",680.54,
"1937-06-23",680.33,
"1937-06-24",680.16,
"1937-06-25",679.94,
"1937-06-26",679.9,
"1937-06-27",679.78,
"1937-06-28",679.86,
"1937-06-29",679.66,
"1937-06-30",679.74,
"1937-07-01",679.68,
"1937-07-02",679.36,
"1937-07-03",679.26,
"1937-07-04",679.31,
"1937-07-05",679.62,
"1937-07-06",679.61,
"1937-07-07",679.51,
"1937-07-08",679.31,
"1937-07-09",679.38,
"1937-07-10",679.55,
"1937-07-11",679.63,
"1937-07-12",679.76,
"1937-07-13",679.64,
"1937-07-14",679.59,
"1937-07-15",679.36,
"1937-07-16",679.29,
"1937-07-17",679.16,
"1937-07-18",679.21,
"1937-07-19",679.28,
"1937-07-20",678.98,
"1937-07-21",678.7,
"1937-07-22",678.53,
"1937-07-23",678.4,
"1937-07-24",678.28,
"1937-07-25",678.22,
"1937-07-26",678.26,
"1937-07-27",678,
"1937-07-28",677.82,
"1937-07-29",677.66,
"1937-07-30",677.61,
"1937-07-31",677.51,
"1937-08-01",677.49,
"1937-08-02",677.56,
"1937-08-03",677.3,
"1937-08-04",677.24,
"1937-08-05",677.16,
"1937-08-06",677.16,
"1937-08-07",676.91,
"1937-08-08",676.74,
"1937-08-09",676.88,
"1937-08-10",676.64,
"1937-08-11",676.41,
"1937-08-12",676.31,
"1937-08-13",676.24,
"1937-08-14",676.25,
"1937-08-15",676.21,
"1937-08-16",676.44,
"1937-08-17",676.36,
"1937-08-18",676.34,
"1937-08-19",676.18,
"1937-08-20",676.06,
"1937-08-21",676.06,
"1937-08-22",676.11,
"1937-08-23",676.26,
"1937-08-24",675.89,
"1937-08-25",675.86,
"1937-08-26",675.68,
"1937-08-27",675.71,
"1937-08-28",675.69,
"1937-08-29",675.8,
"1937-08-30",675.98,
"1937-08-31",675.86,
"1937-09-04",675.71,
"1937-09-05",675.76,
"1937-09-06",675.93,
"1937-09-07",675.76,
"1937-09-08",675.71,
"1937-09-09",675.55,
"1937-09-10",675.49,
"1937-09-11",675.51,
"1937-09-12",675.67,
"1937-09-13",675.83,
"1937-09-14",675.56,
"1937-09-15",675.52,
"1937-09-16",675.5,
"1937-09-17",675.54,
"1937-09-18",675.53,
"1937-09-19",675.71,
"1937-09-20",675.86,
"1937-09-21",675.58,
"1937-09-22",675.41,
"1937-09-23",675.28,
"1937-09-24",675.26,
"1937-09-25",675.33,
"1937-09-26",675.43,
"1937-09-27",675.66,
"1937-09-28",675.51,
"1937-09-29",675.4,
"1937-09-30",675.31,
"1937-10-01",675.3,
"1937-10-02",675.38,
"1937-10-03",675.41,
"1937-10-04",675.51,
"1937-10-05",675.26,
"1937-10-06",675.16,
"1937-10-07",674.94,
"1937-10-08",674.99,
"1937-10-09",674.92,
"1937-10-10",675.04,
"1937-10-11",675.32,
"1937-10-12",675.13,
"1937-10-13",675.08,
"1937-10-14",675.61,
"1937-10-15",675.86,
"1937-10-16",676.01,
"1937-10-17",676.23,
"1937-10-18",676.43,
"1937-10-19",676.36,
"1937-10-20",676.32,
"1937-10-21",676.42,
"1937-10-22",676.32,
"1937-10-23",676.31,
"1937-10-24",676.35,
"1937-10-25",676.43,
"1937-10-26",676.34,
"1937-10-27",676.17,
"1937-10-28",676.04,
"1937-10-29",675.98,
"1937-10-30",675.86,
"1937-10-31",675.79,
"1937-11-01",675.95,
"1937-11-02",675.77,
"1937-11-03",675.63,
"1937-11-04",675.65,
"1937-11-05",675.6,
"1937-11-06",675.58,
"1937-11-07",675.63,
"1937-11-08",675.78,
"1937-11-09",675.66,
"1937-11-10",675.87,
"1937-11-11",675.88,
"1937-11-12",675.88,
"1937-11-13",675.82,
"1937-11-14",675.81,
"1937-11-15",675.94,
"1937-11-16",675.77,
"1937-11-17",675.7,
"1937-11-18",675.69,
"1937-11-19",675.59,
"1937-11-20",675.35,
"1937-11-21",675.52,
"1937-11-22",675.65,
"1937-11-23",675.65,
"1937-11-24",675.7,
"1937-11-25",675.74,
"1937-11-26",675.83,
"1937-11-27",675.89,
"1937-11-28",675.74,
"1937-11-29",675.8,
"1937-11-30",675.73,
"1937-12-01",675.74,
"1937-12-02",675.65,
"1937-12-03",675.68,
"1937-12-04",675.67,
"1937-12-05",675.72,
"1937-12-06",675.77,
"1937-12-07",675.86,
"1937-12-08",675.8,
"1937-12-09",675.68,
"1937-12-10",675.63,
"1937-12-11",675.67,
"1937-12-12",675.77,
"1937-12-13",675.88,
"1937-12-14",675.75,
"1937-12-15",675.92,
"1937-12-16",676.28,
"1937-12-17",676.43,
"1937-12-18",676.43,
"1937-12-19",676.49,
"1937-12-20",676.37,
"1937-12-21",676.34,
"1937-12-22",676.41,
"1937-12-23",676.35,
"1937-12-24",676.37,
"1937-12-25",676.39,
"1937-12-26",676.45,
"1937-12-27",676.49,
"1937-12-28",676.42,
"1937-12-29",676.45,
"1937-12-30",677.16,
"1937-12-31",677.68,
"1938-01-01",677.88,
"1938-01-02",678.04,
"1938-01-03",678.09,
"1938-01-04",677.96,
"1938-01-05",677.99,
"1938-01-06",678.04,
"1938-01-07",677.87,
"1938-01-08",677.84,
"1938-01-09",677.9,
"1938-01-10",677.93,
"1938-01-11",677.92,
"1938-01-12",677.91,
"1938-01-13",677.81,
"1938-01-14",677.83,
"1938-01-15",677.76,
"1938-01-16",677.74,
"1938-01-17",677.79,
"1938-01-18",677.7,
"1938-01-19",677.66,
"1938-01-20",677.64,
"1938-01-21",677.62,
"1938-01-22",677.54,
"1938-01-23",677.84,
"1938-01-24",679.29,
"1938-01-25",679.73,
"1938-01-26",680.09,
"1938-01-27",680.44,
"1938-01-28",680.58,
"1938-01-29",680.78,
"1938-01-30",680.93,
"1938-01-31",680.78,
"1938-02-01",680.72,
"1938-02-02",680.84,
"1938-02-03",680.76,
"1938-02-04",680.71,
"1938-02-05",680.69,
"1938-02-06",680.58,
"1938-02-07",680.55,
"1938-02-08",680.45,
"1938-02-09",680.36,
"1938-02-10",680.22,
"1938-02-11",680.22,
"1938-02-12",680.1,
"1938-02-13",680.09,
"1938-02-14",680.06,
"1938-02-15",679.88,
"1938-02-16",679.75,
"1938-02-17",679.68,
"1938-02-18",679.68,
"1938-02-19",679.47,
"1938-02-20",679.46,
"1938-02-21",679.49,
"1938-02-22",679.45,
"1938-02-23",679.52,
"1938-02-24",679.44,
"1938-02-25",679.42,
"1938-02-26",679.39,
"1938-02-27",679.39,
"1938-02-28",679.4,
"1938-03-01",679.33,
"1938-03-02",679.32,
"1938-03-03",679.26,
"1938-03-04",679.26,
"1938-03-05",679.11,
"1938-03-06",678.93,
"1938-03-07",679.01,
"1938-03-08",678.95,
"1938-03-09",679.06,
"1938-03-10",679.06,
"1938-03-11",679.13,
"1938-03-12",679.11,
"1938-03-13",679.13,
"1938-03-14",679.19,
"1938-03-15",679.12,
"1938-03-16",679.01,
"1938-03-17",678.91,
"1938-03-18",678.9,
"1938-03-19",678.74,
"1938-03-20",678.81,
"1938-03-21",678.81,
"1938-03-22",678.75,
"1938-03-23",678.68,
"1938-03-24",678.68,
"1938-03-25",678.64,
"1938-03-26",678.54,
"1938-03-27",678.54,
"1938-03-28",678.76,
"1938-03-29",678.74,
"1938-03-30",678.71,
"1938-03-31",678.63,
"1938-04-01",678.64,
"1938-04-02",678.49,
"1938-04-03",678.46,
"1938-04-04",678.36,
"1938-04-05",678.46,
"1938-04-06",678.43,
"1938-04-07",678.34,
"1938-04-08",678.41,
"1938-04-09",678.36,
"1938-04-10",678.36,
"1938-04-11",678.41,
"1938-04-12",678.21,
"1938-04-13",678.14,
"1938-04-14",678.09,
"1938-04-15",678.04,
"1938-04-16",677.96,
"1938-04-17",677.79,
"1938-04-18",677.96,
"1938-04-19",678.02,
"1938-04-20",678.16,
"1938-04-21",678.44,
"1938-04-22",678.62,
"1938-04-23",678.95,
"1938-04-24",679.21,
"1938-04-25",679.65,
"1938-04-26",679.88,
"1938-04-27",680.01,
"1938-04-28",680.41,
"1938-04-29",680.71,
"1938-04-30",680.88,
"1938-05-01",681.11,
"1938-05-02",681.26,
"1938-05-03",681.26,
"1938-05-04",681.21,
"1938-05-05",681.36,
"1938-05-06",681.39,
"1938-05-07",681.28,
"1938-05-08",681.27,
"1938-05-09",681.38,
"1938-05-10",681.3,
"1938-05-11",681.16,
"1938-05-12",680.95,
"1938-05-13",680.86,
"1938-05-14",680.81,
"1938-05-15",680.66,
"1938-05-16",680.73,
"1938-05-17",680.87,
"1938-05-18",680.95,
"1938-05-19",680.94,
"1938-05-20",680.88,
"1938-05-21",680.88,
"1938-05-22",680.84,
"1938-05-23",680.87,
"1938-05-24",680.78,
"1938-05-25",680.81,
"1938-05-26",680.8,
"1938-05-27",680.74,
"1938-05-28",680.64,
"1938-05-29",680.5,
"1938-05-30",680.44,
"1938-05-31",680.28,
"1938-06-01",680.01,
"1938-06-02",679.87,
"1938-06-03",679.81,
"1938-06-04",679.61,
"1938-06-05",679.44,
"1938-06-06",679.51,
"1938-06-07",679.41,
"1938-06-08",679.05,
"1938-06-09",679.06,
"1938-06-10",679.07,
"1938-06-11",678.82,
"1938-06-12",678.61,
"1938-06-13",678.61,
"1938-06-14",678.11,
"1938-06-15",678.06,
"1938-06-16",678.12,
"1938-06-17",678.1,
"1938-06-18",677.96,
"1938-06-19",677.86,
"1938-06-20",677.77,
"1938-06-21",677.55,
"1938-06-22",677.37,
"1938-06-23",677.2,
"1938-06-24",677.17,
"1938-06-25",677.09,
"1938-06-26",677.01,
"1938-06-27",677.28,
"1938-06-28",677.12,
"1938-06-29",676.92,
"1938-06-30",676.76,
"1938-07-01",676.62,
"1938-07-02",676.51,
"1938-07-03",676.5,
"1938-07-04",676.62,
"1938-07-05",676.5,
"1938-07-06",676.3,
"1938-07-07",676.19,
"1938-07-08",675.99,
"1938-07-09",676.11,
"1938-07-10",676.09,
"1938-07-11",676.23,
"1938-07-12",675.95,
"1938-07-13",675.87,
"1938-07-14",675.66,
"1938-07-15",675.71,
"1938-07-16",675.59,
"1938-07-17",675.65,
"1938-07-18",675.8,
"1938-07-19",675.45,
"1938-07-20",675.37,
"1938-07-21",675.19,
"1938-07-22",675.32,
"1938-07-23",675.58,
"1938-07-24",675.91,
"1938-07-25",676.16,
"1938-07-26",675.91,
"1938-07-27",675.87,
"1938-07-28",675.71,
"1938-07-29",675.66,
"1938-07-30",675.6,
"1938-07-31",675.77,
"1938-08-01",675.89,
"1938-08-02",675.55,
"1938-08-03",675.36,
"1938-08-04",675.36,
"1938-08-05",675.28,
"1938-08-06",675.23,
"1938-08-07",675.25,
"1938-08-08",675.38,
"1938-08-09",675.07,
"1938-08-10",675.91,
"1938-08-11",674.75,
"1938-08-12",674.63,
"1938-08-13",674.66,
"1938-08-14",674.75,
"1938-08-15",674.9,
"1938-08-16",674.57,
"1938-08-17",674.29,
"1938-08-18",674.24,
"1938-08-19",674.12,
"1938-08-20",674.18,
"1938-08-21",674.23,
"1938-08-22",674.47,
"1938-08-23",674.11,
"1938-08-24",674.07,
"1938-08-25",674.23,
"1938-08-26",674.26,
"1938-08-27",674.21,
"1938-08-28",674.33,
"1938-08-29",674.63,
"1938-08-30",674.5,
"1938-08-31",674.24,
"1938-09-01",674.23,
"1938-09-02",674.14,
"1938-09-03",674.09,
"1938-09-04",674.23,
"1938-09-05",674.56,
"1938-09-06",674.48,
"1938-09-07",674.28,
"1938-09-08",674.28,
"1938-09-09",674.27,
"1938-09-10",674.16,
"1938-09-11",674.31,
"1938-09-12",674.61,
"1938-09-13",674.75,
"1938-09-14",674.8,
"1938-09-15",674.87,
"1938-09-16",674.99,
"1938-09-17",675.07,
"1938-09-18",675.15,
"1938-09-19",675.19,
"1938-09-20",675.11,
"1938-09-21",674.93,
"1938-09-22",674.83,
"1938-09-23",674.76,
"1938-09-24",674.64,
"1938-09-25",674.58,
"1938-09-26",674.76,
"1938-09-27",674.47,
"1938-09-28",674.29,
"1938-09-29",674.16,
"1938-09-30",674.11,
"1938-10-01",674.01,
"1938-10-02",673.96,
"1938-10-03",674.12,
"1938-10-04",673.89,
"1938-10-05",673.75,
"1938-10-06",673.74,
"1938-10-07",673.72,
"1938-10-08",673.81,
"1938-10-09",673.91,
"1938-10-10",674.13,
"1938-10-11",673.99,
"1938-10-12",673.9,
"1938-10-13",673.76,
"1938-10-14",673.71,
"1938-10-18",673.71,
"1938-10-19",673.98,
"1938-10-20",673.88,
"1938-10-21",673.74,
"1938-10-22",673.66,
"1938-10-24",673.87,
"1938-10-25",673.95,
"1938-10-26",674.08,
"1938-10-27",673.86,
"1938-10-28",673.84,
"1938-10-29",673.72,
"1938-10-30",673.66,
"1938-10-31",673.67,
"1938-11-01",673.73,
"1938-11-02",673.84,
"1938-11-03",673.66,
"1938-11-04",673.76,
"1938-11-05",673.76,
"1938-11-06",673.94,
"1938-11-07",673.89,
"1938-11-08",674,
"1938-11-09",674.01,
"1938-11-10",674.06,
"1938-11-11",674.13,
"1938-11-12",674.16,
"1938-11-13",674.14,
"1938-11-14",674.11,
"1938-11-15",674.11,
"1938-11-16",674.22,
"1938-11-17",674.16,
"1938-11-18",674.24,
"1938-11-19",674.26,
"1938-11-20",674.16,
"1938-11-21",674.01,
"1938-11-22",674.06,
"1938-11-23",674.21,
"1938-11-24",674.01,
"1938-11-25",673.83,
"1938-11-26",673.72,
"1938-11-27",673.88,
"1938-11-28",673.91,
"1938-11-29",673.81,
"1938-11-30",673.95,
"1938-12-01",674,
"1938-12-02",674.01,
"1938-12-03",673.99,
"1938-12-04",674,
"1938-12-05",673.9,
"1938-12-06",674.01,
"1938-12-07",674.04,
"1938-12-08",673.93,
"1938-12-09",673.86,
"1938-12-10",673.83,
"1938-12-11",673.7,
"1938-12-12",673.71,
"1938-12-13",673.69,
"1938-12-14",673.72,
"1938-12-15",673.62,
"1938-12-16",673.66,
"1938-12-17",673.52,
"1938-12-18",673.58,
"1938-12-19",673.61,
"1938-12-20",673.58,
"1938-12-21",673.68,
"1938-12-22",673.66,
"1938-12-23",673.53,
"1938-12-24",673.64,
"1938-12-25",673.67,
"1938-12-26",673.66,
"1938-12-27",673.78,
"1938-12-28",674.01,
"1938-12-29",673.81,
"1938-12-30",673.83,
"1938-12-31",674.03,
"1939-01-01",674.06,
"1939-01-02",674.1,
"1939-01-03",674.09,
"1939-01-04",673.91,
"1939-01-05",673.89,
"1939-01-06",673.81,
"1939-01-07",673.87,
"1939-01-08",673.95,
"1939-01-09",673.92,
"1939-01-10",673.94,
"1939-01-11",673.97,
"1939-01-12",673.96,
"1939-01-13",673.99,
"1939-01-14",673.98,
"1939-01-15",674,
"1939-01-16",674.06,
"1939-01-17",673.97,
"1939-01-18",673.94,
"1939-01-19",673.94,
"1939-01-20",673.94,
"1939-01-21",673.89,
"1939-01-22",674.03,
"1939-01-23",673.96,
"1939-01-24",673.77,
"1939-01-25",673.85,
"1939-01-26",673.85,
"1939-01-27",674.03,
"1939-01-28",674.11,
"1939-01-29",674,
"1939-01-30",673.91,
"1939-01-31",673.91,
"1939-02-01",673.9,
"1939-02-02",673.81,
"1939-02-03",673.64,
"1939-02-04",673.56,
"1939-02-05",673.61,
"1939-02-06",673.7,
"1939-02-07",673.59,
"1939-02-08",673.5,
"1939-02-09",673.63,
"1939-02-10",673.37,
"1939-02-11",673.18,
"1939-02-12",673.13,
"1939-02-13",673.31,
"1939-02-14",673.28,
"1939-02-15",673.11,
"1939-02-16",673.1,
"1939-02-17",673.08,
"1939-02-18",673.18,
"1939-02-19",673.4,
"1939-02-20",673.5,
"1939-02-21",673.08,
"1939-02-22",672.84,
"1939-02-23",672.96,
"1939-02-24",673.07,
"1939-02-25",673.19,
"1939-02-26",673.09,
"1939-02-27",673.22,
"1939-02-28",673.12,
"1939-03-01",673.11,
"1939-03-02",673.04,
"1939-03-03",673.14,
"1939-03-04",673.19,
"1939-03-05",673.03,
"1939-03-06",672.98,
"1939-03-07",672.83,
"1939-03-08",673.03,
"1939-03-09",673.03,
"1939-03-10",672.98,
"1939-03-11",672.95,
"1939-03-12",672.73,
"1939-03-13",672.78,
"1939-03-14",672.7,
"1939-03-15",672.54,
"1939-03-16",672.46,
"1939-03-17",672.46,
"1939-03-18",672.44,
"1939-03-19",672.44,
"1939-03-20",672.53,
"1939-03-21",672.35,
"1939-03-22",672.28,
"1939-03-23",672.15,
"1939-03-24",672.19,
"1939-03-25",672.31,
"1939-03-26",672.48,
"1939-03-27",672.55,
"1939-03-28",672.29,
"1939-03-29",672,
"1939-03-30",671.97,
"1939-03-31",671.9,
"1939-04-01",671.77,
"1939-04-02",671.65,
"1939-04-03",671.63,
"1939-04-04",671.3,
"1939-04-05",671.1,
"1939-04-06",670.89,
"1939-04-07",670.98,
"1939-04-08",670.99,
"1939-04-09",671.04,
"1939-04-10",671.21,
"1939-04-11",670.63,
"1939-04-12",670.36,
"1939-04-13",670.36,
"1939-04-14",670.47,
"1939-04-15",670.49,
"1939-04-16",670.49,
"1939-04-17",670.53,
"1939-04-18",670.12,
"1939-04-19",670.12,
"1939-04-20",670.02,
"1939-04-21",669.74,
"1939-04-22",669.52,
"1939-04-23",669.5,
"1939-04-24",669.49,
"1939-04-25",669.61,
"1939-04-26",669.39,
"1939-04-27",669.1,
"1939-04-28",669.24,
"1939-04-29",669.35,
"1939-04-30",669.35,
"1939-05-01",669.7,
"1939-05-02",669.27,
"1939-05-03",669.11,
"1939-05-04",669,
"1939-05-05",669.2,
"1939-05-06",669.08,
"1939-05-07",669.13,
"1939-05-08",669.21,
"1939-05-09",668.7,
"1939-05-10",668.52,
"1939-05-11",668.1,
"1939-05-12",667.95,
"1939-05-13",667.89,
"1939-05-14",668.42,
"1939-05-15",668.77,
"1939-05-16",668.5,
"1939-05-17",668.34,
"1939-05-18",669.22,
"1939-05-19",668.16,
"1939-05-20",667.88,
"1939-05-21",667.88,
"1939-05-22",668.11,
"1939-05-23",667.67,
"1939-05-24",667.45,
"1939-05-25",667.39,
"1939-05-26",667.82,
"1939-05-27",667.69,
"1939-05-28",667.69,
"1939-05-29",667.97,
"1939-05-30",667.74,
"1939-05-31",668.44,
"1939-06-01",668.89,
"1939-06-02",669.18,
"1939-06-03",669.29,
"1939-06-04",669.43,
"1939-06-05",669.6,
"1939-06-06",669.49,
"1939-06-07",669.4,
"1939-06-08",669.36,
"1939-06-09",669.31,
"1939-06-10",669.09,
"1939-06-11",668.86,
"1939-06-12",668.95,
"1939-06-13",668.5,
"1939-06-14",668.18,
"1939-06-15",667.91,
"1939-06-16",667.69,
"1939-06-17",667.61,
"1939-06-18",667.49,
"1939-06-19",667.74,
"1939-06-20",667.31,
"1939-06-21",667.3,
"1939-06-22",667.06,
"1939-06-23",667.01,
"1939-06-24",666.75,
"1939-06-25",666.81,
"1939-06-26",667.03,
"1939-06-27",666.68,
"1939-06-28",666.34,
"1939-06-29",666.22,
"1939-06-30",666.1,
"1939-07-01",666.02,
"1939-07-02",666.13,
"1939-07-03",666.32,
"1939-07-04",666.06,
"1939-07-05",665.95,
"1939-07-06",665.69,
"1939-07-12",665.9,
"1939-07-13",666.92,
"1939-07-14",667.38,
"1939-07-15",667.73,
"1939-07-16",668.12,
"1939-07-17",668.55,
"1939-07-18",668.4,
"1939-07-19",668.14,
"1939-07-20",668,
"1939-11-16",667.49,
"1939-11-17",667.58,
"1939-11-18",667.65,
"1939-11-19",667.76,
"1939-11-20",667.86,
"1939-11-21",667.71,
"1939-11-22",667.71,
"1939-11-23",667.66,
"1939-11-24",667.66,
"1939-11-25",667.6,
"1939-11-26",667.56,
"1939-11-27",667.71,
"1939-11-28",667.56,
"1939-11-29",667.61,
"1939-11-30",667.77,
"1939-12-01",667.89,
"1939-12-02",667.85,
"1939-12-03",667.94,
"1939-12-04",668.02,
"1939-12-05",667.84,
"1939-12-06",667.77,
"1939-12-07",667.79,
"1939-12-08",667.74,
"1939-12-09",667.77,
"1939-12-10",667.82,
"1939-12-11",667.89,
"1939-12-12",667.69,
"1939-12-13",667.44,
"1939-12-14",667.39,
"1939-12-15",667.42,
"1939-12-16",667.48,
"1939-12-17",667.44,
"1939-12-18",667.72,
"1939-12-19",667.54,
"1939-12-20",667.49,
"1939-12-21",667.52,
"1939-12-22",667.54,
"1939-12-23",667.68,
"1939-12-24",667.54,
"1939-12-25",667.79,
"1939-12-26",668.09,
"1939-12-27",668.04,
"1939-12-28",668.04,
"1939-12-29",667.94,
"1939-12-30",668.07,
"1939-12-31",668.22,
"1940-01-01",668.34,
"1940-01-02",668.26,
"1940-01-03",668.21,
"1940-01-04",668.32,
"1940-01-05",668.22,
"1940-01-06",668.29,
"1940-01-07",668.37,
"1940-01-08",668.34,
"1940-01-09",668.29,
"1940-01-10",668.39,
"1940-01-11",668.49,
"1940-01-12",668.4,
"1940-01-13",668.49,
"1940-01-14",668.36,
"1940-01-15",668.17,
"1940-01-16",668.17,
"1940-01-17",668.2,
"1940-01-18",668.19,
"1940-01-19",667.52,
"1940-01-20",667.18,
"1940-01-21",667.34,
"1940-01-22",667.56,
"1940-01-23",667.48,
"1940-01-24",667.38,
"1940-01-25",667.28,
"1940-01-26",667.3,
"1940-01-27",667.3,
"1940-01-28",667.43,
"1940-01-29",667.63,
"1940-01-30",667.58,
"1940-01-31",667.56,
"1940-02-01",667.56,
"1940-02-02",667.66,
"1940-02-03",667.68,
"1940-02-04",667.87,
"1940-02-05",668.05,
"1940-02-06",668.02,
"1940-02-07",667.9,
"1940-02-08",667.85,
"1940-02-09",667.64,
"1940-02-10",667.69,
"1940-02-11",667.78,
"1940-02-12",667.86,
"1940-02-13",667.59,
"1940-02-14",667.31,
"1940-02-15",667.31,
"1940-02-16",667.39,
"1940-02-17",667.41,
"1940-02-18",667.33,
"1940-02-19",667.51,
"1940-02-20",667.21,
"1940-02-21",667.14,
"1940-02-22",667.01,
"1940-02-23",667.14,
"1940-02-24",667.12,
"1940-02-25",666.99,
"1940-02-26",667.11,
"1940-02-27",667.18,
"1940-02-28",667.02,
"1940-02-29",666.91,
"1940-03-01",666.72,
"1940-03-02",666.61,
"1940-03-03",666.48,
"1940-03-04",666.66,
"1940-03-05",666.46,
"1940-03-06",666.51,
"1940-03-07",666.27,
"1940-03-08",666.09,
"1940-03-09",666.01,
"1940-03-10",666.05,
"1940-03-11",666.15,
"1940-03-12",665.91,
"1940-03-13",665.61,
"1940-03-14",665.7,
"1940-03-15",665.5,
"1940-03-16",665.46,
"1940-03-17",665.54,
"1940-03-18",665.66,
"1940-03-19",665.36,
"1940-03-20",665.56,
"1940-03-21",665.71,
"1940-04-27",664.58,
"1940-04-28",664.74,
"1940-04-29",665.19,
"1940-04-30",665,
"1940-05-01",664.7,
"1940-05-02",664.51,
"1940-05-03",664.33,
"1940-05-04",664.06,
"1940-05-05",663.91,
"1940-05-06",663.96,
"1940-05-07",663.41,
"1940-05-08",663.34,
"1940-05-09",663.21,
"1940-05-10",664.21,
"1940-05-11",664.45,
"1940-05-12",664.57,
"1940-05-13",664.78,
"1940-05-14",664.6,
"1940-05-15",664.3,
"1940-05-16",664.01,
"1940-05-17",664.04,
"1940-05-18",664.21,
"1940-05-19",664.35,
"1940-05-20",664.75,
"1940-05-21",664.51,
"1940-05-22",664.26,
"1940-05-23",664.64,
"1940-05-24",665.49,
"1940-05-25",665.67,
"1940-05-26",665.66,
"1940-05-27",665.75,
"1940-05-28",665.61,
"1940-05-29",665.64,
"1940-05-30",665.96,
"1940-05-31",666.01,
"1940-06-01",665.89,
"1940-06-02",665.77,
"1940-06-03",665.82,
"1940-06-04",665.51,
"1940-06-05",665.27,
"1940-06-06",665.01,
"1940-06-07",664.83,
"1940-06-08",664.56,
"1940-06-09",664.41,
"1940-06-10",664.88,
"1940-06-11",664.66,
"1940-06-12",664.26,
"1940-06-13",663.91,
"1940-06-14",664.36,
"1940-06-15",664.83,
"1940-06-16",665.46,
"1940-06-17",665.74,
"1940-06-18",665.71,
"1940-06-19",665.61,
"1940-06-20",666.11,
"1940-06-21",666.58,
"1940-06-22",666.76,
"1940-06-23",666.86,
"1940-06-24",666.75,
"1940-06-26",666.54,
"1940-06-27",666.26,
"1940-06-28",666.09,
"1940-06-29",665.95,
"1940-06-30",667.64,
"1940-07-01",667.9,
"1940-07-02",667.73,
"1940-07-03",667.6,
"1940-07-04",667.45,
"1940-07-05",667.43,
"1940-07-06",667.23,
"1940-07-07",667.07,
"1940-07-08",667.05,
"1940-07-09",666.63,
"1940-07-10",666.28,
"1940-07-11",665.95,
"1940-07-12",665.7,
"1940-07-13",665.62,
"1940-07-14",665.89,
"1940-07-15",666.25,
"1940-07-16",666.24,
"1940-07-17",666.36,
"1940-07-18",666.5,
"1940-07-19",666.35,
"1940-07-20",666.18,
"1940-07-21",666.06,
"1940-07-22",666.15,
"1940-07-23",665.64,
"1940-07-24",665.5,
"1940-07-25",665.26,
"1940-07-26",665,
"1940-07-27",664.8,
"1940-07-28",664.71,
"1940-07-29",664.81,
"1940-07-30",664.31,
"1940-07-31",663.88,
"1940-08-01",663.66,
"1940-08-02",663.6,
"1940-08-03",663.42,
"1940-08-04",663.5,
"1940-08-05",663.54,
"1940-08-06",663.17,
"1940-08-07",663,
"1940-08-08",662.81,
"1940-08-09",662.59,
"1940-08-10",662.53,
"1940-08-11",662.7,
"1940-08-12",662.82,
"1940-08-13",662.43,
"1940-08-14",662.25,
"1940-08-15",662.21,
"1940-08-16",662.13,
"1940-08-17",661.95,
"1940-08-18",661.8,
"1940-08-19",662.3,
"1940-08-20",662.44,
"1940-08-21",662.32,
"1940-08-22",662.24,
"1940-08-23",662.15,
"1940-08-24",662.02,
"1940-08-25",662.14,
"1940-08-26",662.2,
"1940-08-27",661.84,
"1940-08-28",661.51,
"1940-08-29",661.74,
"1940-08-30",661.78,
"1940-08-31",661.99,
"1940-09-01",662.17,
"1940-09-02",662.48,
"1940-09-03",662.36,
"1940-09-04",662.05,
"1940-09-05",661.87,
"1940-09-06",661.66,
"1940-09-07",661.55,
"1940-09-08",661.52,
"1940-09-09",661.82,
"1940-09-10",661.44,
"1940-09-11",661.1,
"1940-09-12",661.14,
"1940-09-13",661.13,
"1940-09-14",661.17,
"1940-09-15",661.4,
"1940-09-16",661.63,
"1940-09-17",661.22,
"1940-09-18",661.07,
"1940-09-19",661.03,
"1940-09-20",660.96,
"1940-09-21",661.1,
"1940-09-22",661.43,
"1940-09-23",661.95,
"1940-09-24",662,
"1940-09-25",662.05,
"1940-09-26",662.15,
"1940-09-27",662.25,
"1940-09-28",662.22,
"1940-09-29",662.27,
"1940-09-30",662.39,
"1940-10-01",662.28,
"1940-10-02",662.08,
"1940-10-03",661.86,
"1940-10-04",661.71,
"1940-10-05",661.51,
"1940-10-06",661.49,
"1940-10-07",661.82,
"1940-10-08",662.26,
"1940-10-09",662.42,
"1940-10-10",662.44,
"1940-10-11",662.41,
"1940-10-12",662.37,
"1940-10-13",662.45,
"1940-10-14",662.7,
"1940-10-15",662.56,
"1940-10-16",662.51,
"1940-10-17",662.41,
"1940-10-18",662.27,
"1940-10-19",662.16,
"1940-10-20",662.22,
"1940-10-21",662.27,
"1940-10-22",661.93,
"1940-10-23",661.69,
"1940-10-24",661.59,869.45
"1940-10-25",662,869.25
"1940-10-26",662.44,869.25
"1940-10-27",662.79,869.15
"1940-10-28",663.05,869.15
"1940-10-29",663.03,869.15
"1940-10-30",663.14,869.15
"1940-10-31",663.25,869.15
"1940-11-01",663.96,869.05
"1940-11-02",664.12,869.05
"1940-11-03",664.24,869.05
"1940-11-04",664.43,869.05
"1940-11-05",664.35,869.05
"1940-11-06",664.5,869.05
"1940-11-07",664.47,868.95
"1940-11-08",664.47,868.95
"1940-11-09",664.66,868.95
"1940-11-10",664.76,868.95
"1940-11-11",664.74,868.95
"1940-11-12",664.62,868.95
"1940-11-13",664.43,868.95
"1940-11-14",664.29,868.85
"1940-11-15",664.23,868.85
"1940-11-16",664.3,868.85
"1940-11-17",664.35,868.85
"1940-11-18",664.43,868.85
"1940-11-19",664.33,868.85
"1940-11-20",664.17,868.75
"1940-11-21",664.14,868.75
"1940-11-22",664.04,868.75
"1940-11-23",664.33,868.75
"1940-11-24",665.16,868.75
"1940-11-25",666.12,868.65
"1940-11-26",666.54,868.65
"1940-11-27",666.54,868.75
"1940-11-28",666.44,868.55
"1940-11-29",666.46,868.55
"1940-11-30",666.38,868.85
"1940-12-01",666.38,868.55
"1940-12-02",666.22,868.55
"1940-12-03",665.97,
"1940-12-04",665.9,
"1940-12-05",665.78,
"1940-12-06",665.69,
"1940-12-07",665.63,
"1940-12-08",665.5,
"1940-12-09",665.52,
"1940-12-10",665.41,
"1940-12-11",665.33,
"1940-12-12",665.29,
"1940-12-13",666,
"1940-12-14",666.69,
"1940-12-15",667.36,
"1940-12-16",668.92,
"1940-12-17",669.84,
"1940-12-18",670.33,
"1940-12-19",670.64,
"1940-12-20",670.87,
"1940-12-21",671.01,
"1940-12-22",671.08,
"1940-12-23",671.23,
"1940-12-24",671.24,
"1940-12-25",671.33,
"1940-12-26",671.43,
"1940-12-27",671.21,
"1940-12-28",671.09,
"1940-12-29",670.88,
"1940-12-30",670.79,
"1940-12-31",670.71,
"1941-01-01",670.49,
"1941-01-02",670.38,
"1941-01-03",670.23,
"1941-01-04",670.08,
"1941-01-05",670.07,
"1941-01-06",670.03,
"1941-01-07",669.82,
"1941-01-08",669.62,
"1941-01-09",669.43,
"1941-01-10",669.3,
"1941-01-11",669.23,
"1941-01-12",669.25,
"1941-01-13",669.32,
"1941-01-14",669.4,
"1941-01-15",669.37,
"1941-01-16",669.25,
"1941-01-17",669.1,
"1941-01-18",668.89,
"1941-01-19",668.74,
"1941-01-20",668.81,
"1941-01-21",668.76,
"1941-01-22",668.66,
"1941-01-23",668.57,867.85
"1941-01-24",668.43,867.85
"1941-01-25",668.34,867.85
"1941-01-26",668.29,867.75
"1941-01-27",668.26,867.75
"1941-01-28",668.31,867.75
"1941-01-29",668.38,867.75
"1941-01-30",668.39,867.75
"1941-01-31",668.32,867.75
"1941-02-01",668.57,867.75
"1941-02-02",671.14,867.75
"1941-02-03",672.54,867.75
"1941-02-04",673.25,867.75
"1941-02-05",673.8,867.75
"1941-02-06",674.27,867.75
"1941-02-07",674.47,867.75
"1941-02-08",674.56,867.75
"1941-02-09",674.76,867.75
"1941-02-10",674.97,867.85
"1941-02-11",674.89,867.75
"1941-02-12",675.01,867.85
"1941-02-13",675.06,867.85
"1941-02-14",674.87,867.75
"1941-02-15",674.82,867.75
"1941-02-16",674.85,867.75
"1941-02-17",674.94,867.75
"1941-02-18",674.83,867.85
"1941-02-19",674.76,867.85
"1941-02-20",674.66,867.85
"1941-02-21",674.51,867.85
"1941-02-22",674.39,867.85
"1941-02-23",674.45,867.85
"1941-02-24",674.48,867.85
"1941-02-25",674.58,867.85
"1941-02-26",674.59,867.85
"1941-02-27",674.42,867.85
"1941-02-28",674.44,867.85
"1941-03-01",674.45,867.85
"1941-03-02",674.52,867.85
"1941-03-03",674.46,867.85
"1941-03-04",674.34,867.85
"1941-03-05",674.3,867.85
"1941-03-06",674.4,867.85
"1941-03-07",674.34,867.95
"1941-03-08",674.3,867.95
"1941-03-09",674.33,867.95
"1941-03-10",674.39,867.95
"1941-03-11",674.19,867.95
"1941-03-12",674.09,867.95
"1941-03-13",673.81,867.95
"1941-03-14",673.82,867.95
"1941-03-15",673.9,867.95
"1941-03-16",673.93,867.95
"1941-03-17",673.91,867.95
"1941-03-18",674.11,867.95
"1941-03-19",673.74,867.95
"1941-03-20",675.24,867.95
"1941-03-21",675.54,868.05
"1941-03-22",675.73,868.05
"1941-03-23",675.94,868.05
"1941-03-24",676.18,868.05
"1941-03-25",676.31,868.05
"1941-03-26",676.39,868.05
"1941-03-27",676.51,868.05
"1941-03-28",676.49,868.05
"1941-03-29",676.52,868.15
"1941-03-30",676.77,868.15
"1941-03-31",676.92,868.15
"1941-04-01",676.89,868.15
"1941-04-02",676.83,868.15
"1941-04-03",676.82,868.25
"1941-04-04",676.68,868.25
"1941-04-05",676.56,868.25
"1941-04-06",676.54,868.25
"1941-04-07",676.65,868.25
"1941-04-08",676.64,868.35
"1941-04-09",676.62,868.35
"1941-04-10",676.44,868.35
"1941-04-11",676.38,868.35
"1941-04-12",676.24,868.35
"1941-04-13",676.47,868.45
"1941-04-14",676.57,868.45
"1941-04-15",676.49,868.45
"1941-04-16",676.48,868.45
"1941-04-17",676.44,868.55
"1941-04-18",676.27,868.55
"1941-04-19",676.14,868.55
"1941-04-20",675.89,868.55
"1941-04-21",675.89,868.55
"1941-04-22",675.92,868.65
"1941-04-23",675.86,868.65
"1941-04-24",675.65,868.65
"1941-04-25",675.48,868.65
"1941-04-26",675.36,868.65
"1941-04-27",675.4,868.85
"1941-04-28",677.18,869.05
"1941-04-29",678.96,869.25
"1941-04-30",679.75,869.05
"1941-05-01",680.31,869.25
"1941-05-02",680.39,869.35
"1941-05-03",680.92,869.65
"1941-05-04",681.47,869.85
"1941-05-05",681.87,869.95
"1941-05-06",682.15,869.95
"1941-05-07",682.36,870.05
"1941-05-08",682.4,870.15
"1941-05-09",682.55,870.15
"1941-05-10",682.39,870.25
"1941-05-11",682.38,870.25
"1941-05-12",682.46,870.35
"1941-05-13",682.34,870.45
"1941-05-14",682.21,870.55
"1941-05-15",681.95,870.55
"1941-05-16",681.79,870.65
"1941-05-17",681.57,870.75
"1941-05-18",681.42,870.85
"1941-05-19",681.61,870.95
"1941-05-20",681.35,871.05
"1941-05-21",681.01,871.05
"1941-05-22",681.31,871.15
"1941-05-23",681.29,871.25
"1941-05-24",681.36,871.35
"1941-05-25",681.36,871.45
"1941-05-26",681.42,871.45
"1941-05-27",681.26,871.55
"1941-05-28",681.25,871.65
"1941-05-29",681.06,871.65
"1941-05-30",681.05,871.75
"1941-05-31",680.95,871.85
"1941-06-01",680.8,871.85
"1941-06-02",680.89,871.95
"1941-06-03",680.7,872.05
"1941-06-04",680.67,872.05
"1941-06-05",680.63,872.15
"1941-06-06",680.59,872.25
"1941-06-07",680.55,872.25
"1941-06-08",680.57,872.35
"1941-06-09",680.62,872.35
"1941-06-10",680.4,872.35
"1941-06-11",680.35,872.45
"1941-06-12",680.22,872.45
"1941-06-13",680.18,872.45
"1941-06-14",680.07,872.55
"1941-06-15",679.89,872.55
"1941-06-16",679.98,872.65
"1941-06-17",680.05,872.75
"1941-06-18",680.02,872.75
"1941-06-19",679.91,872.85
"1941-06-20",679.79,872.85
"1941-06-21",679.56,872.95
"1941-06-22",679.56,872.95
"1941-06-23",679.65,872.95
"1941-06-24",679.34,872.95
"1941-06-25",679.07,873.05
"1941-06-26",679.01,873.15
"1941-06-27",679.14,873.15
"1941-06-28",679.35,873.15
"1941-06-29",679.4,873.15
"1941-06-30",679.47,873.25
"1941-07-01",679.18,873.25
"1941-07-02",678.94,873.25
"1941-07-03",678.67,873.25
"1941-07-04",678.55,873.35
"1941-07-05",678.52,873.35
"1941-07-06",678.45,873.35
"1941-07-07",677.46,873.35
"1941-07-08",677.77,873.35
"1941-07-09",677.53,873.35
"1941-07-10",677.61,873.35
"1941-07-11",677.96,873.45
"1941-07-12",677.9,873.45
"1941-07-13",677.95,873.45
"1941-07-14",677.91,873.45
"1941-07-15",677.85,873.45
"1941-07-16",677.71,873.55
"1941-07-17",677.64,873.55
"1941-07-18",677.44,873.55
"1941-07-19",677.32,873.55
"1941-07-20",677.45,873.55
"1941-07-21",677.07,873.55
"1941-07-22",676.77,873.65
"1941-07-23",676.65,873.65
"1941-07-24",676.46,873.65
"1941-07-25",676.46,873.65
"1941-07-26",676.32,873.65
"1941-07-27",676.47,873.65
"1941-07-28",675.98,873.75
"1941-07-29",675.84,873.75
"1941-07-30",675.69,873.75
"1941-07-31",675.69,873.75
"1941-08-01",675.56,873.75
"1941-08-02",675.37,873.75
"1941-08-03",675.44,873.75
"1941-08-04",675.75,873.75
"1941-08-05",675.44,873.85
"1941-08-06",675.56,873.85
"1941-08-07",675.62,873.85
"1941-08-08",675.89,873.85
"1941-08-09",675.9,873.85
"1941-08-10",675.8,873.85
"1941-08-11",676.02,873.85
"1941-08-12",675.61,873.85
"1941-08-13",675.36,873.85
"1941-08-14",675.28,873.85
"1941-08-15",675.29,873.85
"1941-08-16",675.17,873.85
"1941-08-17",675.33,873.95
"1941-08-18",675.56,873.85
"1941-08-19",675.09,873.85
"1941-08-20",675.01,873.85
"1941-08-21",674.98,873.85
"1941-08-22",674.86,873.85
"1941-08-23",674.7,873.85
"1941-08-24",674.66,873.95
"1941-08-25",675.04,873.95
"1941-08-26",674.72,873.95
"1941-08-27",674.19,873.95
"1941-08-28",674.06,873.95
"1941-08-29",673.67,873.95
"1941-08-30",673.47,873.95
"1941-08-31",673.91,873.95
"1941-09-01",674.01,873.95
"1941-09-02",673.93,873.95
"1941-09-03",673.47,873.95
"1941-09-04",674.36,873.95
"1941-09-05",673.16,873.95
"1941-09-06",672.96,873.95
"1941-09-07",673.21,873.95
"1941-09-08",674.2,873.95
"1941-09-09",673.56,873.95
"1941-09-10",674.35,873.95
"1941-09-11",674.54,873.95
"1941-09-12",674.79,874.05
"1941-09-13",674.54,874.05
"1941-09-14",674.34,874.05
"1941-09-15",674.52,874.05
"1941-09-16",674.7,874.05
"1941-09-17",674.54,874.05
"1941-09-18",675.56,874.05
"1941-09-19",675.98,874.15
"1941-09-20",676.16,874.15
"1941-09-21",676.31,874.15
"1941-09-22",676.44,874.15
"1941-09-23",676.46,874.25
"1941-09-24",676.47,874.25
"1941-09-25",675.56,874.25
"1941-09-26",675.86,874.25
"1941-09-27",675.79,874.25
"1941-09-28",675.87,874.25
"1941-09-29",675.98,874.25
"1941-09-30",676.01,874.25
"1941-10-01",676.26,874.25
"1941-10-02",676.36,874.25
"1941-10-03",676.36,874.25
"1941-10-04",676.89,874.35
"1941-10-05",678.01,874.35
"1941-10-06",678.43,874.25
"1941-10-07",678.51,874.25
"1941-10-08",678.49,874.25
"1941-10-09",678.49,874.25
"1941-10-10",678.44,874.25
"1941-10-11",678.49,874.25
"1941-10-12",678.51,874.35
"1941-10-13",678.5,874.35
"1941-10-14",678.43,874.35
"1941-10-15",678.31,874.35
"1941-10-16",678.12,874.35
"1941-10-17",678.22,874.35
"1941-10-18",677.96,874.35
"1941-10-19",677.9,874.35
"1941-10-20",677.91,874.35
"1941-10-21",676.93,874.35
"1941-10-22",676.65,874.35
"1941-10-23",676.44,874.35
"1941-10-24",676.48,874.35
"1941-10-25",676.55,874.35
"1941-10-26",676.64,874.35
"1941-10-27",676.75,874.35
"1941-10-28",677.2,874.35
"1941-10-29",677.37,874.45
"1941-10-30",677.66,874.45
"1941-10-31",677.76,874.45
"1941-11-01",677.83,874.55
"1941-11-02",677.81,874.55
"1941-11-03",677.91,874.65
"1941-11-04",677.83,874.65
"1941-11-05",677.73,874.65
"1941-11-06",677.6,874.65
"1941-11-07",677.51,874.75
"1941-11-08",677.4,874.75
"1941-11-09",677.48,874.75
"1941-11-10",677.64,874.85
"1941-11-11",677.47,874.85
"1941-11-12",677.4,874.85
"1941-11-13",677.36,874.95
"1941-11-14",677.3,874.95
"1941-11-15",677.21,874.95
"1941-11-16",677.4,875.05
"1941-11-17",677.56,875.05
"1941-11-18",677.43,875.05
"1941-11-19",677.43,875.05
"1941-11-20",677.35,875.15
"1941-11-21",677.43,875.15
"1941-11-22",677.63,875.15
"1941-11-23",677.6,875.15
"1941-11-24",677.61,875.15
"1941-11-25",677.57,875.15
"1941-11-26",677.58,875.25
"1941-11-27",677.63,875.25
"1941-11-28",677.64,875.25
"1941-11-29",677.64,875.25
"1941-11-30",677.62,875.35
"1941-12-01",677.74,875.35
"1941-12-02",677.62,875.35
"1941-12-03",677.56,875.35
"1941-12-04",677.52,875.45
"1941-12-05",677.48,875.45
"1941-12-06",677.21,875.45
"1941-12-07",677.24,875.45
"1941-12-08",677.36,875.45
"1941-12-09",677.42,875.45
"1941-12-10",677.34,875.55
"1941-12-11",677.48,875.55
"1941-12-12",677.54,875.55
"1941-12-13",677.5,875.55
"1941-12-14",677.44,875.55
"1941-12-15",677.57,875.55
"1941-12-16",677.52,875.55
"1941-12-17",677.49,875.65
"1941-12-18",677.45,875.65
"1941-12-19",677.38,875.65
"1941-12-20",677.28,875.65
"1941-12-21",677.33,875.65
"1941-12-22",677.54,875.65
"1941-12-23",677.39,875.65
"1941-12-24",677.36,875.65
"1941-12-25",677.35,875.65
"1941-12-26",677.38,875.65
"1941-12-27",677.26,875.65
"1941-12-28",677.24,875.65
"1941-12-29",677.22,875.65
"1941-12-30",677.23,875.65
"1941-12-31",677.17,875.65
"1942-01-01",677.21,875.75
"1942-01-02",677.08,875.75
"1942-01-03",676.96,875.75
"1942-01-04",676.93,875.75
"1942-01-05",676.85,875.65
"1942-01-06",676.79,875.75
"1942-01-07",676.81,875.75
"1942-01-08",676.69,875.75
"1942-01-09",676.71,875.75
"1942-01-10",676.53,875.65
"1942-01-11",676.67,875.75
"1942-01-12",676.48,875.75
"1942-01-13",676.42,875.75
"1942-01-14",676.4,875.75
"1942-01-15",676.34,875.75
"1942-01-16",676.41,875.75
"1942-01-17",676.37,875.75
"1942-01-18",676.39,875.75
"1942-01-19",676.44,875.75
"1942-01-20",676.33,875.65
"1942-01-21",676.24,875.75
"1942-01-22",676.23,875.75
"1942-01-23",676.2,875.75
"1942-01-24",676.14,875.75
"1942-01-25",676.16,875.75
"1942-01-26",676.34,875.75
"1942-01-27",676.18,875.65
"1942-01-28",676.03,875.65
"1942-01-29",676.04,875.75
"1942-01-30",676.11,875.75
"1942-01-31",675.95,875.65
"1942-02-01",675.92,875.65
"1942-02-02",676.01,875.65
"1942-02-03",675.84,875.65
"1942-02-04",675.76,875.65
"1942-02-05",675.88,875.75
"1942-02-06",675.85,875.65
"1942-02-07",675.71,875.65
"1942-02-08",675.68,875.65
"1942-02-09",675.91,875.65
"1942-02-10",675.64,875.65
"1942-02-11",675.84,875.65
"1942-02-12",675.71,875.65
"1942-02-13",675.66,875.65
"1942-02-14",675.66,875.65
"1942-02-15",676.01,875.65
"1942-02-16",676.27,875.65
"1942-02-17",676.33,875.65
"1942-02-18",676.29,875.55
"1942-02-19",676.09,875.55
"1942-02-20",676.13,875.55
"1942-02-21",676.03,875.55
"1942-02-22",676.12,875.65
"1942-02-23",676.41,875.55
"1942-02-24",676.24,875.55
"1942-02-25",676.14,875.55
"1942-02-26",676.15,875.55
"1942-02-27",675.99,875.55
"1942-02-28",676.03,875.55
"1942-03-01",676.14,875.55
"1942-03-02",676.06,875.45
"1942-03-03",676.06,875.45
"1942-03-04",676.16,875.45
"1942-03-05",675.96,875.45
"1942-03-06",675.93,875.45
"1942-03-07",675.95,875.45
"1942-03-08",675.73,875.35
"1942-03-09",675.76,875.35
"1942-03-10",675.7,875.35
"1942-03-11",675.62,875.35
"1942-03-12",675.52,875.35
"1942-03-13",675.37,875.25
"1942-03-14",675.29,875.25
"1942-03-15",675.35,875.35
"1942-03-16",675.5,875.35
"1942-03-17",675.16,875.25
"1942-03-18",674.97,875.15
"1942-03-19",674.85,875.25
"1942-03-20",675.01,875.15
"1942-03-21",675.01,875.15
"1942-03-22",674.99,875.15
"1942-03-23",674.88,875.15
"1942-03-24",674.77,875.15
"1942-03-25",674.99,875.15
"1942-03-26",675.01,875.05
"1942-03-27",674.99,875.05
"1942-03-28",674.88,875.05
"1942-03-29",674.77,875.05
"1942-03-30",674.86,874.95
"1942-03-31",674.63,874.95
"1942-04-01",674.7,874.95
"1942-04-02",674.58,874.95
"1942-04-03",674.47,874.85
"1942-04-04",674.38,874.85
"1942-04-05",674.4,874.85
"1942-04-06",,874.85
"1942-04-07",,874.95
"1942-04-08",,874.95
"1942-04-09",675.43,874.85
"1942-04-10",675.77,874.85
"1942-04-11",675.92,874.85
"1942-04-12",675.97,874.85
"1942-04-13",676.17,874.75
"1942-04-14",675.99,874.75
"1942-04-15",675.8,874.75
"1942-04-16",675.63,874.75
"1942-04-17",675.62,874.75
"1942-04-18",675.56,874.75
"1942-04-19",675.61,874.75
"1942-04-20",675.72,874.65
"1942-04-21",675.49,874.65
"1942-04-22",675.42,874.65
"1942-04-23",675.21,874.65
"1942-04-24",675.51,874.65
"1942-04-25",675.56,874.55
"1942-04-26",675.82,874.55
"1942-04-27",676.06,874.55
"1942-04-28",676.01,874.55
"1942-04-29",675.89,874.55
"1942-04-30",675.86,874.45
"1942-05-01",675.77,874.45
"1942-05-02",675.7,874.45
"1942-05-03",675.62,874.45
"1942-05-04",675.78,874.35
"1942-05-05",675.77,874.35
"1942-05-06",675.67,874.35
"1942-05-07",675.56,874.35
"1942-05-08",675.76,874.25
"1942-05-09",675.73,874.25
"1942-05-10",675.66,874.25
"1942-05-11",675.74,874.25
"1942-05-12",675.79,874.25
"1942-05-13",675.71,874.15
"1942-05-14",675.4,874.15
"1942-05-15",675.18,874.15
"1942-05-16",675.16,874.05
"1942-05-17",675.13,874.05
"1942-05-18",675.31,874.05
"1942-05-19",675.06,874.05
"1942-05-20",675.21,874.05
"1942-05-21",675.28,874.05
"1942-05-22",675.39,874.05
"1942-05-23",675.32,874.05
"1942-05-24",675.23,873.95
"1942-05-25",675.36,873.95
"1942-05-26",675.12,873.95
"1942-05-27",675.11,873.95
"1942-05-28",674.89,873.95
"1942-05-29",674.81,873.95
"1942-05-30",674.57,873.85
"1942-05-31",674.52,873.85
"1942-06-01",674.62,873.85
"1942-06-02",674.39,873.85
"1942-06-03",674.18,873.85
"1942-06-04",673.99,873.75
"1942-06-05",673.89,873.75
"1942-06-06",674.31,873.75
"1942-06-07",674.69,873.75
"1942-06-08",674.86,873.75
"1942-06-09",674.89,873.65
"1942-06-10",674.83,873.65
"1942-06-11",674.65,873.65
"1942-06-12",674.47,873.65
"1942-06-13",674.11,873.65
"1942-06-14",673.87,873.55
"1942-06-15",673.98,873.55
"1942-06-16",673.61,873.55
"1942-06-17",673.69,873.55
"1942-06-18",673.51,873.55
"1942-06-19",673.34,873.55
"1942-06-20",673.23,873.45
"1942-06-21",673.11,873.45
"1942-06-22",673.21,873.45
"1942-06-23",673.06,873.45
"1942-06-24",672.93,873.45
"1942-06-25",672.75,873.35
"1942-06-26",672.79,873.35
"1942-06-27",672.81,873.35
"1942-06-28",672.85,873.35
"1942-06-29",672.86,873.25
"1942-06-30",672.41,873.25
"1942-07-01",671.56,873.25
"1942-07-02",671.71,873.25
"1942-07-03",671.66,873.25
"1942-07-04",671.79,873.15
"1942-07-05",672.02,873.25
"1942-07-06",673.66,873.25
"1942-07-07",674.49,873.35
"1942-07-08",674.81,873.35
"1942-07-09",674.89,873.35
"1942-07-10",674.83,873.35
"1942-07-11",674.55,873.25
"1942-07-12",674.3,873.25
"1942-07-13",674.28,873.25
"1942-07-14",673.89,873.25
"1942-07-15",673.72,
"1942-07-16",673.4,
"1942-07-17",673.23,
"1942-07-18",673.08,
"1942-07-19",673,873.05
"1942-07-20",673.14,873.05
"1942-07-21",672.72,873.05
"1942-07-22",672.4,872.95
"1942-07-23",672.69,872.95
"1942-07-24",672.58,872.95
"1942-07-25",672.46,872.85
"1942-07-26",672.38,872.85
"1942-07-27",672.4,872.85
"1942-07-28",672.19,872.75
"1942-07-29",671.96,872.75
"1942-07-30",671.91,872.75
"1942-07-31",671.76,872.65
"1942-08-01",671.7,872.65
"1942-08-02",671.64,872.65
"1942-08-03",671.83,872.65
"1942-08-04",671.59,872.55
"1942-08-05",671.39,872.55
"1942-08-06",671.2,872.55
"1942-08-07",671.2,872.45
"1942-08-08",671.05,872.45
"1942-08-09",671.07,872.45
"1942-08-10",671.2,872.45
"1942-08-11",670.86,872.35
"1942-08-12",670.62,872.35
"1942-08-13",670.43,872.25
"1942-08-14",670.2,872.25
"1942-08-15",670.25,872.25
"1942-08-16",670.6,872.25
"1942-08-17",671.16,872.25
"1942-08-18",670.99,872.25
"1942-08-19",670.82,872.15
"1942-08-20",670.74,872.15
"1942-08-21",670.54,872.15
"1942-08-22",670.72,872.15
"1942-08-23",670.71,872.05
"1942-08-24",670.8,872.05
"1942-08-25",670.49,871.95
"1942-08-26",670.34,871.95
"1942-08-27",670.14,871.95
"1942-08-28",670.04,871.85
"1942-08-29",669.92,871.85
"1942-08-30",669.74,871.95
"1942-08-31",671.12,871.95
"1942-09-01",671.22,871.95
"1942-09-02",671.29,871.95
"1942-09-03",671.22,871.95
"1942-09-04",671.48,871.95
"1942-09-05",673.32,871.95
"1942-09-06",673.9,871.95
"1942-09-07",674.14,871.95
"1942-09-08",674.44,872.05
"1942-09-09",676.2,872.05
"1942-09-10",677.14,872.15
"1942-09-11",677.64,872.15
"1942-09-12",677.87,872.15
"1942-09-13",677.97,872.15
"1942-09-14",678.13,872.25
"1942-09-15",678.05,872.25
"1942-09-16",677.89,872.25
"1942-09-17",677.71,872.35
"1942-09-18",677.54,872.35
"1942-09-19",677.34,872.35
"1942-09-20",677.18,872.35
"1942-09-21",677.42,872.45
"1942-09-22",677.26,872.45
"1942-09-23",677.06,872.45
"1942-09-24",676.78,872.55
"1942-09-25",676.58,873.55
"1942-09-26",676.46,872.55
"1942-09-27",676.46,872.65
"1942-09-28",676.56,872.65
"1942-09-29",676.19,872.65
"1942-09-30",676.07,872.65
"1942-10-01",675.85,872.65
"1942-10-02",675.67,872.75
"1942-10-03",675.57,872.75
"1942-10-04",676.08,872.75
"1942-10-05",679.25,872.85
"1942-10-06",680.13,872.85
"1942-10-07",680.66,872.85
"1942-10-08",680.94,872.85
"1942-10-09",681.14,872.85
"1942-10-10",681.11,872.85
"1942-10-11",681.19,872.95
"1942-10-12",681.34,872.95
"1942-10-13",681.18,872.95
"1942-10-14",680.99,872.95
"1942-10-15",680.89,872.95
"1942-10-16",681.53,873.05
"1942-10-17",681.99,873.05
"1942-10-18",682.39,873.05
"1942-10-19",684.12,873.05
"1942-10-20",684.56,873.05
"1942-10-21",685,873.15
"1942-10-22",685.24,873.15
"1942-10-23",685.3,873.15
"1942-10-24",685.34,873.15
"1942-10-25",685.36,874.25
"1942-10-26",685.54,873.25
"1942-10-27",685.18,873.25
"1942-10-28",685.16,873.25
"1942-10-29",684.97,873.35
"1942-10-30",684.82,873.35
"1942-10-31",684.66,873.35
"1942-11-01",684.55,873.35
"1942-11-02",684.57,873.45
"1942-11-03",684.27,873.45
"1942-11-04",684.16,873.45
"1942-11-05",684.09,873.45
"1942-11-06",683.87,873.55
"1942-11-07",683.72,873.55
"1942-11-08",683.67,873.55
"1942-11-09",683.69,873.55
"1942-11-10",683.39,873.55
"1942-11-11",683.2,873.55
"1942-11-12",683.08,873.65
"1942-11-13",682.96,873.65
"1942-11-14",682.74,873.65
"1942-11-15",682.74,873.75
"1942-11-16",682.86,873.75
"1942-11-17",682.53,873.75
"1942-11-18",682.31,873.75
"1942-11-19",682.2,873.85
"1942-11-20",682.14,873.85
"1942-11-21",682.08,873.85
"1942-11-22",682.09,873.85
"1942-11-23",682.2,873.95
"1942-11-24",682.12,873.95
"1942-11-25",682.12,873.95
"1942-11-26",681.87,873.95
"1942-11-27",681.79,873.95
"1942-11-28",681.79,874.05
"1942-11-29",681.68,874.05
"1942-11-30",681.72,874.05
"1942-12-01",681.18,874.05
"1942-12-02",681.16,874.05
"1942-12-03",681,874.05
"1942-12-04",,874.05
"1942-12-05",,874.15
"1942-12-06",681,874.15
"1942-12-07",681.11,874.15
"1942-12-08",680.93,874.15
"1942-12-09",680.86,874.15
"1942-12-10",680.77,874.15
"1942-12-11",680.8,874.15
"1942-12-12",680.63,874.25
"1942-12-13",680.6,874.25
"1942-12-14",680.59,874.25
"1942-12-15",680.55,874.25
"1942-12-16",680.4,874.25
"1942-12-17",680.32,874.25
"1942-12-18",680.25,874.25
"1942-12-19",680.24,874.25
"1942-12-20",680.19,874.25
"1942-12-21",680.34,874.25
"1942-12-22",680.26,874.35
"1942-12-23",680.17,874.35
"1942-12-24",680.14,874.35
"1942-12-25",680.11,874.35
"1942-12-26",680.28,874.35
"1942-12-27",680.11,874.35
"1942-12-28",679.99,874.35
"1942-12-29",679.93,874.35
"1942-12-30",679.86,874.35
"1942-12-31",679.73,874.45
"1943-01-01",679.58,874.45
"1943-01-02",679.58,874.45
"1943-01-03",679.48,874.45
"1943-01-04",679.45,874.35
"1943-01-05",679.32,874.35
"1943-01-06",679.41,874.45
"1943-01-07",679.46,874.45
"1943-01-08",679.4,874.45
"1943-01-09",679.38,874.45
"1943-01-10",679.41,874.45
"1943-01-11",679.43,874.45
"1943-01-12",679.37,874.45
"1943-01-13",679.39,874.45
"1943-01-14",679.36,874.45
"1943-01-15",679.33,874.55
"1943-01-16",679.39,874.55
"1943-01-17",679.29,874.55
"1943-01-18",679.31,874.55
"1943-01-19",678.83,874.45
"1943-01-20",678.44,874.45
"1943-01-21",678.56,874.45
"1943-01-22",678.61,874.55
"1943-01-23",678.44,874.55
"1943-01-24",678.46,874.55
"1943-01-25",678.63,874.55
"1943-01-26",678.23,874.45
"1943-01-27",678.16,874.45
"1943-01-28",678.37,874.45
"1943-01-29",678.36,874.45
"1943-01-30",678.32,874.45
"1943-01-31",678.33,874.45
"1943-02-01",678.28,874.45
"1943-02-02",678.24,874.45
"1943-02-03",678.26,874.45
"1943-02-04",678.18,874.45
"1943-02-05",678.11,874.45
"1943-02-06",677.81,874.45
"1943-02-07",677.74,874.45
"1943-02-08",677.86,874.45
"1943-02-09",677.69,874.45
"1943-02-10",677.53,874.45
"1943-02-11",677.33,874.35
"1943-02-12",677.31,874.35
"1943-02-13",677.14,874.35
"1943-02-14",677.28,874.35
"1943-02-15",677.37,874.35
"1943-02-16",677.11,874.35
"1943-02-17",677.17,874.35
"1943-02-18",677.06,874.35
"1943-02-19",676.99,874.35
"1943-02-20",676.86,874.35
"1943-02-21",676.94,874.35
"1943-02-22",677.04,874.35
"1943-02-23",677.04,874.25
"1943-02-24",676.96,874.25
"1943-02-25",676.87,874.25
"1943-02-26",676.85,874.25
"1943-02-27",676.77,874.25
"1943-02-28",676.87,874.25
"1943-03-01",676.89,874.25
"1943-03-02",676.84,874.25
"1943-03-03",676.64,874.15
"1943-03-04",676.79,874.25
"1943-03-05",676.96,874.15
"1943-03-06",676.78,874.15
"1943-03-07",676.66,874.15
"1943-03-08",676.72,874.15
"1943-03-09",676.59,874.15
"1943-03-10",676.58,874.05
"1943-03-11",676.51,874.05
"1943-03-12",676.62,874.05
"1943-03-13",676.35,874.05
"1943-03-14",676.06,874.05
"1943-03-15",676.47,874.05
"1943-03-16",676.24,873.95
"1943-03-17",676.13,873.95
"1943-03-18",676.03,873.95
"1943-03-19",675.98,873.95
"1943-03-20",675.79,873.95
"1943-03-21",675.77,873.95
"1943-03-22",675.76,873.85
"1943-03-23",675.64,873.85
"1943-03-24",675.77,873.95
"1943-03-25",676.03,873.85
"1943-03-26",676.26,873.85
"1943-03-27",676.34,873.95
"1943-03-28",676.36,873.85
"1943-03-29",676.44,873.75
"1943-03-30",676.31,873.75
"1943-03-31",676.26,873.75
"1943-04-01",676.08,873.75
"1943-04-02",675.98,873.65
"1943-04-03",675.79,873.65
"1943-04-04",675.75,873.65
"1943-04-05",675.82,873.65
"1943-04-06",675.52,873.55
"1943-04-07",675.47,873.55
"1943-04-08",675.53,873.65
"1943-04-09",675.77,873.65
"1943-04-10",675.88,873.65
"1943-04-11",675.84,873.65
"1943-04-12",675.89,873.55
"1943-04-13",675.57,873.55
"1943-04-14",675.36,873.45
"1943-04-15",675.34,873.45
"1943-04-16",675.4,873.45
"1943-04-17",674.72,873.45
"1943-04-18",674.7,873.45
"1943-04-19",674.81,873.45
"1943-04-20",674.55,873.45
"1943-04-21",674.18,873.45
"1943-04-22",674.09,873.35
"1943-04-23",673.78,873.35
"1943-04-24",673.58,873.35
"1943-04-25",673.46,873.35
"1943-04-26",673.63,873.25
"1943-04-27",673.13,873.25
"1943-04-28",672.94,873.15
"1943-04-29",672.89,873.15
"1943-04-30",672.57,873.15
"1943-05-01",672.4,873.15
"1943-05-02",672.43,873.05
"1943-05-03",672.54,873.05
"1943-05-04",672.14,873.05
"1943-05-05",671.99,872.95
"1943-05-06",671.81,872.95
"1943-05-07",671.88,872.95
"1943-05-08",671.7,872.95
"1943-05-09",671.75,872.95
"1943-05-10",671.98,872.95
"1943-05-11",672.2,872.95
"1943-05-12",672.06,872.95
"1943-05-13",671.88,872.85
"1943-05-14",671.68,872.85
"1943-05-15",671.65,872.85
"1943-05-16",671.77,872.85
"1943-05-17",671.96,872.75
"1943-05-18",671.63,872.75
"1943-05-19",671.42,872.65
"1943-05-20",671.24,872.65
"1943-05-21",671.34,872.65
"1943-05-22",671.32,872.65
"1943-05-23",671,872.65
"1943-05-24",672.35,872.65
"1943-05-25",672.26,872.65
"1943-05-26",672.15,872.55
"1943-05-27",672.04,872.55
"1943-05-28",671.8,872.55
"1943-05-29",671.99,872.55
"1943-05-30",672.36,872.55
"1943-05-31",672.62,872.55
"1943-06-01",672.59,872.45
"1943-06-02",672.57,872.45
"1943-06-03",672.49,872.45
"1943-06-04",672.45,872.45
"1943-06-05",672.47,872.45
"1943-06-06",672.74,872.45
"1943-06-07",673.3,872.45
"1943-06-08",673.56,872.45
"1943-06-09",673.65,872.45
"1943-06-10",673.72,872.45
"1943-06-11",673.75,872.45
"1943-06-12",673.67,872.35
"1943-06-13",673.66,872.45
"1943-06-14",673.99,872.35
"1943-06-15",673.82,872.35
"1943-06-16",673.73,872.35
"1943-06-17",673.48,872.35
"1943-06-18",673.42,872.35
"1943-06-19",673.53,872.35
"1943-06-20",673.53,872.35
"1943-06-21",673.54,872.35
"1943-06-22",673.2,872.35
"1943-06-23",673,872.35
"1943-06-24",672.73,872.25
"1943-06-25",672.58,872.25
"1943-06-26",672.33,872.25
"1943-06-27",672.25,872.25
"1943-06-28",672.27,872.25
"1943-06-29",671.92,872.25
"1943-06-30",671.62,872.25
"1943-07-01",671.48,872.25
"1943-07-02",671.34,872.25
"1943-07-03",671.48,872.15
"1943-07-04",671.41,872.15
"1943-07-05",671.58,872.15
"1943-07-06",671.28,872.15
"1943-07-07",671,872.15
"1943-07-08",670.69,872.15
"1943-07-09",670.88,872.15
"1943-07-10",671.08,872.15
"1943-07-11",671.38,872.15
"1943-07-12",670.93,872.15
"1943-07-13",672.11,872.15
"1943-07-14",673.03,872.15
"1943-07-15",673.94,872.15
"1943-07-16",674.26,872.15
"1943-07-17",674.33,872.05
"1943-07-18",674.27,872.05
"1943-07-19",674.25,872.05
"1943-07-20",673.88,872.05
"1943-07-21",673.61,871.95
"1943-07-22",673.31,871.95
"1943-07-23",673.04,871.95
"1943-07-24",672.83,871.85
"1943-07-25",672.7,871.85
"1943-07-26",672.88,871.85
"1943-07-27",672.66,871.85
"1943-07-28",672.46,871.85
"1943-07-29",672.49,871.85
"1943-07-30",672.48,871.25
"1943-07-31",672.16,871.75
"1943-08-01",672.14,871.75
"1943-08-02",672.27,871.75
"1943-08-03",671.76,871.65
"1943-08-04",671.42,871.65
"1943-08-05",671.12,871.55
"1943-08-06",670.93,871.55
"1943-08-07",670.8,871.55
"1943-08-08",670.89,871.55
"1943-08-09",670.98,871.55
"1943-08-10",670.54,871.45
"1943-08-11",670.51,871.45
"1943-08-12",670.44,871.35
"1943-08-13",670.33,871.35
"1943-08-14",670.13,871.35
"1943-08-15",670.13,871.35
"1943-08-16",670.34,871.25
"1943-08-17",670.02,871.25
"1943-08-18",669.58,871.25
"1943-08-19",669.56,871.15
"1943-08-20",669.41,871.15
"1943-08-21",669.28,871.15
"1943-08-22",669.28,871.15
"1943-08-23",669.54,871.05
"1943-08-24",669.02,871.03
"1943-08-25",668.88,870.95
"1943-08-26",668.69,870.95
"1943-08-27",668.6,870.95
"1943-08-28",668.51,870.85
"1943-08-29",669.08,870.85
"1943-08-30",668.92,870.85
"1943-08-31",669.05,870.75
"1943-09-01",669.37,870.85
"1943-09-02",669.55,870.75
"1943-09-03",669.98,870.75
"1943-09-04",670.54,870.75
"1943-09-05",670.71,870.75
"1943-09-06",670.89,870.75
"1943-09-07",670.77,870.75
"1943-09-08",670.83,870.75
"1943-09-09",670.79,870.75
"1943-09-10",670.82,870.65
"1943-09-11",670.83,870.65
"1943-09-12",670.84,870.65
"1943-09-13",671,870.65
"1943-09-14",670.78,870.55
"1943-09-15",670.56,870.55
"1943-09-16",670.65,870.55
"1943-09-17",670.73,870.65
"1943-09-18",670.88,870.55
"1943-09-19",671.01,870.55
"1943-09-20",671.16,870.55
"1943-09-21",671.01,870.55
"1943-09-22",670.8,870.55
"1943-09-23",670.69,870.45
"1943-09-24",670.63,870.45
"1943-09-25",670.52,870.45
"1943-09-26",670.58,870.45
"1943-09-27",670.98,870.45
"1943-09-28",671.06,870.45
"1943-09-29",671.01,870.45
"1943-09-30",670.97,870.35
"1943-10-01",671.02,870.35
"1943-10-02",671.09,870.44
"1943-10-03",671.08,870.44
"1943-10-04",671.19,870.44
"1943-10-05",671.13,870.45
"1943-10-06",670.99,870.45
"1943-10-07",670.9,870.35
"1943-10-08",670.81,870.35
"1943-10-09",670.64,870.35
"1943-10-10",670.63,870.35
"1943-10-11",670.9,870.35
"1943-10-12",670.9,870.35
"1943-10-13",670.91,870.25
"1943-10-14",670.77,870.25
"1943-10-15",670.68,870.25
"1943-10-16",670.51,870.15
"1943-10-17",670.6,870.15
"1943-10-18",670.71,870.15
"1943-10-19",670.39,870.15
"1943-10-20",670.21,870.05
"1943-10-21",670.06,870.05
"1943-10-22",669.87,870.05
"1943-10-23",669.81,869.95
"1943-10-24",669.79,869.95
"1943-10-25",669.84,869.95
"1943-10-26",669.71,869.85
"1943-10-27",669.66,869.85
"1943-10-28",669.78,869.85
"1943-10-29",669.76,869.75
"1943-10-30",669.61,869.75
"1943-10-31",669.61,869.75
"1943-11-01",669.73,869.65
"1943-11-02",669.55,869.65
"1943-11-03",669.87,869.65
"1943-11-04",669.96,869.55
"1943-11-05",670.06,869.55
"1943-11-06",670.16,869.55
"1943-11-07",670.05,869.55
"1943-11-08",670.16,869.45
"1943-11-09",670.09,869.45
"1943-11-10",669.98,869.45
"1943-11-11",669.89,869.35
"1943-11-12",669.89,869.35
"1943-11-13",669.77,869.35
"1943-11-14",669.89,869.25
"1943-11-15",670.11,869.25
"1943-11-16",670.1,869.25
"1943-11-17",670.14,869.15
"1943-11-18",670.14,869.15
"1943-11-19",670.13,869.15
"1943-11-20",670.14,869.05
"1943-11-21",670.19,869.05
"1943-11-22",670.26,869.05
"1943-11-23",670.11,868.95
"1943-11-24",670,868.95
"1943-11-25",669.96,868.95
"1943-11-26",670.1,868.85
"1943-11-27",670.06,868.85
"1943-11-28",670.21,868.85
"1943-11-29",670.21,868.85
"1943-11-30",670.1,868.75
"1943-12-01",670.16,868.75
"1943-12-02",,868.75
"1943-12-03",,868.75
"1943-12-04",,868.65
"1943-12-05",,868.65
"1943-12-06",,868.65
"1943-12-07",,868.65
"1943-12-08",,868.55
"1943-12-09",,868.55
"1943-12-10",,868.55
"1943-12-11",,868.45
"1943-12-12",,868.45
"1943-12-13",,868.45
"1943-12-14",,868.45
"1943-12-15",,868.35
"1943-12-16",,868.35
"1943-12-17",,868.35
"1943-12-18",,868.25
"1943-12-19",,868.25
"1943-12-20",,868.25
"1943-12-21",,868.25
"1943-12-22",669.49,868.15
"1943-12-23",669.36,868.15
"1943-12-24",669.23,868.15
"1943-12-25",669.31,868.15
"1943-12-26",669.45,868.15
"1943-12-27",669.5,868.05
"1943-12-28",669.22,868.05
"1943-12-29",669.11,868.05
"1943-12-30",669.1,867.95
"1943-12-31",668.99,867.95
"1944-01-01",669.02,867.95
"1944-01-02",669.4,867.95
"1944-01-03",669.71,867.95
"1944-01-04",669.79,867.85
"1944-01-05",669.79,867.85
"1944-01-06",669.69,867.85
"1944-01-07",669.87,867.85
"1944-01-08",669.62,867.75
"1944-01-09",669.38,867.75
"1944-01-10",669.54,867.75
"1944-01-11",669.5,867.75
"1944-01-12",669.49,867.65
"1944-01-13",669.29,867.65
"1944-01-14",669.21,867.65
"1944-01-15",669.32,867.55
"1944-01-16",669.39,867.55
"1944-01-17",669.41,867.55
"1944-01-18",669.32,867.55
"1944-01-19",669.31,867.55
"1944-01-20",669.27,867.55
"1944-01-21",669.33,867.45
"1944-01-22",669.33,867.45
"1944-01-23",669.36,867.45
"1944-01-24",669.51,867.45
"1944-01-25",669.61,867.45
"1944-01-26",669.6,867.35
"1944-01-27",669.54,867.35
"1944-01-28",669.49,867.35
"1944-01-29",669.63,867.35
"1944-01-30",669.71,867.25
"1944-01-31",669.78,867.25
"1944-02-01",669.79,867.25
"1944-02-02",669.81,867.25
"1944-02-03",669.84,867.25
"1944-02-04",669.66,867.15
"1944-02-05",669.73,867.15
"1944-02-06",669.76,867.15
"1944-02-07",669.85,867.15
"1944-02-08",669.89,867.15
"1944-02-09",669.8,867.05
"1944-02-10",669.78,867.05
"1944-02-11",669.54,867.05
"1944-02-12",669.43,867.05
"1944-02-13",669.59,867.05
"1944-02-14",669.83,866.95
"1944-02-15",669.71,866.95
"1944-02-16",669.79,866.95
"1944-02-17",669.83,866.95
"1944-02-18",669.71,866.95
"1944-02-19",669.76,866.95
"1944-02-20",669.83,866.85
"1944-02-21",669.99,866.85
"1944-02-22",670,866.85
"1944-02-23",669.97,866.85
"1944-02-24",669.96,866.85
"1944-02-25",669.93,866.85
"1944-02-26",670.41,866.85
"1944-02-27",670.98,866.85
"1944-02-28",671.35,866.85
"1944-02-29",671.49,866.85
"1944-03-01",671.66,866.85
"1944-03-02",671.84,866.85
"1944-03-03",671.98,866.85
"1944-03-04",671.99,866.85
"1944-03-05",671.98,866.85
"1944-03-06",672.05,866.85
"1944-03-07",671.5,866.85
"1944-03-08",671.29,866.75
"1944-03-09",671.18,866.85
"1944-03-10",671.28,866.85
"1944-03-11",671.46,866.85
"1944-03-12",672.51,866.85
"1944-03-13",672.33,866.85
"1944-03-14",672.44,866.85
"1944-03-15",672.38,866.85
"1944-03-16",673.88,866.88
"1944-03-17",674.69,866.85
"1944-03-18",675.17,866.85
"1944-03-19",675.4,866.85
"1944-03-20",675.56,866.85
"1944-03-21",675.58,866.85
"1944-03-22",675.67,866.95
"1944-03-23",675.84,866.92
"1944-03-24",676.06,866.95
"1944-03-25",676.18,866.95
"1944-03-26",676.15,866.95
"1944-03-27",676.21,866.95
"1944-03-28",676.22,867.05
"1944-03-29",676.03,866.95
"1944-03-30",676.02,867.05
"1944-03-31",676.01,867.01
"1944-04-01",676.01,867.05
"1944-04-02",675.92,867.05
"1944-04-03",676.03,867.05
"1944-04-04",675.94,867.05
"1944-04-05",675.92,867.05
"1944-04-06",675.72,867.05
"1944-04-07",675.73,867.05
"1944-04-08",675.75,867.15
"1944-04-09",675.86,867.15
"1944-04-10",675.98,867.15
"1944-04-11",675.75,867.15
"1944-04-12",675.51,867.15
"1944-04-13",675.39,867.15
"1944-04-14",675.41,867.15
"1944-04-15",675.22,867.15
"1944-04-16",674.96,867.15
"1944-04-17",675.06,867.15
"1944-04-18",674.73,867.25
"1944-04-19",674.69,867.15
"1944-04-20",674.5,867.25
"1944-04-21",674.37,867.25
"1944-04-22",674.33,867.25
"1944-04-23",674.26,867.25
"1944-04-24",674.26,867.25
"1944-04-25",674.02,867.25
"1944-04-26",674.02,867.25
"1944-04-27",673.74,867.25
"1944-04-28",673.7,867.25
"1944-04-29",673.61,867.35
"1944-04-30",673.86,867.35
"1944-05-01",674.06,867.35
"1944-05-02",674.58,867.35
"1944-05-03",674.69,867.35
"1944-05-04",674.68,867.35
"1944-05-05",674.74,867.35
"1944-05-06",674.81,867.35
"1944-05-07",674.81,867.35
"1944-05-08",674.86,867.35
"1944-05-09",674.67,867.35
"1944-05-10",674.45,867.35
"1944-05-11",674.33,867.35
"1944-05-12",674.13,867.35
"1944-05-13",674.07,867.35
"1944-05-14",673.99,867.35
"1944-05-15",674.12,867.35
"1944-05-16",673.81,867.35
"1944-05-17",673.63,867.35
"1944-05-18",673.51,867.35
"1944-05-19",673.52,867.35
"1944-05-20",673.88,867.35
"1944-05-21",674.1,867.45
"1944-05-22",674.41,867.45
"1944-05-23",674.41,867.45
"1944-05-24",673.73,867.45
"1944-05-25",673.96,867.45
"1944-05-26",674.55,867.45
"1944-05-27",674.87,867.45
"1944-05-28",676.04,867.45
"1944-05-29",676.06,867.45
"1944-05-30",677.36,867.45
"1944-05-31",677.5,867.55
"1944-06-01",677.49,867.55
"1944-06-02",677.62,867.55
"1944-06-03",677.62,867.55
"1944-06-04",677.55,867.55
"1944-06-05",677.53,867.55
"1944-06-06",677.24,867.65
"1944-06-07",677.29,867.95
"1944-06-08",677.26,867.95
"1944-06-09",677.25,867.95
"1944-06-10",676.95,867.95
"1944-06-11",676.88,868.05
"1944-06-12",676.93,868.05
"1944-06-13",677.06,868.05
"1944-06-14",677.04,868.05
"1944-06-15",676.96,868.05
"1944-06-16",676.83,868.05
"1944-06-17",676.6,868.05
"1944-06-18",676.49,868.05
"1944-06-19",676.58,868.05
"1944-06-20",676.31,868.15
"1944-06-21",675.96,868.05
"1944-06-22",675.76,868.15
"1944-06-23",675.51,868.05
"1944-06-24",675.37,868.05
"1944-06-25",675.28,868.05
"1944-06-26",675.43,868.15
"1944-06-27",675.01,868.05
"1944-06-28",674.02,868.05
"1944-06-29",673.31,868.05
"1944-06-30",673.43,868.05
"1944-07-01",673.51,868.05
"1944-07-02",673.39,868.05
"1944-07-03",674.16,868.05
"1944-07-04",674.44,868.05
"1944-07-05",674.48,868.05
"1944-07-06",673.61,868.05
"1944-07-07",673.24,867.95
"1944-07-08",673.14,867.95
"1944-07-09",672.81,867.95
"1944-07-10",672.74,867.95
"1944-07-11",672.51,867.95
"1944-07-12",672.15,867.85
"1944-07-13",671.73,867.85
"1944-07-14",671.71,867.85
"1944-07-15",671.57,867.85
"1944-07-16",671.54,867.85
"1944-07-17",671.57,867.75
"1944-07-18",671.35,867.75
"1944-07-19",671.08,867.75
"1944-07-20",670.76,867.75
"1944-07-21",670.51,867.65
"1944-07-22",670.32,867.65
"1944-07-23",670.45,867.65
"1944-07-24",670.57,867.65
"1944-07-25",670.18,867.55
"1944-07-26",669.91,867.55
"1944-07-27",669.66,867.55
"1944-07-28",669.57,867.55
"1944-07-29",669.31,867.45
"1944-07-30",669.14,867.45
"1944-07-31",669.22,867.45
"1944-08-01",669.04,867.45
"1944-08-02",668.75,867.45
"1944-08-03",668.51,867.35
"1944-08-04",668.41,867.35
"1944-08-05",668.26,867.35
"1944-08-06",668.42,867.35
"1944-08-07",668.81,867.35
"1944-08-08",668.38,867.25
"1944-08-09",667.92,867.25
"1944-08-10",667.76,867.25
"1944-08-11",667.76,867.25
"1944-08-12",667.61,867.15
"1944-08-13",667.77,867.15
"1944-08-14",668.06,867.15
"1944-08-15",667.62,867.05
"1944-08-16",667.32,867.05
"1944-08-17",667.58,866.95
"1944-08-18",667.52,866.95
"1944-08-19",667.34,866.95
"1944-08-20",667.5,866.95
"1944-08-21",667.39,866.95
"1944-08-22",667.13,866.85
"1944-08-23",667.84,866.95
"1944-08-24",667.89,866.95
"1944-08-25",667.84,866.95
"1944-08-26",667.84,866.95
"1944-08-27",667.95,866.95
"1944-08-28",668.91,867.05
"1944-08-29",669.65,867.15
"1944-08-30",670.9,867.35
"1944-08-31",671.69,867.65
"1944-09-01",671.48,867.75
"1944-09-02",671.63,867.85
"1944-09-03",671.76,867.85
"1944-09-04",671.97,867.85
"1944-09-05",671.89,867.95
"1944-09-06",671.79,867.95
"1944-09-07",672.68,868.05
"1944-09-08",673.09,868.05
"1944-09-09",672.61,868.05
"1944-09-10",672.56,868.15
"1944-09-11",672.64,868.15
"1944-09-12",672.31,868.25
"1944-09-13",672.11,868.25
"1944-09-14",672,868.25
"1944-09-15",671.76,868.35
"1944-09-16",671.54,868.35
"1944-09-17",671.64,868.45
"1944-09-18",671.76,868.45
"1944-09-19",671.44,868.45
"1944-09-20",671.21,868.45
"1944-09-21",670.99,868.55
"1944-09-22",670.79,868.55
"1944-09-23",670.8,868.65
"1944-09-24",670.72,868.65
"1944-09-25",670.92,868.65
"1944-09-26",670.63,868.75
"1944-09-27",670.82,868.75
"1944-09-28",671.08,868.85
"1944-09-29",671.04,868.85
"1944-09-30",670.99,868.85
"1944-10-01",670.9,868.85
"1944-10-02",671.08,868.95
"1944-10-03",670.75,868.95
"1944-10-04",671.2,868.95
"1944-10-05",671.02,868.95
"1944-10-06",670.99,869.05
"1944-10-07",671.01,869.05
"1944-10-08",671.11,869.05
"1944-10-09",671.25,869.05
"1944-10-10",671.13,869.05
"1944-10-11",671.09,869.15
"1944-10-12",671.07,869.15
"1944-10-13",671.09,869.15
"1944-10-14",671.06,869.15
"1944-10-15",670.99,869.15
"1944-10-16",670.93,869.15
"1944-10-17",670.64,869.15
"1944-10-18",671.49,869.25
"1944-10-19",670.27,869.25
"1944-10-20",670.12,869.25
"1944-10-21",669.91,869.25
"1944-10-22",,869.25
"1944-10-23",,869.25
"1944-10-24",,869.25
"1944-10-25",,869.25
"1944-10-26",,869.25
"1944-10-27",,869.25
"1944-10-28",,869.25
"1944-10-29",,869.25
"1944-10-30",,869.25
"1944-10-31",,869.25
"1944-11-01",,869.25
"1944-11-02",,869.25
"1944-11-03",,869.25
"1944-11-04",,869.25
"1944-11-05",,869.25
"1944-11-06",,869.25
"1944-11-07",,869.25
"1944-11-08",,869.25
"1944-11-09",,869.25
"1944-11-10",,869.25
"1944-11-11",,869.25
"1944-11-12",,869.25
"1944-11-13",,869.25
"1944-11-14",,869.25
"1944-11-15",,869.25
"1944-11-16",,869.25
"1944-11-17",,869.25
"1944-11-18",,869.25
"1944-11-19",,869.25
"1944-11-20",,869.25
"1944-11-21",,869.25
"1944-11-22",,869.25
"1944-11-23",,869.25
"1944-11-24",,869.25
"1944-11-25",,869.25
"1944-11-26",,869.25
"1944-11-27",,869.25
"1944-11-28",,869.25
"1944-11-29",,869.25
"1944-11-30",,869.25
"1944-12-01",,869.25
"1944-12-02",,869.25
"1944-12-03",,869.25
"1944-12-04",,869.25
"1944-12-05",,869.25
"1944-12-06",,869.25
"1944-12-07",,869.25
"1944-12-08",,869.15
"1944-12-09",,869.15
"1944-12-10",,869.15
"1944-12-11",,869.15
"1944-12-12",,869.15
"1944-12-13",,869.15
"1944-12-14",,869.15
"1944-12-15",,869.15
"1944-12-16",,869.15
"1944-12-17",,869.15
"1944-12-18",,869.05
"1944-12-19",,869.05
"1944-12-20",,869.05
"1944-12-21",,869.05
"1944-12-22",,869.05
"1944-12-23",,869.05
"1944-12-24",,869.05
"1944-12-25",,869.05
"1944-12-26",,869.05
"1944-12-27",,868.95
"1944-12-28",,868.95
"1944-12-29",,868.95
"1944-12-30",,868.95
"1944-12-31",,868.95
"1945-01-01",,868.95
"1945-01-02",,868.95
"1945-01-03",,868.95
"1945-01-04",,868.85
"1945-01-05",675.68,868.85
"1945-01-06",675.83,868.85
"1945-01-07",675.8,868.85
"1945-01-08",675.86,868.85
"1945-01-09",675.69,868.85
"1945-01-10",675.61,868.85
"1945-01-11",675.61,868.75
"1945-01-12",675.58,868.75
"1945-01-13",675.56,868.75
"1945-01-14",675.51,868.75
"1945-01-15",675.53,868.75
"1945-01-16",675.31,868.75
"1945-01-17",675.36,868.75
"1945-01-18",675.79,868.75
"1945-01-19",677.28,868.75
"1945-01-20",677.96,868.75
"1945-01-21",678.58,868.75
"1945-01-22",678.78,868.75
"1945-01-23",678.86,868.75
"1945-01-24",679.04,868.75
"1945-01-25",679.13,868.85
"1945-01-26",679.06,868.85
"1945-01-27",679.16,868.85
"1945-01-28",679.14,868.85
"1945-01-29",679.12,868.85
"1945-01-30",679.01,868.95
"1945-01-31",678.95,868.95
"1945-02-01",678.95,868.95
"1945-02-02",678.94,868.95
"1945-02-03",678.94,869.05
"1945-02-04",678.92,869.05
"1945-02-05",679.11,869.05
"1945-02-06",679.34,869.15
"1945-02-07",679.41,869.15
"1945-02-08",679.36,869.15
"1945-02-09",679.5,869.15
"1945-02-10",679.43,869.15
"1945-02-11",679.41,869.15
"1945-02-12",679.72,869.25
"1945-02-13",680.98,869.25
"1945-02-14",681.28,869.25
"1945-02-15",681.39,869.25
"1945-02-16",681.49,869.25
"1945-02-17",681.61,869.25
"1945-02-18",681.58,869.25
"1945-02-19",681.72,869.25
"1945-02-20",681.75,869.35
"1945-02-21",681.29,869.35
"1945-02-22",681.08,869.25
"1945-02-23",681.04,869.35
"1945-02-24",681.02,869.35
"1945-02-25",681.06,869.35
"1945-02-26",681.14,869.35
"1945-02-27",681.03,869.35
"1945-02-28",680.91,869.35
"1945-03-01",680.88,869.35
"1945-03-02",680.85,869.35
"1945-03-03",680.75,869.45
"1945-03-04",680.73,869.45
"1945-03-05",680.78,869.45
"1945-03-06",680.58,869.45
"1945-03-07",680.48,869.45
"1945-03-08",680.42,869.45
"1945-03-09",680.16,869.45
"1945-03-10",679.91,869.45
"1945-03-11",679.93,869.45
"1945-03-12",679.93,869.45
"1945-03-13",679.68,869.45
"1945-03-14",679.68,869.55
"1945-03-15",679.62,869.55
"1945-03-16",679.48,869.55
"1945-03-17",679.22,869.55
"1945-03-18",679.37,869.65
"1945-03-19",679.65,869.65
"1945-03-20",679.56,869.65
"1945-03-21",679.54,869.65
"1945-03-22",679.53,869.65
"1945-03-23",679.57,869.65
"1945-03-24",679.6,869.65
"1945-03-25",679.42,869.65
"1945-03-26",679.49,869.65
"1945-03-27",679.2,869.65
"1945-03-28",679.04,869.65
"1945-03-29",679,869.65
"1945-03-30",679.24,869.65
"1945-03-31",678.88,869.65
"1945-04-01",680.69,869.75
"1945-04-02",681.23,869.75
"1945-04-03",681.45,869.75
"1945-04-04",681.51,869.75
"1945-04-05",681.6,869.75
"1945-04-06",681.73,869.75
"1945-04-07",681.71,869.75
"1945-04-08",681.76,869.75
"1945-04-09",681.91,869.85
"1945-04-10",681.79,869.85
"1945-04-11",681.69,869.85
"1945-04-12",681.61,869.85
"1945-04-13",681.48,869.85
"1945-04-14",681.35,869.85
"1945-04-15",681.3,869.85
"1945-04-16",681.44,869.85
"1945-04-17",681.33,869.85
"1945-04-18",681.1,869.85
"1945-04-19",680.88,869.85
"1945-04-20",680.8,869.85
"1945-04-21",680.99,869.95
"1945-04-22",681.12,869.95
"1945-04-23",681.19,869.95
"1945-04-24",681.01,869.95
"1945-04-25",680.92,869.95
"1945-04-26",680.55,869.95
"1945-04-27",680.33,869.95
"1945-04-28",680.29,869.95
"1945-04-29",680.16,869.95
"1945-04-30",680.19,869.95
"1945-05-01",679.94,869.95
"1945-05-02",679.82,869.95
"1945-05-03",679.66,869.95
"1945-05-04",679.9,869.95
"1945-05-05",679.89,869.95
"1945-05-06",680.06,870.05
"1945-05-07",680.18,870.05
"1945-05-08",679.85,869.95
"1945-05-09",679.77,870.05
"1945-05-10",679.68,870.03
"1945-05-11",679.66,870.05
"1945-05-12",679.53,870.05
"1945-05-13",679.53,870.05
"1945-05-14",679.57,870.05
"1945-05-15",679.29,870.05
"1945-05-16",679.08,870.05
"1945-05-17",678.88,870.05
"1945-05-18",678.76,869.95
"1945-05-19",678.54,869.95
"1945-05-20",678.23,869.95
"1945-05-21",678.52,870.05
"1945-05-22",678.33,869.95
"1945-05-23",678.13,869.95
"1945-05-24",677.91,869.95
"1945-05-25",677.55,869.95
"1945-05-26",677.27,869.95
"1945-05-27",677.38,869.95
"1945-05-28",677.47,869.85
"1945-05-29",676.64,869.85
"1945-05-30",676.24,869.85
"1945-05-31",675.94,869.75
"1945-06-01",675.8,869.75
"1945-06-02",675.5,869.75
"1945-06-03",675.51,869.85
"1945-06-04",675.21,869.75
"1945-06-05",675.18,869.75
"1945-06-06",674.96,869.75
"1945-06-07",674.81,869.65
"1945-06-08",674.54,869.65
"1945-06-09",674.4,869.65
"1945-06-10",674.44,869.65
"1945-06-11",674.65,869.65
"1945-06-12",674.3,869.65
"1945-06-13",674.95,869.75
"1945-06-14",675.01,869.75
"1945-06-15",674.9,869.75
"1945-06-16",674.64,869.65
"1945-06-17",674.63,869.65
"1945-06-18",674.71,869.65
"1945-06-19",675.18,869.75
"1945-06-20",675.16,869.75
"1945-06-21",675.25,869.65
"1945-06-22",675.19,869.65
"1945-06-23",675.31,869.65
"1945-06-24",675.39,869.65
"1945-06-25",675.5,869.65
"1945-06-26",675.21,869.55
"1945-06-27",674.96,869.55
"1945-06-28",674.69,869.45
"1945-06-29",674.55,869.45
"1945-06-30",674.26,869.45
"1945-07-01",674.23,869.45
"1945-07-02",674.3,869.35
"1945-07-03",674.11,869.35
"1945-07-04",674.05,869.35
"1945-07-05",674.06,869.25
"1945-07-06",673.74,869.25
"1945-07-07",673.59,869.25
"1945-07-08",673.58,869.25
"1945-07-09",673.64,869.15
"1945-07-10",673.29,869.15
"1945-07-11",672.98,869.15
"1945-07-12",672.99,869.15
"1945-07-13",672.71,869.05
"1945-07-14",672.61,869.05
"1945-07-15",672.65,869.05
"1945-07-16",672.92,869.05
"1945-07-17",672.8,869.05
"1945-07-18",672.51,868.95
"1945-07-19",672.33,868.95
"1945-07-20",672.24,868.95
"1945-07-21",672.07,868.85
"1945-07-22",672.18,868.85
"1945-07-23",672.34,868.85
"1945-07-24",672.04,868.75
"1945-07-25",672.04,868.85
"1945-07-26",671.96,868.75
"1945-07-27",671.66,868.75
"1945-07-28",671.44,868.75
"1945-07-29",671.55,868.75
"1945-07-30",671.71,868.65
"1945-07-31",671.42,868.55
"1945-08-01",672.02,868.55
"1945-08-02",672.19,868.55
"1945-08-03",672.38,868.55
"1945-08-04",672.3,868.45
"1945-08-05",672.27,868.45
"1945-08-06",672.33,868.45
"1945-08-07",671.98,868.35
"1945-08-08",671.75,868.35
"1945-08-09",671.41,868.35
"1945-08-10",671.26,868.25
"1945-08-11",671.05,868.25
"1945-08-12",670.99,868.25
"1945-08-13",671.13,868.15
"1945-08-14",670.66,868.15
"1945-08-15",670.46,868.15
"1945-08-16",670.44,868.05
"1945-08-17",670.24,868.05
"1945-08-18",669.93,868.05
"1945-08-19",669.99,868.05
"1945-08-20",670.16,868.05
"1945-08-21",669.77,867.95
"1945-08-22",669.49,867.95
"1945-08-23",669.86,867.85
"1945-08-24",670.17,867.85
"1945-08-25",670.31,867.85
"1945-08-26",670.58,867.75
"1945-08-27",670.99,867.85
"1945-08-28",670.95,867.85
"1945-08-29",670.78,867.85
"1945-08-30",670.75,867.85
"1945-08-31",670.7,867.75
"1945-09-01",670.56,867.75
"1945-09-02",670.63,867.75
"1945-09-03",670.75,867.65
"1945-09-04",670.51,867.55
"1945-09-05",670.26,867.55
"1945-09-06",669.96,867.55
"1945-09-07",669.68,867.45
"1945-09-08",669.54,867.45
"1945-09-09",669.61,867.45
"1945-09-10",669.71,867.35
"1945-09-11",669.41,867.35
"1945-09-12",669.18,867.25
"1945-09-13",669.18,867.35
"1945-09-14",669.48,867.25
"1945-09-15",669.34,867.25
"1945-09-16",669.53,867.25
"1945-09-17",669.81,867.25
"1945-09-18",669.56,867.15
"1945-09-19",669.28,867.15
"1945-09-20",668.91,867.05
"1945-09-21",668.81,867.05
"1945-09-22",668.81,866.95
"1945-09-23",668.94,866.95
"1945-09-24",669.66,866.95
"1945-09-25",669.62,866.85
"1945-09-26",669.51,866.85
"1945-09-27",669.44,866.75
"1945-09-28",669.43,866.75
"1945-09-29",669.66,866.75
"1945-09-30",,866.75
"1945-10-01",,866.75
"1945-10-02",,866.75
"1945-10-03",671.29,866.75
"1945-10-04",671.38,866.75
"1945-10-05",671.43,866.65
"1945-10-06",671.63,866.65
"1945-10-07",671.96,866.65
"1945-10-08",672.26,866.65
"1945-10-09",672.21,866.55
"1945-10-10",672.52,866.55
"1945-10-11",672.86,866.55
"1945-10-12",673.03,866.55
"1945-10-13",673.09,866.45
"1945-10-14",673.2,866.45
"1945-10-15",673.4,866.45
"1945-10-16",673.21,866.45
"1945-10-17",673.33,866.45
"1945-10-18",673.14,866.35
"1945-10-19",673.13,866.35
"1945-10-20",673,866.35
"1945-10-21",673.01,866.35
"1945-10-22",672.97,866.25
"1945-10-23",672.81,866.25
"1945-10-24",672.59,866.25
"1945-10-25",672.7,866.25
"1945-10-26",672.54,866.25
"1945-10-27",672.32,866.15
"1945-10-28",672.28,866.15
"1945-10-29",672.36,866.15
"1945-10-30",672.17,866.05
"1945-10-31",672.09,866.05
"1945-11-01",672.07,866.05
"1945-11-02",672.01,866.05
"1945-11-03",671.94,865.95
"1945-11-04",671.84,865.95
"1945-11-05",672.01,865.95
"1945-11-06",671.75,865.95
"1945-11-07",671.56,865.95
"1945-11-08",671.51,865.85
"1945-11-09",671.41,865.85
"1945-11-10",671.61,865.85
"1945-11-11",671.96,865.85
"1945-11-12",672.17,865.85
"1945-11-13",672.2,865.85
"1945-11-14",672.05,865.75
"1945-11-15",671.97,865.75
"1945-11-16",672.14,865.75
"1945-11-17",672.11,865.75
"1945-11-18",672.14,865.75
"1945-11-19",672.19,865.75
"1945-11-20",672.22,865.65
"1945-11-21",672.09,865.65
"1945-11-22",672,865.65
"1945-11-23",672.02,865.65
"1945-11-24",672.02,865.65
"1945-11-25",672,865.65
"1945-11-26",672.01,865.55
"1945-11-27",671.94,865.55
"1945-11-28",671.78,865.55
"1945-11-29",671.72,865.45
"1945-11-30",671.64,865.55
"1945-12-01",671.61,865.55
"1945-12-02",671.57,865.55
"1945-12-03",671.78,865.45
"1945-12-04",671.79,865.45
"1945-12-05",671.78,865.45
"1945-12-06",671.79,865.45
"1945-12-07",671.72,865.45
"1945-12-08",671.79,865.45
"1945-12-09",671.76,865.45
"1945-12-10",671.65,865.45
"1945-12-11",671.61,865.45
"1945-12-12",672.38,865.45
"1945-12-13",672.76,865.45
"1945-12-14",672.75,865.35
"1945-12-15",672.74,865.35
"1945-12-16",672.74,865.35
"1945-12-17",672.94,865.35
"1945-12-18",673.11,865.35
"1945-12-19",672.92,865.35
"1945-12-20",672.81,865.35
"1945-12-21",672.94,865.35
"1945-12-22",672.98,865.35
"1945-12-23",673.06,865.35
"1945-12-24",673.24,865.25
"1945-12-25",673.29,865.25
"1945-12-26",,865.25
"1945-12-27",,865.25
"1945-12-28",,865.25
"1945-12-29",,865.25
"1945-12-30",,865.15
"1945-12-31",,865.15
"1946-01-01",,865.15
"1946-01-02",,865.15
"1946-01-03",,865.15
"1946-01-04",672.79,865.15
"1946-01-05",672.84,865.05
"1946-01-06",672.96,865.05
"1946-01-07",672.99,865.05
"1946-01-08",672.19,865.05
"1946-01-09",671.91,865.05
"1946-01-10",671.72,865.05
"1946-01-11",672.37,865.05
"1946-01-12",671.99,865.05
"1946-01-13",672.44,865.05
"1946-01-14",672.73,865.05
"1946-01-15",672.86,865.05
"1946-01-16",672.96,864.95
"1946-01-17",672.4,864.95
"1946-01-18",672.19,864.95
"1946-01-19",672.16,864.95
"1946-01-20",672.13,865.05
"1946-01-21",672.09,864.95
"1946-01-22",671.84,864.95
"1946-01-23",671.79,864.95
"1946-01-24",671.63,864.95
"1946-01-25",671.67,864.95
"1946-01-26",671.72,864.85
"1946-01-27",671.47,864.85
"1946-01-28",671.61,864.85
"1946-01-29",671.56,864.85
"1946-01-30",671.59,864.85
"1946-01-31",672.15,864.85
"1946-02-01",671.39,864.85
"1946-02-02",671.29,864.75
"1946-02-03",671.39,864.75
"1946-02-04",671.49,864.75
"1946-02-05",671.38,864.75
"1946-02-06",671.29,864.75
"1946-02-07",671.22,864.75
"1946-02-08",671.23,864.75
"1946-02-09",671.09,864.65
"1946-02-10",671.14,864.65
"1946-02-11",671.25,864.65
"1946-02-12",671.03,864.65
"1946-02-13",671.06,864.65
"1946-02-14",670.86,864.65
"1946-02-15",670.71,864.55
"1946-02-16",670.78,864.55
"1946-02-17",670.83,864.55
"1946-02-18",671.86,864.55
"1946-02-19",672.44,864.55
"1946-02-20",672.86,864.55
"1946-02-21",673.23,864.55
"1946-02-22",673.47,864.45
"1946-02-23",673.58,864.45
"1946-02-24",673.6,864.45
"1946-02-25",673.59,864.45
"1946-02-26",673.85,864.35
"1946-02-27",673.6,864.35
"1946-02-28",673.23,864.35
"1946-03-01",673.04,864.35
"1946-03-02",672.73,864.25
"1946-03-03",672.72,864.25
"1946-03-04",672.78,864.25
"1946-03-05",672.64,864.25
"1946-03-06",672.56,864.25
"1946-03-07",672.4,864.15
"1946-03-08",672.17,864.15
"1946-03-09",672.12,864.15
"1946-03-10",672.06,864.15
"1946-03-11",672.13,864.15
"1946-03-12",672.19,864.15
"1946-03-13",672.72,864.15
"1946-03-14",672.99,864.15
"1946-03-15",,864.05
"1946-03-16",,864.05
"1946-03-17",,864.05
"1946-03-18",,864.05
"1946-03-19",,863.95
"1946-03-20",,863.95
"1946-03-21",,863.95
"1946-03-22",,863.95
"1946-03-23",,863.95
"1946-03-24",,863.95
"1946-03-25",,863.95
"1946-03-26",,863.85
"1946-03-27",,863.85
"1946-03-28",,863.85
"1946-03-29",,863.75
"1946-03-30",,863.75
"1946-03-31",,863.75
"1946-04-01",,863.75
"1946-04-02",671.4,863.65
"1946-04-03",671.19,863.65
"1946-04-04",670.91,863.65
"1946-04-05",670.86,863.65
"1946-04-06",670.85,863.65
"1946-04-07",670.81,863.65
"1946-04-08",670.88,863.55
"1946-04-09",670.48,863.55
"1946-04-10",670.3,863.55
"1946-04-11",670.08,863.55
"1946-04-12",670.13,863.55
"1946-04-13",669.98,863.45
"1946-04-14",669.88,863.45
"1946-04-15",670.12,863.45
"1946-04-16",670.04,863.45
"1946-04-17",669.97,863.45
"1946-04-18",669.89,863.35
"1946-04-19",669.74,863.35
"1946-04-20",669.68,863.35
"1946-04-21",670.17,863.35
"1946-04-22",670.7,863.45
"1946-04-23",670.52,863.35
"1946-04-24",670.65,863.45
"1946-04-25",670.64,863.35
"1946-04-26",670.52,863.35
"1946-04-27",670.56,863.35
"1946-04-28",670.52,863.35
"1946-04-29",670.65,863.35
"1946-04-30",671.15,863.25
"1946-05-01",671.51,863.25
"1946-05-02",671.88,863.25
"1946-05-03",672.04,863.15
"1946-05-04",672.1,863.25
"1946-05-05",672.04,863.25
"1946-05-06",672.26,863.25
"1946-05-07",672.16,863.25
"1946-05-08",672.08,863.25
"1946-05-09",672.13,863.25
"1946-05-10",672.01,863.15
"1946-05-11",672.06,863.15
"1946-05-12",672.13,863.15
"1946-05-13",672.34,863.15
"1946-05-14",672.23,863.15
"1946-05-15",672.11,863.15
"1946-05-16",671.94,863.15
"1946-05-17",672.06,863.15
"1946-05-18",672.06,863.15
"1946-05-19",672.27,863.15
"1946-05-20",672.32,863.15
"1946-05-21",672.42,863.15
"1946-05-22",672.46,863.15
"1946-05-23",672.4,863.15
"1946-05-24",672.4,863.15
"1946-05-25",672.26,863.15
"1946-05-26",672.26,863.15
"1946-05-27",672.32,863.15
"1946-05-28",672.06,863.15
"1946-05-29",672.02,863.15
"1946-05-30",671.88,863.15
"1946-05-31",671.93,863.05
"1946-06-01",672.26,863.05
"1946-06-02",672.49,863.05
"1946-06-03",672.41,863.05
"1946-06-04",672.31,863.05
"1946-06-05",672.23,862.95
"1946-06-06",672.12,862.95
"1946-06-07",671.94,862.95
"1946-06-08",671.81,862.95
"1946-06-09",672.03,862.95
"1946-06-10",672.25,862.95
"1946-06-11",672.35,862.95
"1946-06-12",672.26,862.95
"1946-06-13",672.18,862.85
"1946-06-14",672.05,862.85
"1946-06-15",671.82,862.85
"1946-06-16",671.85,862.85
"1946-06-17",671.41,862.95
"1946-06-18",671.18,862.95
"1946-06-19",670.82,862.95
"1946-06-20",671.31,862.95
"1946-06-21",671.81,862.85
"1946-06-22",672.31,862.85
"1946-06-23",672.31,862.95
"1946-06-24",672.61,862.95
"1946-06-25",672.67,863.05
"1946-06-26",672.77,863.05
"1946-06-27",672.71,863.15
"1946-06-28",672.65,863.15
"1946-06-29",672.42,863.15
"1946-06-30",672.31,863.25
"1946-07-01",672.29,863.25
"1946-07-02",671.99,863.35
"1946-07-03",671.87,863.45
"1946-07-04",671.71,863.45
"1946-07-05",671.6,863.55
"1946-07-06",671.31,863.55
"1946-07-07",671.16,863.55
"1946-07-08",671.14,863.65
"1946-07-09",670.78,863.65
"1946-07-10",670.44,863.65
"1946-07-11",670.09,863.65
"1946-07-12",669.8,863.65
"1946-07-13",669.48,863.65
"1946-07-14",669.34,863.75
"1946-07-15",669.36,863.75
"1946-07-16",669.04,863.75
"1946-07-17",668.79,863.75
"1946-07-18",668.47,863.75
"1946-07-19",668.26,863.75
"1946-07-20",668.11,863.75
"1946-07-21",668.46,863.85
"1946-07-22",668.9,863.85
"1946-07-23",668.73,863.85
"1946-07-24",668.21,863.85
"1946-07-25",668.01,863.85
"1946-07-26",667.88,863.95
"1946-07-27",667.63,863.95
"1946-07-28",667.48,863.95
"1946-07-29",667.54,863.85
"1946-07-30",667.04,863.85
"1946-07-31",667.43,863.85
"1946-08-01",666.15,863.85
"1946-08-02",666.92,863.85
"1946-08-03",667.07,863.85
"1946-08-04",667.19,863.85
"1946-08-05",667.31,863.85
"1946-08-06",666.64,863.85
"1946-08-07",666.38,863.85
"1946-08-08",666.01,863.85
"1946-08-09",665.72,863.85
"1946-08-10",665.45,863.85
"1946-08-11",665.49,863.85
"1946-08-12",665.65,863.85
"1946-08-13",665.12,863.85
"1946-08-14",664.86,863.75
"1946-08-15",664.48,863.75
"1946-08-16",664.4,863.75
"1946-08-17",664.26,863.75
"1946-08-18",664.44,863.75
"1946-08-19",664.67,863.75
"1946-08-20",664.16,863.75
"1946-08-21",664.17,863.65
"1946-08-22",663.99,863.65
"1946-08-23",663.82,863.65
"1946-08-24",663.61,863.65
"1946-08-25",663.72,863.65
"1946-08-26",664.06,863.65
"1946-08-27",663.71,863.65
"1946-08-28",663.68,863.65
"1946-08-29",665.33,863.75
"1946-08-30",667.74,863.75
"1946-08-31",668.53,863.75
"1946-09-01",669.37,863.75
"1946-09-02",669.84,863.75
"1946-09-03",670.05,863.75
"1946-09-04",670.04,863.75
"1946-09-05",670.01,863.75
"1946-09-06",670.08,863.65
"1946-09-07",669.94,863.65
"1946-09-08",669.84,863.65
"1946-09-09",670.2,863.65
"1946-09-10",669.84,863.65
"1946-09-11",669.66,863.65
"1946-09-12",669.44,863.55
"1946-09-13",669.43,863.55
"1946-09-14",669.24,863.55
"1946-09-15",672.01,863.55
"1946-09-16",672.69,863.55
"1946-09-17",673.19,863.55
"1946-09-18",673.61,863.55
"1946-09-19",673.8,863.5
"1946-09-20",673.97,863.51
"1946-09-21",674.04,863.55
"1946-09-22",674.14,863.45
"1946-09-23",674.1,863.45
"1946-09-24",673.98,863.45
"1946-09-25",673.81,863.45
"1946-09-26",674.58,863.45
"1946-09-27",679.31,863.45
"1946-09-28",680.06,863.55
"1946-09-29",680.57,863.75
"1946-09-30",680.98,863.75
"1946-10-01",681.04,863.75
"1946-10-02",681.15,863.75
"1946-10-03",681.15,863.75
"1946-10-04",681.08,863.75
"1946-10-05",680.96,863.75
"1946-10-06",680.81,863.75
"1946-10-07",680.75,863.75
"1946-10-08",680.51,863.75
"1946-10-09",680.47,863.75
"1946-10-10",680.58,863.85
"1946-10-11",680.41,863.85
"1946-10-12",680.31,863.85
"1946-10-13",680.37,863.95
"1946-10-14",680.46,863.95
"1946-10-15",680.31,864.05
"1946-10-16",680.21,864.05
"1946-10-17",680.17,864.15
"1946-10-18",680.07,864.25
"1946-10-19",680.01,864.15
"1946-10-20",679.86,864.35
"1946-10-21",679.91,864.45
"1946-10-22",679.76,864.45
"1946-10-23",679.65,864.55
"1946-10-24",679.52,864.55
"1946-10-25",679.42,864.65
"1946-10-26",679.25,864.75
"1946-10-27",679.15,864.75
"1946-10-28",679.2,864.85
"1946-10-29",678.81,864.85
"1946-10-30",678.7,864.95
"1946-10-31",678.56,864.95
"1946-11-01",678.43,865.05
"1946-11-02",678.46,865.15
"1946-11-03",678.56,865.25
"1946-11-04",678.6,865.25
"1946-11-05",678.49,865.35
"1946-11-06",678.52,865.35
"1946-11-07",678.49,865.45
"1946-11-08",678.39,865.45
"1946-11-09",678.43,865.55
"1946-11-10",679.23,865.55
"1946-11-11",680.04,865.65
"1946-11-12",680.16,865.65
"1946-11-13",680.22,865.75
"1946-11-14",680.31,865.75
"1946-11-15",680.31,865.85
"1946-11-16",680.26,865.88
"1946-11-17",680.16,865.95
"1946-11-18",680.28,865.95
"1946-11-19",680.06,866.05
"1946-11-20",679.96,866.05
"1946-11-21",679.86,866.05
"1946-11-22",679.66,866.15
"1946-11-23",679.61,866.15
"1946-11-24",679.61,866.25
"1946-11-25",679.66,866.25
"1946-11-26",679.36,866.25
"1946-11-27",679.16,866.35
"1946-11-28",678.96,866.35
"1946-11-29",678.96,866.35
"1946-11-30",678.74,866.45
"1946-12-01",678.63,866.45
"1946-12-02",678.61,866.45
"1946-12-03",678.46,866.45
"1946-12-04",678.33,866.55
"1946-12-05",678.22,866.55
"1946-12-06",678.13,866.55
"1946-12-07",678.04,866.65
"1946-12-08",678.04,866.65
"1946-12-09",678.12,866.65
"1946-12-10",677.91,866.71
"1946-12-11",678.16,866.75
"1946-12-12",678.76,866.75
"1946-12-13",679.01,866.75
"1946-12-14",679.31,866.85
"1946-12-15",679.59,866.85
"1946-12-16",679.81,866.85
"1946-12-17",679.81,866.85
"1946-12-18",679.78,866.85
"1946-12-19",679.8,866.95
"1946-12-20",679.86,866.95
"1946-12-21",679.66,866.95
"1946-12-22",679.74,866.95
"1946-12-23",679.81,866.95
"1946-12-24",679.7,866.95
"1946-12-25",679.66,866.95
"1946-12-26",679.71,867.05
"1946-12-27",679.66,867.05
"1946-12-28",679.62,867.05
"1946-12-29",679.41,867.05
"1946-12-30",679.36,867.05
"1946-12-31",679.22,867.05
"1947-01-01",679.14,867.05
"1947-01-02",679.06,867.05
"1947-01-03",678.86,867.05
"1947-01-04",678.66,867.05
"1947-01-05",678.63,867.05
"1947-01-06",678.66,867.15
"1947-01-07",678.88,867.15
"1947-01-08",678.91,867.15
"1947-01-09",678.89,867.15
"1947-01-10",679.01,867.15
"1947-01-11",679.21,867.15
"1947-01-12",679.49,867.25
"1947-01-13",679.64,867.25
"1947-01-14",679.64,867.25
"1947-01-15",679.62,867.25
"1947-01-16",679.63,867.25
"1947-01-17",679.57,867.25
"1947-01-18",679.72,867.25
"1947-01-19",680.03,867.25
"1947-01-20",680.16,867.25
"1947-01-21",680.05,867.25
"1947-01-22",680.14,867.25
"1947-01-23",680.28,867.25
"1947-01-24",680.34,867.25
"1947-01-25",680.37,867.25
"1947-01-26",680.55,867.35
"1947-01-27",680.7,867.35
"1947-01-28",680.58,867.35
"1947-01-29",680.6,867.35
"1947-01-30",680.51,867.35
"1947-01-31",680.56,867.45
"1947-02-01",680.42,867.45
"1947-02-02",680.4,867.45
"1947-02-03",680.54,867.55
"1947-02-04",680.25,867.55
"1947-02-05",680.24,867.55
"1947-02-06",680.2,867.65
"1947-02-07",680.11,867.65
"1947-02-08",679.76,867.65
"1947-02-09",679.87,867.65
"1947-02-10",679.91,867.75
"1947-02-11",679.77,867.75
"1947-02-12",679.74,867.75
"1947-02-13",679.58,867.75
"1947-02-14",679.49,867.85
"1947-02-15",679.38,867.85
"1947-02-16",679.34,867.95
"1947-02-17",679.48,867.95
"1947-02-18",679.34,867.95
"1947-02-19",679.2,868.05
"1947-02-20",679.21,868.05
"1947-02-21",679.16,868.05
"1947-02-22",679.07,868.15
"1947-02-23",679.07,868.15
"1947-02-24",679.1,868.15
"1947-02-25",678.98,868.15
"1947-02-26",679,868.25
"1947-02-27",679.02,868.25
"1947-02-28",679.17,868.25
"1947-03-01",679.16,868.25
"1947-03-02",678.97,868.35
"1947-03-03",679.16,868.35
"1947-03-04",678.93,868.35
"1947-03-05",678.86,868.35
"1947-03-06",678.63,868.45
"1947-03-07",678.74,868.45
"1947-03-08",678.71,868.45
"1947-03-09",678.64,868.45
"1947-03-10",678.74,868.55
"1947-03-11",,868.55
"1947-03-12",,868.55
"1947-03-13",,868.55
"1947-03-14",,868.55
"1947-03-15",,868.55
"1947-03-16",,868.65
"1947-03-17",,868.65
"1947-03-18",,868.65
"1947-03-19",,868.75
"1947-03-20",,868.75
"1947-03-21",678.31,868.75
"1947-03-22",678.32,868.75
"1947-03-23",678.44,868.75
"1947-03-24",678.37,868.75
"1947-03-25",678.13,868.75
"1947-03-26",677.98,868.75
"1947-03-27",677.98,868.75
"1947-03-28",677.66,868.85
"1947-03-29",677.76,868.85
"1947-03-30",677.76,868.85
"1947-03-31",677.83,868.85
"1947-04-01",677.79,868.85
"1947-04-02",677.63,868.85
"1947-04-03",677.47,868.95
"1947-04-04",677.38,868.95
"1947-04-05",677.34,868.95
"1947-04-06",677.2,868.95
"1947-04-07",677.19,868.95
"1947-04-08",677.12,868.95
"1947-04-09",677.04,868.95
"1947-04-10",676.86,868.95
"1947-04-11",676.63,868.95
"1947-04-12",675.94,868.95
"1947-04-13",675.89,868.95
"1947-04-14",676.01,869.05
"1947-04-15",675.72,868.95
"1947-04-16",676.02,868.95
"1947-04-17",676.05,868.95
"1947-04-18",675.9,868.95
"1947-04-19",675.87,868.95
"1947-04-20",675.73,868.95
"1947-04-21",675.8,868.95
"1947-04-22",675.51,868.95
"1947-04-23",675.33,868.95
"1947-04-24",675.27,868.95
"1947-04-25",674.97,868.95
"1947-04-26",675.4,869.05
"1947-04-27",675.73,869.05
"1947-04-28",676.05,869.15
"1947-04-29",675.88,869.15
"1947-04-30",675.77,869.15
"1947-05-01",,869.15
"1947-05-02",,869.15
"1947-05-03",,869.15
"1947-05-04",,869.25
"1947-05-05",,869.25
"1947-05-06",,869.15
"1947-05-07",,869.15
"1947-05-08",,869.15
"1947-05-09",,869.15
"1947-05-10",,869.15
"1947-05-11",,869.25
"1947-05-12",,869.25
"1947-05-13",,869.25
"1947-05-14",,869.25
"1947-05-15",,869.25
"1947-05-16",,869.25
"1947-05-17",,869.25
"1947-05-18",,869.25
"1947-05-19",,869.25
"1947-05-20",,869.25
"1947-05-21",,869.25
"1947-05-22",,869.25
"1947-05-23",,869.25
"1947-05-24",,869.25
"1947-05-25",,869.25
"1947-05-26",,869.25
"1947-05-27",,869.15
"1947-05-28",,869.15
"1947-05-29",,869.15
"1947-05-30",,869.15
"1947-05-31",,869.15
"1947-06-01",,869.15
"1947-06-02",,869.15
"1947-06-03",,869.05
"1947-06-04",,869.05
"1947-06-05",,869.05
"1947-06-06",,869.05
"1947-06-07",,869.05
"1947-06-08",,869.05
"1947-06-09",,869.05
"1947-06-10",,868.95
"1947-06-11",,868.95
"1947-06-12",,868.95
"1947-06-13",,868.95
"1947-06-14",,868.95
"1947-06-15",,868.95
"1947-06-16",,868.95
"1947-06-17",,868.95
"1947-06-18",,868.85
"1947-06-19",,868.95
"1947-06-20",,869.15
"1947-06-21",,869.15
"1947-06-22",,869.15
"1947-06-23",671.24,869.15
"1947-06-24",,869.45
"1947-06-25",,869.65
"1947-06-26",669.68,869.75
"1947-06-27",670.43,869.75
"1947-06-28",670.17,869.75
"1947-06-29",669.98,869.85
"1947-06-30",669.93,869.85
"1947-07-01",669.69,869.85
"1947-07-02",669.38,869.85
"1947-07-03",669.27,869.85
"1947-07-04",669.04,869.95
"1947-07-05",669.39,869.95
"1947-07-06",669.43,869.95
"1947-07-07",669.59,869.95
"1947-07-08",669.06,870.05
"1947-07-09",669.21,870.05
"1947-07-10",669.27,870.05
"1947-07-11",669.24,870.05
"1947-07-12",668.87,870.05
"1947-07-13",669.24,870.15
"1947-07-14",669.52,870.15
"1947-07-15",669,870.15
"1947-07-16",668.5,870.15
"1947-07-17",668.36,870.15
"1947-07-18",668.14,870.15
"1947-07-19",668,870.25
"1947-07-20",669.06,870.35
"1947-07-21",669.19,870.35
"1947-07-22",668.56,870.35
"1947-07-23",668.22,870.35
"1947-07-24",667.98,870.35
"1947-07-25",667.62,870.35
"1947-07-26",667.54,870.35
"1947-07-27",667.67,870.35
"1947-07-28",667.91,870.35
"1947-07-29",667.48,870.35
"1947-07-30",667.46,870.35
"1947-07-31",667.35,870.35
"1947-08-01",667.16,870.35
"1947-08-02",667.74,870.45
"1947-08-03",668.36,870.45
"1947-08-04",668.81,870.55
"1947-08-05",668.66,870.55
"1947-08-06",668.63,870.55
"1947-08-07",668.26,870.55
"1947-08-08",667.99,870.55
"1947-08-09",667.58,870.55
"1947-08-10",667.43,870.55
"1947-08-11",668.45,870.55
"1947-08-12",668.76,870.55
"1947-08-13",668.87,870.65
"1947-08-14",669.03,870.65
"1947-08-15",669.12,870.55
"1947-08-16",669.1,870.55
"1947-08-17",669.09,870.55
"1947-08-18",669.38,870.55
"1947-08-19",669.03,870.55
"1947-08-20",668.8,870.55
"1947-08-21",669.01,870.65
"1947-08-22",669.32,870.65
"1947-08-23",669.48,870.65
"1947-08-24",669.76,870.75
"1947-08-25",670.14,870.75
"1947-08-26",670.28,870.75
"1947-08-27",670.56,870.75
"1947-08-28",670.59,870.65
"1947-08-29",670.44,870.65
"1947-08-30",670.28,870.65
"1947-08-31",670.28,870.65
"1947-09-01",670.43,870.65
"1947-09-02",670.21,870.55
"1947-09-03",669.75,870.55
"1947-09-04",669.48,870.55
"1947-09-05",669.32,870.55
"1947-09-06",669.09,870.55
"1947-09-07",669.11,870.55
"1947-09-08",669.31,870.55
"1947-09-09",669,870.45
"1947-09-10",668.99,870.25
"1947-09-11",668.48,870.45
"1947-09-12",668.36,870.55
"1947-09-13",668.52,870.45
"1947-09-14",668.5,870.45
"1947-09-15",,870.45
"1947-09-16",,870.45
"1947-09-17",,870.45
"1947-09-18",,870.35
"1947-09-19",,870.35
"1947-09-20",,870.35
"1947-09-21",,870.25
"1947-09-22",,870.25
"1947-09-23",,870.25
"1947-09-24",,870.25
"1947-09-25",,870.25
"1947-09-26",,870.15
"1947-09-27",,870.15
"1947-09-28",,870.15
"1947-09-29",,870.15
"1947-09-30",,870.15
"1947-10-01",666.86,870.05
"1947-10-02",666.8,870.05
"1947-10-03",666.71,870.05
"1947-10-04",666.68,870.05
"1947-10-05",666.87,870.05
"1947-10-06",667.08,870.05
"1947-10-07",666.89,869.95
"1947-10-08",666.75,870.05
"1947-10-09",666.79,869.95
"1947-10-10",666.59,869.95
"1947-10-11",666.7,869.95
"1947-10-12",666.82,869.95
"1947-10-13",667.05,869.85
"1947-10-14",667.11,869.85
"1947-10-15",667.01,869.85
"1947-10-16",666.96,869.85
"1947-10-17",666.65,869.85
"1947-10-18",666.58,869.75
"1947-10-19",666.66,869.75
"1947-10-20",666.84,869.75
"1947-10-21",666.56,869.75
"1947-10-22",666.4,869.75
"1947-10-23",666.24,869.65
"1947-10-24",666.14,869.65
"1947-10-25",666.15,869.55
"1947-10-26",666.37,869.65
"1947-10-27",666.65,869.55
"1947-10-28",666.41,869.55
"1947-10-29",666.17,869.65
"1947-10-30",666.48,869.65
"1947-10-31",666.54,869.65
"1947-11-01",666.34,869.55
"1947-11-02",666.63,869.55
"1947-11-03",666.74,869.55
"1947-11-04",666.29,869.55
"1947-11-05",666.08,869.55
"1947-11-06",665.97,869.45
"1947-11-07",665.81,869.45
"1947-11-08",665.88,869.45
"1947-11-09",666.23,869.45
"1947-11-10",666.66,869.45
"1947-11-11",666.29,869.45
"1947-11-12",666.24,869.42
"1947-11-13",666.24,869.45
"1947-11-14",666.18,869.45
"1947-11-15",666.66,869.35
"1947-11-16",666.45,869.35
"1947-11-17",666.62,869.35
"1947-11-18",666.86,869.35
"1947-11-19",667.3,869.35
"1947-11-20",667.43,869.35
"1947-11-21",667.58,869.35
"1947-11-22",667.31,869.35
"1947-11-23",667.03,869.35
"1947-11-24",667.33,869.25
"1947-11-25",667.52,869.25
"1947-11-26",667.35,869.25
"1947-11-27",667.31,869.25
"1947-11-28",667.31,869.15
"1947-11-29",667.41,869.15
"1947-11-30",667.31,869.15
"1947-12-01",667.49,869.15
"1947-12-02",667.45,869.15
"1947-12-03",667.01,869.15
"1947-12-04",667.02,869.15
"1947-12-05",666.77,869.05
"1947-12-06",666.66,869.05
"1947-12-07",667.08,869.05
"1947-12-08",667.29,869.05
"1947-12-09",667.46,869.05
"1947-12-10",667.47,868.95
"1947-12-11",667.42,868.95
"1947-12-12",667.4,868.95
"1947-12-13",667.36,868.85
"1947-12-14",667.61,868.85
"1947-12-15",667.89,868.85
"1947-12-16",667.68,868.85
"1947-12-17",667.64,868.75
"1947-12-18",667.59,868.75
"1947-12-19",667.66,868.75
"1947-12-20",667.59,868.75
"1947-12-21",667.63,868.65
"1947-12-22",667.88,868.65
"1947-12-23",667.46,868.65
"1947-12-24",667.27,868.65
"1947-12-25",667.42,868.55
"1947-12-26",667.71,868.55
"1947-12-27",667.71,868.25
"1947-12-28",667.78,868.45
"1947-12-29",667.93,868.45
"1947-12-30",667.74,868.45
"1947-12-31",667.88,868.45
"1948-01-01",667.62,868.35
"1948-01-02",667.73,868.35
"1948-01-03",667.74,868.25
"1948-01-04",667.54,868.25
"1948-01-05",667.6,868.25
"1948-01-06",667.46,868.15
"1948-01-07",667.06,868.15
"1948-01-08",666.96,868.15
"1948-01-09",667.01,868.15
"1948-01-10",666.78,868.05
"1948-01-11",666.79,868.05
"1948-01-12",667.01,868.05
"1948-01-13",666.64,867.95
"1948-01-14",666.41,867.95
"1948-01-15",666.29,867.95
"1948-01-16",,867.95
"1948-01-17",665.98,867.85
"1948-01-18",665.93,867.85
"1948-01-19",666.12,867.85
"1948-01-20",666.29,867.85
"1948-01-21",666.31,867.85
"1948-01-22",666.35,867.75
"1948-01-23",666.44,867.75
"1948-01-24",,867.75
"1948-01-25",,867.65
"1948-01-26",,867.65
"1948-01-27",,867.65
"1948-01-28",,867.65
"1948-01-29",,867.55
"1948-01-30",,867.55
"1948-01-31",,867.55
"1948-02-01",,867.55
"1948-02-02",,867.55
"1948-02-03",,867.45
"1948-02-04",,867.45
"1948-02-05",,867.45
"1948-02-06",,867.45
"1948-02-07",,867.45
"1948-02-08",,867.45
"1948-02-09",,867.35
"1948-02-10",,867.35
"1948-02-11",,867.35
"1948-02-12",,867.35
"1948-02-13",,867.25
"1948-02-14",,867.25
"1948-02-15",,867.25
"1948-02-16",,867.15
"1948-02-17",,867.15
"1948-02-18",,867.15
"1948-02-19",,867.15
"1948-02-20",,867.05
"1948-02-21",,867.05
"1948-02-22",667.38,867.05
"1948-02-23",667.74,867.05
"1948-02-24",667.76,866.95
"1948-02-25",667.68,866.95
"1948-02-26",667.71,866.95
"1948-02-27",667.76,866.95
"1948-02-28",667.71,866.95
"1948-02-29",667.72,866.85
"1948-03-01",667.93,866.85
"1948-03-02",667.25,866.85
"1948-03-03",666.96,866.75
"1948-03-04",666.64,866.75
"1948-03-05",666.46,866.65
"1948-03-06",666.39,866.65
"1948-03-07",666.38,866.65
"1948-03-08",666.41,866.65
"1948-03-09",666.4,866.55
"1948-03-10",666.35,866.55
"1948-03-11",665.93,866.45
"1948-03-12",665.51,866.45
"1948-03-13",665.82,866.45
"1948-03-14",666.16,866.45
"1948-03-15",666.36,866.35
"1948-03-16",666,866.25
"1948-03-17",665.64,866.25
"1948-03-18",665.49,866.25
"1948-03-19",665.58,866.15
"1948-03-20",665.35,866.15
"1948-03-21",665.38,866.15
"1948-03-22",665.51,866.05
"1948-03-23",665.47,866.05
"1948-03-24",664.97,865.95
"1948-03-25",664.86,865.95
"1948-03-26",664.76,865.85
"1948-03-27",664.56,865.85
"1948-03-28",664.51,865.85
"1948-03-29",664.84,865.75
"1948-03-30",664.52,865.75
"1948-03-31",664.16,865.65
"1948-04-01",663.81,865.65
"1948-04-02",663.66,865.55
"1948-04-03",663.51,865.55
"1948-04-04",663.53,865.55
"1948-04-05",663.73,865.45
"1948-04-06",663.27,865.45
"1948-04-07",662.86,865.35
"1948-04-08",662.2,865.35
"1948-04-09",661.71,865.35
"1948-04-10",661.56,865.25
"1948-04-11",661.46,865.25
"1948-04-12",661.5,865.15
"1948-04-13",660.92,865.15
"1948-04-14",660.98,865.05
"1948-04-15",660.77,865.05
"1948-04-16",660.53,865.05
"1948-04-17",660.37,864.95
"1948-04-18",660.41,864.95
"1948-04-19",660.66,864.85
"1948-04-20",660.17,864.85
"1948-04-21",659.93,864.75
"1948-04-22",659.66,864.75
"1948-04-23",660.25,864.75
"1948-04-24",660.86,864.75
"1948-04-25",661.41,864.75
"1948-04-26",661.92,864.75
"1948-04-27",661.84,864.75
"1948-04-28",661.79,864.75
"1948-04-29",661.51,864.65
"1948-04-30",,864.65
"1948-05-01",661.19,864.65
"1948-05-02",660.97,864.65
"1948-05-03",660.92,864.55
"1948-05-04",661.13,864.55
"1948-05-05",659.9,864.55
"1948-05-06",659.39,864.45
"1948-05-07",659.73,864.45
"1948-05-08",659.75,864.45
"1948-05-09",659.71,864.35
"1948-05-10",659.86,864.35
"1948-05-11",659.26,864.35
"1948-05-12",660.05,864.35
"1948-05-13",660.56,864.35
"1948-05-14",660.67,864.35
"1948-05-15",660.56,864.35
"1948-05-16",660.58,864.25
"1948-05-17",660.57,864.25
"1948-05-18",659.86,864.15
"1948-05-19",659.46,864.15
"1948-05-20",659.06,864.15
"1948-05-21",658.76,864.05
"1948-05-22",658.54,864.05
"1948-05-23",658.56,864.05
"1948-05-24",658.83,864.05
"1948-05-25",658.95,864.05
"1948-05-26",659.41,864.05
"1948-05-27",659.73,864.05
"1948-05-28",659.68,863.95
"1948-05-29",659.49,863.95
"1948-05-30",659.33,863.95
"1948-05-31",659.36,863.85
"1948-06-01",658.66,863.85
"1948-06-02",658.32,863.75
"1948-06-03",657.99,863.65
"1948-06-04",657.63,863.65
"1948-06-05",657.4,863.55
"1948-06-06",657.21,863.55
"1948-06-07",657.47,
"1948-06-08",656.75,
"1948-06-09",656.34,
"1948-06-10",656.3,
"1948-06-11",656.54,
"1948-06-12",656.68,
"1948-06-13",656.6,863.15
"1948-06-14",656.6,863.15
"1948-06-15",656.11,863.05
"1948-06-16",655.64,862.95
"1948-06-17",655.45,862.95
"1948-06-18",655.34,862.85
"1948-06-19",655.1,862.75
"1948-06-20",655.31,862.75
"1948-06-21",655.74,862.75
"1948-06-22",655.59,862.65
"1948-06-23",655.12,862.65
"1948-06-24",655.49,862.65
"1948-06-25",656.04,862.65
"1948-06-26",656.85,862.65
"1948-06-27",657.65,862.65
"1948-06-28",658.16,862.75
"1948-06-29",658.79,862.75
"1948-06-30",,862.75
"1948-07-01",659.12,
"1948-07-02",659.13,
"1948-07-03",659.45,
"1948-07-04",660.61,
"1948-07-05",661.16,
"1948-07-06",661.3,
"1948-07-07",661.17,
"1948-07-08",660.91,
"1948-07-09",660.59,
"1948-07-10",660.14,
"1948-07-11",660.09,
"1948-07-12",660.05,
"1948-07-13",660.06,
"1948-07-14",659.68,
"1948-07-15",659.38,
"1948-07-16",658.83,
"1948-07-17",658.43,
"1948-07-18",658.4,
"1948-07-19",658.38,
"1948-07-20",657.82,863.45
"1948-07-21",657.34,863.45
"1948-07-22",656.96,863.45
"1948-07-23",656.69,863.55
"1948-07-24",656.39,863.45
"1948-07-25",656.36,863.55
"1948-07-26",656.54,863.45
"1948-07-27",655.95,863.45
"1948-07-28",655.48,863.45
"1948-07-29",655.16,863.45
"1948-07-30",654.89,863.45
"1948-07-31",654.69,863.45
"1948-08-01",654.86,863.45
"1948-08-02",655.75,863.55
"1948-08-03",655.14,863.45
"1948-08-04",654.21,863.45
"1948-08-05",654.54,863.45
"1948-08-06",654.47,863.45
"1948-08-07",654.36,863.45
"1948-08-08",654.65,863.45
"1948-08-09",654.9,863.45
"1948-08-10",654.38,863.45
"1948-08-11",653.96,863.45
"1948-08-12",653.71,863.35
"1948-08-13",653.69,863.25
"1948-08-14",653.68,863.25
"1948-08-15",653.9,863.25
"1948-08-16",654.24,863.45
"1948-08-17",654.14,863.45
"1948-08-18",653.77,863.45
"1948-08-19",,863.45
"1948-08-20",,863.45
"1948-08-21",,863.45
"1948-08-22",,863.45
"1948-08-23",,863.45
"1948-08-24",,863.35
"1948-08-25",,863.35
"1948-08-26",,863.35
"1948-08-27",,863.35
"1948-08-28",,863.35
"1948-08-29",,863.35
"1948-08-30",,863.35
"1948-08-31",,863.35
"1948-09-01",,863.25
"1948-09-02",,863.25
"1948-09-03",,863.25
"1948-09-04",,863.25
"1948-09-05",,863.25
"1948-09-06",,863.15
"1948-09-07",,863.15
"1948-09-08",,863.15
"1948-09-09",,863.15
"1948-09-10",,863.25
"1948-09-11",656.46,863.25
"1948-09-12",656.88,863.25
"1948-09-13",657.09,863.25
"1948-09-14",656.76,863.25
"1948-09-15",656.69,863.25
"1948-09-16",656.44,863.25
"1948-09-17",656.35,863.25
"1948-09-18",656.42,863.25
"1948-09-19",656.58,863.25
"1948-09-20",656.86,863.25
"1948-09-21",656.62,863.15
"1948-09-22",656.36,863.15
"1948-09-23",656.31,863.15
"1948-09-24",656.2,863.15
"1948-09-25",656.02,863.15
"1948-09-26",655.81,863.15
"1948-09-27",656.12,863.15
"1948-09-28",655.9,863.05
"1948-09-29",655.64,863.05
"1948-09-30",655.44,863.05
"1948-10-01",655.31,862.95
"1948-10-02",655.01,862.95
"1948-10-03",655.04,862.95
"1948-10-04",656.32,862.85
"1948-10-05",655.04,862.85
"1948-10-06",655.06,862.75
"1948-10-07",654.49,862.75
"1948-10-08",654.71,862.68
"1948-10-09",654.64,862.65
"1948-10-10",654.79,862.65
"1948-10-11",654.92,862.55
"1948-10-12",654.65,862.55
"1948-10-13",654.35,862.45
"1948-10-14",654.24,862.45
"1948-10-15",654.29,862.35
"1948-10-16",654.26,862.35
"1948-10-17",654.96,862.35
"1948-10-18",656.42,862.45
"1948-10-19",656.93,862.45
"1948-10-20",657.18,862.45
"1948-10-21",657.26,862.55
"1948-10-22",657.43,862.5
"1948-10-23",657.44,862.45
"1948-10-24",657.63,862.45
"1948-10-25",657.83,862.45
"1948-10-26",657.7,862.45
"1948-10-27",,862.45
"1948-10-28",657.59,862.45
"1948-10-29",657.52,862.45
"1948-10-30",657.39,862.35
"1948-10-31",657.46,862.35
"1948-11-01",657.58,862.35
"1948-11-02",657.43,862.35
"1948-11-03",656.81,862.25
"1948-11-04",656.47,862.25
"1948-11-05",656.15,862.25
"1948-11-06",655.89,862.25
"1948-11-07",655.82,862.25
"1948-11-08",656.07,862.15
"1948-11-09",655.7,862.15
"1948-11-10",655.73,862.15
"1948-11-11",656.13,862.05
"1948-11-12",656.58,862.05
"1948-11-13",656.54,862.05
"1948-11-14",656.83,861.95
"1948-11-15",657.08,861.95
"1948-11-16",657.14,861.95
"1948-11-17",657.07,861.95
"1948-11-18",657.22,861.95
"1948-11-19",656.98,861.85
"1948-11-20",657.07,861.85
"1948-11-21",657.19,861.85
"1948-11-22",657.17,861.75
"1948-11-23",657.3,861.75
"1948-11-24",657.36,861.75
"1948-11-25",657.54,861.75
"1948-11-26",657.87,861.65
"1948-11-27",657.64,861.65
"1948-11-28",657.43,861.55
"1948-11-29",657.52,861.55
"1948-11-30",657.39,861.55
"1948-12-01",657.34,861.45
"1948-12-02",657.32,861.45
"1948-12-03",657.12,861.35
"1948-12-04",657.1,861.35
"1948-12-05",657.13,861.35
"1948-12-06",657.18,861.25
"1948-12-07",657.02,861.25
"1948-12-08",656.88,861.25
"1948-12-09",656.71,861.15
"1948-12-10",656.49,861.15
"1948-12-11",656.65,861.05
"1948-12-12",656.62,861.05
"1948-12-13",656.77,861.05
"1948-12-14",656.61,860.95
"1948-12-15",656.81,860.95
"1948-12-16",656.72,860.95
"1948-12-17",656.65,860.85
"1948-12-18",656.85,860.85
"1948-12-19",657.01,860.85
"1948-12-20",657.18,860.85
"1948-12-21",657.05,860.75
"1948-12-22",656.77,860.75
"1948-12-23",656.58,860.75
"1948-12-24",656.73,860.65
"1948-12-25",656.64,860.65
"1948-12-26",656.91,860.65
"1948-12-27",657.12,860.65
"1948-12-28",657.2,860.55
"1948-12-29",656.93,860.55
"1948-12-30",656.56,860.55
"1948-12-31",656.64,860.45
"1949-01-01",,860.45
"1949-01-02",,860.45
"1949-01-03",657.29,860.45
"1949-01-04",656.73,860.35
"1949-01-05",656.53,860.35
"1949-01-06",656.39,860.25
"1949-01-07",656.32,860.25
"1949-01-08",656.32,860.25
"1949-01-09",656.06,860.15
"1949-01-10",655.81,860.15
"1949-01-11",655.55,860.05
"1949-01-12",655.61,860.05
"1949-01-13",655.71,860.05
"1949-01-14",656.29,860.05
"1949-01-15",656.45,860.05
"1949-01-16",656.6,859.95
"1949-01-17",656.68,859.95
"1949-01-18",656.63,859.95
"1949-01-19",656.46,859.95
"1949-01-20",656.42,859.95
"1949-01-21",656.64,859.85
"1949-01-22",656.75,859.85
"1949-01-23",657.01,859.85
"1949-01-24",657.13,859.85
"1949-01-25",656.82,859.85
"1949-01-26",656.81,859.75
"1949-01-27",657.46,859.75
"1949-01-28",656.94,859.75
"1949-01-29",656.63,859.75
"1949-01-30",656.35,859.65
"1949-01-31",655.89,859.65
"1949-02-01",655.38,859.65
"1949-02-02",655.7,859.61
"1949-02-03",656.22,859.6
"1949-02-04",656.38,859.55
"1949-02-05",656.39,859.55
"1949-02-06",656.54,859.55
"1949-02-07",656.64,859.55
"1949-02-08",656.58,859.45
"1949-02-09",656.49,859.45
"1949-02-10",656.3,859.45
"1949-02-11",656.28,859.35
"1949-02-12",656.36,859.35
"1949-02-13",656.54,859.35
"1949-02-14",656.41,859.25
"1949-02-15",656.01,859.25
"1949-02-16",655.86,859.25
"1949-02-17",655.59,859.15
"1949-02-18",655.67,859.15
"1949-02-19",655.76,859.15
"1949-02-20",655.74,859.05
"1949-02-21",655.89,859.05
"1949-02-22",655.86,859.05
"1949-02-23",656.18,859.05
"1949-02-24",656.13,859.25
"1949-02-25",656.04,859.35
"1949-02-26",657.81,859.55
"1949-02-27",659.16,859.75
"1949-02-28",659.54,859.95
"1949-03-01",659.8,860.05
"1949-03-02",659.79,860.15
"1949-03-03",659.81,860.25
"1949-03-04",659.82,860.34
"1949-03-05",660.04,860.55
"1949-03-06",660.03,860.65
"1949-03-07",659.98,860.75
"1949-03-08",659.88,861.35
"1949-03-09",660.33,860.95
"1949-03-10",660.25,861.05
"1949-03-11",659.03,861.15
"1949-03-12",658.93,861.25
"1949-03-13",659.03,861.35
"1949-03-14",659.09,861.45
"1949-03-15",659.27,861.55
"1949-03-16",659.39,861.65
"1949-03-17",659.52,861.75
"1949-03-18",659.28,861.85
"1949-03-19",659.33,861.95
"1949-03-20",659.33,862.05
"1949-03-21",659.85,862.15
"1949-03-22",659.43,862.25
"1949-03-23",659.56,862.35
"1949-03-24",659.53,862.35
"1949-03-25",659.44,862.45
"1949-03-26",659.59,862.55
"1949-03-27",659.73,862.65
"1949-03-28",659.9,862.65
"1949-03-29",659.65,862.75
"1949-03-30",659.43,862.85
"1949-03-31",659.18,862.85
"1949-04-01",659.18,862.95
"1949-04-02",659.61,863.05
"1949-04-03",659.79,
"1949-04-04",660.04,
"1949-04-05",660.08,
"1949-04-06",660.14,
"1949-04-07",660.32,
"1949-04-08",659.98,
"1949-04-09",659.92,
"1949-04-10",660.12,
"1949-04-11",660.21,
"1949-04-12",660.05,
"1949-04-13",659.7,
"1949-04-14",659.31,
"1949-04-15",658.74,
"1949-04-16",659.02,863.95
"1949-04-17",658.83,864.05
"1949-04-18",658.98,864.15
"1949-04-19",658.58,864.25
"1949-04-20",659.98,864.25
"1949-04-21",662.02,864.42
"1949-04-22",662.91,864.45
"1949-04-23",663.77,864.55
"1949-04-24",664.9,864.65
"1949-04-25",666.91,864.75
"1949-04-26",668.45,864.75
"1949-04-27",669.53,864.85
"1949-04-28",669.85,864.95
"1949-04-29",670.59,864.95
"1949-04-30",671.11,865.05
"1949-05-01",671.44,865.15
"1949-05-02",671.59,865.15
"1949-05-03",671.5,865.25
"1949-05-04",671.52,865.25
"1949-05-05",671.48,865.35
"1949-05-06",671.43,865.45
"1949-05-07",671.37,865.45
"1949-05-08",671.35,865.55
"1949-05-09",671.41,865.55
"1949-05-10",670.9,865.65
"1949-05-11",671.2,865.65
"1949-05-12",671.2,865.75
"1949-05-13",671.1,865.75
"1949-05-14",670.91,865.85
"1949-05-15",670.98,865.85
"1949-05-16",671.11,865.95
"1949-05-17",670.91,866.05
"1949-05-18",670.74,866.05
"1949-05-19",670.49,866.15
"1949-05-20",670.21,866.15
"1949-05-21",670.05,866.15
"1949-05-22",669.89,866.25
"1949-05-23",669.91,866.25
"1949-05-24",669.4,866.25
"1949-05-25",668.95,866.25
"1949-05-26",668.5,866.35
"1949-05-27",668.68,866.35
"1949-05-28",668.52,866.35
"1949-05-29",668.68,866.35
"1949-05-30",668.61,866.35
"1949-05-31",667.76,866.35
"1949-06-01",667.21,866.35
"1949-06-02",666.6,866.35
"1949-06-03",666.14,866.35
"1949-06-04",667.29,866.35
"1949-06-05",665.71,866.45
"1949-06-06",666.09,866.45
"1949-06-07",665.85,866.45
"1949-06-08",666.12,866.55
"1949-06-09",666.64,866.65
"1949-06-10",666.86,866.71
"1949-06-11",666.8,866.75
"1949-06-12",667.45,866.85
"1949-06-13",667.91,867.15
"1949-06-14",667.86,867.15
"1949-06-15",667.71,867.15
"1949-06-16",667.72,867.15
"1949-06-17",667.7,867.15
"1949-06-18",667.48,867.25
"1949-06-19",667.42,867.35
"1949-06-20",667.56,867.45
"1949-06-21",666.99,
"1949-06-22",666.55,
"1949-06-23",666.11,
"1949-06-24",665.73,
"1949-06-25",665.46,
"1949-06-26",666.52,
"1949-06-27",667.21,
"1949-06-28",667.08,867.45
"1949-06-29",667.14,867.55
"1949-06-30",666.97,867.45
"1949-07-01",666.4,867.45
"1949-07-02",666.78,867.55
"1949-07-03",667.16,867.65
"1949-07-04",667.18,867.75
"1949-07-05",667.2,867.75
"1949-07-06",666.91,867.75
"1949-07-07",666.55,867.75
"1949-07-08",666.14,867.75
"1949-07-09",665.81,867.75
"1949-07-10",665.66,867.75
"1949-07-11",665.7,867.75
"1949-07-12",664.88,867.75
"1949-07-13",664.48,867.75
"1949-07-14",664.13,867.75
"1949-07-15",664.54,867.75
"1949-07-16",664.42,867.85
"1949-07-17",664.49,867.95
"1949-07-18",664.52,867.95
"1949-07-19",663.81,867.95
"1949-07-20",663.4,867.95
"1949-07-21",662.84,867.95
"1949-07-22",662.52,867.85
"1949-07-23",662.45,867.85
"1949-07-24",662.49,867.85
"1949-07-25",662.83,867.85
"1949-07-26",663.82,867.95
"1949-07-27",663.88,867.95
"1949-07-28",663.87,867.95
"1949-07-29",663.69,868.05
"1949-07-30",663.34,867.95
"1949-07-31",663.16,867.95
"1949-08-01",662.75,867.95
"1949-08-02",663.34,867.95
"1949-08-03",663.18,867.85
"1949-08-04",662.65,867.85
"1949-08-05",661.99,867.85
"1949-08-06",662.61,867.85
"1949-08-07",662.93,867.95
"1949-08-08",663.68,868.05
"1949-08-09",663.8,868.05
"1949-08-10",663.66,868.05
"1949-08-11",663.47,868.15
"1949-08-12",663.26,868.15
"1949-08-13",662.82,868.15
"1949-08-14",662.81,868.15
"1949-08-15",662.89,868.25
"1949-08-16",662.18,868.25
"1949-08-17",661.68,868.25
"1949-08-18",661.5,868.35
"1949-08-19",661.27,868.35
"1949-08-20",660.86,868.35
"1949-08-21",661.19,868.35
"1949-08-22",661.46,868.45
"1949-08-23",660.8,868.45
"1949-08-24",660.58,868.45
"1949-08-25",660.31,868.45
"1949-08-26",660.17,868.45
"1949-08-27",659.95,868.45
"1949-08-28",660.64,868.45
"1949-08-29",661.19,868.45
"1949-08-30",660.38,868.55
"1949-08-31",659.99,868.45
"1949-09-01",659.72,868.55
"1949-09-02",659.63,868.55
"1949-09-03",659.62,868.45
"1949-09-04",659.96,868.58
"1949-09-05",660.25,868.55
"1949-09-06",659.85,868.55
"1949-09-07",659.56,868.55
"1949-09-08",659.44,868.55
"1949-09-09",659.17,868.75
"1949-09-10",659.46,868.85
"1949-09-11",659.96,868.85
"1949-09-12",660.32,868.95
"1949-09-13",659.65,868.95
"1949-09-14",659.37,868.95
"1949-09-15",659.22,869.05
"1949-09-16",659.24,869.15
"1949-09-17",659.74,869.15
"1949-09-18",659.81,869.15
"1949-09-19",659.91,869.25
"1949-09-20",659.86,869.25
"1949-09-21",659.74,869.35
"1949-09-22",659.51,869.35
"1949-09-23",659.28,869.35
"1949-09-24",659.17,869.45
"1949-09-25",659.37,869.45
"1949-09-26",659.71,869.45
"1949-09-27",658.86,869.45
"1949-09-28",658.86,869.45
"1949-09-29",658.54,869.45
"1949-09-30",658.53,869.45
"1949-10-01",658.56,869.45
"1949-10-02",658.79,869.55
"1949-10-03",659.28,869.55
"1949-10-04",659.37,869.55
"1949-10-05",659.24,869.55
"1949-10-06",659,869.55
"1949-10-07",658.84,869.65
"1949-10-08",658.75,869.65
"1949-10-09",659.06,869.65
"1949-10-10",659.28,869.65
"1949-10-11",658.89,869.65
"1949-10-12",658.62,869.65
"1949-10-13",658.79,869.65
"1949-10-14",658.63,869.75
"1949-10-15",658.53,869.75
"1949-10-16",658.62,869.75
"1949-10-17",658.84,869.75
"1949-10-18",658.4,869.75
"1949-10-19",658.23,869.75
"1949-10-20",658,869.75
"1949-10-21",658.11,869.75
"1949-10-22",659.81,869.85
"1949-10-23",661.38,870.05
"1949-10-24",663.76,870.05
"1949-10-25",665.83,870.25
"1949-10-26",666.34,870.35
"1949-10-27",666.87,870.45
"1949-10-28",667.08,870.45
"1949-10-29",667.07,870.45
"1949-10-30",667,870.35
"1949-10-31",666.83,870.45
"1949-11-01",666.74,870.55
"1949-11-02",666.46,870.55
"1949-11-03",666.18,870.55
"1949-11-04",666.06,870.55
"1949-11-05",665.86,870.55
"1949-11-06",665.79,870.65
"1949-11-07",665.85,870.65
"1949-11-08",665.61,
"1949-11-09",665.35,
"1949-11-10",665.1,
"1949-11-11",665.02,
"1949-11-12",664.94,
"1949-11-13",664.96,
"1949-11-14",665.12,
"1949-11-15",664.78,
"1949-11-16",663.46,
"1949-11-17",664.14,
"1949-11-18",664.18,
"1949-11-19",664.1,
"1949-11-20",664.22,
"1949-11-21",664.16,
"1949-11-22",663.96,
"1949-11-23",663.92,
"1949-11-24",663.8,
"1949-11-25",663.92,
"1949-11-26",663.72,
"1949-11-27",663.83,
"1949-11-28",663.99,
"1949-11-29",663.73,
"1949-11-30",663.32,
"1949-12-01",663.08,
"1949-12-02",663.08,
"1949-12-03",663.44,
"1949-12-04",663.68,
"1949-12-05",663.85,
"1949-12-06",663.89,
"1949-12-07",663.88,
"1949-12-08",663.76,
"1949-12-09",663.73,
"1949-12-10",663.91,870.95
"1949-12-11",664.13,870.95
"1949-12-12",664.06,870.95
"1949-12-13",663.8,870.95
"1949-12-14",663.77,870.95
"1949-12-15",663.83,870.95
"1949-12-16",663.85,871.05
"1949-12-17",664.04,871.05
"1949-12-18",664.16,871.05
"1949-12-19",664.26,871.05
"1949-12-20",664.1,871.05
"1949-12-21",664.04,871.05
"1949-12-22",663.8,871.05
"1949-12-23",663.53,871.05
"1949-12-24",663.61,871.05
"1949-12-25",663.87,871.15
"1949-12-26",664.03,871.15
"1949-12-27",664.05,871.15
"1949-12-28",663.83,871.05
"1949-12-29",663.83,871.05
"1949-12-30",663.81,871.05
"1949-12-31",663.86,871.15
"1950-01-01",664.21,871.15
"1950-01-02",664.3,871.25
"1950-01-03",663.99,871.25
"1950-01-04",663.5,871.25
"1950-01-05",663.47,871.25
"1950-01-06",663.32,871.15
"1950-01-07",663.58,871.15
"1950-01-08",663.79,871.25
"1950-01-09",663.72,871.25
"1950-01-10",663.56,871.25
"1950-01-11",663.59,871.25
"1950-01-12",663.52,871.25
"1950-01-13",663.45,871.25
"1950-01-14",663.54,871.25
"1950-01-15",663.57,871.25
"1950-01-16",663.46,871.25
"1950-01-17",663.4,871.25
"1950-01-18",663.22,871.25
"1950-01-19",663.22,871.25
"1950-01-20",663.25,871.25
"1950-01-21",663.47,871.25
"1950-01-22",663.64,871.25
"1950-01-23",663.31,871.25
"1950-01-24",663.18,871.25
"1950-01-25",662.79,871.25
"1950-01-26",663.05,871.25
"1950-01-27",663.22,871.25
"1950-01-28",663.49,871.25
"1950-01-29",663.62,871.25
"1950-01-30",663.56,871.25
"1950-01-31",663.56,871.25
"1950-02-01",663.52,871.25
"1950-02-02",663.51,871.15
"1950-02-03",663.34,871.15
"1950-02-04",663.41,871.15
"1950-02-05",663.5,871.25
"1950-02-06",663.7,871.25
"1950-02-07",663.61,871.25
"1950-02-08",663.83,871.25
"1950-02-09",663.76,871.25
"1950-02-10",663.9,871.25
"1950-02-11",663.99,871.25
"1950-02-12",664.24,871.25
"1950-02-13",664.7,871.25
"1950-02-14",664.9,871.15
"1950-02-15",665.03,871.15
"1950-02-16",665.17,871.15
"1950-02-17",665.16,871.15
"1950-02-18",664.97,871.15
"1950-02-19",665.03,871.15
"1950-02-20",665.28,871.05
"1950-02-21",665.18,871.15
"1950-02-22",665.29,871.05
"1950-02-23",665.37,871.05
"1950-02-24",665.38,871.05
"1950-02-25",665.19,871.05
"1950-02-26",664.93,871.05
"1950-02-27",664.92,870.95
"1950-02-28",664.7,870.95
"1950-03-01",664.35,871.75
"1950-03-02",664.54,870.85
"1950-03-03",664.79,870.95
"1950-03-04",664.99,870.85
"1950-03-05",665.08,870.85
"1950-03-06",665.14,870.85
"1950-03-07",665.04,870.85
"1950-03-08",664.48,870.75
"1950-03-09",664.47,870.75
"1950-03-10",664.46,870.75
"1950-03-11",664.57,870.75
"1950-03-12",664.47,870.65
"1950-03-13",664.65,870.65
"1950-03-14",664.3,870.65
"1950-03-15",664.4,870.55
"1950-03-16",664.19,870.55
"1950-03-17",663.97,870.45
"1950-03-18",663.76,870.45
"1950-03-19",663.62,870.35
"1950-03-20",663.76,870.35
"1950-03-21",664.31,870.25
"1950-03-22",662.92,870.25
"1950-03-23",662.64,870.25
"1950-03-24",661.95,870.15
"1950-03-25",662.19,870.15
"1950-03-26",662.49,870.15
"1950-03-27",662.16,870.05
"1950-03-28",662.1,870.05
"1950-03-29",661.25,869.95
"1950-03-30",661.06,869.95
"1950-03-31",660.97,869.95
"1950-04-01",661.05,869.95
"1950-04-02",661.11,869.95
"1950-04-03",661.69,869.95
"1950-04-04",661.61,869.85
"1950-04-05",661.94,869.85
"1950-04-06",661.93,869.75
"1950-04-07",662.03,869.75
"1950-04-08",661.94,869.75
"1950-04-09",661.88,869.75
"1950-04-10",662.24,869.65
"1950-04-11",661.33,869.55
"1950-04-12",661.23,869.55
"1950-04-13",660.88,869.55
"1950-04-14",661.23,869.55
"1950-04-15",661.58,869.75
"1950-04-16",661.98,869.75
"1950-04-17",662.43,869.75
"1950-04-18",662.39,869.65
"1950-04-19",662.44,869.65
"1950-04-20",662.47,869.65
"1950-04-21",662.62,869.65
"1950-04-22",662.82,869.65
"1950-04-23",662.86,869.65
"1950-04-24",663.19,869.65
"1950-04-25",663.06,869.55
"1950-04-26",663.11,869.45
"1950-04-27",663,869.45
"1950-04-28",662.81,869.45
"1950-04-29",662.83,869.45
"1950-04-30",662.9,869.35
"1950-05-01",663.18,869.35
"1950-05-02",662.97,869.35
"1950-05-03",662.74,869.25
"1950-05-04",662.41,869.25
"1950-05-05",661.8,869.15
"1950-05-06",661.67,869.15
"1950-05-07",661.35,869.15
"1950-05-08",661.42,869.05
"1950-05-09",660.76,869.05
"1950-05-10",660.3,868.95
"1950-05-11",660.5,869.05
"1950-05-12",661.47,869.15
"1950-05-13",662.31,869.15
"1950-05-14",662.81,869.15
"1950-05-15",663.18,869.05
"1950-05-16",662.91,869.05
"1950-05-17",662.84,869.05
"1950-05-18",664.2,869.15
"1950-05-19",662.52,869.05
"1950-05-20",662.28,869.05
"1950-05-21",662.49,869.05
"1950-05-22",662.63,869.05
"1950-05-23",661.98,868.95
"1950-05-24",661.7,868.95
"1950-05-25",661.42,868.95
"1950-05-26",661.33,868.95
"1950-05-27",661.73,868.95
"1950-05-28",662.54,868.95
"1950-05-29",662.8,868.95
"1950-05-30",662.46,868.85
"1950-05-31",662.13,868.85
"1950-06-01",662.01,868.85
"1950-06-02",662.67,868.85
"1950-06-03",663.6,868.85
"1950-06-04",663.87,868.85
"1950-06-05",664.25,868.85
"1950-06-06",664.31,868.85
"1950-06-07",664.19,868.85
"1950-06-08",663.89,868.85
"1950-06-09",663.63,868.75
"1950-06-10",663.23,868.75
"1950-06-11",663.03,868.65
"1950-06-12",663.06,868.65
"1950-06-13",662.35,868.65
"1950-06-14",661.76,868.55
"1950-06-15",661.4,868.55
"1950-06-16",660.88,868.55
"1950-06-17",660.9,868.45
"1950-06-18",660.89,868.45
"1950-06-19",661,868.45
"1950-06-20",660.39,868.45
"1950-06-21",659.74,868.35
"1950-06-22",660.14,868.35
"1950-06-23",660.39,868.45
"1950-06-24",659.86,868.35
"1950-06-25",659.7,868.35
"1950-06-26",659.48,868.35
"1950-06-27",658.41,868.25
"1950-06-28",658.16,868.15
"1950-06-29",657.71,868.05
"1950-06-30",657.82,868.05
"1950-07-01",658.89,868.05
"1950-07-02",659.55,868.05
"1950-07-03",659.84,867.95
"1950-07-04",659.29,867.95
"1950-07-05",658.98,867.85
"1950-07-06",658.26,867.75
"1950-07-07",657.74,867.75
"1950-07-08",657.24,867.65
"1950-07-09",657.31,867.65
"1950-07-10",657.7,867.55
"1950-07-11",656.86,867.55
"1950-07-12",656.42,867.55
"1950-07-13",656.17,867.55
"1950-07-14",657.49,867.65
"1950-07-15",658.52,867.65
"1950-07-16",659.27,867.65
"1950-07-17",659.69,867.65
"1950-07-18",659.36,867.65
"1950-07-19",658.86,867.55
"1950-07-20",658.39,867.55
"1950-07-21",658.14,867.45
"1950-07-22",657.79,867.45
"1950-07-23",657.82,867.45
"1950-07-24",657.92,867.45
"1950-07-25",657.25,867.35
"1950-07-26",656.73,867.35
"1950-07-27",656.3,867.25
"1950-07-28",656.15,867.25
"1950-07-29",656.01,867.25
"1950-07-30",656.05,867.15
"1950-07-31",656.29,867.15
"1950-08-01",655.68,867.25
"1950-08-02",655.46,867.25
"1950-08-03",654.89,867.25
"1950-08-04",654.57,867.15
"1950-08-05",654.48,867.15
"1950-08-06",654.57,867.15
"1950-08-07",654.55,867.15
"1950-08-08",654.11,867.05
"1950-08-09",653.79,867.05
"1950-08-10",653.99,867.05
"1950-08-11",653.99,866.95
"1950-08-12",653.76,866.95
"1950-08-13",655.64,866.95
"1950-08-14",656.99,866.85
"1950-08-15",657.8,866.85
"1950-08-16",657.34,866.85
"1950-08-17",657.26,866.75
"1950-08-18",656.76,866.75
"1950-08-19",657.24,866.75
"1950-08-20",656.88,866.75
"1950-08-21",656.97,866.75
"1950-08-22",656.33,866.65
"1950-08-23",656.02,866.65
"1950-08-24",655.57,866.55
"1950-08-25",655.26,866.55
"1950-08-26",655.33,866.45
"1950-08-27",655.4,866.45
"1950-08-28",655.92,866.55
"1950-08-29",656.75,866.55
"1950-08-30",656.87,866.55
"1950-08-31",656.89,866.55
"1950-09-01",656.9,866.55
"1950-09-02",656.9,866.45
"1950-09-03",657.14,866.45
"1950-09-04",657.32,866.45
"1950-09-05",656.95,866.35
"1950-09-06",656.78,866.35
"1950-09-07",656.45,866.25
"1950-09-08",656.2,866.25
"1950-09-09",655.96,866.15
"1950-09-10",655.92,866.15
"1950-09-11",656.09,866.05
"1950-09-12",656.4,866.05
"1950-09-13",656.2,865.95
"1950-09-14",655.47,865.85
"1950-09-15",655.2,865.85
"1950-09-16",654.76,865.75
"1950-09-17",655.55,865.85
"1950-09-18",656.59,865.85
"1950-09-19",656.66,865.75
"1950-09-20",656.91,865.75
"1950-09-21",656.64,865.75
"1950-09-22",656.62,865.75
"1950-09-23",656.77,865.75
"1950-09-24",657.06,865.65
"1950-09-25",657.62,865.75
"1950-09-26",657.43,865.75
"1950-09-27",657.3,865.75
"1950-09-28",657.53,865.75
"1950-09-29",657.51,865.75
"1950-09-30",657.45,865.75
"1950-10-01",657.72,865.75
"1950-10-02",657.85,865.75
"1950-10-03",657.44,865.65
"1950-10-04",657.26,865.65
"1950-10-05",657.05,865.65
"1950-10-06",656.76,865.65
"1950-10-07",656.55,865.65
"1950-10-08",656.3,865.55
"1950-10-09",656.82,865.55
"1950-10-10",656.37,865.55
"1950-10-11",656.11,865.45
"1950-10-12",655.81,865.45
"1950-10-13",655.45,865.45
"1950-10-14",655.33,865.35
"1950-10-15",655.61,865.35
"1950-10-16",655.83,865.25
"1950-10-17",655.42,865.25
"1950-10-18",655.19,865.15
"1950-10-19",655.13,865.15
"1950-10-20",655.63,865.05
"1950-10-21",655.81,865.05
"1950-10-22",655.71,865.05
"1950-10-23",655.93,864.95
"1950-10-24",655.47,864.95
"1950-10-25",655.15,864.85
"1950-10-26",654.93,864.75
"1950-10-27",654.86,864.75
"1950-10-28",654.78,864.65
"1950-10-29",655.01,864.65
"1950-10-30",655.32,864.55
"1950-10-31",654.94,864.45
"1950-11-01",654.82,864.45
"1950-11-02",654.82,864.35
"1950-11-03",654.61,864.35
"1950-11-04",654.82,864.25
"1950-11-05",655.37,864.25
"1950-11-06",655.81,864.25
"1950-11-07",655.33,864.15
"1950-11-08",655.21,864.05
"1950-11-09",654.93,864.05
"1950-11-10",655.16,864.05
"1950-11-11",655.4,863.95
"1950-11-12",655.67,863.95
"1950-11-13",656.01,863.85
"1950-11-14",655.88,863.75
"1950-11-15",655.92,863.75
"1950-11-16",655.55,863.65
"1950-11-17",655.5,863.65
"1950-11-18",655.71,863.65
"1950-11-19",655.81,863.65
"1950-11-20",655.81,863.55
"1950-11-21",655.62,863.45
"1950-11-22",655.62,863.45
"1950-11-23",655.48,863.35
"1950-11-24",655.46,863.35
"1950-11-25",655.4,863.35
"1950-11-26",655.8,863.35
"1950-11-27",656.01,863.25
"1950-11-28",655.69,863.25
"1950-11-29",655.39,863.15
"1950-11-30",655.21,863.15
"1950-12-01",655.15,863.15
"1950-12-02",655.28,863.05
"1950-12-03",655.25,862.95
"1950-12-04",655.73,862.95
"1950-12-05",655.56,862.85
"1950-12-06",654.83,862.85
"1950-12-07",654.89,862.75
"1950-12-08",655.24,862.75
"1950-12-09",655.02,862.65
"1950-12-10",655.22,862.65
"1950-12-11",655.57,862.55
"1950-12-12",655.26,862.45
"1950-12-13",655.01,862.45
"1950-12-14",655.01,862.35
"1950-12-15",655.01,862.35
"1950-12-16",654.85,862.25
"1950-12-17",655.11,862.25
"1950-12-18",655.29,862.25
"1950-12-19",655.16,862.15
"1950-12-20",655.11,862.15
"1950-12-21",655,862.05
"1950-12-22",655.12,
"1950-12-23",655.18,
"1950-12-24",655.43,
"1950-12-25",655.74,
"1950-12-26",656.03,
"1950-12-27",655.52,
"1950-12-28",655.44,
"1950-12-29",655.56,
"1950-12-30",655.23,
"1950-12-31",655.44,
"1951-01-01",655.68,861.75
"1951-01-02",656.01,861.75
"1951-01-03",655.58,861.75
"1951-01-04",655.34,861.65
"1951-01-05",654.95,861.65
"1951-01-06",654.79,861.55
"1951-01-07",654.63,861.45
"1951-01-08",654.92,861.45
"1951-01-09",654.87,861.45
"1951-01-10",654.88,861.45
"1951-01-11",654.66,861.35
"1951-01-12",654.82,861.35
"1951-01-13",654.78,861.25
"1951-01-14",654.79,861.25
"1951-01-15",655.16,861.25
"1951-01-16",654.59,861.25
"1951-01-17",654.51,861.15
"1951-01-18",654.35,861.15
"1951-01-19",654.12,861.05
"1951-01-20",653.92,861.05
"1951-01-21",653.93,860.95
"1951-01-22",654.37,860.95
"1951-01-23",654.33,860.95
"1951-01-24",653.87,860.85
"1951-01-25",653.58,860.85
"1951-01-26",653.62,860.75
"1951-01-27",653.65,860.75
"1951-01-28",653.56,860.65
"1951-01-29",653.86,860.65
"1951-01-30",653.35,860.65
"1951-01-31",653.33,860.65
"1951-02-01",653.04,860.65
"1951-02-02",652.49,860.65
"1951-02-03",652.3,860.65
"1951-02-04",652.78,860.65
"1951-02-05",653.33,860.65
"1951-02-06",653.35,860.55
"1951-02-07",652.9,860.55
"1951-02-08",652.85,860.45
"1951-02-09",652.73,860.35
"1951-02-10",652.48,860.25
"1951-02-11",652.65,860.15
"1951-02-12",653.06,860.15
"1951-02-13",652.7,860.15
"1951-02-14",652.16,860.15
"1951-02-15",651.87,860.05
"1951-02-16",652.64,860.05
"1951-02-17",653.1,860.05
"1951-02-18",653.49,860.05
"1951-02-19",653.93,860.05
"1951-02-20",653.86,860.05
"1951-02-21",653.66,860.05
"1951-02-22",653.77,859.95
"1951-02-23",653.82,859.85
"1951-02-24",654.04,859.85
"1951-02-25",654.2,859.75
"1951-02-26",654.24,859.75
"1951-02-27",654.22,859.65
"1951-02-28",654.28,859.55
"1951-03-01",654.11,859.55
"1951-03-02",654.02,859.55
"1951-03-03",653.79,859.45
"1951-03-04",653.95,859.45
"1951-03-05",653.86,859.35
"1951-03-06",653.33,859.25
"1951-03-07",652.92,859.15
"1951-03-08",652.52,859.05
"1951-03-09",652.26,859.05
"1951-03-10",652.04,858.95
"1951-03-11",652.3,858.85
"1951-03-12",652.59,858.85
"1951-03-13",652.68,858.85
"1951-03-14",652.67,858.75
"1951-03-15",652.48,858.75
"1951-03-16",652.21,858.65
"1951-03-17",652.08,858.65
"1951-03-18",651.93,858.55
"1951-03-19",652.53,858.55
"1951-03-20",652.26,858.55
"1951-03-21",651.91,858.45
"1951-03-22",651.46,858.35
"1951-03-23",651.26,858.35
"1951-03-24",651,858.25
"1951-03-25",651.69,858.35
"1951-03-26",652.28,858.45
"1951-03-27",652.56,858.45
"1951-03-28",652.96,858.45
"1951-03-29",652.91,858.45
"1951-03-30",653.11,858.45
"1951-03-31",653.1,858.45
"1951-04-01",653.15,858.45
"1951-04-02",652.91,858.45
"1951-04-03",652.51,858.35
"1951-04-04",652.16,858.35
"1951-04-05",652.12,858.35
"1951-04-06",651.87,858.25
"1951-04-07",652.15,858.25
"1951-04-08",652.4,858.25
"1951-04-09",652.56,858.25
"1951-04-10",652.01,858.15
"1951-04-11",651.99,858.15
"1951-04-12",651.94,858.15
"1951-04-13",651.63,858.05
"1951-04-14",651.47,858.05
"1951-04-15",651.2,857.95
"1951-04-16",650.91,857.95
"1951-04-17",650.76,857.95
"1951-04-18",650.32,857.85
"1951-04-19",650.29,857.75
"1951-04-20",649.64,857.65
"1951-04-21",650.16,857.65
"1951-04-22",649.72,857.55
"1951-04-23",650.02,857.55
"1951-04-24",649.64,857.45
"1951-04-25",649.48,857.35
"1951-04-26",649.35,857.35
"1951-04-27",649.45,857.25
"1951-04-28",649.26,857.25
"1951-04-29",649.58,857.25
"1951-04-30",650.25,857.15
"1951-05-01",649.87,857.15
"1951-05-02",649.39,857.05
"1951-05-03",649.73,857.15
"1951-05-04",649.78,856.95
"1951-05-05",649.19,856.85
"1951-05-06",649.39,856.85
"1951-05-07",649.96,856.85
"1951-05-08",650.68,856.85
"1951-05-09",651.25,856.85
"1951-05-10",651.24,856.85
"1951-05-11",650.84,856.85
"1951-05-12",650.75,856.85
"1951-05-13",651.04,856.85
"1951-05-14",651.72,856.85
"1951-05-15",651.65,856.95
"1951-05-16",652.11,856.95
"1951-05-17",652.45,856.95
"1951-05-18",652.56,856.95
"1951-05-19",652.59,857.05
"1951-05-20",652.68,857.05
"1951-05-21",652.83,857.05
"1951-05-22",652.32,857.05
"1951-05-23",651.89,857.05
"1951-05-24",651.72,857.05
"1951-05-25",652.52,857.15
"1951-05-26",652.73,857.15
"1951-05-27",652.77,857.15
"1951-05-28",652.66,857.15
"1951-05-29",651.35,857.15
"1951-05-30",651.18,857.15
"1951-05-31",650.79,857.15
"1951-06-01",650.3,857.15
"1951-06-02",650.03,857.15
"1951-06-03",650.41,857.15
"1951-06-04",653.62,857.15
"1951-06-05",653.3,857.15
"1951-06-06",653.47,857.15
"1951-06-07",653.44,857.15
"1951-06-08",653.26,857.15
"1951-06-09",652.93,857.15
"1951-06-10",652.71,857.15
"1951-06-11",652.7,857.15
"1951-06-12",652.17,857.05
"1951-06-13",652.39,857.05
"1951-06-14",652.27,856.95
"1951-06-15",651.89,856.95
"1951-06-16",651.56,856.85
"1951-06-17",651.41,856.85
"1951-06-18",651.48,856.75
"1951-06-19",650.66,856.65
"1951-06-20",650.16,856.65
"1951-06-21",649.76,856.55
"1951-06-22",649.28,856.45
"1951-06-23",648.99,856.35
"1951-06-24",648.93,856.35
"1951-06-25",649.43,856.25
"1951-06-26",648.68,856.25
"1951-06-27",649.01,856.14
"1951-06-28",648.7,856.05
"1951-06-29",648.34,855.95
"1951-06-30",647.98,855.75
"1951-07-01",647.99,855.65
"1951-07-02",648.23,855.65
"1951-07-03",647.44,855.55
"1951-07-04",647.09,855.45
"1951-07-05",647.08,855.35
"1951-07-06",646.49,
"1951-07-07",646.3,
"1951-07-08",646.56,
"1951-07-09",646.71,
"1951-07-10",645.91,
"1951-07-11",645.59,
"1951-07-12",645.45,
"1951-07-13",645.19,
"1951-07-14",646.07,
"1951-07-15",646.61,
"1951-07-16",646.83,
"1951-07-17",646.38,
"1951-07-18",645.58,
"1951-07-19",644.98,854.25
"1951-07-20",644.53,854.15
"1951-07-21",644.32,854.05
"1951-07-22",644.65,854.05
"1951-07-23",644.89,854.05
"1951-07-24",644.22,853.85
"1951-07-25",643.72,853.85
"1951-07-26",643.65,853.75
"1951-07-27",643.43,853.75
"1951-07-28",643.47,853.65
"1951-07-29",643.51,853.65
"1951-07-30",644.04,853.45
"1951-07-31",643.18,
"1951-08-01",642.87,853.35
"1951-08-02",642.73,853.35
"1951-08-03",642.49,853.25
"1951-08-04",642.46,853.15
"1951-08-05",642.53,853.05
"1951-08-06",642.79,853.05
"1951-08-07",641.91,852.95
"1951-08-08",641.74,852.95
"1951-08-09",641.62,852.85
"1951-08-10",641.43,852.85
"1951-08-11",641.4,852.75
"1951-08-12",641.78,852.75
"1951-08-13",642.13,852.75
"1951-08-14",641.43,852.55
"1951-08-15",641.16,852.55
"1951-08-16",640.99,
"1951-08-17",640.94,
"1951-08-18",640.76,
"1951-08-19",641.79,
"1951-08-20",642.71,
"1951-08-21",641.98,
"1951-08-22",641.54,
"1951-08-23",641.3,
"1951-08-24",641.01,
"1951-08-25",641.33,
"1951-08-26",641.67,
"1951-08-27",642.21,
"1951-08-28",641.42,
"1951-08-29",640.81,851.75
"1951-08-30",640.65,851.75
"1951-08-31",640.63,851.75
"1951-09-01",640.68,851.55
"1951-09-02",641.24,851.45
"1951-09-03",642.15,851.35
"1951-09-04",642.08,851.35
"1951-09-05",641.9,851.25
"1951-09-06",641.22,851.15
"1951-09-07",640.96,851.05
"1951-09-08",640.78,850.95
"1951-09-09",641.38,850.85
"1951-09-10",641.95,850.85
"1951-09-11",641.35,850.75
"1951-09-12",641.21,850.75
"1951-09-13",642.75,850.72
"1951-09-14",643.38,850.75
"1951-09-15",643.96,850.75
"1951-09-16",644.52,850.85
"1951-09-17",644.93,850.85
"1951-09-18",644.92,850.85
"1951-09-19",644.98,850.85
"1951-09-20",644.83,850.85
"1951-09-21",644.84,850.85
"1951-09-22",644.71,850.75
"1951-09-23",644.72,850.65
"1951-09-24",645.4,850.65
"1951-09-25",645.3,850.65
"1951-09-26",645.51,850.55
"1951-09-27",645.39,850.45
"1951-09-28",645.16,850.45
"1951-09-29",645.28,850.35
"1951-09-30",645.42,850.35
"1951-10-01",645.54,850.25
"1951-10-02",645.19,850.25
"1951-10-03",644.76,850.25
"1951-10-04",644.52,850.15
"1951-10-05",644.14,850.15
"1951-10-06",643.97,850.05
"1951-10-07",644.06,
"1951-10-08",644.63,
"1951-10-09",644.25,
"1951-10-10",643.97,
"1951-10-11",643.87,
"1951-10-12",643.83,
"1951-10-13",643.77,
"1951-10-14",643.96,
"1951-10-15",644.19,
"1951-10-16",643.84,
"1951-10-17",643.68,
"1951-10-18",643.47,
"1951-10-19",643.34,
"1951-10-20",643.65,
"1951-10-21",643.76,
"1951-10-22",643.91,
"1951-10-23",643.56,849.35
"1951-10-24",644.14,849.45
"1951-10-25",644.59,849.35
"1951-10-26",644.93,849.55
"1951-10-27",645.28,849.55
"1951-10-28",645.5,849.65
"1951-10-29",644.95,849.65
"1951-10-30",645.8,849.65
"1951-10-31",645.65,849.75
"1951-11-01",645.61,849.75
"1951-11-02",645.51,849.75
"1951-11-03",645.64,849.75
"1951-11-04",645.96,849.75
"1951-11-05",646.38,849.75
"1951-11-06",645.87,849.75
"1951-11-07",645.67,849.75
"1951-11-08",645.63,849.65
"1951-11-09",645.57,849.65
"1951-11-10",645.43,849.55
"1951-11-11",645.51,849.55
"1951-11-12",646.06,849.55
"1951-11-13",645.94,849.45
"1951-11-14",645.3,849.35
"1951-11-15",645.25,849.25
"1951-11-16",644.75,849.25
"1951-11-17",644.89,849.15
"1951-11-18",645.23,849.15
"1951-11-19",645.8,849.15
"1951-11-20",645.73,849.05
"1951-11-21",645.78,849.05
"1951-11-22",645.98,848.95
"1951-11-23",646.28,848.95
"1951-11-24",645.89,848.95
"1951-11-25",646.05,848.85
"1951-11-26",646.28,848.85
"1951-11-27",646.4,848.75
"1951-11-28",646.35,848.75
"1951-11-29",646.32,848.65
"1951-11-30",646.35,848.65
"1951-12-01",646.43,848.55
"1951-12-02",646.63,848.55
"1951-12-03",646.75,848.55
"1951-12-04",646.48,848.45
"1951-12-05",646.48,848.35
"1951-12-06",646.45,848.35
"1951-12-07",646.08,848.25
"1951-12-08",646.25,848.15
"1951-12-09",646.1,848.05
"1951-12-10",646.3,848.05
"1951-12-11",646.43,848.05
"1951-12-12",646.37,848.05
"1951-12-13",646.22,847.95
"1951-12-14",646.16,847.95
"1951-12-15",645.76,847.85
"1951-12-16",645.79,847.95
"1951-12-17",646.33,847.95
"1951-12-18",646.27,847.85
"1951-12-19",646.4,847.85
"1951-12-20",646.5,847.75
"1951-12-21",645.62,847.35
"1951-12-22",645.73,847.25
"1951-12-23",646.15,847.25
"1951-12-24",646.31,847.15
"1951-12-25",646.43,847.15
"1951-12-26",646.49,847.15
"1951-12-27",646.08,847.05
"1951-12-28",646.24,846.95
"1951-12-29",646.21,846.85
"1951-12-30",646.18,846.85
"1951-12-31",646.23,846.85
"1952-01-01",645.89,846.75
"1952-01-02",645.9,846.75
"1952-01-03",645.94,846.85
"1952-01-04",646.18,846.75
"1952-01-05",646.11,846.75
"1952-01-06",646.11,846.75
"1952-01-07",646.38,846.65
"1952-01-08",646.17,846.65
"1952-01-09",645.87,846.65
"1952-01-10",645.29,846.65
"1952-01-11",645.26,846.55
"1952-01-12",645.51,846.45
"1952-01-13",645.5,846.35
"1952-01-14",645.84,846.35
"1952-01-15",645.51,846.25
"1952-01-16",645.51,846.25
"1952-01-17",645.36,846.15
"1952-01-18",645.26,
"1952-01-19",645.24,
"1952-01-20",645.23,844.55
"1952-01-21",645.31,
"1952-01-22",645.26,
"1952-01-23",644.96,
"1952-01-24",644.87,
"1952-01-25",644.93,
"1952-01-26",644.96,
"1952-01-27",644.83,
"1952-01-28",645.45,
"1952-01-29",645.32,
"1952-01-30",645.2,
"1952-01-31",645.03,
"1952-02-01",644.92,
"1952-02-02",644.84,
"1952-02-03",645.11,
"1952-02-04",645.17,
"1952-02-05",644.83,
"1952-02-06",644.26,
"1952-02-07",644.22,
"1952-02-08",644.19,
"1952-02-09",644.01,
"1952-02-10",643.94,
"1952-02-11",644.28,
"1952-02-12",643.88,
"1952-02-13",643.81,
"1952-02-14",643.62,
"1952-02-15",643.55,
"1952-02-16",644.43,
"1952-02-17",644.6,
"1952-02-18",644.79,
"1952-02-19",644.46,
"1952-02-20",644.11,
"1952-02-21",643.88,
"1952-02-22",644.46,842.71
"1952-02-23",645.01,
"1952-02-24",645.41,
"1952-02-25",645.57,
"1952-02-26",645.26,
"1952-02-27",645.44,
"1952-02-28",645.63,
"1952-02-29",645.65,
"1952-03-01",645.37,
"1952-03-02",645.81,
"1952-03-03",646.04,
"1952-03-04",645.36,
"1952-03-05",645.3,
"1952-03-06",645.36,
"1952-03-07",645.03,
"1952-03-08",644.97,
"1952-03-09",644.96,
"1952-03-10",645.55,
"1952-03-11",645.3,
"1952-03-12",645.34,
"1952-03-13",644.92,
"1952-03-14",644.73,
"1952-03-15",644.53,
"1952-03-16",644.65,
"1952-03-17",644.93,
"1952-03-18",644.91,
"1952-03-19",644.38,
"1952-03-20",643.68,
"1952-03-21",643.35,
"1952-03-22",642.97,
"1952-03-23",643.44,
"1952-03-24",643.87,842.75
"1952-03-25",643.64,
"1952-03-26",643.25,
"1952-03-27",643.64,
"1952-03-28",644.21,
"1952-03-29",644.97,
"1952-03-30",645.22,
"1952-03-31",645.35,
"1952-04-01",645.24,
"1952-04-02",644.87,
"1952-04-03",644.83,
"1952-04-04",644.79,
"1952-04-05",644.55,
"1952-04-06",644.38,
"1952-04-07",644.49,
"1952-04-08",644.06,
"1952-04-09",643.71,
"1952-04-10",644.44,
"1952-04-11",644.94,
"1952-04-12",645.45,
"1952-04-13",645.43,
"1952-04-14",645.66,
"1952-04-15",645.37,
"1952-04-16",645.09,
"1952-04-17",644.77,
"1952-04-18",644.78,
"1952-04-19",644.78,
"1952-04-20",645.46,
"1952-04-21",646.04,
"1952-04-22",645.94,
"1952-04-23",646.11,
"1952-04-24",646.06,
"1952-04-25",646.03,841.95
"1952-04-26",646.14,
"1952-04-27",646,
"1952-04-28",645.99,
"1952-04-29",645.64,
"1952-04-30",645.42,
"1952-05-01",644.86,
"1952-05-02",645.12,
"1952-05-03",645.1,
"1952-05-04",644.93,
"1952-05-05",644.91,
"1952-05-06",644.19,
"1952-05-07",643.64,
"1952-05-08",643.25,
"1952-05-09",642.91,
"1952-05-10",642.64,
"1952-05-11",642.96,
"1952-05-12",643.2,
"1952-05-13",642.32,
"1952-05-14",641.83,
"1952-05-15",641.46,
"1952-05-16",641.16,
"1952-05-17",641.03,
"1952-05-18",642.48,
"1952-05-19",642.99,
"1952-05-20",642.96,
"1952-05-21",642.71,
"1952-05-22",642.2,
"1952-05-23",641.49,
"1952-05-24",641.39,
"1952-05-25",642.79,
"1952-05-26",643.16,841.15
"1952-05-27",642.5,
"1952-05-28",643.03,
"1952-05-29",643.58,
"1952-05-30",643.95,
"1952-05-31",644.17,
"1952-06-01",643.99,
"1952-06-02",643.99,
"1952-06-03",643.56,
"1952-06-04",642.96,
"1952-06-05",642.72,
"1952-06-06",643.06,
"1952-06-07",643.27,
"1952-06-08",643.57,
"1952-06-09",643.75,
"1952-06-10",642.85,
"1952-06-11",642.85,
"1952-06-12",643.32,
"1952-06-13",643.09,
"1952-06-14",642.66,
"1952-06-15",642.47,
"1952-06-16",642.39,
"1952-06-17",641.53,
"1952-06-18",640.83,
"1952-06-19",640.32,
"1952-06-20",640.02,
"1952-06-21",639.86,
"1952-06-22",640.09,
"1952-06-23",640.33,
"1952-06-24",639.86,838.15
"1952-06-25",639.3,
"1952-06-26",638.87,
"1952-06-27",638.77,
"1952-06-28",639.65,
"1952-06-29",640.66,
"1952-06-30",640.85,
"1952-07-01",641.06,
"1952-07-02",640.57,
"1952-07-03",640.12,
"1952-07-04",639.78,
"1952-07-05",640.19,
"1952-07-06",640.06,
"1952-07-07",639.66,
"1952-07-08",639.09,
"1952-07-09",638.79,
"1952-07-10",638.61,
"1952-07-11",638.34,
"1952-07-12",638.24,
"1952-07-13",638.53,
"1952-07-14",638.28,
"1952-07-15",637.73,
"1952-07-16",637.27,
"1952-07-17",637.09,
"1952-07-18",639.06,
"1952-07-19",639.84,
"1952-07-20",640.61,
"1952-07-21",640.79,
"1952-07-22",640.39,
"1952-07-23",640.19,
"1952-07-24",639.85,
"1952-07-25",639.41,
"1952-07-26",639.09,840.45
"1952-07-27",639.16,
"1952-07-28",639.14,
"1952-07-29",638.48,
"1952-07-30",637.91,
"1952-07-31",637.54,
"1952-08-01",637.88,
"1952-08-02",637.76,
"1952-08-03",637.93,
"1952-08-04",637.89,
"1952-08-05",637.22,
"1952-08-06",636.67,
"1952-08-07",636.39,
"1952-08-08",636.15,
"1952-08-09",636,
"1952-08-10",636.02,
"1952-08-11",636.08,
"1952-08-12",635.24,
"1952-08-13",634.74,
"1952-08-14",634.49,
"1952-08-15",634.42,
"1952-08-16",634.77,
"1952-08-17",635.25,
"1952-08-18",635.15,
"1952-08-19",634.39,
"1952-08-20",634.08,
"1952-08-21",634.16,
"1952-08-22",634.3,838.35
"1952-08-23",634.35,
"1952-08-24",634.6,
"1952-08-25",634.56,
"1952-08-26",634.14,
"1952-08-27",633.66,
"1952-08-28",633.44,
"1952-08-29",633.6,
"1952-08-30",633.95,
"1952-08-31",634.3,
"1952-09-01",634.46,
"1952-09-02",634.15,
"1952-09-03",633.99,
"1952-09-04",634.18,
"1952-09-05",634.13,
"1952-09-06",634.28,
"1952-09-07",634.46,
"1952-09-08",634.51,
"1952-09-09",634.87,
"1952-09-10",636.73,
"1952-09-11",639.55,
"1952-09-12",640.52,
"1952-09-13",641.38,
"1952-09-14",642.05,
"1952-09-15",642.46,
"1952-09-16",642.5,
"1952-09-17",642.62,
"1952-09-18",642.67,
"1952-09-19",643.16,
"1952-09-20",643.46,
"1952-09-21",643.74,
"1952-09-22",643.82,
"1952-09-23",643.64,
"1952-09-24",643.6,
"1952-09-25",643.46,837.65
"1952-09-26",643.23,
"1952-09-27",643.11,
"1952-09-28",643.06,
"1952-09-29",642.99,
"1952-09-30",642.71,837.49
"1952-10-01",642.51,837.55
"1952-10-02",642.2,837.35
"1952-10-03",642.01,837.25
"1952-10-04",641.9,837.25
"1952-10-05",642.01,837.15
"1952-10-06",642.23,837.15
"1952-10-07",642.18,837.25
"1952-10-08",642.37,837.05
"1952-10-09",642.2,836.95
"1952-10-10",641.97,836.85
"1952-10-11",641.97,836.75
"1952-10-12",642.12,836.65
"1952-10-13",642.26,836.75
"1952-10-14",641.89,836.55
"1952-10-15",641.77,836.55
"1952-10-16",641.93,836.45
"1952-10-17",641.91,836.35
"1952-10-18",641.92,836.35
"1952-10-19",641.85,836.55
"1952-10-20",642.12,836.55
"1952-10-21",641.66,836.55
"1952-10-22",641.73,836.55
"1952-10-23",641.63,836.55
"1952-10-24",641.42,836.45
"1952-10-25",641.34,836.3
"1952-10-26",641.4,836.3
"1952-10-27",641.73,836.25
"1952-10-28",641.21,836.15
"1952-10-29",641.4,836.15
"1952-10-30",641.46,836.15
"1952-10-31",641.35,836.05
"1952-11-01",641.32,835.95
"1952-11-02",641.43,835.85
"1952-11-03",641.49,835.85
"1952-11-04",641.22,835.65
"1952-11-05",641.42,835.65
"1952-11-06",641.51,835.55
"1952-11-07",641.3,835.65
"1952-11-08",641.52,835.65
"1952-11-09",640.8,835.75
"1952-11-10",642.37,835.75
"1952-11-11",642.5,835.75
"1952-11-12",642.64,835.85
"1952-11-13",642.64,835.85
"1952-11-14",642.68,835.95
"1952-11-15",642.7,835.95
"1952-11-16",642.75,835.85
"1952-11-17",643.06,835.75
"1952-11-18",642.87,835.85
"1952-11-19",643.07,835.85
"1952-11-20",643.2,835.75
"1952-11-21",643.34,835.65
"1952-11-22",643.45,835.65
"1952-11-23",643.63,835.85
"1952-11-24",644.18,835.85
"1952-11-25",644.2,835.85
"1952-11-26",643.93,835.85
"1952-11-27",644.54,835.85
"1952-11-28",644.42,835.95
"1952-11-29",645.81,835.95
"1952-11-30",646.89,836.05
"1952-12-01",647.53,836.05
"1952-12-02",647.64,836.05
"1952-12-03",647.46,836.05
"1952-12-04",647.32,836.15
"1952-12-05",647.01,836.05
"1952-12-06",647.04,836.05
"1952-12-07",647.14,836.15
"1952-12-08",647.24,836.15
"1952-12-09",647.26,836.15
"1952-12-10",647.07,836.05
"1952-12-11",647.14,835.95
"1952-12-12",647.12,835.85
"1952-12-13",647.09,835.85
"1952-12-14",647.14,835.85
"1952-12-15",647.27,835.85
"1952-12-16",647.13,835.75
"1952-12-17",647.15,835.75
"1952-12-18",647.09,835.65
"1952-12-19",647.12,835.75
"1952-12-20",647.33,835.65
"1952-12-21",647.94,835.55
"1952-12-22",648.24,835.55
"1952-12-23",648.08,835.35
"1952-12-24",648.13,835.35
"1952-12-25",648.28,835.25
"1952-12-26",648.56,835.15
"1952-12-27",648.5,835.05
"1952-12-28",648.68,835.05
"1952-12-29",648.8,835.05
"1952-12-30",649.68,835.06
"1952-12-31",650.49,835.15
"1953-01-01",651.02,835.15
"1953-01-02",651.34,835.15
"1953-01-03",651.24,835.25
"1953-01-04",651.4,835.15
"1953-01-05",651.52,835.15
"1953-01-06",651.29,835.15
"1953-01-07",651.15,835.05
"1953-01-08",651.01,835.05
"1953-01-09",650.75,834.95
"1953-01-10",650.69,834.95
"1953-01-11",650.56,834.95
"1953-01-12",650.69,834.85
"1953-01-13",650.51,834.8
"1953-01-14",650.42,834.7
"1953-01-15",650.33,832.64
"1953-01-16",649.95,834.54
"1953-01-17",649.84,834.59
"1953-01-18",650.21,834.62
"1953-01-19",650.44,834.64
"1953-01-20",650.18,834.39
"1953-01-21",649.88,834.31
"1953-01-22",649.91,834.25
"1953-01-23",649.66,834.05
"1953-01-24",649.48,834.08
"1953-01-25",649.35,834.12
"1953-01-26",649.55,834.05
"1953-01-27",649.18,833.97
"1953-01-28",649,833.85
"1953-01-29",648.89,833.8
"1953-01-30",648.8,833.85
"1953-01-31",648.64,833.78
"1953-02-01",648.89,833.65
"1953-02-02",649.02,833.65
"1953-02-03",648.64,833.55
"1953-02-04",648.27,833.45
"1953-02-05",648.21,833.35
"1953-02-06",648.02,833.25
"1953-02-07",647.99,833.15
"1953-02-08",647.94,833.15
"1953-02-09",648.12,833.15
"1953-02-10",647.88,833.05
"1953-02-11",647.78,832.95
"1953-02-12",647.98,832.95
"1953-02-13",647.75,832.95
"1953-02-14",647.93,832.95
"1953-02-15",648.08,832.95
"1953-02-16",648.34,832.95
"1953-02-17",647.71,832.75
"1953-02-18",647.76,832.75
"1953-02-19",648.01,832.65
"1953-02-20",647.88,832.55
"1953-02-21",647.48,832.45
"1953-02-22",647.56,832.35
"1953-02-23",647.84,832.45
"1953-02-24",647.93,832.45
"1953-02-25",648,832.45
"1953-02-26",647.86,832.35
"1953-02-27",647.71,832.25
"1953-02-28",647.52,832.15
"1953-03-01",647.71,832.05
"1953-03-02",647.69,831.95
"1953-03-03",647.56,831.85
"1953-03-04",646.8,831.65
"1953-03-05",646.7,831.65
"1953-03-06",646.5,831.65
"1953-03-07",646.24,831.45
"1953-03-08",646.43,831.45
"1953-03-09",645.89,831.55
"1953-03-10",646.83,831.65
"1953-03-11",646.91,831.75
"1953-03-12",646.86,831.75
"1953-03-13",646.84,831.65
"1953-03-14",646.93,831.65
"1953-03-15",646.91,831.55
"1953-03-16",647.04,831.55
"1953-03-17",646.99,831.55
"1953-03-18",646.63,831.55
"1953-03-19",646.19,831.45
"1953-03-20",645.84,831.35
"1953-03-21",645.67,831.25
"1953-03-22",645.62,831.15
"1953-03-23",645.66,831.05
"1953-03-24",644.98,830.85
"1953-03-25",644.44,830.65
"1953-03-26",644.19,830.51
"1953-03-27",644.73,830.55
"1953-03-28",644.49,830.45
"1953-03-29",644.35,830.35
"1953-03-30",644.69,830.35
"1953-03-31",644.14,830.15
"1953-04-01",643.63,829.95
"1953-04-02",644.18,830.35
"1953-04-03",644.8,830.35
"1953-04-04",645.05,830.25
"1953-04-05",645.29,830.35
"1953-04-06",645.92,830.35
"1953-04-07",645.21,830.25
"1953-04-08",644.98,829.95
"1953-04-09",645.28,829.65
"1953-04-10",643.92,829.55
"1953-04-11",643.93,829.45
"1953-04-12",644.29,829.25
"1953-04-13",644.78,829.05
"1953-04-14",644.69,828.95
"1953-04-15",644.83,828.85
"1953-04-16",644.43,828.75
"1953-04-17",644.35,828.75
"1953-04-18",644.18,828.75
"1953-04-19",644.08,828.65
"1953-04-20",644.28,828.75
"1953-04-21",644.08,828.55
"1953-04-22",643.19,828.45
"1953-04-23",643.07,828.35
"1953-04-24",643.33,828.35
"1953-04-25",644.06,828.05
"1953-04-26",643.66,828.05
"1953-04-27",644.06,828.05
"1953-04-28",643.75,827.85
"1953-04-29",644.42,827.75
"1953-04-30",644.1,827.75
"1953-05-01",642.99,827.45
"1953-05-02",642.37,827.35
"1953-05-03",641.99,827.25
"1953-05-04",642.54,827.55
"1953-05-05",642.9,827.55
"1953-05-06",642.57,827.55
"1953-05-07",641.97,827.45
"1953-05-08",641.47,827.25
"1953-05-09",641.15,827.15
"1953-05-10",641.54,827.05
"1953-05-11",641.88,826.95
"1953-05-12",641.45,826.85
"1953-05-13",641.81,826.85
"1953-05-14",642.69,826.95
"1953-05-15",643.23,826.85
"1953-05-16",643.54,826.85
"1953-05-17",643.64,826.75
"1953-05-18",643.75,826.75
"1953-05-19",643.41,826.55
"1953-05-20",642.96,826.35
"1953-05-21",642.3,826.05
"1953-05-22",641.79,825.95
"1953-05-23",641.38,825.85
"1953-05-24",640.97,825.65
"1953-05-25",640.95,825.75
"1953-05-26",640.19,825.35
"1953-05-27",639.58,825.15
"1953-05-28",639.36,825.05
"1953-05-29",639.06,824.95
"1953-05-30",638.93,824.85
"1953-05-31",638.93,824.95
"1953-06-01",638.93,824.95
"1953-06-02",638.49,824.55
"1953-06-03",637.88,824.45
"1953-06-04",637.54,823.95
"1953-06-05",637.28,824.05
"1953-06-06",637.12,823.95
"1953-06-07",637.53,824.05
"1953-06-08",637.53,824.15
"1953-06-09",636.7,823.95
"1953-06-10",636.13,823.65
"1953-06-11",635.83,823.45
"1953-06-12",635.65,823.35
"1953-06-13",636.44,823.15
"1953-06-14",636.5,822.95
"1953-06-15",636.28,822.75
"1953-06-16",635.68,822.55
"1953-06-17",635.13,822.25
"1953-06-18",635.07,822.15
"1953-06-19",634.57,821.95
"1953-06-20",634.5,821.85
"1953-06-21",634.66,821.65
"1953-06-22",634.84,821.55
"1953-06-23",634.28,821.45
"1953-06-24",633.92,821.55
"1953-06-25",633.44,821.45
"1953-06-26",633.32,821.35
"1953-06-27",633.5,821.35
"1953-06-28",633.79,821.35
"1953-06-29",635.9,821.65
"1953-06-30",636.13,821.75
"1953-07-01",636.91,821.95
"1953-07-02",637.3,821.85
"1953-07-03",637.32,821.75
"1953-07-04",637.38,821.55
"1953-07-05",637.69,821.55
"1953-07-06",637.57,821.45
"1953-07-07",636.93,821.22
"1953-07-08",636.25,821.05
"1953-07-09",635.6,820.85
"1953-07-10",635.28,820.85
"1953-07-11",635.15,820.75
"1953-07-12",635.66,820.65
"1953-07-13",635.6,820.73
"1953-07-14",634.66,820.65
"1953-07-15",635.08,820.45
"1953-07-16",635.05,820.45
"1953-07-17",634.66,820.35
"1953-07-18",634.34,820.35
"1953-07-19",634.75,820.15
"1953-07-20",634.66,820.15
"1953-07-21",634.06,819.95
"1953-07-22",633.57,819.85
"1953-07-23",633.33,819.75
"1953-07-24",633.42,819.65
"1953-07-25",633.35,819.65
"1953-07-26",634.39,819.65
"1953-07-27",634.12,819.45
"1953-07-28",633.47,819.35
"1953-07-29",633.17,819.25
"1953-07-30",632.96,819.05
"1953-07-31",632.65,818.95
"1953-08-01",632.72,818.85
"1953-08-02",633.11,818.85
"1953-08-03",633.29,818.85
"1953-08-04",632.48,818.75
"1953-08-05",632.05,818.65
"1953-08-06",631.83,818.55
"1953-08-07",631.51,818.45
"1953-08-08",631.35,818.35
"1953-08-09",631.71,818.45
"1953-08-10",631.61,818.45
"1953-08-11",631.13,818.45
"1953-08-12",630.81,818.25
"1953-08-13",630.74,818.15
"1953-08-14",630.68,818.15
"1953-08-15",630.53,818.05
"1953-08-16",631.53,817.95
"1953-08-17",631.67,818.05
"1953-08-18",631.09,817.85
"1953-08-19",631.11,817.75
"1953-08-20",631.64,817.85
"1953-08-21",633,817.95
"1953-08-22",633.59,817.95
"1953-08-23",634.01,817.95
"1953-08-24",634.08,818.15
"1953-08-25",634.84,818.35
"1953-08-26",635.26,818.45
"1953-08-27",636.02,818.55
"1953-08-28",636.64,818.65
"1953-08-29",637.49,818.75
"1953-08-30",638.31,818.75
"1953-08-31",639.06,819.15
"1953-09-01",639.74,819.95
"1953-09-02",641.41,821.05
"1953-09-03",642.21,821.95
"1953-09-04",644.16,822.85
"1953-09-05",645.41,823.75
"1953-09-06",646.41,824.55
"1953-09-07",646.98,824.85
"1953-09-08",647.23,825.65
"1953-09-09",647.24,826.15
"1953-09-10",647.3,826.45
"1953-09-11",647.21,826.75
"1953-09-12",647.18,827.05
"1953-09-13",647.32,827.25
"1953-09-14",647.38,827.45
"1953-09-15",646.79,827.55
"1953-09-16",646.18,827.55
"1953-09-17",645.94,827.75
"1953-09-18",645.72,827.95
"1953-09-19",645.87,828.05
"1953-09-20",645.69,828.15
"1953-09-21",645.53,828.25
"1953-09-22",644.72,828.25
"1953-09-23",644.43,828.25
"1953-09-24",644.25,828.35
"1953-09-25",643.93,828.45
"1953-09-26",643.9,828.75
"1953-09-27",643.94,828.85
"1953-09-28",643.79,828.85
"1953-09-29",643.12,828.75
"1953-09-30",642.7,828.75
"1953-10-01",642.51,828.75
"1953-10-02",642.35,828.65
"1953-10-03",643.2,828.75
"1953-10-04",643.96,829.05
"1953-10-05",644.53,829.35
"1953-10-06",644.72,829.65
"1953-10-07",644.7,829.85
"1953-10-08",644.72,829.95
"1953-10-09",644.55,830.05
"1953-10-10",644.36,830.25
"1953-10-11",644.37,830.45
"1953-10-12",644.48,830.45
"1953-10-13",643.8,830.55
"1953-10-14",643.54,830.62
"1953-10-15",643.5,830.65
"1953-10-16",643.07,830.75
"1953-10-17",643.16,830.75
"1953-10-18",643.21,830.75
"1953-10-19",643.6,830.85
"1953-10-20",643.16,830.75
"1953-10-21",643.17,830.75
"1953-10-22",643.02,830.85
"1953-10-23",643.11,830.85
"1953-10-24",643.66,831.05
"1953-10-25",644.36,831.35
"1953-10-26",644.72,831.45
"1953-10-27",644.61,831.45
"1953-10-28",644.78,831.65
"1953-10-29",644.89,831.75
"1953-10-30",645.02,831.95
"1953-10-31",645.16,831.95
"1953-11-01",645.59,832.15
"1953-11-02",645.89,832.15
"1953-11-03",645.83,832.25
"1953-11-04",646.05,832.35
"1953-11-05",645.98,832.35
"1953-11-06",646.12,832.55
"1953-11-07",646.31,832.55
"1953-11-08",646.28,832.55
"1953-11-09",646.41,832.45
"1953-11-10",646.23,832.35
"1953-11-11",646.21,832.45
"1953-11-12",646.14,832.25
"1953-11-13",645.98,832.15
"1953-11-14",645.93,832.15
"1953-11-15",646.1,832.15
"1953-11-16",646.32,832.05
"1953-11-17",646.18,831.95
"1953-11-18",646.12,831.95
"1953-11-19",646.18,831.95
"1953-11-20",646.01,831.95
"1953-11-21",645.96,831.95
"1953-11-22",646.06,832.05
"1953-11-23",646.23,832.05
"1953-11-24",645.96,832.05
"1953-11-25",645.57,831.85
"1953-11-26",645.24,831.85
"1953-11-27",645.61,831.85
"1953-11-28",645.2,831.85
"1953-11-29",645.52,831.95
"1953-11-30",645.84,831.75
"1953-12-01",645.75,831.85
"1953-12-02",646.2,831.95
"1953-12-03",646.41,832.05
"1953-12-04",646.32,832.05
"1953-12-05",646.56,832.05
"1953-12-06",646.39,832.05
"1953-12-07",646.61,831.95
"1953-12-08",646.63,832.05
"1953-12-09",646.32,831.85
"1953-12-10",646.13,831.85
"1953-12-11",646.43,831.85
"1953-12-12",646.48,831.85
"1953-12-13",646.81,831.95
"1953-12-14",646.81,831.95
"1953-12-15",646.67,831.95
"1953-12-16",646.71,831.95
"1953-12-17",646.64,831.95
"1953-12-18",646.63,831.95
"1953-12-19",646.85,831.95
"1953-12-20",647.19,832.05
"1953-12-21",647.4,832.15
"1953-12-22",646.92,832.05
"1953-12-23",646.11,831.95
"1953-12-24",,831.95
"1953-12-25",,832.15
"1953-12-26",,832.15
"1953-12-27",,832.25
"1953-12-28",,832.25
"1953-12-29",,832.25
"1953-12-30",,832.25
"1953-12-31",,832.15
"1954-01-01",,832.15
"1954-01-02",,832.15
"1954-01-03",,832.15
"1954-01-04",,832.15
"1954-01-05",,832.05
"1954-01-06",,832.15
"1954-01-07",,832.05
"1954-01-08",,832.05
"1954-01-09",,831.95
"1954-01-10",,831.75
"1954-01-11",,831.65
"1954-01-12",,831.65
"1954-01-13",,831.75
"1954-01-14",,831.85
"1954-01-15",,831.95
"1954-01-16",,831.85
"1954-01-17",,831.75
"1954-01-18",646.34,831.75
"1954-01-19",646.19,831.65
"1954-01-20",646.02,831.75
"1954-01-21",645.48,831.65
"1954-01-22",645.27,831.65
"1954-01-23",646.38,831.65
"1954-01-24",645.68,831.65
"1954-01-25",645.76,831.65
"1954-01-26",645.58,831.55
"1954-01-27",645.27,831.55
"1954-01-28",645.37,831.55
"1954-01-29",645.39,831.55
"1954-01-30",645.2,831.55
"1954-01-31",645.54,831.55
"1954-02-01",645.26,831.55
"1954-02-02",645,831.45
"1954-02-03",644.9,831.45
"1954-02-04",644.48,831.45
"1954-02-05",644.18,831.35
"1954-02-06",644.12,831.21
"1954-02-07",644.21,831.15
"1954-02-08",644.51,831.15
"1954-02-09",644.16,831.15
"1954-02-10",644.01,830.95
"1954-02-11",643.58,830.85
"1954-02-12",643.22,830.65
"1954-02-13",643.4,830.65
"1954-02-14",643.87,830.55
"1954-02-15",644.03,830.55
"1954-02-16",643.46,830.25
"1954-02-17",643.18,829.95
"1954-02-18",643.05,829.95
"1954-02-19",643.53,830.05
"1954-02-20",643.19,829.85
"1954-02-21",642.95,829.85
"1954-02-22",643.04,829.85
"1954-02-23",642.47,829.75
"1954-02-24",642.47,829.65
"1954-02-25",642.21,829.55
"1954-02-26",641.74,829.45
"1954-02-27",641.59,829.35
"1954-02-28",641.43,829.25
"1954-03-01",642.06,829.25
"1954-03-02",641.75,829.25
"1954-03-03",641.26,829.15
"1954-03-04",641.52,829.05
"1954-03-05",641.74,829.15
"1954-03-06",642.18,829.05
"1954-03-07",641.98,828.95
"1954-03-08",641.96,828.85
"1954-03-09",641.13,829.75
"1954-03-10",640.88,828.65
"1954-03-11",640.33,828.55
"1954-03-12",640.02,828.45
"1954-03-13",639.78,828.35
"1954-03-14",640.46,828.15
"1954-03-15",640.58,828.15
"1954-03-16",640.12,828.05
"1954-03-17",640.36,828.15
"1954-03-18",640.71,828.15
"1954-03-19",640.16,827.95
"1954-03-20",639.61,827.75
"1954-03-21",639.56,827.75
"1954-03-22",639.83,827.65
"1954-03-23",639.73,827.45
"1954-03-24",639.69,827.15
"1954-03-25",639.08,827.15
"1954-03-26",638.57,826.95
"1954-03-27",638.76,826.85
"1954-03-28",638.59,826.75
"1954-03-29",638.84,826.65
"1954-03-30",637.99,826.55
"1954-03-31",637.84,826.45
"1954-04-01",638.18,826.25
"1954-04-02",638.26,826.05
"1954-04-03",637.45,826.05
"1954-04-04",637.96,826.15
"1954-04-05",637.96,826.15
"1954-04-06",637.41,826.05
"1954-04-07",636.98,825.95
"1954-04-08",636.6,825.75
"1954-04-09",637.93,825.75
"1954-04-10",638.51,825.95
"1954-04-11",639.03,825.95
"1954-04-12",639.26,826.05
"1954-04-13",638.6,825.95
"1954-04-14",638.58,826.05
"1954-04-15",639.19,826.15
"1954-04-16",639.02,826.25
"1954-04-17",639.04,826.35
"1954-04-18",638.89,826.25
"1954-04-19",639.08,826.25
"1954-04-20",638.02,826.25
"1954-04-21",637.41,825.85
"1954-04-22",637.1,825.75
"1954-04-23",636.88,825.55
"1954-04-24",636.88,825.65
"1954-04-25",636.77,825.55
"1954-04-26",637.18,825.45
"1954-04-27",636.54,825.35
"1954-04-28",637.24,825.15
"1954-04-29",638.19,825.35
"1954-04-30",638.34,825.25
"1954-05-01",638.82,825.35
"1954-05-02",639.16,825.25
"1954-05-03",639.37,825.15
"1954-05-04",639.26,825.05
"1954-05-05",638.93,824.85
"1954-05-06",638.56,824.65
"1954-05-07",638.11,824.65
"1954-05-08",637.46,824.45
"1954-05-09",637.38,824.35
"1954-05-10",637.72,824.35
"1954-05-11",636.92,824.25
"1954-05-12",637.39,824.35
"1954-05-13",638.14,824.25
"1954-05-14",638.19,823.95
"1954-05-15",637.95,823.85
"1954-05-16",638.06,823.65
"1954-05-17",638.21,823.45
"1954-05-18",637.31,823.35
"1954-05-19",637.01,823.25
"1954-05-20",637.23,823.15
"1954-05-21",637.4,823.15
"1954-05-22",637.37,823.25
"1954-05-23",637.59,823.35
"1954-05-24",637.99,824.05
"1954-05-25",638.41,825.15
"1954-05-26",638.78,825.95
"1954-05-27",638.88,826.25
"1954-05-28",638.43,826.45
"1954-05-29",638.09,826.75
"1954-05-30",637.68,827.05
"1954-05-31",637.84,827.55
"1954-06-01",636.78,827.85
"1954-06-02",636.34,828.15
"1954-06-03",635.44,828.25
"1954-06-04",635.34,828.55
"1954-06-05",635.18,828.85
"1954-06-06",635.24,829.05
"1954-06-07",635.49,829.25
"1954-06-08",634.34,829.35
"1954-06-09",633.77,829.45
"1954-06-10",633.36,829.55
"1954-06-11",633.11,829.45
"1954-06-12",632.89,829.45
"1954-06-13",633.06,829.25
"1954-06-14",633.48,829.45
"1954-06-15",632.76,829.65
"1954-06-16",633.03,829.75
"1954-06-17",632.41,829.95
"1954-06-18",632.11,830.15
"1954-06-19",632.37,830.25
"1954-06-20",633.16,830.34
"1954-06-21",633.96,830.5
"1954-06-22",633.32,830.33
"1954-06-23",632.66,830.44
"1954-06-24",632.14,830.36
"1954-06-25",632.18,830.35
"1954-06-26",634.03,830.75
"1954-06-27",635.14,831.35
"1954-06-28",635.74,831.55
"1954-06-29",635.78,831.75
"1954-06-30",635.69,832.15
"1954-07-01",635.3,832.35
"1954-07-02",634.96,832.55
"1954-07-03",634.96,832.75
"1954-07-04",635.49,832.95
"1954-07-05",635.59,833.35
"1954-07-06",634.91,833.55
"1954-07-07",634.41,833.75
"1954-07-08",633.78,833.95
"1954-07-09",633.16,834.05
"1954-07-10",632.93,834.25
"1954-07-11",632.79,834.45
"1954-07-12",633.06,834.55
"1954-07-13",632.64,834.45
"1954-07-14",632.53,834.55
"1954-07-15",632.16,834.65
"1954-07-16",631.43,834.75
"1954-07-17",631.21,834.75
"1954-07-18",631.39,834.95
"1954-07-19",631.76,835.15
"1954-07-20",630.81,835.15
"1954-07-21",630.44,835.25
"1954-07-22",629.92,835.25
"1954-07-23",629.78,835.35
"1954-07-24",629.64,835.35
"1954-07-25",630.02,835.45
"1954-07-26",630.36,835.55
"1954-07-27",629.23,835.65
"1954-07-28",628.57,835.95
"1954-07-29",628.41,835.55
"1954-07-30",628.44,835.45
"1954-07-31",629.19,835.25
"1954-08-01",631.14,834.95
"1954-08-02",632.21,834.75
"1954-08-03",631.46,834.75
"1954-08-04",,834.65
"1954-08-05",,834.85
"1954-08-06",630.06,834.95
"1954-08-07",629.98,834.95
"1954-08-08",629.78,834.85
"1954-08-09",630.16,834.95
"1954-08-10",628.91,834.85
"1954-08-11",628.2,834.95
"1954-08-12",628.13,834.95
"1954-08-13",628.09,835.05
"1954-08-14",628.09,835.05
"1954-08-15",628.38,834.95
"1954-08-16",629.16,835.05
"1954-08-17",628.56,835.05
"1954-08-18",,835.25
"1954-08-19",,835.15
"1954-08-20",,835.25
"1954-08-21",628.71,835.45
"1954-08-22",628.77,835.45
"1954-08-23",629.97,835.75
"1954-08-24",629.23,835.95
"1954-08-25",628.78,836.15
"1954-08-26",628.58,836.15
"1954-08-27",628.31,836.25
"1954-08-28",628.18,835.85
"1954-08-29",629.48,836.15
"1954-08-30",629.96,836.15
"1954-08-31",629.94,836.15
"1954-09-01",629.89,836.15
"1954-09-02",629.86,836.25
"1954-09-03",629.66,836.45
"1954-09-04",629.31,836.45
"1954-09-05",629.59,836.25
"1954-09-06",630.11,836.05
"1954-09-07",629.62,835.65
"1954-09-08",629.01,835.45
"1954-09-09",628.91,835.35
"1954-09-10",628.51,835.25
"1954-09-11",628.64,835.35
"1954-09-12",629.08,835.35
"1954-09-13",629.46,835.35
"1954-09-14",628.74,835.25
"1954-09-15",628.4,835.15
"1954-09-16",628.33,835.15
"1954-09-17",628.19,835.15
"1954-09-18",628.44,835.25
"1954-09-19",629.21,835.15
"1954-09-20",630.03,835.35
"1954-09-21",628.95,835.15
"1954-09-22",629.07,835.15
"1954-09-23",629.1,835.15
"1954-09-24",629.11,834.95
"1954-09-25",629.06,835.05
"1954-09-26",629.19,835.05
"1954-09-27",629.74,835.15
"1954-09-28",629.27,835.05
"1954-09-29",628.98,834.95
"1954-09-30",628.84,834.75
"1954-10-01",630.29,834.85
"1954-10-02",631.51,835.35
"1954-10-03",632.06,835.55
"1954-10-04",632.51,835.75
"1954-10-05",632.66,835.95
"1954-10-06",633.11,836.15
"1954-10-07",633.29,836.25
"1954-10-08",633.58,836.45
"1954-10-09",633.93,836.55
"1954-10-10",634.41,836.65
"1954-10-11",633.69,836.65
"1954-10-12",634.41,836.65
"1954-10-13",634.11,836.65
"1954-10-14",633.81,836.75
"1954-10-15",633.61,836.65
"1954-10-16",633.68,836.65
"1954-10-17",633.93,836.55
"1954-10-18",634.06,836.65
"1954-10-19",633.24,836.45
"1954-10-20",633.04,836.45
"1954-10-21",633.01,836.45
"1954-10-22",632.82,836.35
"1954-10-23",633.22,836.35
"1954-10-24",632.58,836.25
"1954-10-25",633.86,836.25
"1954-10-26",633.36,836.15
"1954-10-27",632.91,836.05
"1954-10-28",633.62,836.05
"1954-10-29",633.93,835.95
"1954-10-30",633.89,835.75
"1954-10-31",634.06,835.65
"1954-11-01",634.45,835.55
"1954-11-02",633.92,835.35
"1954-11-03",634.34,835.25
"1954-11-04",634.73,835.25
"1954-11-05",634.7,835.05
"1954-11-06",634.8,835.05
"1954-11-07",635.07,834.95
"1954-11-08",635.08,835.05
"1954-11-09",634.82,835.05
"1954-11-10",635.04,834.95
"1954-11-11",635.43,834.95
"1954-11-12",635.48,834.75
"1954-11-13",635.59,834.75
"1954-11-14",635.82,834.75
"1954-11-15",636.16,834.85
"1954-11-16",636.29,834.75
"1954-11-17",636.31,834.55
"1954-11-18",636.04,834.55
"1954-11-19",635.92,834.55
"1954-11-20",635.97,834.45
"1954-11-21",636.15,834.35
"1954-11-22",636.26,834.35
"1954-11-23",,834.25
"1954-11-24",635.69,834.15
"1954-11-25",,834.25
"1954-11-26",636.21,834.15
"1954-11-27",635.71,834.05
"1954-11-28",635.83,834.05
"1954-11-29",635.92,834.05
"1954-11-30",635.58,833.95
"1954-12-01",635.56,833.95
"1954-12-02",635.44,833.95
"1954-12-03",635.52,833.95
"1954-12-04",635.43,833.95
"1954-12-05",635.58,833.95
"1954-12-06",635.76,833.95
"1954-12-07",635.6,834.05
"1954-12-08",635.7,833.95
"1954-12-09",635.36,833.95
"1954-12-10",635.42,833.85
"1954-12-11",635.79,833.95
"1954-12-12",636.01,833.85
"1954-12-13",636.31,833.8
"1954-12-14",636.22,833.65
"1954-12-15",636.08,833.65
"1954-12-16",636.14,833.65
"1954-12-17",635.79,833.65
"1954-12-18",,833.65
"1954-12-19",,833.55
"1954-12-20",636.21,833.45
"1954-12-21",636.33,833.55
"1954-12-22",635.96,833.25
"1954-12-23",635.71,833.35
"1954-12-24",635.78,833.15
"1954-12-25",635.98,833.15
"1954-12-26",636.77,833.15
"1954-12-27",636.89,833.25
"1954-12-28",636.51,832.95
"1954-12-29",636.46,833.05
"1954-12-30",636.46,833.05
"1954-12-31",636.56,832.95
"1955-01-01",636.82,832.85
"1955-01-02",636.86,832.85
"1955-01-03",637.22,832.85
"1955-01-04",636.68,832.75
"1955-01-05",636.45,832.75
"1955-01-06",636.31,832.65
"1955-01-07",636.44,832.65
"1955-01-08",636.64,832.75
"1955-01-09",636.88,832.85
"1955-01-10",637.24,832.95
"1955-01-11",636.99,832.95
"1955-01-12",637.09,832.95
"1955-01-13",637.02,833.05
"1955-01-14",637.23,833.05
"1955-01-15",637.35,833.05
"1955-01-16",637.69,833.05
"1955-01-17",637.79,832.95
"1955-01-18",637.55,832.95
"1955-01-19",637.48,832.95
"1955-01-20",637.63,832.75
"1955-01-21",637.83,832.65
"1955-01-22",637.82,832.55
"1955-01-23",637.97,832.45
"1955-01-24",638.13,832.45
"1955-01-25",637.73,832.35
"1955-01-26",637.56,832.25
"1955-01-27",637.41,832.35
"1955-01-28",637.41,832.35
"1955-01-29",637.33,832.25
"1955-01-30",637.47,832.35
"1955-01-31",637.5,832.35
"1955-02-01",637.19,832.35
"1955-02-02",636.78,832.25
"1955-02-03",636.48,832.25
"1955-02-04",636.87,832.25
"1955-02-05",637.36,832.35
"1955-02-06",637.93,832.45
"1955-02-07",638.23,832.55
"1955-02-08",638.11,832.55
"1955-02-09",638.28,832.55
"1955-02-10",638.33,832.55
"1955-02-11",637.65,832.35
"1955-02-12",637.72,832.35
"1955-02-13",638.17,832.45
"1955-02-14",638.36,832.45
"1955-02-15",,832.45
"1955-02-16",,832.45
"1955-02-17",637.81,832.45
"1955-02-18",637.66,832.45
"1955-02-19",638.09,832.35
"1955-02-20",638.12,832.35
"1955-02-21",638.49,832.35
"1955-02-22",638.44,832.25
"1955-02-23",638.38,832.15
"1955-02-24",638.23,831.95
"1955-02-25",638.13,831.75
"1955-02-26",638.27,831.65
"1955-02-27",638.32,831.55
"1955-02-28",638.23,831.45
"1955-03-01",637.81,831.35
"1955-03-02",635.41,831.25
"1955-03-03",637.15,831.15
"1955-03-04",636.94,830.95
"1955-03-05",636.77,830.75
"1955-03-06",636.5,830.65
"1955-03-07",637.18,830.75
"1955-03-08",637.01,830.65
"1955-03-09",636.84,830.55
"1955-03-10",636.44,830.35
"1955-03-11",635.78,830.25
"1955-03-12",635.5,830.05
"1955-03-13",635.33,829.95
"1955-03-14",635.65,829.85
"1955-03-15",635.24,829.65
"1955-03-16",634.95,829.45
"1955-03-17",635.64,829.45
"1955-03-18",635.21,829.35
"1955-03-19",635.13,829.35
"1955-03-20",635.52,829.45
"1955-03-21",636.25,829.55
"1955-03-22",636.13,829.65
"1955-03-23",636.39,829.65
"1955-03-24",636.18,829.75
"1955-03-25",635.81,829.85
"1955-03-26",635.85,829.85
"1955-03-27",636.08,829.95
"1955-03-28",636.68,830.05
"1955-03-29",635.85,830.05
"1955-03-30",635.49,829.95
"1955-03-31",634.69,829.75
"1955-04-01",634.95,829.55
"1955-04-02",634.5,829.45
"1955-04-03",634.5,829.15
"1955-04-04",634.63,829.05
"1955-04-05",633.54,828.85
"1955-04-06",633.04,828.55
"1955-04-07",633.4,828.35
"1955-04-08",633.63,828.25
"1955-04-09",634.03,828.25
"1955-04-10",634.75,828.25
"1955-04-11",635.23,828.35
"1955-04-12",634.79,828.35
"1955-04-13",634.06,828.25
"1955-04-14",633.34,828.05
"1955-04-15",632.54,827.75
"1955-04-16",632.16,827.45
"1955-04-17",632.19,827.25
"1955-04-18",632.34,827.15
"1955-04-19",632.06,826.95
"1955-04-20",631.68,826.75
"1955-04-21",631.23,826.65
"1955-04-22",630.93,826.55
"1955-04-23",631.23,826.55
"1955-04-24",630.93,826.55
"1955-04-25",630.92,826.45
"1955-04-26",630.23,826.25
"1955-04-27",629.95,826.05
"1955-04-28",630.81,826.15
"1955-04-29",630.18,826.05
"1955-04-30",629.91,825.95
"1955-05-01",630.37,825.85
"1955-05-02",630.29,825.95
"1955-05-03",629.49,825.75
"1955-05-04",628.99,825.59
"1955-05-05",629.02,825.55
"1955-05-06",628.83,825.45
"1955-05-07",628.96,825.35
"1955-05-08",629.81,825.15
"1955-05-09",630.11,825.25
"1955-05-10",629.28,825.45
"1955-05-11",630.2,825.85
"1955-05-12",631.32,826.05
"1955-05-13",631.89,826.15
"1955-05-14",632.14,826.25
"1955-05-15",632.43,826.45
"1955-05-16",632.74,826.65
"1955-05-17",632.65,826.85
"1955-05-18",633.85,827.15
"1955-05-19",633.65,827.35
"1955-05-20",634.5,827.45
"1955-05-21",634.44,827.55
"1955-05-22",634.4,827.55
"1955-05-23",634.65,827.65
"1955-05-24",634.05,827.65
"1955-05-25",633.34,827.55
"1955-05-26",633,827.45
"1955-05-27",632.36,827.35
"1955-05-28",632.06,827.35
"1955-05-29",632.21,827.35
"1955-05-30",633.02,827.55
"1955-05-31",632.16,827.35
"1955-06-01",631.58,827.15
"1955-06-02",630.86,826.85
"1955-06-03",630.5,826.65
"1955-06-04",630.24,826.55
"1955-06-05",631.11,826.85
"1955-06-06",632.06,826.95
"1955-06-07",631.84,827.05
"1955-06-08",631.47,826.95
"1955-06-09",631.14,826.85
"1955-06-10",631.41,826.95
"1955-06-11",632.13,827.15
"1955-06-12",632.19,827.15
"1955-06-13",632.18,827.15
"1955-06-14",631.16,827.05
"1955-06-15",630.44,826.95
"1955-06-16",629.88,826.75
"1955-06-17",629.54,826.55
"1955-06-18",629.13,826.25
"1955-06-19",629.22,826.25
"1955-06-20",629.51,826.15
"1955-06-21",629.58,825.95
"1955-06-22",629.96,825.65
"1955-06-23",629.62,825.25
"1955-06-24",629.04,825.25
"1955-06-25",628.48,824.95
"1955-06-26",628.06,824.55
"1955-06-27",628.24,824.55
"1955-06-28",627.28,824.25
"1955-06-29",626.72,824.05
"1955-06-30",626.73,824.45
"1955-07-01",626.54,824.65
"1955-07-02",626.48,824.45
"1955-07-03",626.58,824.85
"1955-07-04",627.48,824.95
"1955-07-05",627.28,825.15
"1955-07-06",626.81,824.95
"1955-07-07",626.29,824.75
"1955-07-08",625.84,824.55
"1955-07-09",625.71,824.45
"1955-07-10",626.98,824.65
"1955-07-11",627.72,824.75
"1955-07-12",626.48,824.35
"1955-07-13",627.28,823.65
"1955-07-14",627.41,824.05
"1955-07-15",627.47,824.35
"1955-07-16",627.81,824.15
"1955-07-17",628.16,824.47
"1955-07-18",628.31,824.75
"1955-07-19",627.34,825.05
"1955-07-20",627.25,825.15
"1955-07-21",627.92,825.25
"1955-07-22",627.82,825.25
"1955-07-23",627.47,825.35
"1955-07-24",627.54,825.25
"1955-07-25",627.66,825.35
"1955-07-26",626.68,825.35
"1955-07-27",626.54,825.25
"1955-07-28",626.07,825.15
"1955-07-29",626.16,825.15
"1955-07-30",626.26,825.15
"1955-07-31",626.18,825.05
"1955-08-01",626.97,825.05
"1955-08-02",626.49,824.85
"1955-08-03",625.99,824.85
"1955-08-04",626.41,824.75
"1955-08-05",626.25,824.45
"1955-08-06",626.2,824.15
"1955-08-07",626.55,824.05
"1955-08-08",626.55,824.45
"1955-08-09",625.26,824.55
"1955-08-10",624.59,824.65
"1955-08-11",624.46,824.15
"1955-08-12",625.21,824.35
"1955-08-13",626.65,824.45
"1955-08-14",627.35,824.75
"1955-08-15",627.78,824.85
"1955-08-16",626.87,824.95
"1955-08-17",626.25,824.85
"1955-08-18",625.68,824.85
"1955-08-19",625.68,824.85
"1955-08-20",626.18,824.75
"1955-08-21",626.76,824.55
"1955-08-22",627.32,824.55
"1955-08-23",626.34,824.55
"1955-08-24",625.52,824.25
"1955-08-25",624.81,823.95
"1955-08-26",624.53,823.75
"1955-08-27",624.4,823.55
"1955-08-28",624.43,823.45
"1955-08-29",624.9,823.45
"1955-08-30",624.24,823.25
"1955-08-31",625.4,823.55
"1955-09-01",626.27,823.65
"1955-09-02",626.77,823.75
"1955-09-03",626.83,823.65
"1955-09-04",626.9,823.55
"1955-09-05",627.18,823.55
"1955-09-06",626.74,823.45
"1955-09-07",626.6,823.35
"1955-09-08",626.67,823.35
"1955-09-09",626.19,823.05
"1955-09-10",625.89,823.05
"1955-09-11",625.99,822.95
"1955-09-12",626.87,823.05
"1955-09-13",626.42,822.95
"1955-09-14",625.98,822.85
"1955-09-15",626.07,822.75
"1955-09-16",625.66,822.75
"1955-09-17",625.66,822.75
"1955-09-18",625.78,822.75
"1955-09-19",625.96,822.95
"1955-09-20",625.54,822.75
"1955-09-21",625.89,822.95
"1955-09-22",625.92,823.05
"1955-09-23",625.96,822.95
"1955-09-24",625.82,823.05
"1955-09-25",626.71,823.15
"1955-09-26",627.09,823.25
"1955-09-27",626.72,823.55
"1955-09-28",626.64,823.75
"1955-09-29",626.55,824.05
"1955-09-30",626.33,824.25
"1955-10-01",625.98,824.45
"1955-10-02",626.3,825.05
"1955-10-03",626.88,825.55
"1955-10-04",627.22,825.95
"1955-10-05",627.09,826.25
"1955-10-06",626.93,826.45
"1955-10-07",626.86,826.65
"1955-10-08",626.94,826.85
"1955-10-09",627.08,827.05
"1955-10-10",627.31,827.55
"1955-10-11",627.53,827.85
"1955-10-12",627.64,828.05
"1955-10-13",627.39,828.15
"1955-10-14",627.31,828.35
"1955-10-15",627.02,828.65
"1955-10-16",626.96,828.95
"1955-10-17",627.02,829.15
"1955-10-18",626.56,829.35
"1955-10-19",626.29,829.55
"1955-10-20",625.88,829.75
"1955-10-21",625.91,829.85
"1955-10-22",625.88,829.95
"1955-10-23",626.06,830.15
"1955-10-24",626.36,830.35
"1955-10-25",626.54,830.55
"1955-10-26",626.46,830.65
"1955-10-27",626.23,830.75
"1955-10-28",626.06,830.95
"1955-10-29",626.31,831.05
"1955-10-30",626.32,831.25
"1955-10-31",626.81,831.45
"1955-11-01",626.68,831.55
"1955-11-02",626.45,831.55
"1955-11-03",626.28,831.55
"1955-11-04",626.66,831.65
"1955-11-05",626.88,831.75
"1955-11-06",627.08,831.75
"1955-11-07",627.26,831.95
"1955-11-08",627.62,832.25
"1955-11-09",628.14,832.55
"1955-11-10",628.68,832.85
"1955-11-11",628.93,832.95
"1955-11-12",629.1,832.95
"1955-11-13",629.28,833.15
"1955-11-14",629.48,833.25
"1955-11-15",629.29,833.45
"1955-11-16",629.27,833.45
"1955-11-17",629.09,833.55
"1955-11-18",629.42,833.65
"1955-11-19",629.51,833.75
"1955-11-20",629.46,833.75
"1955-11-21",629.63,834.05
"1955-11-22",629.63,834.05
"1955-11-23",,833.85
"1955-11-24",629.47,833.75
"1955-11-25",629.96,833.75
"1955-11-26",630.31,833.65
"1955-11-27",630.13,833.75
"1955-11-28",629.88,833.75
"1955-11-29",630.2,833.65
"1955-11-30",629.8,833.85
"1955-12-01",630.39,833.95
"1955-12-02",630.46,834.15
"1955-12-03",630.71,834.25
"1955-12-04",630.73,834.25
"1955-12-05",631.08,834.25
"1955-12-06",630.71,834.25
"1955-12-07",630.94,834.25
"1955-12-08",630.55,834.15
"1955-12-09",630.58,834.15
"1955-12-10",630.73,834.15
"1955-12-11",630.75,834.05
"1955-12-12",631.19,834.05
"1955-12-13",630.97,834.15
"1955-12-14",630.71,834.15
"1955-12-15",630.37,834.05
"1955-12-16",630.39,834.15
"1955-12-17",630.68,834.25
"1955-12-18",630.69,834.15
"1955-12-19",630.63,834.05
"1955-12-20",630.41,834.05
"1955-12-21",630.41,834.05
"1955-12-22",630.56,834.05
"1955-12-23",630.74,834.15
"1955-12-24",630.69,833.95
"1955-12-25",630.83,833.95
"1955-12-26",631.33,833.95
"1955-12-27",630.92,833.85
"1955-12-28",630.69,833.75
"1955-12-29",630.52,833.75
"1955-12-30",630.39,833.75
"1955-12-31",630.53,833.85
"1956-01-01",630.93,833.95
"1956-01-02",631.37,833.95
"1956-01-03",630.82,833.95
"1956-01-04",630.46,833.85
"1956-01-05",630.49,833.75
"1956-01-06",630.29,833.65
"1956-01-07",629.99,833.55
"1956-01-08",630.11,833.75
"1956-01-09",630.7,833.75
"1956-01-10",630.31,833.75
"1956-01-11",630.14,833.75
"1956-01-12",630.02,833.65
"1956-01-13",629.88,833.55
"1956-01-14",630.02,833.55
"1956-01-15",630.23,833.55
"1956-01-16",630.27,833.55
"1956-01-17",629.99,833.55
"1956-01-18",629.99,833.45
"1956-01-19",630.43,833.45
"1956-01-20",630.72,833.55
"1956-01-21",631.04,833.65
"1956-01-22",631.21,833.65
"1956-01-23",631.56,833.75
"1956-01-24",631.46,833.85
"1956-01-25",631.38,833.85
"1956-01-26",631.38,833.85
"1956-01-27",631.39,833.85
"1956-01-28",631.46,833.85
"1956-01-29",631.64,833.95
"1956-01-30",631.48,833.95
"1956-01-31",631.38,833.95
"1956-02-01",631.62,834.05
"1956-02-02",631.8,834.05
"1956-02-03",631.57,834.05
"1956-02-04",631.76,834.15
"1956-02-05",631.91,834.15
"1956-02-06",632.22,834.15
"1956-02-07",631.72,834.15
"1956-02-08",631.81,834.15
"1956-02-09",631.69,833.95
"1956-02-10",631.85,833.95
"1956-02-11",631.9,833.95
"1956-02-12",632.04,833.95
"1956-02-13",632.02,833.75
"1956-02-14",631.74,833.45
"1956-02-15",631.32,833.35
"1956-02-16",631.14,833.35
"1956-02-17",630.99,833.25
"1956-02-18",630.68,832.95
"1956-02-19",630.69,832.65
"1956-02-20",630.75,832.75
"1956-02-21",630.38,832.65
"1956-02-22",630.3,832.65
"1956-02-23",630.86,832.75
"1956-02-24",631.01,832.75
"1956-02-25",630.56,832.75
"1956-02-26",630.6,832.65
"1956-02-27",630.67,832.65
"1956-02-28",629.84,832.45
"1956-02-29",629.26,832.25
"1956-03-01",629.38,832.15
"1956-03-02",629.15,832.05
"1956-03-03",628.86,831.75
"1956-03-04",628.71,831.55
"1956-03-05",628.78,831.65
"1956-03-06",628.44,831.45
"1956-03-07",627.96,830.85
"1956-03-08",628.08,830.95
"1956-03-09",628.18,831.15
"1956-03-10",628.04,830.95
"1956-03-11",627.61,830.65
"1956-03-12",627.91,830.65
"1956-03-13",628.68,830.55
"1956-03-14",628.62,830.35
"1956-03-15",628.82,830.35
"1956-03-16",628.4,830.25
"1956-03-17",628.13,830.05
"1956-03-18",627.81,830.05
"1956-03-19",627.99,830.05
"1956-03-20",627.23,829.95
"1956-03-21",627.87,829.95
"1956-03-22",627.98,829.75
"1956-03-23",628.06,829.65
"1956-03-24",627.86,829.5
"1956-03-25",627.55,829.35
"1956-03-26",627.68,829.45
"1956-03-27",627.15,829.25
"1956-03-28",626.34,829.05
"1956-03-29",626.7,829.05
"1956-03-30",625.76,828.85
"1956-03-31",626.02,828.95
"1956-04-01",626.11,828.85
"1956-04-02",625.81,829.05
"1956-04-03",625.52,828.75
"1956-04-04",625.24,828.55
"1956-04-05",624.93,828.35
"1956-04-06",625.04,828.25
"1956-04-07",624.63,828.05
"1956-04-08",625.21,828.05
"1956-04-09",626,828.25
"1956-04-10",625.69,828.15
"1956-04-11",625.21,827.85
"1956-04-12",624.54,827.65
"1956-04-13",624.1,827.45
"1956-04-14",624.15,827.25
"1956-04-15",624.44,827.35
"1956-04-16",625.08,827.55
"1956-04-17",623.69,827.25
"1956-04-18",623.48,827.05
"1956-04-19",623.88,826.95
"1956-04-20",624.29,826.95
"1956-04-21",624.92,827.05
"1956-04-22",625.46,827.25
"1956-04-23",625.41,827.25
"1956-04-24",625.94,827.35
"1956-04-25",625.84,827.45
"1956-04-26",625.63,827.35
"1956-04-27",624.98,827.15
"1956-04-28",625.07,827.15
"1956-04-29",624.79,827.05
"1956-04-30",624.92,827.15
"1956-05-01",624.65,827.15
"1956-05-02",624.67,827.15
"1956-05-03",625.55,827.15
"1956-05-04",625.46,826.95
"1956-05-05",625.25,826.65
"1956-05-06",624.96,826.55
"1956-05-07",624.77,826.55
"1956-05-08",623.78,826.15
"1956-05-09",623.32,825.95
"1956-05-10",622.99,825.75
"1956-05-11",622.93,825.65
"1956-05-12",622.75,825.75
"1956-05-13",622.97,825.55
"1956-05-14",623.2,825.65
"1956-05-15",623.29,825.45
"1956-05-16",624.01,825.35
"1956-05-17",624.27,825.05
"1956-05-18",624.11,824.85
"1956-05-19",623.85,824.75
"1956-05-20",623.59,824.55
"1956-05-21",623.41,824.55
"1956-05-22",623.08,824.45
"1956-05-23",622.74,824.35
"1956-05-24",622.42,824.75
"1956-05-25",622.2,824.65
"1956-05-26",622.18,824.45
"1956-05-27",624.34,824.55
"1956-05-28",623.81,824.65
"1956-05-29",622.94,824.45
"1956-05-30",622.63,824.25
"1956-05-31",622.28,824.05
"1956-06-01",621.92,823.85
"1956-06-02",621.52,823.75
"1956-06-03",621.38,823.65
"1956-06-04",621.64,823.55
"1956-06-05",620.9,823.35
"1956-06-06",620.54,823.15
"1956-06-07",620.25,822.95
"1956-06-08",619.99,822.65
"1956-06-09",620.38,822.35
"1956-06-10",620.13,822.45
"1956-06-11",620.56,822.45
"1956-06-12",619.86,822.15
"1956-06-13",619.31,821.95
"1956-06-14",619.05,821.75
"1956-06-15",618.79,821.55
"1956-06-16",618.77,821.35
"1956-06-17",619.04,821.21
"1956-06-18",619.98,821.35
"1956-06-19",620.03,821.75
"1956-06-20",620.96,821.95
"1956-06-21",621.16,821.95
"1956-06-22",620.83,821.65
"1956-06-23",620.36,821.45
"1956-06-24",620.33,821.45
"1956-06-25",619.71,821.45
"1956-06-26",619.63,821.15
"1956-06-27",619.02,821.05
"1956-06-28",618.4,820.85
"1956-06-29",618.03,820.75
"1956-06-30",618.06,820.55
"1956-07-01",618.33,820.45
"1956-07-02",618.66,820.55
"1956-07-03",618.35,820.85
"1956-07-04",619.43,821.05
"1956-07-05",619.26,821.05
"1956-07-06",618.28,821.05
"1956-07-07",617.9,820.95
"1956-07-08",617.99,820.85
"1956-07-09",618.14,820.85
"1956-07-10",617.86,820.65
"1956-07-11",618.66,820.35
"1956-07-12",618.25,820.15
"1956-07-13",617.88,819.95
"1956-07-14",617.68,819.75
"1956-07-15",617.79,819.65
"1956-07-16",617.96,819.55
"1956-07-17",617.05,819.35
"1956-07-18",616.46,819.15
"1956-07-19",616.19,819.15
"1956-07-20",616.14,818.85
"1956-07-21",616.28,818.95
"1956-07-22",616.72,818.75
"1956-07-23",617.06,818.85
"1956-07-24",616.3,818.75
"1956-07-25",616.13,818.55
"1956-07-26",615.54,818.45
"1956-07-27",616.14,818.35
"1956-07-28",615.96,818.15
"1956-07-29",616.13,818.15
"1956-07-30",616.1,818.25
"1956-07-31",615.38,817.95
"1956-08-01",615.04,817.85
"1956-08-02",614.81,817.75
"1956-08-03",614.57,817.55
"1956-08-04",614.62,817.45
"1956-08-05",614.73,817.45
"1956-08-06",615.04,817.55
"1956-08-07",614.92,817.35
"1956-08-08",614.68,817.35
"1956-08-09",614.09,817.25
"1956-08-10",613.63,817.05
"1956-08-11",613.52,817.05
"1956-08-12",613.86,817.05
"1956-08-13",614.17,817.05
"1956-08-14",613.2,816.95
"1956-08-15",613,816.75
"1956-08-16",612.74,816.75
"1956-08-17",612.51,816.65
"1956-08-18",613.21,816.65
"1956-08-19",613.02,816.65
"1956-08-20",613.8,817.05
"1956-08-21",616.18,817.55
"1956-08-22",616.71,817.75
"1956-08-23",617,817.95
"1956-08-24",617.37,817.75
"1956-08-25",617.6,817.85
"1956-08-26",618.04,817.95
"1956-08-27",618.48,818.05
"1956-08-28",618.57,818.15
"1956-08-29",618.41,817.95
"1956-08-30",618.33,817.85
"1956-08-31",617.59,817.55
"1956-09-01",618.25,817.45
"1956-09-02",619.3,817.45
"1956-09-03",620.08,817.55
"1956-09-04",620.06,817.25
"1956-09-05",619.96,817.15
"1956-09-06",619.94,817.15
"1956-09-07",620.28,817.25
"1956-09-08",620.26,817.35
"1956-09-09",620.26,817.15
"1956-09-10",620.4,817.05
"1956-09-11",619.56,816.55
"1956-09-12",619.09,816.45
"1956-09-13",618.86,816.25
"1956-09-14",618.53,816.15
"1956-09-15",618.46,816.05
"1956-09-16",618.56,816.15
"1956-09-17",618.73,816.25
"1956-09-18",618.19,815.95
"1956-09-19",617.58,815.85
"1956-09-20",617.17,815.75
"1956-09-21",616.91,815.65
"1956-09-22",616.98,815.45
"1956-09-23",617.04,815.4
"1956-09-24",617.36,815.55
"1956-09-25",616.79,815.45
"1956-09-26",616.84,815.45
"1956-09-27",616.75,815.35
"1956-09-28",616.41,815.25
"1956-09-29",616.6,815.25
"1956-09-30",616.79,815.15
"1956-10-01",617.55,815.25
"1956-10-02",617.48,815.15
"1956-10-03",617.16,814.95
"1956-10-04",617.17,814.85
"1956-10-05",617.18,814.75
"1956-10-06",617.03,814.55
"1956-10-07",617.16,814.65
"1956-10-08",617.23,814.65
"1956-10-09",616.56,814.55
"1956-10-10",616.24,814.45
"1956-10-11",616.24,814.45
"1956-10-12",616.33,814.35
"1956-10-13",617.14,814.45
"1956-10-14",617.93,814.55
"1956-10-15",618.33,814.65
"1956-10-16",618.92,814.85
"1956-10-17",619.69,814.85
"1956-10-18",620.14,815.35
"1956-10-19",620.76,815.75
"1956-10-20",621.07,816.25
"1956-10-21",621.53,816.65
"1956-10-22",621.98,817.05
"1956-10-23",621.83,817.05
"1956-10-24",621.96,817.25
"1956-10-25",622.12,817.25
"1956-10-26",622.04,817.45
"1956-10-27",622.17,817.55
"1956-10-28",622.46,817.55
"1956-10-29",622.7,817.55
"1956-10-30",622.36,817.35
"1956-10-31",622.68,817.45
"1956-11-01",622.56,817.25
"1956-11-02",622.41,817.25
"1956-11-03",622.86,817.15
"1956-11-04",623.26,817.35
"1956-11-05",623.67,817.45
"1956-11-06",623.76,817.45
"1956-11-07",623.93,817.55
"1956-11-08",623.92,817.45
"1956-11-09",624.08,817.45
"1956-11-10",624.39,817.45
"1956-11-11",624.77,817.45
"1956-11-12",625.02,817.45
"1956-11-13",624.64,817.25
"1956-11-14",624.62,817.15
"1956-11-15",624.41,817.05
"1956-11-16",624.38,816.85
"1956-11-17",624.64,816.75
"1956-11-18",624.74,816.75
"1956-11-19",624.91,816.55
"1956-11-20",624.73,816.55
"1956-11-21",624.16,816.25
"1956-11-22",624.19,816.15
"1956-11-23",624.19,815.85
"1956-11-24",623.97,815.95
"1956-11-25",624.38,815.95
"1956-11-26",624.48,815.75
"1956-11-27",624.31,815.65
"1956-11-28",624.36,815.45
"1956-11-29",624.03,815.35
"1956-11-30",624.46,815.35
"1956-12-01",624.28,815.15
"1956-12-02",624.28,815.35
"1956-12-03",624.44,815.45
"1956-12-04",624.13,815.65
"1956-12-05",623.98,814.75
"1956-12-06",623.98,812.75
"1956-12-07",623.95,812.75
"1956-12-08",624.04,814.85
"1956-12-09",624.06,814.75
"1956-12-10",624.36,814.85
"1956-12-11",624.76,813.95
"1956-12-12",624.69,814.65
"1956-12-13",624.41,814.55
"1956-12-14",624.47,814.25
"1956-12-15",624.53,814.25
"1956-12-16",624.67,814.25
"1956-12-17",625.05,814.75
"1956-12-18",625.07,814.55
"1956-12-19",625.4,814.65
"1956-12-20",625.59,814.85
"1956-12-21",625.67,814.95
"1956-12-22",626.08,815.05
"1956-12-23",626.23,815.05
"1956-12-24",626.33,815.15
"1956-12-25",626.41,815.25
"1956-12-26",626.69,815.35
"1956-12-27",626.54,815.25
"1956-12-28",626.49,815.15
"1956-12-29",626.46,815.05
"1956-12-30",626.62,814.95
"1956-12-31",626.88,814.95
"1957-01-01",626.56,814.75
"1957-01-02",626.67,814.65
"1957-01-03",626.59,814.55
"1957-01-04",626.56,814.45
"1957-01-05",626.26,814.35
"1957-01-06",626.49,814.25
"1957-01-07",626.59,814.45
"1957-01-08",626.41,814.35
"1957-01-09",626.39,814.35
"1957-01-10",625.91,814.25
"1957-01-11",626.09,814.25
"1957-01-12",626.18,814.15
"1957-01-13",626.07,814.15
"1957-01-14",626.31,814.15
"1957-01-15",625.94,814.05
"1957-01-16",626.09,814.05
"1957-01-17",625.83,813.95
"1957-01-18",625.78,813.95
"1957-01-19",626.11,813.95
"1957-01-20",626.46,814.05
"1957-01-21",626.69,814.05
"1957-01-22",626.24,813.85
"1957-01-23",625.68,813.75
"1957-01-24",625.98,813.75
"1957-01-25",626.56,813.65
"1957-01-26",625.76,813.65
"1957-01-27",626.44,813.55
"1957-01-28",626.81,813.55
"1957-01-29",626.71,813.65
"1957-01-30",626.6,813.65
"1957-01-31",626.65,813.55
"1957-02-01",626.64,813.55
"1957-02-02",626.41,813.55
"1957-02-03",626.71,813.65
"1957-02-04",626.91,813.65
"1957-02-05",626.27,813.65
"1957-02-06",625.88,813.65
"1957-02-07",625.74,813.55
"1957-02-08",625.53,813.15
"1957-02-09",625.45,813.25
"1957-02-10",625.53,813.15
"1957-02-11",624.91,812.95
"1957-02-12",624.11,812.85
"1957-02-13",624.8,812.75
"1957-02-14",624.91,812.75
"1957-02-15",624.78,812.65
"1957-02-16",624.36,812.55
"1957-02-17",625.12,812.65
"1957-02-18",625.78,812.85
"1957-02-19",625.93,812.95
"1957-02-20",626.19,812.95
"1957-02-21",626.29,812.95
"1957-02-22",626.46,812.95
"1957-02-23",626.71,812.95
"1957-02-24",627.43,813.05
"1957-02-25",627.88,813.05
"1957-02-26",627.56,813.05
"1957-02-27",627.28,812.95
"1957-02-28",627.29,812.75
"1957-03-01",627.01,812.55
"1957-03-02",626.94,812.25
"1957-03-03",626.99,812.25
"1957-03-04",627.73,812.45
"1957-03-05",627.54,812.45
"1957-03-06",627.39,812.15
"1957-03-07",627.19,812.15
"1957-03-08",627.32,812.15
"1957-03-09",627.36,811.95
"1957-03-10",627.42,812.15
"1957-03-11",627.54,812.05
"1957-03-12",626.91,811.95
"1957-03-13",626.88,812.25
"1957-03-14",626.53,812.25
"1957-03-15",626.27,812.05
"1957-03-16",626.36,811.95
"1957-03-17",626.38,811.95
"1957-03-18",626.99,812.15
"1957-03-19",627.44,811.95
"1957-03-20",627.61,811.85
"1957-03-21",628.66,811.95
"1957-03-22",630.18,811.95
"1957-03-23",630.31,811.95
"1957-03-24",630.25,812.05
"1957-03-25",630.27,812.05
"1957-03-26",629.69,811.65
"1957-03-27",629.05,811.35
"1957-03-28",628.9,811.15
"1957-03-29",629.62,811.15
"1957-03-30",629.86,811.05
"1957-03-31",630.23,811.25
"1957-04-01",630.59,811.55
"1957-04-02",630.61,811.75
"1957-04-03",630.49,811.95
"1957-04-04",630.28,811.95
"1957-04-05",629.93,811.85
"1957-04-06",629.81,811.65
"1957-04-07",629.96,811.65
"1957-04-08",629.68,811.55
"1957-04-09",629.44,811.45
"1957-04-10",629.25,811.35
"1957-04-11",629.14,811.25
"1957-04-12",629.19,811.25
"1957-04-13",628.99,810.95
"1957-04-14",629.26,811.15
"1957-04-15",629.74,811.25
"1957-04-16",629.68,811.35
"1957-04-17",629.64,811.45
"1957-04-18",629.48,811.35
"1957-04-19",631.36,811.55
"1957-04-20",632.21,812.05
"1957-04-21",632.51,812.45
"1957-04-22",632.83,813.15
"1957-04-23",634.16,813.75
"1957-04-24",634.63,814.05
"1957-04-25",635.94,814.25
"1957-04-26",637.9,814.75
"1957-04-27",640.35,815.25
"1957-04-28",641.61,815.85
"1957-04-29",642.61,816.35
"1957-04-30",642.81,816.85
"1957-05-01",642.68,817.25
"1957-05-02",642.57,817.55
"1957-05-03",642.45,817.85
"1957-05-04",642.27,818.05
"1957-05-05",642.28,818.25
"1957-05-06",642.29,818.35
"1957-05-07",641.63,818.65
"1957-05-08",641.8,818.75
"1957-05-09",641.68,818.85
"1957-05-10",640.9,819.05
"1957-05-11",640.68,819.05
"1957-05-12",640.06,819.05
"1957-05-13",640.48,819.21
"1957-05-14",640.36,819.35
"1957-05-15",640.05,819.35
"1957-05-16",639.92,819.55
"1957-05-17",639.72,819.55
"1957-05-18",639.71,819.85
"1957-05-19",640.88,820.45
"1957-05-20",641.41,820.75
"1957-05-21",640.99,821.05
"1957-05-22",640.71,821.35
"1957-05-23",640.33,821.75
"1957-05-24",640.12,821.95
"1957-05-25",639.88,822.25
"1957-05-26",639.56,822.75
"1957-05-27",642.7,823.25
"1957-05-28",645.61,824.55
"1957-05-29",646.46,825.15
"1957-05-30",646.44,825.45
"1957-05-31",647.19,825.95
"1957-06-01",648.23,826.45
"1957-06-02",649.99,826.95
"1957-06-03",650.53,827.35
"1957-06-04",650.43,827.75
"1957-06-05",650.66,828.15
"1957-06-06",650.85,828.45
"1957-06-07",650.78,828.85
"1957-06-08",650.76,829.15
"1957-06-09",650.96,829.45
"1957-06-10",650.94,829.65
"1957-06-11",650.44,829.85
"1957-06-12",650.13,830.25
"1957-06-13",650.03,830.55
"1957-06-14",649.42,830.65
"1957-06-15",649.19,830.95
"1957-06-16",649.06,831.15
"1957-06-17",648.86,831.35
"1957-06-18",648.39,831.55
"1957-06-19",648.19,831.95
"1957-06-20",647.87,832.25
"1957-06-21",647.41,832.35
"1957-06-22",647.22,832.55
"1957-06-23",646.98,832.65
"1957-06-24",647.21,832.75
"1957-06-25",645.56,832.75
"1957-06-26",644.56,832.75
"1957-06-27",643.96,832.75
"1957-06-28",643.07,832.75
"1957-06-29",642.32,832.55
"1957-06-30",641.93,832.45
"1957-07-01",641.82,832.45
"1957-07-02",640.61,832.45
"1957-07-03",639.56,832.45
"1957-07-04",639.08,832.55
"1957-07-05",638.82,832.55
"1957-07-06",638.04,832.65
"1957-07-07",637.78,832.65
"1957-07-08",637.72,832.85
"1957-07-09",636.55,832.85
"1957-07-10",637.57,832.75
"1957-07-11",636.64,832.75
"1957-07-12",635.74,832.85
"1957-07-13",635.3,832.85
"1957-07-14",635.22,833.05
"1957-07-15",635.5,833.15
"1957-07-16",634.41,833.05
"1957-07-17",633.81,832.85
"1957-07-18",633.29,832.85
"1957-07-19",632.91,832.75
"1957-07-20",632.61,832.65
"1957-07-21",632.76,832.75
"1957-07-22",632.61,832.95
"1957-07-23",632.31,832.85
"1957-07-24",632.03,832.75
"1957-07-25",631.43,832.65
"1957-07-26",630.86,832.65
"1957-07-27",630.61,832.65
"1957-07-28",630.86,832.75
"1957-07-29",631.19,832.75
"1957-07-30",629.86,832.55
"1957-07-31",629.49,832.55
"1957-08-01",629.61,832.45
"1957-08-02",629.31,832.25
"1957-08-03",628.83,832.25
"1957-08-04",628.88,832.35
"1957-08-05",629.27,832.45
"1957-08-06",628.13,832.25
"1957-08-07",628.04,832.15
"1957-08-08",627.67,832.05
"1957-08-09",627.49,831.85
"1957-08-10",627.5,831.85
"1957-08-11",627.7,831.85
"1957-08-12",627.93,831.95
"1957-08-13",627.41,831.75
"1957-08-14",626.76,831.55
"1957-08-15",626.7,831.65
"1957-08-16",626.64,831.25
"1957-08-17",626.54,831.15
"1957-08-18",626.9,831.15
"1957-08-19",628.23,831.65
"1957-08-20",628.78,831.75
"1957-08-21",628.22,831.85
"1957-08-22",627.63,831.75
"1957-08-23",627.2,831.65
"1957-08-24",627.11,831.75
"1957-08-25",627.56,831.65
"1957-08-26",627.78,831.75
"1957-08-27",626.88,831.65
"1957-08-28",626.45,831.55
"1957-08-29",626.33,831.35
"1957-08-30",626.61,831.35
"1957-08-31",627.19,831.35
"1957-09-01",627.86,831.35
"1957-09-02",627.64,831.35
"1957-09-03",627.6,831.25
"1957-09-04",629.27,831.05
"1957-09-05",629.48,831.05
"1957-09-06",629.51,830.75
"1957-09-07",630.06,830.95
"1957-09-08",630.99,831.15
"1957-09-09",631.49,831.25
"1957-09-10",630.82,831.05
"1957-09-11",630.34,830.85
"1957-09-12",630.18,830.95
"1957-09-13",631.08,830.95
"1957-09-14",631.32,831.05
"1957-09-15",631.61,831.05
"1957-09-16",631.66,831.05
"1957-09-17",631.2,831.15
"1957-09-18",630.98,830.95
"1957-09-19",630.52,830.85
"1957-09-20",630.21,830.65
"1957-09-21",630.36,830.55
"1957-09-22",634.31,831.35
"1957-09-23",636.13,831.95
"1957-09-24",637.19,832.05
"1957-09-25",638.44,832.35
"1957-09-26",639.49,832.45
"1957-09-27",640.26,832.65
"1957-09-28",641.63,832.75
"1957-09-29",641.79,832.85
"1957-09-30",642.06,832.95
"1957-10-01",641.72,833.25
"1957-10-02",641.42,833.45
"1957-10-03",641.16,833.35
"1957-10-04",640.89,833.25
"1957-10-05",640.67,833.05
"1957-10-06",640.68,832.85
"1957-10-07",640.73,833.25
"1957-10-08",640.22,833.55
"1957-10-09",639.9,833.85
"1957-10-10",640.49,834.65
"1957-10-11",640.54,834.95
"1957-10-12",640.7,835.05
"1957-10-13",641.01,835.15
"1957-10-14",641.4,835.25
"1957-10-15",641.21,835.35
"1957-10-16",641.29,835.35
"1957-10-17",641.07,835.35
"1957-10-18",641.02,835.35
"1957-10-19",641.04,835.45
"1957-10-20",641.36,835.65
"1957-10-21",641.75,835.75
"1957-10-22",645.8,836.15
"1957-10-23",646.76,836.75
"1957-10-24",647.41,836.75
"1957-10-25",647.92,836.85
"1957-10-26",648.22,836.95
"1957-10-27",648.59,837.05
"1957-10-28",648.93,837.15
"1957-10-29",648.93,837.25
"1957-10-30",649.14,837.55
"1957-10-31",649.03,837.45
"1957-11-01",649.03,837.55
"1957-11-02",649.14,837.65
"1957-11-03",649.23,837.65
"1957-11-04",649.54,837.85
"1957-11-05",649.31,838.15
"1957-11-06",648.86,838.05
"1957-11-07",649.03,838.05
"1957-11-08",648.9,838.05
"1957-11-09",648.54,838.15
"1957-11-10",648.78,838.25
"1957-11-11",649.16,838.45
"1957-11-12",649.53,838.55
"1957-11-13",650.09,838.75
"1957-11-14",650.32,838.75
"1957-11-15",650.51,838.85
"1957-11-16",650.82,838.85
"1957-11-17",651.02,838.95
"1957-11-18",651.33,839.05
"1957-11-19",651.06,838.95
"1957-11-20",651.12,839.05
"1957-11-21",650.98,839.05
"1957-11-22",651.31,839.15
"1957-11-23",651.4,839.25
"1957-11-24",651.77,839.35
"1957-11-25",652.08,839.45
"1957-11-26",652.23,839.55
"1957-11-27",652.57,839.75
"1957-11-28",652.68,839.65
"1957-11-29",653.18,839.75
"1957-11-30",652.78,839.65
"1957-12-01",653.06,839.65
"1957-12-02",653.37,839.75
"1957-12-03",653.33,839.85
"1957-12-04",653.12,839.75
"1957-12-05",653.13,839.75
"1957-12-06",653.34,839.85
"1957-12-07",653.31,839.75
"1957-12-08",653.36,839.75
"1957-12-09",653.43,839.75
"1957-12-10",653.3,839.85
"1957-12-11",652.83,839.85
"1957-12-12",652.6,839.85
"1957-12-13",652.73,839.95
"1957-12-14",652.66,839.95
"1957-12-15",652.86,839.95
"1957-12-16",653.04,840.05
"1957-12-17",652.89,840.05
"1957-12-18",652.9,840.05
"1957-12-19",652.99,840.05
"1957-12-20",652.7,839.95
"1957-12-21",652.46,839.95
"1957-12-22",652.58,839.95
"1957-12-23",652.68,840.05
"1957-12-24",652.42,840.25
"1957-12-25",652.78,840.35
"1957-12-26",653.1,840.45
"1957-12-27",653.22,840.55
"1957-12-28",653.36,840.65
"1957-12-29",653.54,840.75
"1957-12-30",653.77,840.85
"1957-12-31",653.57,840.85
"1958-01-01",653.26,840.75
"1958-01-02",653.59,840.85
"1958-01-03",653.38,840.95
"1958-01-04",653.43,841.05
"1958-01-05",654.56,841.15
"1958-01-06",655.26,841.25
"1958-01-07",655.59,841.35
"1958-01-08",655.79,841.45
"1958-01-09",656.08,841.55
"1958-01-10",656.49,841.65
"1958-01-11",656.7,841.75
"1958-01-12",657.64,841.85
"1958-01-13",658.22,841.85
"1958-01-14",658.53,841.85
"1958-01-15",658.61,841.85
"1958-01-16",658.73,841.95
"1958-01-17",659.03,841.95
"1958-01-18",659.32,842.05
"1958-01-19",659.73,842.15
"1958-01-20",660.09,842.15
"1958-01-21",660.51,842.25
"1958-01-22",659.87,842.25
"1958-01-23",659.99,842.35
"1958-01-24",660.87,842.55
"1958-01-25",661.03,842.65
"1958-01-26",661.42,842.75
"1958-01-27",661.74,842.85
"1958-01-28",661.74,842.95
"1958-01-29",661.87,842.95
"1958-01-30",661.94,843.05
"1958-01-31",662.11,843.05
"1958-02-01",662.02,843.05
"1958-02-02",662.15,843.05
"1958-02-03",662.29,843.15
"1958-02-04",662.24,843.15
"1958-02-05",662.28,843.35
"1958-02-06",662.11,843.35
"1958-02-07",661.9,843.25
"1958-02-08",662,843.35
"1958-02-09",662.19,843.45
"1958-02-10",662.59,843.55
"1958-02-11",662.49,843.65
"1958-02-12",662.39,843.65
"1958-02-13",662.14,843.75
"1958-02-14",662.34,843.85
"1958-02-15",662.22,843.85
"1958-02-16",662.27,843.95
"1958-02-17",662.51,844.05
"1958-02-18",662.21,844.05
"1958-02-19",662.18,844.15
"1958-02-20",662.11,844.25
"1958-02-21",663.41,844.35
"1958-02-22",664.75,844.65
"1958-02-23",665.88,844.95
"1958-02-24",666.44,845.05
"1958-02-25",667.82,845.15
"1958-02-26",668.53,845.35
"1958-02-27",668.8,845.45
"1958-02-28",668.97,845.45
"1958-03-01",669.21,845.65
"1958-03-02",669.6,845.75
"1958-03-03",669.86,845.85
"1958-03-04",669.86,846.05
"1958-03-05",669.99,846.15
"1958-03-06",670.14,846.25
"1958-03-07",670.03,846.45
"1958-03-08",669.98,846.45
"1958-03-09",670.04,846.65
"1958-03-10",670.2,846.75
"1958-03-11",670.2,846.85
"1958-03-12",670.18,846.85
"1958-03-13",670.12,847.05
"1958-03-14",670.04,847.15
"1958-03-15",669.99,847.25
"1958-03-16",670.11,847.45
"1958-03-17",670.41,847.55
"1958-03-18",670.11,847.65
"1958-03-19",670.07,847.75
"1958-03-20",670.03,847.85
"1958-03-21",670.04,847.95
"1958-03-22",670.09,848.05
"1958-03-23",670.19,848.15
"1958-03-24",670.29,848.25
"1958-03-25",670.1,848.35
"1958-03-26",670.05,848.45
"1958-03-27",669.93,848.55
"1958-03-28",669.71,848.65
"1958-03-29",669.93,848.65
"1958-03-30",669.58,848.75
"1958-03-31",669.61,848.75
"1958-04-01",669.35,848.85
"1958-04-02",669.38,848.95
"1958-04-03",669.39,848.95
"1958-04-04",669.06,849.05
"1958-04-05",668.71,849.05
"1958-04-06",668.48,849.05
"1958-04-07",668.41,849.15
"1958-04-08",667.9,849.25
"1958-04-09",667.78,849.25
"1958-04-10",667.86,849.25
"1958-04-11",667.56,849.25
"1958-04-12",667.34,849.25
"1958-04-13",667.9,849.35
"1958-04-14",668.16,849.45
"1958-04-15",668.14,849.45
"1958-04-16",667.86,849.55
"1958-04-17",667.74,849.55
"1958-04-18",667.62,849.65
"1958-04-19",667.63,849.75
"1958-04-20",667.73,849.85
"1958-04-21",667.85,849.85
"1958-04-22",667.33,849.95
"1958-04-23",666.93,849.95
"1958-04-24",666.28,849.95
"1958-04-25",666.32,849.85
"1958-04-26",666.53,849.85
"1958-04-27",666.67,849.95
"1958-04-28",666.81,849.95
"1958-04-29",666.42,850.05
"1958-04-30",666.44,850.05
"1958-05-01",666.38,850.15
"1958-05-02",666.33,850.25
"1958-05-03",668.76,850.25
"1958-05-04",669.95,850.35
"1958-05-05",670.58,850.45
"1958-05-06",670.84,850.45
"1958-05-07",671.12,850.55
"1958-05-08",671.29,850.65
"1958-05-09",671.21,850.75
"1958-05-10",671.21,850.75
"1958-05-11",671.25,850.85
"1958-05-12",671.36,850.85
"1958-05-13",670.84,850.95
"1958-05-14",670.98,851.05
"1958-05-15",671.3,851.15
"1958-05-16",671.38,851.25
"1958-05-17",671.26,851.35
"1958-05-18",671.28,851.35
"1958-05-19",671.58,851.45
"1958-05-20",671.4,851.55
"1958-05-21",671.4,851.55
"1958-05-22",671.17,851.65
"1958-05-23",670.83,851.65
"1958-05-24",670.32,851.75
"1958-05-25",670.11,851.75
"1958-05-26",670.27,851.85
"1958-05-27",669.32,851.85
"1958-05-28",668.74,851.75
"1958-05-29",667.94,851.85
"1958-05-30",667.53,851.85
"1958-05-31",666.84,851.85
"1958-06-01",666.67,851.75
"1958-06-02",665.71,851.75
"1958-06-03",665.49,851.75
"1958-06-04",664.38,851.65
"1958-06-05",663.74,851.55
"1958-06-06",663.56,851.45
"1958-06-07",663.16,851.45
"1958-06-08",662.97,851.45
"1958-06-09",663,851.45
"1958-06-10",661.98,851.35
"1958-06-11",660.95,851.35
"1958-06-12",660.01,851.25
"1958-06-13",,851.15
"1958-06-14",659.33,851.15
"1958-06-15",,851.15
"1958-06-16",660.73,851.25
"1958-06-17",660.15,851.55
"1958-06-18",660.14,852.15
"1958-06-19",660.46,852.55
"1958-06-20",660.09,852.75
"1958-06-21",659.64,852.85
"1958-06-22",661.69,853.05
"1958-06-23",662.69,853.25
"1958-06-24",,853.35
"1958-06-25",663.19,853.45
"1958-06-26",663.07,853.55
"1958-06-27",663.19,853.65
"1958-06-28",663.18,853.75
"1958-06-29",663.36,853.95
"1958-06-30",663.33,853.95
"1958-07-01",662.51,854.05
"1958-07-02",661.63,854.25
"1958-07-03",661.65,854.35
"1958-07-04",661.34,854.45
"1958-07-05",661.28,854.45
"1958-07-06",661.09,854.45
"1958-07-07",663.01,854.65
"1958-07-08",663.99,854.65
"1958-07-09",663.91,854.75
"1958-07-10",664.36,854.85
"1958-07-11",664.56,854.95
"1958-07-12",664.75,854.95
"1958-07-13",664.81,855.05
"1958-07-14",664.88,855.05
"1958-07-15",664.21,855.05
"1958-07-16",663.42,854.95
"1958-07-17",662.91,854.95
"1958-07-18",662.31,855.05
"1958-07-19",661.95,855.05
"1958-07-20",661.74,855.05
"1958-07-21",661.63,855.15
"1958-07-22",660.73,855.15
"1958-07-23",660.16,855.15
"1958-07-24",659.54,855.15
"1958-07-25",659.01,855.15
"1958-07-26",658.7,855.15
"1958-07-27",658.48,855.25
"1958-07-28",658.5,855.25
"1958-07-29",657.46,855.25
"1958-07-30",656.78,855.25
"1958-07-31",656.3,855.24
"1958-08-01",655.8,855.25
"1958-08-02",655.41,855.25
"1958-08-03",655.31,855.25
"1958-08-04",655.76,855.25
"1958-08-05",654.75,855.25
"1958-08-06",654.04,855.15
"1958-08-07",653.62,855.15
"1958-08-08",653.19,855.25
"1958-08-09",652.89,855.25
"1958-08-10",653.06,855.25
"1958-08-11",653.49,855.55
"1958-08-12",653.79,855.75
"1958-08-13",654.05,855.85
"1958-08-14",653.94,855.95
"1958-08-15",654.13,856.05
"1958-08-16",653.93,856.15
"1958-08-17",653.81,856.25
"1958-08-18",653.82,856.25
"1958-08-19",653.67,856.25
"1958-08-20",653.51,856.25
"1958-08-21",654.06,856.35
"1958-08-22",652.86,856.35
"1958-08-23",653.04,856.35
"1958-08-24",654.21,856.35
"1958-08-25",655.11,856.35
"1958-08-26",654.74,856.45
"1958-08-27",654.22,856.45
"1958-08-28",653.62,856.35
"1958-08-29",652.96,856.45
"1958-08-30",652.86,856.45
"1958-08-31",652.86,856.45
"1958-09-01",653.43,856.35
"1958-09-02",652.92,856.45
"1958-09-03",652.6,856.45
"1958-09-04",652.15,856.45
"1958-09-05",653.21,856.55
"1958-09-06",654.78,856.65
"1958-09-07",656.06,856.75
"1958-09-08",656.76,856.95
"1958-09-09",657.22,857.05
"1958-09-10",657.84,857.15
"1958-09-11",658.07,857.15
"1958-09-12",658.36,857.35
"1958-09-13",658.93,857.35
"1958-09-14",659.34,857.45
"1958-09-15",659.76,857.45
"1958-09-16",659.51,857.55
"1958-09-17",659.74,857.65
"1958-09-18",660.57,857.75
"1958-09-19",661.06,857.95
"1958-09-20",665.16,858.35
"1958-09-21",667.96,858.45
"1958-09-22",668.81,858.65
"1958-09-23",669.56,858.75
"1958-09-24",670.08,858.85
"1958-09-25",670.45,858.95
"1958-09-26",670.91,858.95
"1958-09-27",671.71,859.05
"1958-09-28",672.51,859.25
"1958-09-29",673.03,859.35
"1958-09-30",673.02,859.45
"1958-10-01",673.06,859.45
"1958-10-02",673.46,859.55
"1958-10-03",673.66,859.65
"1958-10-04",673.82,859.75
"1958-10-05",673.96,859.95
"1958-10-06",674.13,859.95
"1958-10-07",673.95,860.05
"1958-10-08",673.88,860.15
"1958-10-09",673.81,860.15
"1958-10-10",673.64,860.25
"1958-10-11",673.63,860.35
"1958-10-12",673.86,860.45
"1958-10-13",674.02,860.45
"1958-10-14",673.92,860.55
"1958-10-15",673.93,860.75
"1958-10-16",674.06,860.85
"1958-10-17",674.03,860.85
"1958-10-18",674.12,860.95
"1958-10-19",674.22,861.05
"1958-10-20",674.4,861.15
"1958-10-21",674.22,861.25
"1958-10-22",673.84,861.35
"1958-10-23",674.18,861.35
"1958-10-24",674.24,861.45
"1958-10-25",674.3,861.55
"1958-10-26",674.76,861.55
"1958-10-27",675.17,861.65
"1958-10-28",675.35,861.75
"1958-10-29",675.66,861.95
"1958-10-30",676.36,862.05
"1958-10-31",677.23,862.15
"1958-11-01",677.65,862.25
"1958-11-02",678.16,862.35
"1958-11-03",678.59,862.45
"1958-11-04",678.75,862.65
"1958-11-05",679.03,862.75
"1958-11-06",679.11,862.75
"1958-11-07",679.12,862.85
"1958-11-08",679.29,862.95
"1958-11-09",679.46,863.05
"1958-11-10",679.56,863.15
"1958-11-11",679.34,863.25
"1958-11-12",679.31,863.35
"1958-11-13",679.31,863.45
"1958-11-14",679.34,863.45
"1958-11-15",679.3,863.55
"1958-11-16",679.37,863.65
"1958-11-17",679.56,863.65
"1958-11-18",679.29,863.65
"1958-11-19",679.15,863.65
"1958-11-20",679.07,863.75
"1958-11-21",679.01,863.75
"1958-11-22",679.06,863.85
"1958-11-23",679.2,863.95
"1958-11-24",679.26,863.95
"1958-11-25",679.1,864.05
"1958-11-26",678.94,864.05
"1958-11-27",678.91,864.15
"1958-11-28",679.23,864.25
"1958-11-29",678.83,864.25
"1958-11-30",678.91,864.35
"1958-12-01",679.07,864.35
"1958-12-02",678.93,864.45
"1958-12-03",678.88,863.95
"1958-12-04",678.85,864.65
"1958-12-05",679.18,864.65
"1958-12-06",678.55,864.75
"1958-12-07",678.62,864.75
"1958-12-08",678.83,864.85
"1958-12-09",678.57,864.95
"1958-12-10",678.43,864.95
"1958-12-11",678.27,865.05
"1958-12-12",677.59,865.15
"1958-12-13",677.24,865.15
"1958-12-14",677.58,865.15
"1958-12-15",677.78,865.25
"1958-12-16",677.7,865.35
"1958-12-17",677.71,865.35
"1958-12-18",677.54,865.35
"1958-12-19",677.49,865.45
"1958-12-20",677.44,865.45
"1958-12-21",677.61,865.55
"1958-12-22",677.76,865.55
"1958-12-23",677.66,865.65
"1958-12-24",677.39,865.65
"1958-12-25",677.58,865.75
"1958-12-26",677.91,865.75
"1958-12-27",677.85,865.85
"1958-12-28",677.87,865.95
"1958-12-29",677.96,865.95
"1958-12-30",677.66,865.95
"1958-12-31",677.62,866.05
"1959-01-01",,866.15
"1959-01-02",677.96,866.25
"1959-01-03",677.78,866.25
"1959-01-04",677.55,866.25
"1959-01-05",677.09,866.25
"1959-01-06",677.13,866.45
"1959-01-07",677.35,866.45
"1959-01-08",677.33,866.45
"1959-01-09",677.22,866.45
"1959-01-10",677.34,866.55
"1959-01-11",677.47,866.65
"1959-01-12",677.39,866.65
"1959-01-13",677.37,866.75
"1959-01-14",677.33,866.85
"1959-01-15",676.52,866.86
"1959-01-16",676.89,866.95
"1959-01-17",677.07,866.95
"1959-01-18",677.32,867.05
"1959-01-19",677.21,867.05
"1959-01-20",676.97,867.15
"1959-01-21",676.59,867.05
"1959-01-22",676.55,867.05
"1959-01-23",676.53,867.05
"1959-01-24",676.84,867.15
"1959-01-25",677.08,867.15
"1959-01-26",676.84,867.25
"1959-01-27",676.82,867.25
"1959-01-28",676.72,867.35
"1959-01-29",676.6,867.35
"1959-01-30",676.59,867.35
"1959-01-31",676.59,867.35
"1959-02-01",676.67,867.45
"1959-02-02",676.92,867.55
"1959-02-03",676.96,867.65
"1959-02-04",676.99,867.65
"1959-02-05",676.91,867.75
"1959-02-06",676.59,867.65
"1959-02-07",676.66,867.75
"1959-02-08",676.82,867.85
"1959-02-09",677.06,867.85
"1959-02-10",676.72,867.85
"1959-02-11",676.5,867.85
"1959-02-12",676.49,867.85
"1959-02-13",676.6,867.95
"1959-02-14",676.52,867.95
"1959-02-15",676.75,867.95
"1959-02-16",677.16,868.05
"1959-02-17",677.14,868.15
"1959-02-18",677.06,868.15
"1959-02-19",676.94,868.05
"1959-02-20",677.11,868.05
"1959-02-21",677.22,868.15
"1959-02-22",677.48,868.25
"1959-02-23",677.59,868.25
"1959-02-24",677.43,868.35
"1959-02-25",677.42,868.35
"1959-02-26",677.34,868.35
"1959-02-27",677.54,868.45
"1959-02-28",677.44,868.45
"1959-03-01",677.49,868.45
"1959-03-02",677.68,868.45
"1959-03-03",677.4,868.45
"1959-03-04",677.38,868.45
"1959-03-05",677.34,868.45
"1959-03-06",677.1,868.45
"1959-03-07",676.97,868.45
"1959-03-08",677.07,868.45
"1959-03-09",677.07,868.45
"1959-03-10",676.57,868.45
"1959-03-11",676.82,868.45
"1959-03-12",676.61,868.45
"1959-03-13",676.51,868.45
"1959-03-14",676.57,868.55
"1959-03-15",676.13,868.45
"1959-03-16",676.39,868.55
"1959-03-17",676.08,868.55
"1959-03-18",675.83,868.55
"1959-03-19",675.64,868.55
"1959-03-20",675.49,868.65
"1959-03-21",675.17,868.55
"1959-03-22",675.42,868.55
"1959-03-23",675.27,868.55
"1959-03-24",674.83,868.65
"1959-03-25",674.73,868.65
"1959-03-26",674.99,868.65
"1959-03-27",674.91,868.65
"1959-03-28",674.89,868.65
"1959-03-29",674.9,868.65
"1959-03-30",675.06,868.65
"1959-03-31",674.49,868.65
"1959-04-01",674.06,868.65
"1959-04-02",674.57,868.65
"1959-04-03",674.54,868.65
"1959-04-04",674.33,868.65
"1959-04-05",674.01,868.75
"1959-04-06",673.94,868.75
"1959-04-07",673.44,868.75
"1959-04-08",673.64,868.75
"1959-04-09",674.24,868.85
"1959-04-10",674.63,868.85
"1959-04-11",674.88,868.95
"1959-04-12",675.34,868.95
"1959-04-13",675.47,869.05
"1959-04-14",675.44,869.15
"1959-04-15",675.58,869.15
"1959-04-16",675.78,869.25
"1959-04-17",675.87,869.25
"1959-04-18",675.99,869.35
"1959-04-19",676.11,869.35
"1959-04-20",676.23,869.45
"1959-04-21",675.93,869.45
"1959-04-22",675.94,869.35
"1959-04-23",675.76,869.45
"1959-04-24",675.56,869.45
"1959-04-25",675.51,869.45
"1959-04-26",675.61,869.45
"1959-04-27",675.61,869.45
"1959-04-28",675.25,869.55
"1959-04-29",674.83,869.55
"1959-04-30",674.62,869.45
"1959-05-01",674.28,869.45
"1959-05-02",674.69,869.55
"1959-05-03",675.2,869.65
"1959-05-04",675.51,869.75
"1959-05-05",675.36,869.75
"1959-05-06",675.31,869.75
"1959-05-07",675.23,869.85
"1959-05-08",675.11,869.95
"1959-05-09",675.06,869.95
"1959-05-10",675.12,870.05
"1959-05-11",675.51,870.05
"1959-05-12",675.01,870.05
"1959-05-13",674.66,870.05
"1959-05-14",674.21,870.05
"1959-05-15",673.91,870.05
"1959-05-16",673.72,870.05
"1959-05-17",674.13,870.15
"1959-05-18",674.62,870.15
"1959-05-19",674.42,870.15
"1959-05-20",673.91,870.05
"1959-05-21",673.86,870.05
"1959-05-22",673.94,870.05
"1959-05-23",673.87,870.15
"1959-05-24",674.34,870.15
"1959-05-25",674.55,870.25
"1959-05-26",674.25,870.25
"1959-05-27",674.12,870.25
"1959-05-28",673.64,870.25
"1959-05-29",673.29,870.35
"1959-05-30",673.9,870.35
"1959-05-31",672.41,870.35
"1959-06-01",672.11,870.35
"1959-06-02",671.47,870.35
"1959-06-03",670.82,870.35
"1959-06-04",670.56,870.45
"1959-06-05",670.23,870.35
"1959-06-06",670.47,870.45
"1959-06-07",670.69,870.45
"1959-06-08",670.69,870.55
"1959-06-09",669.76,870.55
"1959-06-10",668.73,870.55
"1959-06-11",667.74,870.45
"1959-06-12",666.78,870.45
"1959-06-13",667.06,870.35
"1959-06-14",666.89,870.35
"1959-06-15",666.81,870.35
"1959-06-16",665.79,870.25
"1959-06-17",665.27,870.25
"1959-06-18",664.68,870.25
"1959-06-19",663.86,870.15
"1959-06-20",663.37,870.15
"1959-06-21",663.24,870.15
"1959-06-22",663.56,870.15
"1959-06-23",662.6,870.05
"1959-06-24",663.46,870.15
"1959-06-25",665.99,870.45
"1959-06-26",666.89,870.95
"1959-06-27",667.64,871.15
"1959-06-28",667.56,871.25
"1959-06-29",668.18,871.25
"1959-06-30",667.93,871.25
"1959-07-01",667.6,871.35
"1959-07-02",667.16,871.35
"1959-07-03",666.9,871.45
"1959-07-04",666.88,871.45
"1959-07-05",667.11,871.55
"1959-07-06",666.83,871.55
"1959-07-07",665.99,871.55
"1959-07-08",665.42,871.55
"1959-07-09",664.93,871.65
"1959-07-10",664.8,871.65
"1959-07-11",664.81,871.65
"1959-07-12",666.31,871.75
"1959-07-13",667.54,871.75
"1959-07-14",667.26,871.75
"1959-07-15",666.89,871.75
"1959-07-16",666.21,871.75
"1959-07-17",665.52,871.75
"1959-07-18",665.25,871.75
"1959-07-19",665.41,871.85
"1959-07-20",666.31,872.15
"1959-07-21",666.73,872.35
"1959-07-22",667.84,872.35
"1959-07-23",668.05,872.45
"1959-07-24",667.96,872.55
"1959-07-25",668.45,872.65
"1959-07-26",668.92,872.65
"1959-07-27",669.31,872.65
"1959-07-28",669.24,872.75
"1959-07-29",668.81,872.75
"1959-07-30",668.25,872.75
"1959-07-31",667.84,872.75
"1959-08-01",667.06,872.85
"1959-08-02",666.81,872.85
"1959-08-03",666.58,872.95
"1959-08-04",665.21,872.85
"1959-08-05",664.33,872.85
"1959-08-06",663.52,872.85
"1959-08-07",663,872.85
"1959-08-08",662.65,872.85
"1959-08-09",664.84,872.95
"1959-08-10",665.56,872.85
"1959-08-11",664.83,872.85
"1959-08-12",664.2,872.85
"1959-08-13",663.6,872.85
"1959-08-14",663.96,872.75
"1959-08-15",664.3,872.78
"1959-08-16",664.53,872.78
"1959-08-17",664.37,872.75
"1959-08-18",663.17,872.75
"1959-08-19",662.42,872.65
"1959-08-20",662,872.65
"1959-08-21",661.6,872.65
"1959-08-22",661.47,872.55
"1959-08-23",663.09,872.65
"1959-08-24",664.61,872.65
"1959-08-25",665.46,872.75
"1959-08-26",666.08,872.85
"1959-08-27",666.56,872.85
"1959-08-28",666.76,872.85
"1959-08-29",666.89,872.85
"1959-08-30",667.12,872.85
"1959-08-31",667.16,872.85
"1959-09-01",666.75,872.75
"1959-09-02",666.18,872.75
"1959-09-03",665.59,872.75
"1959-09-04",665.01,872.65
"1959-09-05",664.51,872.65
"1959-09-06",664.33,872.65
"1959-09-07",664.65,872.65
"1959-09-08",664.86,872.65
"1959-09-09",665.52,872.55
"1959-09-10",665.33,872.55
"1959-09-11",665.77,872.55
"1959-09-12",666.16,872.65
"1959-09-13",666.61,872.75
"1959-09-14",667.31,872.75
"1959-09-15",667.23,872.75
"1959-09-16",666.92,872.75
"1959-09-17",666.22,872.65
"1959-09-18",665.68,872.65
"1959-09-19",665.12,872.55
"1959-09-20",665.05,872.65
"1959-09-21",665.11,872.65
"1959-09-22",664.41,872.65
"1959-09-23",665.07,872.75
"1959-09-24",665.64,872.95
"1959-09-25",666.32,873.35
"1959-09-26",666.79,873.35
"1959-09-27",667.04,873.45
"1959-09-28",667.23,873.45
"1959-09-29",667.04,873.45
"1959-09-30",666.98,873.45
"1959-10-01",666.78,873.55
"1959-10-02",666.46,873.55
"1959-10-03",666.24,873.65
"1959-10-04",669.44,873.95
"1959-10-05",670.33,874.15
"1959-10-06",670.92,874.25
"1959-10-07",671.42,874.35
"1959-10-08",671.51,874.35
"1959-10-09",671.66,874.45
"1959-10-10",671.69,874.45
"1959-10-11",671.79,874.45
"1959-10-12",672.02,874.55
"1959-10-13",671.86,874.65
"1959-10-14",672.19,874.65
"1959-10-15",672.48,874.75
"1959-10-16",672.59,874.85
"1959-10-17",672.78,874.85
"1959-10-18",673.01,874.85
"1959-10-19",673.27,874.95
"1959-10-20",673.04,874.95
"1959-10-21",673.01,875.05
"1959-10-22",672.91,875.05
"1959-10-23",672.83,875.05
"1959-10-24",672.61,875.05
"1959-10-25",672.66,875.15
"1959-10-26",672.97,875.25
"1959-10-27",672.36,875.15
"1959-10-28",672.44,875.15
"1959-10-29",672.29,875.25
"1959-10-30",672.61,875.35
"1959-10-31",672.81,875.25
"1959-11-01",673.16,875.35
"1959-11-02",673.46,875.35
"1959-11-03",673.34,875.45
"1959-11-04",673.33,875.45
"1959-11-05",673.28,875.45
"1959-11-06",673,875.35
"1959-11-07",672.98,875.45
"1959-11-08",673.22,875.45
"1959-11-09",673.41,875.55
"1959-11-10",673.08,875.55
"1959-11-11",673.3,875.55
"1959-11-12",673.1,875.65
"1959-11-13",673.13,875.65
"1959-11-14",673.06,875.65
"1959-11-15",673.43,875.65
"1959-11-16",673.81,875.75
"1959-11-17",673.6,875.65
"1959-11-18",673.44,875.75
"1959-11-19",673.67,875.75
"1959-11-20",673.88,875.85
"1959-11-21",673.93,875.85
"1959-11-22",674.19,875.87
"1959-11-23",674.28,875.85
"1959-11-24",674.33,875.85
"1959-11-25",674.78,875.95
"1959-11-26",674.78,875.95
"1959-11-27",674.71,875.85
"1959-11-28",674.41,875.85
"1959-11-29",674.58,875.85
"1959-11-30",674.65,875.85
"1959-12-01",674.42,875.85
"1959-12-02",674.28,875.85
"1959-12-03",674.2,875.95
"1959-12-04",674.15,875.95
"1959-12-05",674.29,875.85
"1959-12-06",674.31,875.85
"1959-12-07",674.49,875.85
"1959-12-08",674.2,875.85
"1959-12-09",674.03,875.85
"1959-12-10",674.14,875.85
"1959-12-11",674.19,875.85
"1959-12-12",674.09,875.85
"1959-12-13",674.23,875.85
"1959-12-14",674.42,875.85
"1959-12-15",674.34,875.85
"1959-12-16",675.42,875.95
"1959-12-17",674.56,875.95
"1959-12-18",674.52,875.85
"1959-12-19",674.66,875.85
"1959-12-20",674.84,875.85
"1959-12-21",674.96,875.85
"1959-12-22",674.84,875.85
"1959-12-23",674.84,875.95
"1959-12-24",674.78,875.95
"1959-12-25",675.09,875.95
"1959-12-26",675.48,876.05
"1959-12-27",675.45,875.95
"1959-12-28",675.42,875.95
"1959-12-29",675.14,875.95
"1959-12-30",675.04,875.95
"1959-12-31",675.1,876.05
"1960-01-01",675.3,876.05
"1960-01-02",675.62,876.15
"1960-01-03",675.53,876.05
"1960-01-04",675.54,876.15
"1960-01-05",675.53,876.15
"1960-01-06",675.53,876.15
"1960-01-07",675.49,876.15
"1960-01-08",675.44,876.15
"1960-01-09",675.43,876.15
"1960-01-10",675.66,876.15
"1960-01-11",675.86,876.25
"1960-01-12",675.77,876.25
"1960-01-13",675.68,876.25
"1960-01-14",675.74,876.25
"1960-01-15",675.55,876.25
"1960-01-16",675.65,876.25
"1960-01-17",675.93,876.25
"1960-01-18",675.82,876.25
"1960-01-19",675.5,876.15
"1960-01-20",675.44,876.15
"1960-01-21",675.32,876.15
"1960-01-22",675.28,876.25
"1960-01-23",675.38,876.25
"1960-01-24",675.59,876.25
"1960-01-25",675.78,876.25
"1960-01-26",675.7,876.35
"1960-01-27",675.62,876.35
"1960-01-28",675.5,876.35
"1960-01-29",675.19,876.25
"1960-01-30",675.28,876.25
"1960-01-31",675.38,876.35
"1960-02-01",675.5,876.35
"1960-02-02",675.4,876.35
"1960-02-03",675.54,876.45
"1960-02-04",675.61,876.35
"1960-02-05",675.57,876.35
"1960-02-06",675.59,876.35
"1960-02-07",675.72,876.35
"1960-02-08",675.8,876.35
"1960-02-09",675.8,876.35
"1960-02-10",675.59,876.35
"1960-02-11",675.34,876.25
"1960-02-12",675.27,876.15
"1960-02-13",675.43,876.25
"1960-02-14",675.43,876.25
"1960-02-15",675.56,876.15
"1960-02-16",675.29,876.15
"1960-02-17",675.21,876.15
"1960-02-18",675.09,876.15
"1960-02-19",674.93,876.15
"1960-02-20",675.08,876.15
"1960-02-21",675.45,876.15
"1960-02-22",675.69,876.15
"1960-02-23",675.44,876.15
"1960-02-24",675.38,876.15
"1960-02-25",,876.15
"1960-02-26",674.98,876.15
"1960-02-27",675.18,876.15
"1960-02-28",675.34,876.15
"1960-02-29",675.01,876.15
"1960-03-01",675.24,876.15
"1960-03-02",675.33,876.25
"1960-03-03",675.12,876.15
"1960-03-04",675,876.15
"1960-03-05",675.04,876.15
"1960-03-06",675.21,876.15
"1960-03-07",675.43,876.15
"1960-03-08",675.34,876.15
"1960-03-09",675.31,876.15
"1960-03-10",675.12,876.15
"1960-03-11",675.03,876.15
"1960-03-12",674.98,876.15
"1960-03-13",675.12,876.15
"1960-03-14",675.11,876.25
"1960-03-15",675.32,876.25
"1960-03-16",675.05,876.25
"1960-03-17",674.82,876.15
"1960-03-18",674.78,876.15
"1960-03-19",674.54,876.15
"1960-03-20",674.28,876.15
"1960-03-21",674.31,876.05
"1960-03-22",673.86,876.15
"1960-03-23",673.69,876.05
"1960-03-24",673.54,876.15
"1960-03-25",673.39,876.05
"1960-03-26",673.93,876.15
"1960-03-27",674.44,876.15
"1960-03-28",674.8,876.25
"1960-03-29",674.8,876.25
"1960-03-30",674.7,876.25
"1960-03-31",674.66,876.25
"1960-04-01",674.63,876.35
"1960-04-02",674.47,876.35
"1960-04-03",674.71,876.25
"1960-04-04",674.9,876.25
"1960-04-05",674.39,876.25
"1960-04-06",674.05,876.25
"1960-04-07",673.74,876.35
"1960-04-08",673.56,876.25
"1960-04-09",673.53,876.25
"1960-04-10",673.59,876.25
"1960-04-11",673.78,876.25
"1960-04-12",673.7,876.25
"1960-04-13",673.89,876.25
"1960-04-14",673.79,876.25
"1960-04-15",673.75,876.25
"1960-04-16",673.35,876.25
"1960-04-17",673.18,876.25
"1960-04-18",673.83,876.15
"1960-04-19",673.15,876.25
"1960-04-20",672.89,876.25
"1960-04-21",672.41,876.15
"1960-04-22",671.98,876.15
"1960-04-23",672.27,876.15
"1960-04-24",672.32,876.25
"1960-04-25",672.72,876.25
"1960-04-26",672.74,876.25
"1960-04-27",672.96,876.25
"1960-04-28",673.09,876.25
"1960-04-29",673.15,876.25
"1960-04-30",674.06,876.25
"1960-05-01",674.33,876.15
"1960-05-02",674.68,876.25
"1960-05-03",674.62,876.15
"1960-05-04",674.76,876.25
"1960-05-05",674.59,876.15
"1960-05-06",674.4,876.05
"1960-05-07",674.23,876.05
"1960-05-08",674.15,875.95
"1960-05-09",674.28,876.05
"1960-05-10",673.3,875.85
"1960-05-11",672.68,875.85
"1960-05-12",673.15,875.85
"1960-05-13",673.39,875.85
"1960-05-14",673.38,875.75
"1960-05-15",673.1,875.75
"1960-05-16",672.96,875.75
"1960-05-17",672.17,875.75
"1960-05-18",672.19,875.75
"1960-05-19",671.85,875.75
"1960-05-20",671.42,875.65
"1960-05-21",672.29,875.65
"1960-05-22",672.57,875.75
"1960-05-23",672.68,875.75
"1960-05-24",672.29,875.75
"1960-05-25",671.79,875.75
"1960-05-26",671.68,875.75
"1960-05-27",670.96,875.65
"1960-05-28",670.31,875.64
"1960-05-29",670.06,875.55
"1960-05-30",670.22,875.55
"1960-05-31",669.22,875.45
"1960-06-01",668.24,875.35
"1960-06-02",667.98,875.35
"1960-06-03",667.01,875.25
"1960-06-04",665.97,875.15
"1960-06-05",665.58,875.05
"1960-06-06",665.69,875.05
"1960-06-07",664.78,875.05
"1960-06-08",664.15,874.85
"1960-06-09",663.42,874.85
"1960-06-10",662.92,874.75
"1960-06-11",663.28,874.65
"1960-06-12",663.16,874.55
"1960-06-13",662.97,874.45
"1960-06-14",661.74,
"1960-06-15",660.65,
"1960-06-16",660.04,
"1960-06-17",659.2,874.25
"1960-06-18",659.19,874.15
"1960-06-19",659.03,874.15
"1960-06-20",659.58,874.05
"1960-06-21",658.6,873.95
"1960-06-22",658.15,873.85
"1960-06-23",657.86,873.75
"1960-06-24",661.01,873.75
"1960-06-25",663.73,873.75
"1960-06-26",664.91,873.75
"1960-06-27",665.79,873.75
"1960-06-28",665.94,873.65
"1960-06-29",666.23,873.65
"1960-06-30",666.19,873.55
"1960-07-01",666.18,873.55
"1960-07-02",665.92,873.35
"1960-07-03",666.01,873.45
"1960-07-04",666.39,873.45
"1960-07-05",665.89,873.45
"1960-07-06",665.28,873.35
"1960-07-07",664.71,873.35
"1960-07-08",664.22,873.25
"1960-07-09",664.06,873.25
"1960-07-10",664.01,873.25
"1960-07-11",664.13,873.25
"1960-07-12",663.14,873.15
"1960-07-13",662.24,873.05
"1960-07-14",662.21,873.15
"1960-07-15",662.41,873.25
"1960-07-16",663.76,873.25
"1960-07-17",665.34,873.35
"1960-07-18",666.13,873.55
"1960-07-19",666.9,873.55
"1960-07-20",667.31,873.65
"1960-07-21",668.1,873.65
"1960-07-22",668.74,873.75
"1960-07-23",669.08,873.85
"1960-07-24",669.44,873.85
"1960-07-25",669.62,873.95
"1960-07-26",669.04,873.95
"1960-07-27",668.28,873.95
"1960-07-28",667.88,874.05
"1960-07-29",667.24,874.05
"1960-07-30",666.61,874.05
"1960-07-31",666.19,874.05
"1960-08-01",665.99,874.05
"1960-08-02",665.01,874.05
"1960-08-03",664.51,874.05
"1960-08-04",664.02,874.05
"1960-08-05",663.51,874.05
"1960-08-06",663.11,874.05
"1960-08-07",662.87,873.95
"1960-08-08",663.33,873.95
"1960-08-09",662.79,873.95
"1960-08-10",662.13,873.95
"1960-08-11",662.27,874.15
"1960-08-12",663.24,874.25
"1960-08-13",663.19,874.35
"1960-08-14",664.54,874.45
"1960-08-15",667.06,874.65
"1960-08-16",668.11,874.65
"1960-08-17",668.94,874.75
"1960-08-18",669.36,874.75
"1960-08-19",669.46,874.85
"1960-08-20",669.49,874.85
"1960-08-21",669.76,874.95
"1960-08-22",670.06,874.95
"1960-08-23",669.56,875.05
"1960-08-24",669.31,874.95
"1960-08-25",668.96,875.05
"1960-08-26",668.51,875.05
"1960-08-27",668.08,875.15
"1960-08-28",669.13,875.15
"1960-08-29",669.63,875.15
"1960-08-30",669.65,875.25
"1960-08-31",669.98,875.25
"1960-09-01",669.33,875.25
"1960-09-02",669.2,875.25
"1960-09-03",668.92,875.25
"1960-09-04",669.29,875.25
"1960-09-05",669.87,875.25
"1960-09-06",669.62,875.25
"1960-09-07",669.28,875.25
"1960-09-08",669.19,875.25
"1960-09-09",669.01,875.25
"1960-09-10",668.77,875.25
"1960-09-11",668.99,875.35
"1960-09-12",668.99,875.25
"1960-09-13",668.31,875.25
"1960-09-14",667.7,875.25
"1960-09-15",667.22,875.15
"1960-09-16",666.75,875.25
"1960-09-17",666.45,875.15
"1960-09-18",666.31,875.15
"1960-09-19",666.34,875.15
"1960-09-20",665.78,875.15
"1960-09-21",665.34,875.15
"1960-09-22",665.18,875.05
"1960-09-23",665.26,875.15
"1960-09-24",665.51,875.25
"1960-09-25",666.36,875.25
"1960-09-26",667.28,875.35
"1960-09-27",667.35,875.35
"1960-09-28",667.17,875.35
"1960-09-29",666.89,875.35
"1960-09-30",666.46,875.35
"1960-10-01",666.22,875.35
"1960-10-02",666.22,875.35
"1960-10-03",666.37,875.35
"1960-10-04",665.71,875.35
"1960-10-05",665.49,875.35
"1960-10-06",666.17,875.35
"1960-10-07",666.82,875.35
"1960-10-08",667.09,875.35
"1960-10-09",667.26,875.45
"1960-10-10",667.3,875.45
"1960-10-11",666.65,875.45
"1960-10-12",666.5,875.35
"1960-10-13",666.61,875.45
"1960-10-14",666.86,875.35
"1960-10-15",667.5,875.35
"1960-10-16",668.64,875.45
"1960-10-17",669.76,875.55
"1960-10-18",670.16,875.55
"1960-10-19",671.08,875.55
"1960-10-20",671.71,875.55
"1960-10-21",672.07,875.55
"1960-10-22",672.26,875.65
"1960-10-23",672.61,875.65
"1960-10-24",672.81,875.75
"1960-10-25",672.84,875.75
"1960-10-26",672.74,875.75
"1960-10-27",672.87,875.75
"1960-10-28",672.97,875.75
"1960-10-29",674.62,875.85
"1960-10-30",675.76,875.95
"1960-10-31",676.36,875.95
"1960-11-01",676.27,875.95
"1960-11-02",676.97,875.95
"1960-11-03",676.94,875.95
"1960-11-04",677.28,875.95
"1960-11-05",677.39,875.95
"1960-11-06",677.58,875.95
"1960-11-07",677.78,875.95
"1960-11-08",677.7,876.05
"1960-11-09",677.72,876.05
"1960-11-10",677.59,876.05
"1960-11-11",677.63,876.05
"1960-11-12",677.71,876.15
"1960-11-13",677.83,876.15
"1960-11-14",677.94,876.15
"1960-11-15",677.68,876.15
"1960-11-16",677.48,876.15
"1960-11-17",677.46,876.25
"1960-11-18",677.51,876.25
"1960-11-19",677.44,876.25
"1960-11-20",677.54,876.25
"1960-11-21",677.61,876.35
"1960-11-22",677.53,876.25
"1960-11-23",677.3,876.35
"1960-11-24",677.29,876.35
"1960-11-25",677.54,876.35
"1960-11-26",677.47,876.35
"1960-11-27",677.54,876.45
"1960-11-28",677.64,876.45
"1960-11-29",677.17,876.35
"1960-11-30",677.08,876.35
"1960-12-01",677.06,876.35
"1960-12-02",676.99,876.45
"1960-12-03",677.08,876.45
"1960-12-04",677.18,876.45
"1960-12-05",677.37,876.45
"1960-12-06",677.09,876.45
"1960-12-07",676.89,876.55
"1960-12-08",677.09,876.55
"1960-12-09",677.57,876.55
"1960-12-10",678,876.55
"1960-12-11",678.3,876.55
"1960-12-12",678.45,876.55
"1960-12-13",678.43,876.55
"1960-12-14",678.56,876.65
"1960-12-15",678.75,876.65
"1960-12-16",678.61,876.65
"1960-12-17",678.68,876.65
"1960-12-18",678.85,876.65
"1960-12-19",678.99,876.65
"1960-12-20",678.93,876.75
"1960-12-21",678.76,876.65
"1960-12-22",678.74,876.75
"1960-12-23",678.74,876.75
"1960-12-24",678.88,876.75
"1960-12-25",679.01,876.75
"1960-12-26",679.32,876.85
"1960-12-27",679.39,876.85
"1960-12-28",679.21,876.85
"1960-12-29",679.18,876.85
"1960-12-30",679.17,876.85
"1960-12-31",679.29,875.95
"1961-01-01",679.34,876.85
"1961-01-02",679.53,876.85
"1961-01-03",679.44,876.88
"1961-01-04",679.29,876.95
"1961-01-05",679.34,876.95
"1961-01-06",679.37,877.05
"1961-01-07",679.5,876.95
"1961-01-08",679.56,876.95
"1961-01-09",679.67,877.05
"1961-01-10",679.58,877.05
"1961-01-11",679.6,877.05
"1961-01-12",679.67,877.05
"1961-01-13",679.73,877.05
"1961-01-14",679.77,877.05
"1961-01-15",679.82,877.05
"1961-01-16",679.9,877.05
"1961-01-17",679.66,877.25
"1961-01-18",679.58,877.05
"1961-01-19",679.54,877.05
"1961-01-20",679.55,877.15
"1961-01-21",679.59,877.15
"1961-01-22",679.76,877.15
"1961-01-23",679.95,877.15
"1961-01-24",679.68,877.15
"1961-01-25",679.43,877.15
"1961-01-26",679.38,877.15
"1961-01-27",679.45,877.15
"1961-01-28",679.5,877.15
"1961-01-29",679.57,877.15
"1961-01-30",679.64,877.15
"1961-01-31",679.47,877.25
"1961-02-01",679.45,877.25
"1961-02-02",679.41,877.25
"1961-02-03",679.29,877.25
"1961-02-04",679.22,877.25
"1961-02-05",679.48,877.35
"1961-02-06",680.03,877.35
"1961-02-07",680.28,877.35
"1961-02-08",680.36,877.35
"1961-02-09",680.51,877.35
"1961-02-10",680.62,877.45
"1961-02-11",680.66,877.45
"1961-02-12",680.87,877.45
"1961-02-13",681.08,877.45
"1961-02-14",680.92,877.45
"1961-02-15",680.2,877.45
"1961-02-16",680.02,877.55
"1961-02-17",680.68,877.55
"1961-02-18",680.77,877.55
"1961-02-19",680.86,877.55
"1961-02-20",681.16,877.55
"1961-02-21",681.13,877.55
"1961-02-22",681.11,877.65
"1961-02-23",681.11,877.65
"1961-02-24",681,877.65
"1961-02-25",681.03,877.55
"1961-02-26",681.01,877.65
"1961-02-27",681.17,877.65
"1961-02-28",680.86,877.65
"1961-03-01",680.69,877.65
"1961-03-02",680.6,877.65
"1961-03-03",680.51,877.75
"1961-03-04",680.59,877.75
"1961-03-05",680.54,877.75
"1961-03-06",680.47,877.75
"1961-03-07",680.04,877.65
"1961-03-08",679.69,877.65
"1961-03-09",679.49,877.55
"1961-03-10",679.44,877.55
"1961-03-11",679.52,877.65
"1961-03-12",679.66,877.65
"1961-03-13",679.58,877.55
"1961-03-14",679.02,877.55
"1961-03-15",678.72,877.55
"1961-03-16",678.68,877.55
"1961-03-17",679.04,877.55
"1961-03-18",678.75,877.45
"1961-03-19",678.59,877.45
"1961-03-20",678.97,877.45
"1961-03-21",678.44,877.45
"1961-03-22",678.06,877.45
"1961-03-23",677.59,877.35
"1961-03-24",677.26,877.35
"1961-03-25",677.4,877.25
"1961-03-26",677.92,877.35
"1961-03-27",677.76,877.25
"1961-03-28",677.17,877.25
"1961-03-29",676.74,877.15
"1961-03-30",676.93,877.15
"1961-03-31",677.31,877.25
"1961-04-01",677.36,877.15
"1961-04-02",676.94,877.15
"1961-04-03",677.21,877.25
"1961-04-04",676.34,877.15
"1961-04-05",675.89,877.05
"1961-04-06",676.29,877.15
"1961-04-07",676.59,877.25
"1961-04-08",676.83,877.35
"1961-04-09",676.97,877.35
"1961-04-10",676.91,877.35
"1961-04-11",676.51,877.35
"1961-04-12",676.06,877.25
"1961-04-13",675.48,877.25
"1961-04-14",675.32,877.25
"1961-04-15",674.6,877.15
"1961-04-16",675.15,877.15
"1961-04-17",674.94,877.15
"1961-04-18",674.27,877.05
"1961-04-19",673.91,877.05
"1961-04-20",673.87,877.05
"1961-04-21",673.97,876.95
"1961-04-22",674.08,876.95
"1961-04-23",673.93,876.95
"1961-04-24",674.15,876.95
"1961-04-25",673.36,876.85
"1961-04-26",672.92,876.85
"1961-04-27",672.45,876.75
"1961-04-28",671.81,876.75
"1961-04-29",672.83,876.85
"1961-04-30",673.58,876.85
"1961-05-01",673.75,876.95
"1961-05-02",672.99,876.85
"1961-05-03",672.96,876.85
"1961-05-04",672.39,876.75
"1961-05-05",672.41,876.75
"1961-05-06",672.39,876.75
"1961-05-07",672.48,876.75
"1961-05-08",672.26,876.75
"1961-05-09",671.46,
"1961-05-10",670.91,
"1961-05-11",670.34,
"1961-05-12",669.98,
"1961-05-13",669.86,
"1961-05-14",669.9,
"1961-05-15",670.45,
"1961-05-16",670.19,
"1961-05-17",668.92,
"1961-05-18",668.59,
"1961-05-19",668.21,876.15
"1961-05-20",667.91,876.25
"1961-05-21",667.68,876.25
"1961-05-22",667.94,876.25
"1961-05-23",667.01,876.15
"1961-05-24",667.85,876.15
"1961-05-25",667.46,876.25
"1961-05-26",667.21,876.25
"1961-05-27",667.33,876.15
"1961-05-28",667.31,876.15
"1961-05-29",667.61,876.15
"1961-05-30",666.55,876.05
"1961-05-31",665.96,875.95
"1961-06-01",665.51,875.95
"1961-06-02",665.18,875.85
"1961-06-03",664.96,875.85
"1961-06-04",665.02,875.85
"1961-06-05",665.4,875.75
"1961-06-06",664.62,875.75
"1961-06-07",664.26,875.65
"1961-06-08",663.9,875.75
"1961-06-09",665.06,875.85
"1961-06-10",666.53,875.85
"1961-06-11",667.6,875.75
"1961-06-12",668.4,875.75
"1961-06-13",668.24,875.65
"1961-06-14",669.16,875.55
"1961-06-15",669.57,875.65
"1961-06-16",670.21,875.75
"1961-06-17",670.89,875.85
"1961-06-18",673.5,876.05
"1961-06-19",674.18,876.05
"1961-06-20",674.64,876.05
"1961-06-21",674.89,876.15
"1961-06-22",674.96,876.15
"1961-06-23",674.89,876.15
"1961-06-24",674.69,876.15
"1961-06-25",674.75,876.25
"1961-06-26",674.76,876.25
"1961-06-27",674.17,876.25
"1961-06-28",673.79,876.25
"1961-06-29",673.4,876.25
"1961-06-30",673.09,876.25
"1961-07-01",672.96,876.25
"1961-07-02",672.98,876.25
"1961-07-03",672.96,876.25
"1961-07-04",672.71,876.25
"1961-07-05",672.27,876.25
"1961-07-06",671.84,876.25
"1961-07-07",671.59,876.25
"1961-07-08",671.27,876.25
"1961-07-09",671.76,876.25
"1961-07-10",673.12,876.45
"1961-07-11",673.82,876.55
"1961-07-12",674.21,876.55
"1961-07-13",674.2,876.55
"1961-07-14",674.41,876.65
"1961-07-15",674.51,876.65
"1961-07-16",674.74,876.65
"1961-07-17",674.66,876.75
"1961-07-18",674.28,876.85
"1961-07-19",673.86,876.85
"1961-07-20",673.51,876.85
"1961-07-21",673.29,876.95
"1961-07-22",673.76,876.95
"1961-07-23",675.36,
"1961-07-24",675.96,
"1961-07-25",676.2,
"1961-07-26",676.35,877.55
"1961-07-27",676.41,877.65
"1961-07-28",676.36,877.65
"1961-07-29",676.41,877.75
"1961-07-30",676.44,877.75
"1961-07-31",676.34,877.75
"1961-08-01",675.91,877.75
"1961-08-02",675.64,877.75
"1961-08-03",675.33,877.75
"1961-08-04",674.92,877.75
"1961-08-05",674.98,877.75
"1961-08-06",675.41,877.75
"1961-08-07",675.44,877.75
"1961-08-08",674.91,877.75
"1961-08-09",674.59,877.65
"1961-08-10",674.22,877.75
"1961-08-11",674.34,877.75
"1961-08-12",674.4,877.75
"1961-08-13",674.41,877.75
"1961-08-14",674.24,877.75
"1961-08-15",673.51,877.65
"1961-08-16",673.21,877.55
"1961-08-17",672.86,877.55
"1961-08-18",672.67,877.55
"1961-08-19",672.64,877.65
"1961-08-20",672.81,877.75
"1961-08-21",673.02,877.75
"1961-08-22",672.28,877.75
"1961-08-23",671.62,877.75
"1961-08-24",671.23,877.75
"1961-08-25",670.94,877.65
"1961-08-26",670.85,877.65
"1961-08-27",670.82,877.65
"1961-08-28",670.84,877.65
"1961-08-29",670.4,877.55
"1961-08-30",670.24,877.55
"1961-08-31",669.94,877.55
"1961-09-01",669.5,877.55
"1961-09-02",669.06,877.45
"1961-09-03",669.2,877.45
"1961-09-04",669.73,877.45
"1961-09-05",669.4,877.35
"1961-09-06",669.02,877.35
"1961-09-07",668.6,877.35
"1961-09-08",668.25,877.35
"1961-09-09",668.47,877.35
"1961-09-10",669.24,877.35
"1961-09-11",670.54,877.45
"1961-09-12",671.32,877.55
"1961-09-13",671.68,877.45
"1961-09-14",672.1,877.35
"1961-09-15",672.33,877.35
"1961-09-16",672.62,877.35
"1961-09-17",672.91,877.35
"1961-09-18",673.27,877.35
"1961-09-19",673.05,877.35
"1961-09-20",672.91,877.35
"1961-09-21",672.72,877.35
"1961-09-22",672.46,877.35
"1961-09-23",672.13,877.25
"1961-09-24",672.12,877.25
"1961-09-25",672.04,877.25
"1961-09-26",672.79,877.25
"1961-09-27",672.8,877.25
"1961-09-28",672.74,877.15
"1961-09-29",672.74,877.15
"1961-09-30",672.73,877.15
"1961-10-01",672.74,877.15
"1961-10-02",672.77,877.25
"1961-10-03",673.31,877.25
"1961-10-04",673.49,877.35
"1961-10-05",672.63,877.35
"1961-10-06",673.63,877.35
"1961-10-07",673.63,877.35
"1961-10-08",673.68,877.35
"1961-10-09",673.9,877.35
"1961-10-10",673.62,877.45
"1961-10-11",674.59,877.55
"1961-10-12",675.52,877.65
"1961-10-13",675.94,877.65
"1961-10-14",675.99,877.65
"1961-10-15",676.09,877.75
"1961-10-16",676.18,877.75
"1961-10-17",675.92,877.75
"1961-10-18",675.72,877.85
"1961-10-19",675.42,877.85
"1961-10-20",675.19,877.85
"1961-10-21",675.04,877.85
"1961-10-22",674.98,877.85
"1961-10-23",675.19,877.85
"1961-10-24",674.67,877.85
"1961-10-25",674.3,877.85
"1961-10-26",674.19,877.95
"1961-10-27",674.83,878.05
"1961-10-28",675.12,878.15
"1961-10-29",675.36,878.15
"1961-10-30",675.45,878.15
"1961-10-31",675.26,878.15
"1961-11-01",675.27,878.25
"1961-11-02",675.32,878.25
"1961-11-03",675.36,878.25
"1961-11-04",675.45,878.25
"1961-11-05",675.54,878.25
"1961-11-06",675.71,878.25
"1961-11-07",675.56,878.25
"1961-11-08",675.41,878.25
"1961-11-09",675.25,878.25
"1961-11-10",675.31,878.35
"1961-11-11",675.53,878.35
"1961-11-12",675.66,878.35
"1961-11-13",675.69,878.35
"1961-11-14",675.74,878.35
"1961-11-15",675.82,878.35
"1961-11-16",675.69,878.35
"1961-11-17",675.7,878.35
"1961-11-18",675.84,878.35
"1961-11-19",676.02,878.45
"1961-11-20",676.12,878.35
"1961-11-21",676.03,878.45
"1961-11-22",676.16,878.45
"1961-11-23",675.97,878.45
"1961-11-24",676.12,878.45
"1961-11-25",676,878.45
"1961-11-26",676.03,878.35
"1961-11-27",676.15,878.35
"1961-11-28",675.93,878.35
"1961-11-29",675.88,878.35
"1961-11-30",675.84,878.35
"1961-12-01",675.88,878.35
"1961-12-02",675.79,878.35
"1961-12-03",675.85,878.35
"1961-12-04",675.99,878.35
"1961-12-05",675.75,878.35
"1961-12-06",675.75,878.35
"1961-12-07",675.68,878.25
"1961-12-08",675.61,878.35
"1961-12-09",675.92,878.35
"1961-12-10",675.93,878.35
"1961-12-11",676.11,878.35
"1961-12-12",675.9,878.35
"1961-12-13",675.53,878.35
"1961-12-14",675.61,878.35
"1961-12-15",675.66,878.35
"1961-12-16",675.78,878.35
"1961-12-17",675.95,878.35
"1961-12-18",676.07,878.45
"1961-12-19",675.73,878.35
"1961-12-20",675.56,878.25
"1961-12-21",675.61,878.35
"1961-12-22",675.56,878.35
"1961-12-23",675.51,878.25
"1961-12-24",675.56,878.25
"1961-12-25",675.74,878.35
"1961-12-26",675.96,878.35
"1961-12-27",675.61,878.35
"1961-12-28",675.46,878.25
"1961-12-29",675.24,878.25
"1961-12-30",675.34,878.25
"1961-12-31",675.46,878.25
"1962-01-01",675.51,878.25
"1962-01-02",675.51,878.25
"1962-01-03",675.14,878.25
"1962-01-04",675.11,878.25
"1962-01-05",674.9,878.25
"1962-01-06",674.8,878.15
"1962-01-07",674.96,878.25
"1962-01-08",675.1,878.15
"1962-01-09",674.61,878.15
"1962-01-10",673.88,878.05
"1962-01-11",673.51,878.05
"1962-01-12",673.01,878.05
"1962-01-13",672.94,878.05
"1962-01-14",673.68,878.15
"1962-01-15",673.78,878.05
"1962-01-16",673.49,878.05
"1962-01-17",673.46,877.95
"1962-01-18",673.48,878.05
"1962-01-19",673.68,877.95
"1962-01-20",673.61,878.05
"1962-01-21",673.94,878.05
"1962-01-22",674.33,878.05
"1962-01-23",673.64,878.05
"1962-01-24",673.82,878.05
"1962-01-25",674.09,878.15
"1962-01-26",674.12,878.15
"1962-01-27",674.09,878.05
"1962-01-28",674.06,877.95
"1962-01-29",674.21,877.95
"1962-01-30",673.29,877.95
"1962-01-31",673.47,877.95
"1962-02-01",673.46,877.95
"1962-02-02",673.38,877.93
"1962-02-03",673.32,877.85
"1962-02-04",673.37,878.05
"1962-02-05",673.55,877.85
"1962-02-06",673.18,877.75
"1962-02-07",673.09,877.85
"1962-02-08",673.03,877.85
"1962-02-09",672.68,877.75
"1962-02-10",672.26,877.75
"1962-02-11",672.07,877.65
"1962-02-12",672.08,877.65
"1962-02-13",671.6,877.65
"1962-02-14",671.14,877.65
"1962-02-15",671.38,877.65
"1962-02-16",,877.65
"1962-02-17",672.12,877.55
"1962-02-18",672.33,877.55
"1962-02-19",672.33,877.55
"1962-02-20",671.96,877.55
"1962-02-21",672.24,877.55
"1962-02-22",672.18,877.45
"1962-02-23",671.91,877.45
"1962-02-24",672.17,877.45
"1962-02-25",672.19,877.45
"1962-02-26",672.2,877.45
"1962-02-27",672.36,877.35
"1962-02-28",672.37,877.35
"1962-03-01",672.25,877.25
"1962-03-02",672.5,877.25
"1962-03-03",672.34,877.15
"1962-03-04",672.19,877.15
"1962-03-05",672.19,877.15
"1962-03-06",671.64,877.05
"1962-03-07",671.68,877.05
"1962-03-08",671.68,877.05
"1962-03-09",671.59,876.95
"1962-03-10",671.1,876.95
"1962-03-11",670.9,877.05
"1962-03-12",671.11,877.05
"1962-03-13",670.35,876.95
"1962-03-14",670.86,876.95
"1962-03-15",671.46,876.95
"1962-03-16",671.56,876.95
"1962-03-17",671.48,876.85
"1962-03-18",671.86,876.85
"1962-03-19",672.31,876.85
"1962-03-20",672.23,876.85
"1962-03-21",671.87,876.75
"1962-03-22",671.31,876.65
"1962-03-23",670.93,876.65
"1962-03-24",670.59,876.65
"1962-03-25",670.36,876.65
"1962-03-26",670.46,876.65
"1962-03-27",669.32,876.45
"1962-03-28",668.84,876.45
"1962-03-29",668.7,876.45
"1962-03-30",668.45,876.45
"1962-03-31",669.18,876.45
"1962-04-01",669.66,876.35
"1962-04-02",669.4,876.35
"1962-04-03",668.93,876.35
"1962-04-04",669.23,876.45
"1962-04-05",669.78,876.45
"1962-04-06",670.19,876.45
"1962-04-07",670.74,876.45
"1962-04-08",671.43,876.45
"1962-04-09",671.73,876.45
"1962-04-10",671.5,876.35
"1962-04-11",671.18,876.35
"1962-04-12",671.25,876.25
"1962-04-13",671,876.15
"1962-04-14",670.44,876.15
"1962-04-15",670.3,876.15
"1962-04-16",669.93,876.15
"1962-04-17",670.09,876.05
"1962-04-18",669.14,875.95
"1962-04-19",668.98,875.95
"1962-04-20",668.7,875.95
"1962-04-21",668.6,875.85
"1962-04-22",668.7,875.85
"1962-04-23",669.53,875.95
"1962-04-24",670.26,875.95
"1962-04-25",670.73,875.95
"1962-04-26",671.09,875.95
"1962-04-27",671.68,876.05
"1962-04-28",672.41,876.05
"1962-04-29",672.87,876.05
"1962-04-30",673.09,876.05
"1962-05-01",672.71,876.05
"1962-05-02",672.81,876.05
"1962-05-03",672.54,875.95
"1962-05-04",672.29,875.95
"1962-05-05",671.84,875.95
"1962-05-06",671.58,875.95
"1962-05-07",671.43,875.95
"1962-05-08",670.62,875.85
"1962-05-09",669.93,875.85
"1962-05-10",669.45,875.85
"1962-05-11",668.9,875.75
"1962-05-12",668.5,875.75
"1962-05-13",668.21,875.75
"1962-05-14",668.57,875.75
"1962-05-15",667.62,875.75
"1962-05-16",666.89,875.65
"1962-05-17",666.83,875.65
"1962-05-18",666.25,875.65
"1962-05-19",665.65,875.55
"1962-05-20",665.36,875.55
"1962-05-21",665.35,875.55
"1962-05-22",664.53,875.45
"1962-05-23",663.68,875.45
"1962-05-24",663.17,875.35
"1962-05-25",662.56,875.35
"1962-05-26",662.23,875.35
"1962-05-27",661.71,875.25
"1962-05-28",662.06,875.25
"1962-05-29",662.68,875.25
"1962-05-30",663.58,875.25
"1962-05-31",663.23,875.25
"1962-06-01",665.31,875.25
"1962-06-02",666.31,875.25
"1962-06-03",667.08,875.25
"1962-06-04",667.69,875.25
"1962-06-05",667.66,875.25
"1962-06-06",667.75,875.25
"1962-06-07",667.66,875.25
"1962-06-08",667.38,875.15
"1962-06-09",667.18,875.15
"1962-06-10",667.17,875.16
"1962-06-11",667.25,875.05
"1962-06-12",666.04,874.95
"1962-06-13",665.24,874.95
"1962-06-14",664.31,874.85
"1962-06-15",663.76,874.75
"1962-06-16",662.99,874.75
"1962-06-17",663.1,874.65
"1962-06-18",663.06,874.65
"1962-06-19",661.78,874.55
"1962-06-20",661.96,874.45
"1962-06-21",661.34,874.35
"1962-06-22",660.63,874.35
"1962-06-23",660.19,874.25
"1962-06-24",660.23,874.15
"1962-06-25",660.41,874.05
"1962-06-26",659.53,874.05
"1962-06-27",660.56,873.95
"1962-06-28",662.38,874.05
"1962-06-29",662.44,874.15
"1962-06-30",662.56,874.05
"1962-07-01",663.23,874.05
"1962-07-02",663.68,874.05
"1962-07-03",662.78,873.95
"1962-07-04",662.12,873.85
"1962-07-05",661.76,873.75
"1962-07-06",660.61,873.75
"1962-07-07",659.71,873.55
"1962-07-08",659.57,873.55
"1962-07-09",659.68,873.45
"1962-07-10",658.36,873.35
"1962-07-11",657.38,873.25
"1962-07-12",656.54,873.15
"1962-07-13",655.84,873.05
"1962-07-14",655.59,873.05
"1962-07-15",655.61,873.05
"1962-07-16",655.79,873.05
"1962-07-17",654.89,872.95
"1962-07-18",654.19,872.95
"1962-07-19",653.68,872.85
"1962-07-20",653.19,872.75
"1962-07-21",652.88,872.65
"1962-07-22",652.88,872.65
"1962-07-23",653.27,872.75
"1962-07-24",652.18,872.65
"1962-07-25",651.57,872.55
"1962-07-26",650.78,872.55
"1962-07-27",650.66,872.55
"1962-07-28",650.52,872.45
"1962-07-29",650.78,872.45
"1962-07-30",651.08,872.45
"1962-07-31",649.84,872.35
"1962-08-01",649.34,872.35
"1962-08-02",649.08,872.25
"1962-08-03",648.92,872.15
"1962-08-04",648.87,872.15
"1962-08-05",649.15,872.15
"1962-08-06",649.26,872.15
"1962-08-07",648.47,872.05
"1962-08-08",647.92,872.05
"1962-08-09",647.77,871.95
"1962-08-10",647.48,871.95
"1962-08-11",647.29,871.85
"1962-08-12",647.52,871.85
"1962-08-13",648.09,871.95
"1962-08-14",647.34,871.95
"1962-08-15",647.34,871.85
"1962-08-16",649.11,871.85
"1962-08-17",649.03,871.85
"1962-08-18",648.62,871.75
"1962-08-19",648.57,871.75
"1962-08-20",648.99,871.75
"1962-08-21",648.02,871.65
"1962-08-22",648.03,871.65
"1962-08-23",647.24,871.65
"1962-08-24",646.94,871.55
"1962-08-25",649.55,871.75
"1962-08-26",651.62,871.85
"1962-08-27",652.7,871.95
"1962-08-28",652.27,871.95
"1962-08-29",652.15,871.95
"1962-08-30",651.92,871.95
"1962-08-31",651.81,872.45
"1962-09-01",651.68,871.85
"1962-09-02",652.1,871.85
"1962-09-03",652.87,871.85
"1962-09-04",652.27,871.85
"1962-09-05",651.48,871.75
"1962-09-06",652.38,871.75
"1962-09-07",653.44,871.75
"1962-09-08",655.26,871.85
"1962-09-09",656.74,871.85
"1962-09-10",657.46,871.85
"1962-09-11",657.54,871.85
"1962-09-12",657.73,871.85
"1962-09-13",657.19,871.85
"1962-09-14",656.89,871.85
"1962-09-15",656.48,871.75
"1962-09-16",656.31,871.75
"1962-09-17",656.23,871.65
"1962-09-18",657.08,871.65
"1962-09-19",657.41,871.55
"1962-09-20",657.17,871.55
"1962-09-21",656.68,871.45
"1962-09-22",656.46,871.45
"1962-09-23",656.49,871.45
"1962-09-24",656.66,871.45
"1962-09-25",656.03,871.35
"1962-09-26",656.44,871.35
"1962-09-27",657.45,871.35
"1962-09-28",658.08,871.45
"1962-09-29",658.54,871.45
"1962-09-30",658.96,871.35
"1962-10-01",659.12,871.35
"1962-10-02",658.56,871.35
"1962-10-03",658.28,871.25
"1962-10-04",657.95,871.25
"1962-10-05",657.54,871.15
"1962-10-06",657.75,871.05
"1962-10-07",657.48,871.05
"1962-10-08",657.42,871.05
"1962-10-09",656.77,870.95
"1962-10-10",657.15,870.95
"1962-10-11",657.02,870.85
"1962-10-12",656.82,870.75
"1962-10-13",656.56,870.75
"1962-10-14",657.44,870.75
"1962-10-15",657.03,870.75
"1962-10-16",656.44,870.65
"1962-10-17",656.54,870.55
"1962-10-18",656.94,870.65
"1962-10-19",657.03,870.65
"1962-10-20",657.22,870.65
"1962-10-21",657.41,870.65
"1962-10-22",657.96,870.65
"1962-10-23",657.44,870.55
"1962-10-24",657.1,870.55
"1962-10-25",657.08,870.55
"1962-10-26",657.39,870.55
"1962-10-27",657.25,870.55
"1962-10-28",657.55,870.55
"1962-10-29",658.3,870.55
"1962-10-30",658.27,870.55
"1962-10-31",658.18,870.55
"1962-11-01",658.26,870.55
"1962-11-02",657.98,870.45
"1962-11-03",657.81,870.45
"1962-11-04",658.18,870.35
"1962-11-05",658.5,870.45
"1962-11-06",658.28,870.45
"1962-11-07",658.94,870.35
"1962-11-08",659.03,870.35
"1962-11-09",659.16,870.35
"1962-11-10",659.31,870.25
"1962-11-11",659.39,870.25
"1962-11-12",659.44,870.15
"1962-11-13",658.97,870.15
"1962-11-14",658.84,870.15
"1962-11-15",658.79,870.05
"1962-11-16",658.76,870.05
"1962-11-17",658.84,869.95
"1962-11-18",659.33,869.95
"1962-11-19",659.84,869.95
"1962-11-20",660.4,870.05
"1962-11-21",660.82,870.05
"1962-11-22",660.79,870.05
"1962-11-23",661.13,869.95
"1962-11-24",661.07,870.05
"1962-11-25",661.53,870.05
"1962-11-26",661.9,870.05
"1962-11-27",663.04,870.05
"1962-11-28",664.06,870.15
"1962-11-29",664.44,870.05
"1962-11-30",664.38,870.05
"1962-12-01",664.54,870.05
"1962-12-02",664.82,870.05
"1962-12-03",665.12,870.05
"1962-12-04",665.03,870.05
"1962-12-05",664.98,869.95
"1962-12-06",664.98,869.95
"1962-12-07",665.13,869.95
"1962-12-08",665.16,869.95
"1962-12-09",665.26,869.95
"1962-12-10",665.38,869.95
"1962-12-11",665.2,869.95
"1962-12-12",664.66,869.95
"1962-12-13",664.56,869.95
"1962-12-14",664.82,869.95
"1962-12-15",665.02,869.95
"1962-12-16",665.17,869.95
"1962-12-17",665.16,869.95
"1962-12-18",664.99,869.95
"1962-12-19",664.98,869.95
"1962-12-20",664.84,869.95
"1962-12-21",664.85,869.85
"1962-12-22",665.04,869.85
"1962-12-23",665.12,869.85
"1962-12-24",665.28,869.85
"1962-12-25",665.54,869.85
"1962-12-26",665.59,869.85
"1962-12-27",665.42,869.75
"1962-12-28",665.49,869.75
"1962-12-29",665.4,869.75
"1962-12-30",665.5,869.75
"1962-12-31",665.88,869.75
"1963-01-01",665.69,869.65
"1963-01-02",665.8,869.65
"1963-01-03",665.47,869.65
"1963-01-04",665.41,869.65
"1963-01-05",665.34,869.65
"1963-01-06",665.29,869.65
"1963-01-07",665.59,869.65
"1963-01-08",665.24,869.55
"1963-01-09",665.18,869.55
"1963-01-10",664.91,869.55
"1963-01-11",664.59,869.45
"1963-01-12",663.98,869.35
"1963-01-13",663.51,869.35
"1963-01-14",663.07,869.35
"1963-01-15",663.09,869.35
"1963-01-16",663.19,869.35
"1963-01-17",663.53,869.25
"1963-01-18",663.88,869.25
"1963-01-19",663.91,869.25
"1963-01-20",663.32,869.15
"1963-01-21",663.08,869.15
"1963-01-22",663.54,869.05
"1963-01-23",663.42,869.05
"1963-01-24",662.36,868.95
"1963-01-25",662.41,868.95
"1963-01-26",662.9,868.95
"1963-01-27",662.51,868.85
"1963-01-28",662.75,868.85
"1963-01-29",662.85,868.85
"1963-01-30",662.9,868.75
"1963-01-31",662.84,868.75
"1963-02-01",662.9,868.69
"1963-02-02",662.8,868.65
"1963-02-03",662.49,868.55
"1963-02-04",662.78,868.45
"1963-02-05",662.44,868.35
"1963-02-06",662.17,868.35
"1963-02-07",661.81,868.25
"1963-02-08",661.56,868.25
"1963-02-09",661.28,868.15
"1963-02-10",661.29,868.15
"1963-02-11",661.57,868.15
"1963-02-12",661.38,868.15
"1963-02-13",661.44,868.15
"1963-02-14",661.45,868.25
"1963-02-15",661.36,868.15
"1963-02-16",661.29,868.15
"1963-02-17",662.19,868.25
"1963-02-18",663.14,868.35
"1963-02-19",663.82,868.35
"1963-02-20",663.95,868.35
"1963-02-21",664.24,868.35
"1963-02-22",663.98,868.35
"1963-02-23",664.26,868.35
"1963-02-24",664.53,868.45
"1963-02-25",664.74,868.45
"1963-02-26",664.46,868.35
"1963-02-27",664.4,868.35
"1963-02-28",664.36,868.35
"1963-03-01",664.32,868.35
"1963-03-02",664.26,868.35
"1963-03-03",664.08,868.25
"1963-03-04",664.63,868.25
"1963-03-05",663.82,868.25
"1963-03-06",663.98,868.25
"1963-03-07",663.45,868.15
"1963-03-08",662.98,868.15
"1963-03-09",663.24,868.15
"1963-03-10",663.41,868.05
"1963-03-11",662.95,868.05
"1963-03-12",663,868.05
"1963-03-13",662.39,867.95
"1963-03-14",661.87,867.85
"1963-03-15",662.41,867.85
"1963-03-16",662.95,867.95
"1963-03-17",663.06,867.85
"1963-03-18",663.15,867.85
"1963-03-19",662.24,867.75
"1963-03-20",662.05,867.65
"1963-03-21",661.37,867.55
"1963-03-22",661.23,867.55
"1963-03-23",661.05,867.45
"1963-03-24",661.29,867.45
"1963-03-25",661.28,867.45
"1963-03-26",660.51,867.35
"1963-03-27",660.16,867.35
"1963-03-28",659.5,867.35
"1963-03-29",659.01,867.25
"1963-03-30",658.91,867.25
"1963-03-31",658.77,867.25
"1963-04-01",658.84,867.25
"1963-04-02",658.6,867.15
"1963-04-03",658.39,867.15
"1963-04-04",658.07,867.15
"1963-04-05",659.63,867.25
"1963-04-06",660.45,867.35
"1963-04-07",660.9,867.45
"1963-04-08",661.54,867.45
"1963-04-09",661.37,867.45
"1963-04-10",660.99,867.45
"1963-04-11",660.49,867.45
"1963-04-12",660.31,867.45
"1963-04-13",660.37,867.35
"1963-04-14",660.1,867.35
"1963-04-15",660.53,867.35
"1963-04-16",660.24,867.35
"1963-04-17",659.73,867.25
"1963-04-18",659.19,867.25
"1963-04-19",658.69,867.15
"1963-04-20",658.71,867.15
"1963-04-21",658.53,867.15
"1963-04-22",658.72,867.05
"1963-04-23",657.52,867.05
"1963-04-24",656.99,866.95
"1963-04-25",657.01,866.95
"1963-04-26",656.56,866.85
"1963-04-27",656.72,866.85
"1963-04-28",657.34,866.85
"1963-04-29",658.09,866.75
"1963-04-30",657.27,866.75
"1963-05-01",657.02,866.75
"1963-05-02",657.89,866.75
"1963-05-03",658.33,866.75
"1963-05-04",657.98,866.75
"1963-05-05",657.93,866.75
"1963-05-06",658.71,867.15
"1963-05-07",659.23,867.35
"1963-05-08",659.11,867.45
"1963-05-09",658.92,867.45
"1963-05-10",658.39,867.55
"1963-05-11",657.52,867.55
"1963-05-12",657.37,867.65
"1963-05-13",657.41,867.75
"1963-05-14",655.93,867.75
"1963-05-15",654.84,867.75
"1963-05-16",654.12,867.75
"1963-05-17",653.77,867.75
"1963-05-18",653.12,867.75
"1963-05-19",653.64,867.85
"1963-05-20",654.48,867.95
"1963-05-21",655.43,867.95
"1963-05-22",655.02,868.05
"1963-05-23",654.89,868.15
"1963-05-24",654.89,868.15
"1963-05-25",654.36,868.25
"1963-05-26",653.99,868.25
"1963-05-27",653.82,868.25
"1963-05-28",652.54,868.25
"1963-05-29",651.67,868.29
"1963-05-30",650.87,868.29
"1963-05-31",650.44,868.25
"1963-06-01",650.41,868.25
"1963-06-02",650.41,868.25
"1963-06-03",648.86,868.25
"1963-06-04",648.23,868.15
"1963-06-05",647.7,868.05
"1963-06-06",647.03,868.05
"1963-06-07",647.22,868.05
"1963-06-08",647.32,868.05
"1963-06-09",647.47,868.05
"1963-06-10",645.76,868.05
"1963-06-11",645.12,868.05
"1963-06-12",645.05,867.95
"1963-06-13",644.55,867.95
"1963-06-14",644.15,867.75
"1963-06-15",644.29,867.65
"1963-06-16",646.76,867.55
"1963-06-17",648.01,867.75
"1963-06-18",648.62,867.75
"1963-06-19",648.79,867.75
"1963-06-20",649.71,867.75
"1963-06-21",650.12,867.85
"1963-06-22",649.9,867.75
"1963-06-23",649.81,867.75
"1963-06-24",649.78,867.75
"1963-06-25",649.22,867.75
"1963-06-26",650.81,867.75
"1963-06-27",650.03,867.65
"1963-06-28",649.98,867.55
"1963-06-29",649.57,867.45
"1963-06-30",649.57,867.45
"1963-07-01",650.29,867.35
"1963-07-02",650.03,867.35
"1963-07-03",650.76,867.35
"1963-07-04",650.97,867.35
"1963-07-05",650.64,867.35
"1963-07-06",649.72,867.25
"1963-07-07",649.19,867.15
"1963-07-08",648.96,867.15
"1963-07-09",647.41,867.05
"1963-07-10",646.38,866.95
"1963-07-11",645.68,866.85
"1963-07-12",645.35,866.85
"1963-07-13",644.98,866.75
"1963-07-14",,866.75
"1963-07-15",,866.75
"1963-07-16",,866.65
"1963-07-17",,866.55
"1963-07-18",,866.45
"1963-07-19",,866.45
"1963-07-20",,866.35
"1963-07-21",,866.25
"1963-07-22",,866.25
"1963-07-23",,866.15
"1963-07-24",640.62,866.05
"1963-07-25",640.18,865.95
"1963-07-26",640.01,865.95
"1963-07-27",640.3,865.85
"1963-07-28",640.67,865.85
"1963-07-29",640.84,865.85
"1963-07-30",639.65,865.65
"1963-07-31",638.88,865.55
"1963-08-01",638.38,865.55
"1963-08-02",638.18,865.45
"1963-08-03",638.28,865.35
"1963-08-04",638.67,865.35
"1963-08-05",639.26,865.35
"1963-08-06",638.15,865.35
"1963-08-07",637.78,865.15
"1963-08-08",637.29,865.05
"1963-08-09",637.68,864.95
"1963-08-10",637.43,864.92
"1963-08-11",639.53,864.85
"1963-08-12",639.01,864.85
"1963-08-13",638.28,864.75
"1963-08-14",637.17,864.75
"1963-08-15",637.98,864.65
"1963-08-16",639.6,864.65
"1963-08-17",639.13,864.55
"1963-08-18",639.03,864.45
"1963-08-19",639.1,864.45
"1963-08-20",637.53,864.45
"1963-08-21",637.06,864.35
"1963-08-22",636.58,864.25
"1963-08-23",636.22,864.15
"1963-08-24",636.26,864.15
"1963-08-25",636.63,864.05
"1963-08-26",637.11,864.05
"1963-08-27",635.73,863.95
"1963-08-28",635.23,863.95
"1963-08-29",635.02,863.85
"1963-08-30",635.15,863.85
"1963-08-31",635.34,863.75
"1963-09-01",636.18,863.75
"1963-09-02",637.39,863.75
"1963-09-03",637.06,863.65
"1963-09-04",637.2,863.65
"1963-09-05",636.54,863.55
"1963-09-06",635.88,863.45
"1963-09-07",635.71,863.35
"1963-09-08",635.7,863.35
"1963-09-09",636.52,863.35
"1963-09-10",635.99,863.25
"1963-09-11",635.44,863.25
"1963-09-12",635.46,863.15
"1963-09-13",638.3,863.25
"1963-09-14",640.28,863.35
"1963-09-15",641.8,863.35
"1963-09-16",642.6,863.45
"1963-09-17",642.94,863.55
"1963-09-18",643.2,863.55
"1963-09-19",643.7,863.65
"1963-09-20",644.17,863.65
"1963-09-21",644.46,863.65
"1963-09-22",644.63,863.75
"1963-09-23",644.75,863.75
"1963-09-24",644.2,863.75
"1963-09-25",643.68,863.75
"1963-09-26",643.91,863.75
"1963-09-27",643.67,863.75
"1963-09-28",643.75,863.75
"1963-09-29",643.59,863.75
"1963-09-30",643.92,863.77
"1963-10-01",643.39,863.75
"1963-10-02",643.17,863.65
"1963-10-03",643.13,863.65
"1963-10-04",642.86,863.58
"1963-10-05",642.59,863.45
"1963-10-06",642.5,863.35
"1963-10-07",642.91,863.35
"1963-10-08",642.42,863.45
"1963-10-09",642.04,863.25
"1963-10-10",641.81,863.15
"1963-10-11",641.74,863.05
"1963-10-12",641.89,862.95
"1963-10-13",642.08,862.95
"1963-10-14",642.57,862.85
"1963-10-15",642.26,862.75
"1963-10-16",642.05,862.75
"1963-10-17",642.08,862.65
"1963-10-18",642.27,862.55
"1963-10-19",642.66,862.55
"1963-10-20",643.29,862.55
"1963-10-21",643.8,862.45
"1963-10-22",643.19,862.45
"1963-10-23",643.65,862.45
"1963-10-24",644.44,862.45
"1963-10-25",645.35,862.45
"1963-10-26",646.51,862.45
"1963-10-27",647.33,862.45
"1963-10-28",647.98,862.45
"1963-10-29",647.96,862.45
"1963-10-30",648.22,862.45
"1963-10-31",648.54,862.45
"1963-11-01",648.6,862.35
"1963-11-02",648.79,862.35
"1963-11-03",649.17,862.25
"1963-11-04",649.49,862.25
"1963-11-05",649.37,862.25
"1963-11-06",649.04,862.15
"1963-11-07",648.98,862.05
"1963-11-08",649.24,862.05
"1963-11-09",649.84,862.05
"1963-11-10",650.33,862.05
"1963-11-11",650.6,861.95
"1963-11-12",650.33,861.95
"1963-11-13",650.31,861.95
"1963-11-14",650.39,861.85
"1963-11-15",650.59,861.85
"1963-11-16",650.49,861.75
"1963-11-17",650.78,861.75
"1963-11-18",650.88,861.75
"1963-11-19",650.59,861.75
"1963-11-20",650.63,861.65
"1963-11-21",650.61,861.65
"1963-11-22",650.41,861.65
"1963-11-23",650.39,861.55
"1963-11-24",650.81,861.45
"1963-11-25",651.24,861.45
"1963-11-26",651.04,861.45
"1963-11-27",651.36,861.45
"1963-11-28",651.67,861.45
"1963-11-29",651.87,861.45
"1963-11-30",651.78,861.35
"1963-12-01",652.11,861.35
"1963-12-02",652.28,861.35
"1963-12-03",651.88,861.35
"1963-12-04",651.86,861.35
"1963-12-05",651.67,861.25
"1963-12-06",651.66,861.25
"1963-12-07",651.99,861.15
"1963-12-08",651.95,861.15
"1963-12-09",652.24,861.15
"1963-12-10",652.21,861.15
"1963-12-11",652.34,861.05
"1963-12-12",651.94,861.05
"1963-12-13",652.17,861.05
"1963-12-14",652.13,861.05
"1963-12-15",652.25,861.05
"1963-12-16",652.43,861.05
"1963-12-17",652.25,861.05
"1963-12-18",652.3,861.05
"1963-12-19",652.22,861.05
"1963-12-20",652.52,861.05
"1963-12-21",652.64,861.05
"1963-12-22",652.79,861.05
"1963-12-23",652.61,861.05
"1963-12-24",652.16,860.95
"1963-12-25",652.63,861.05
"1963-12-26",653.11,861.05
"1963-12-27",652.6,861.05
"1963-12-28",652.64,861.05
"1963-12-29",652.74,860.95
"1963-12-30",652.83,860.95
"1963-12-31",652.54,860.95
"1964-01-01",652.69,860.95
"1964-01-02",652.9,860.95
"1964-01-03",652.58,860.85
"1964-01-04",652.36,860.85
"1964-01-05",652.7,860.85
"1964-01-06",652.92,860.85
"1964-01-07",652.57,860.75
"1964-01-08",652.58,860.75
"1964-01-09",652.14,860.65
"1964-01-10",651.94,860.55
"1964-01-11",652.21,860.55
"1964-01-12",652.14,860.55
"1964-01-13",652.09,860.55
"1964-01-14",651.7,860.45
"1964-01-15",651.71,860.45
"1964-01-16",651.99,860.45
"1964-01-17",652.14,860.45
"1964-01-18",652.29,860.55
"1964-01-19",652.69,860.35
"1964-01-20",652.64,860.35
"1964-01-21",652.44,860.25
"1964-01-22",652.33,860.15
"1964-01-23",652.19,860.15
"1964-01-24",652.26,860.05
"1964-01-25",652.02,859.95
"1964-01-26",652.24,859.85
"1964-01-27",652.48,859.85
"1964-01-28",651.84,859.75
"1964-01-29",651.72,859.65
"1964-01-30",653.02,859.55
"1964-01-31",655.13,859.65
"1964-02-01",655.78,859.55
"1964-02-02",656.32,859.55
"1964-02-03",656.61,859.55
"1964-02-04",656.4,859.55
"1964-02-05",656.8,859.55
"1964-02-06",657.04,859.55
"1964-02-07",656.87,859.55
"1964-02-08",656.76,859.45
"1964-02-09",656.78,859.45
"1964-02-10",656.01,859.45
"1964-02-11",656.5,859.35
"1964-02-12",656.54,859.35
"1964-02-13",656.51,859.25
"1964-02-14",656.39,859.25
"1964-02-15",656.51,859.15
"1964-02-16",656.45,859.15
"1964-02-17",656.67,859.15
"1964-02-18",656.34,859.05
"1964-02-19",655.9,858.95
"1964-02-20",655.74,858.95
"1964-02-21",655.77,858.95
"1964-02-22",655.93,858.95
"1964-02-23",656.16,858.95
"1964-02-24",656.46,858.95
"1964-02-25",656.37,858.85
"1964-02-26",656.32,858.85
"1964-02-27",656.35,858.85
"1964-02-28",656.07,858.75
"1964-02-29",656.15,858.75
"1964-03-01",656.4,858.65
"1964-03-02",656.67,858.65
"1964-03-03",656.25,858.55
"1964-03-04",656.08,858.45
"1964-03-05",655.79,858.45
"1964-03-06",655.68,858.35
"1964-03-07",655.45,858.25
"1964-03-08",655.69,
"1964-03-09",655.83,
"1964-03-10",655.48,
"1964-03-11",655.11,
"1964-03-12",654.89,
"1964-03-13",654.72,
"1964-03-14",654.74,
"1964-03-15",654.42,
"1964-03-16",654.32,
"1964-03-17",653.81,
"1964-03-18",653.49,
"1964-03-19",654.33,
"1964-03-20",654.8,
"1964-03-21",654.84,
"1964-03-22",655.23,
"1964-03-23",655.64,
"1964-03-24",655.26,
"1964-03-25",655.26,857.35
"1964-03-26",655.05,857.35
"1964-03-27",654.96,857.35
"1964-03-28",654.89,857.35
"1964-03-29",654.61,857.35
"1964-03-30",654.89,857.35
"1964-03-31",654.43,857.35
"1964-04-01",654.51,857.35
"1964-04-02",654.64,857.35
"1964-04-03",654.47,857.25
"1964-04-04",653.96,857.25
"1964-04-05",654.28,857.15
"1964-04-06",654.29,857.15
"1964-04-07",653.64,857.05
"1964-04-08",653.6,856.95
"1964-04-09",653.44,856.95
"1964-04-10",652.97,856.85
"1964-04-11",652.72,856.85
"1964-04-12",652.99,856.85
"1964-04-13",652.83,856.85
"1964-04-14",651.97,856.75
"1964-04-15",651.04,856.55
"1964-04-16",650.51,856.55
"1964-04-17",651.66,856.65
"1964-04-18",652.33,
"1964-04-19",652.7,856.85
"1964-04-20",652.97,856.85
"1964-04-21",652.51,856.75
"1964-04-22",652.2,856.75
"1964-04-23",652.07,856.75
"1964-04-24",651.83,856.65
"1964-04-25",651.88,856.65
"1964-04-26",652.59,856.75
"1964-04-27",653.02,856.75
"1964-04-28",652.18,856.75
"1964-04-29",651.45,856.65
"1964-04-30",651.21,856.65
"1964-05-01",651.25,856.55
"1964-05-02",651.39,856.45
"1964-05-03",650.82,856.45
"1964-05-04",650.56,856.45
"1964-05-05",649.41,856.35
"1964-05-06",649.4,856.25
"1964-05-07",649.47,856.15
"1964-05-08",649.47,856.05
"1964-05-09",648.76,855.95
"1964-05-10",648.58,856.15
"1964-05-11",648.62,856.15
"1964-05-12",649.14,856.25
"1964-05-13",647.95,856.25
"1964-05-14",647.14,856.25
"1964-05-15",646.22,856.35
"1964-05-16",645.88,856.25
"1964-05-17",645.43,856.25
"1964-05-18",645.24,856.25
"1964-05-19",644.08,856.15
"1964-05-20",643.23,856.05
"1964-05-21",643.71,856.05
"1964-05-22",644.89,855.95
"1964-05-23",645.64,855.95
"1964-05-24",646.19,855.85
"1964-05-25",646.56,855.85
"1964-05-26",646.43,855.75
"1964-05-27",646.16,855.65
"1964-05-28",645.44,855.55
"1964-05-29",644.69,855.45
"1964-05-30",645.91,855.55
"1964-05-31",646.84,855.55
"1964-06-01",647.47,855.65
"1964-06-02",647.27,855.65
"1964-06-03",646.98,855.55
"1964-06-04",646.64,855.55
"1964-06-05",646.13,855.45
"1964-06-06",646.9,855.45
"1964-06-07",646.94,855.35
"1964-06-08",646.98,855.25
"1964-06-09",645.6,855.15
"1964-06-10",644.26,855.05
"1964-06-11",643.33,854.85
"1964-06-12",642.86,854.75
"1964-06-13",642.45,854.65
"1964-06-14",642.29,854.55
"1964-06-15",643.22,854.55
"1964-06-16",647.08,854.55
"1964-06-17",649.59,854.45
"1964-06-18",650.79,854.45
"1964-06-19",651.37,854.37
"1964-06-20",651.35,854.25
"1964-06-21",651.14,854.15
"1964-06-22",651.08,854.25
"1964-06-23",649.63,854.05
"1964-06-24",648.37,853.85
"1964-06-25",649.11,853.75
"1964-06-26",649.34,853.55
"1964-06-27",648.91,853.55
"1964-06-28",648.67,853.45
"1964-06-29",648.23,853.35
"1964-06-30",647.24,853.25
"1964-07-01",646.26,853.15
"1964-07-02",645.17,853.05
"1964-07-03",645.27,852.95
"1964-07-04",644.67,852.85
"1964-07-05",644.76,852.85
"1964-07-06",644.19,852.75
"1964-07-07",642.82,852.65
"1964-07-08",641.9,852.45
"1964-07-09",641.34,852.35
"1964-07-10",640.63,852.25
"1964-07-11",640.43,852.15
"1964-07-12",640.5,852.15
"1964-07-13",641.75,852.25
"1964-07-14",640.54,852.15
"1964-07-15",639.63,852.05
"1964-07-16",638.97,851.95
"1964-07-17",638.59,851.85
"1964-07-18",638.64,851.75
"1964-07-19",639.66,851.75
"1964-07-20",640.89,851.85
"1964-07-21",639.53,851.75
"1964-07-22",638.54,851.65
"1964-07-23",637.37,851.65
"1964-07-24",636.78,851.55
"1964-07-25",636.46,851.55
"1964-07-26",636.41,851.45
"1964-07-27",636.69,851.55
"1964-07-28",635.21,851.45
"1964-07-29",634.57,851.25
"1964-07-30",635.2,851.35
"1964-07-31",635.67,851.45
"1964-08-01",635.31,851.45
"1964-08-02",635.23,851.52
"1964-08-03",635.53,851.55
"1964-08-04",634.24,851.45
"1964-08-05",633.51,851.25
"1964-08-06",632.79,851.25
"1964-08-07",634.96,851.15
"1964-08-08",637.12,851.25
"1964-08-09",638.21,851.25
"1964-08-10",638.94,851.35
"1964-08-11",638.17,851.25
"1964-08-12",637.35,851.15
"1964-08-13",636.79,851.05
"1964-08-14",636.1,850.95
"1964-08-15",635.9,850.85
"1964-08-16",635.94,850.85
"1964-08-17",636.19,850.75
"1964-08-18",634.52,850.65
"1964-08-19",633.97,850.45
"1964-08-20",633.47,850.35
"1964-08-21",633.24,850.25
"1964-08-22",632.83,850.05
"1964-08-23",637.61,850.15
"1964-08-24",638.77,850.25
"1964-08-25",639.54,850.45
"1964-08-26",639.88,850.55
"1964-08-27",639.79,850.55
"1964-08-28",639.39,850.55
"1964-08-29",639.21,850.55
"1964-08-30",639.23,850.55
"1964-08-31",639.11,850.55
"1964-09-01",637.99,850.45
"1964-09-02",637.59,850.35
"1964-09-03",637.09,850.05
"1964-09-04",636.79,849.95
"1964-09-05",636.94,849.85
"1964-09-06",637.27,849.85
"1964-09-07",638.11,849.85
"1964-09-08",637.18,849.75
"1964-09-09",637.5,849.65
"1964-09-10",637.27,849.45
"1964-09-11",636.79,849.35
"1964-09-12",637.17,849.25
"1964-09-13",637.4,849.35
"1964-09-14",637.76,849.35
"1964-09-15",636.91,849.25
"1964-09-16",637.64,849.15
"1964-09-17",638.65,849.15
"1964-09-18",639.2,849.05
"1964-09-19",639.49,848.95
"1964-09-20",639.61,848.95
"1964-09-21",639.97,849.05
"1964-09-22",640.05,849.35
"1964-09-23",640.77,849.65
"1964-09-24",641.33,849.95
"1964-09-25",641.56,850.25
"1964-09-26",641.97,850.45
"1964-09-27",642.94,850.95
"1964-09-28",643.79,851.45
"1964-09-29",644.58,851.75
"1964-09-30",645.18,852.05
"1964-10-01",645.65,852.35
"1964-10-02",645.94,852.45
"1964-10-03",646,852.75
"1964-10-04",646.14,851.95
"1964-10-05",646.12,852.15
"1964-10-06",645.83,852.35
"1964-10-07",645.66,852.55
"1964-10-08",645.51,
"1964-10-09",645.27,
"1964-10-10",644.97,853.95
"1964-10-11",645.1,854.15
"1964-10-12",645.29,854.15
"1964-10-13",644.47,854.35
"1964-10-14",644.69,854.45
"1964-10-15",644.51,854.55
"1964-10-16",644.11,854.65
"1964-10-17",644.02,854.75
"1964-10-18",644.19,854.95
"1964-10-19",644.81,855.05
"1964-10-20",644.63,855.15
"1964-10-21",644.44,855.35
"1964-10-22",644.12,855.35
"1964-10-23",643.75,855.45
"1964-10-24",643.76,855.55
"1964-10-25",644.1,855.65
"1964-10-26",644.73,855.85
"1964-10-27",645.89,855.95
"1964-10-28",646.53,856.05
"1964-10-29",646.92,856.15
"1964-10-30",647.21,856.35
"1964-10-31",647.48,856.45
"1964-11-01",647.81,856.55
"1964-11-02",648.12,856.55
"1964-11-03",648.02,856.75
"1964-11-04",649.91,856.85
"1964-11-05",651.38,856.95
"1964-11-06",652.21,857.05
"1964-11-07",652.52,857.15
"1964-11-08",652.95,857.25
"1964-11-09",653.07,857.35
"1964-11-10",652.66,857.45
"1964-11-11",653.01,857.55
"1964-11-12",652.89,857.65
"1964-11-13",652.72,857.75
"1964-11-14",652.75,857.85
"1964-11-15",652.82,857.95
"1964-11-16",653.38,857.95
"1964-11-17",653.21,858.05
"1964-11-18",653.2,858.15
"1964-11-19",653.3,858.25
"1964-11-20",653.09,858.25
"1964-11-21",653.02,858.35
"1964-11-22",653.13,858.45
"1964-11-23",653.31,858.55
"1964-11-24",653.11,858.65
"1964-11-25",653.04,858.65
"1964-11-26",653.11,858.75
"1964-11-27",653.45,858.85
"1964-11-28",653.1,858.85
"1964-11-29",653.09,858.85
"1964-11-30",653,858.85
"1964-12-01",652.72,858.95
"1964-12-02",653,859.05
"1964-12-03",652.74,859.05
"1964-12-04",652.4,859.05
"1964-12-05",652.3,859.05
"1964-12-06",652.45,859.15
"1964-12-07",652.67,859.25
"1964-12-08",652.53,859.25
"1964-12-09",652.57,859.35
"1964-12-10",653.09,859.45
"1964-12-11",653.17,859.45
"1964-12-12",653.04,859.55
"1964-12-13",653.16,859.55
"1964-12-14",653.21,859.55
"1964-12-15",652.94,859.65
"1964-12-16",653.09,859.65
"1964-12-17",653.07,859.75
"1964-12-18",652.3,859.65
"1964-12-19",652.4,859.85
"1964-12-20",652.73,859.85
"1964-12-21",652.88,859.85
"1964-12-22",652.77,859.95
"1964-12-23",652.91,860.05
"1964-12-24",653.04,860.15
"1964-12-25",653.25,860.15
"1964-12-26",653.46,860.15
"1964-12-27",653.27,860.25
"1964-12-28",653.47,860.25
"1964-12-29",653.17,860.25
"1964-12-30",652.81,860.25
"1964-12-31",652.7,860.25
"1965-01-01",652.75,860.35
"1965-01-02",653.19,860.45
"1965-01-03",653.14,860.45
"1965-01-04",653.2,860.45
"1965-01-05",653.01,860.45
"1965-01-06",652.96,860.55
"1965-01-07",652.82,860.65
"1965-01-08",652.65,860.65
"1965-01-09",652.5,860.65
"1965-01-10",652.83,860.65
"1965-01-11",653.04,860.75
"1965-01-12",652.77,860.75
"1965-01-13",652.63,860.75
"1965-01-14",652.53,860.75
"1965-01-15",652.58,860.75
"1965-01-16",652.27,860.65
"1965-01-17",652.39,860.65
"1965-01-18",652.56,860.75
"1965-01-19",652.17,860.65
"1965-01-20",652.1,860.65
"1965-01-21",651.98,860.65
"1965-01-22",652.76,860.65
"1965-01-23",653.35,860.65
"1965-01-24",653.46,860.65
"1965-01-25",653.76,860.65
"1965-01-26",653.1,860.75
"1965-01-27",652.76,860.55
"1965-01-28",652.74,860.55
"1965-01-29",652.58,860.65
"1965-01-30",652.55,860.55
"1965-01-31",652.61,860.55
"1965-02-01",652.87,860.55
"1965-02-02",652.27,860.55
"1965-02-03",652.04,860.55
"1965-02-04",652.48,860.55
"1965-02-05",654.71,860.75
"1965-02-06",655.94,860.85
"1965-02-07",656.74,860.85
"1965-02-08",657.08,860.95
"1965-02-09",657.9,861.45
"1965-02-10",658.79,861.05
"1965-02-11",659.42,861.15
"1965-02-12",659.59,861.15
"1965-02-13",659.82,861.15
"1965-02-14",660.22,861.25
"1965-02-15",660.62,861.35
"1965-02-16",660.6,861.35
"1965-02-17",661.05,861.45
"1965-02-18",661.48,861.45
"1965-02-19",662.01,861.55
"1965-02-20",662.38,861.65
"1965-02-21",662.8,861.65
"1965-02-22",663.07,861.75
"1965-02-23",663.24,861.85
"1965-02-24",662.86,861.75
"1965-02-25",662.83,861.85
"1965-02-26",662.81,862.75
"1965-02-27",663.11,862.85
"1965-02-28",663.54,862.05
"1965-03-01",663.76,862.05
"1965-03-02",663.37,862.05
"1965-03-03",663.24,862.05
"1965-03-04",663.12,862.05
"1965-03-05",663.09,862.15
"1965-03-06",662.97,862.15
"1965-03-07",662.92,862.15
"1965-03-08",663.02,862.15
"1965-03-09",662.67,862.25
"1965-03-10",662.33,862.25
"1965-03-11",662.03,862.15
"1965-03-12",662.19,862.15
"1965-03-13",661.72,862.15
"1965-03-14",662.23,862.25
"1965-03-15",662.25,862.25
"1965-03-16",661.87,862.25
"1965-03-17",661.58,862.25
"1965-03-18",661.14,862.15
"1965-03-19",661.06,862.15
"1965-03-20",660.85,862.25
"1965-03-21",661.08,862.25
"1965-03-22",661.14,862.25
"1965-03-23",660.8,862.35
"1965-03-24",660.37,862.35
"1965-03-25",660.57,862.35
"1965-03-26",660.57,862.25
"1965-03-27",660.27,862.25
"1965-03-28",660.27,862.25
"1965-03-29",660.61,862.25
"1965-03-30",660.49,862.25
"1965-03-31",661.85,862.45
"1965-04-01",662.84,862.55
"1965-04-02",663.24,862.65
"1965-04-03",663.35,862.65
"1965-04-04",663.6,862.75
"1965-04-05",663.85,862.85
"1965-04-06",663.5,862.95
"1965-04-07",663.95,862.95
"1965-04-08",664.18,863.05
"1965-04-09",664.25,863.15
"1965-04-10",664.54,863.65
"1965-04-11",664.85,863.15
"1965-04-12",665.07,863.25
"1965-04-13",664.75,863.25
"1965-04-14",664.67,863.25
"1965-04-15",664.43,863.25
"1965-04-16",664.45,863.25
"1965-04-17",664.42,863.25
"1965-04-18",664.31,863.25
"1965-04-19",664.35,863.45
"1965-04-20",663.8,863.35
"1965-04-21",663.24,863.45
"1965-04-22",662.8,863.45
"1965-04-23",662.45,863.35
"1965-04-24",662.39,863.25
"1965-04-25",662.33,863.25
"1965-04-26",662.36,863.25
"1965-04-27",662.53,863.55
"1965-04-28",662.78,863.75
"1965-04-29",662.69,863.85
"1965-04-30",662.52,863.85
"1965-05-01",662.33,863.95
"1965-05-02",662.36,864.05
"1965-05-03",662.38,864.05
"1965-05-04",661.91,864.05
"1965-05-05",661.71,864.15
"1965-05-06",661.66,864.15
"1965-05-07",661.89,864.25
"1965-05-08",662.03,864.25
"1965-05-09",662.56,864.25
"1965-05-10",663.1,864.25
"1965-05-11",663.44,864.35
"1965-05-12",664.37,864.35
"1965-05-13",664.86,864.45
"1965-05-14",665.22,864.45
"1965-05-15",665.44,864.55
"1965-05-16",666.7,864.55
"1965-05-17",668.5,864.65
"1965-05-18",671.33,864.75
"1965-05-19",672.8,864.95
"1965-05-20",673.53,865.05
"1965-05-21",674.05,865.15
"1965-05-22",674.39,865.15
"1965-05-23",674.74,865.25
"1965-05-24",675.11,865.25
"1965-05-25",675.05,865.35
"1965-05-26",674.97,865.35
"1965-05-27",674.81,865.35
"1965-05-28",674.65,865.35
"1965-05-29",674.51,865.35
"1965-05-30",674.67,865.55
"1965-05-31",674.99,865.65
"1965-06-01",674.67,865.65
"1965-06-02",674.14,865.65
"1965-06-03",673.72,865.75
"1965-06-04",673.19,865.75
"1965-06-05",673.26,865.75
"1965-06-06",673.97,865.85
"1965-06-07",674.37,865.85
"1965-06-08",674.03,865.85
"1965-06-09",673.76,865.85
"1965-06-10",673.41,865.85
"1965-06-11",673.14,865.75
"1965-06-12",672.85,865.75
"1965-06-13",672.5,865.75
"1965-06-14",672.17,865.65
"1965-06-15",670.9,865.55
"1965-06-16",670.07,865.45
"1965-06-17",669.16,865.35
"1965-06-18",668.42,865.25
"1965-06-19",667.89,865.15
"1965-06-20",667.97,865.15
"1965-06-21",668.43,865.15
"1965-06-22",667.96,865.05
"1965-06-23",668.01,865.05
"1965-06-24",667.42,865.05
"1965-06-25",666.97,864.95
"1965-06-26",666.47,864.85
"1965-06-27",666.27,864.85
"1965-06-28",666.43,864.85
"1965-06-29",665.44,864.75
"1965-06-30",664.81,864.65
"1965-07-01",664.13,864.65
"1965-07-02",663.2,864.55
"1965-07-03",662.72,864.55
"1965-07-04",662.82,864.55
"1965-07-05",663.23,864.55
"1965-07-06",662.11,864.55
"1965-07-07",661.05,864.45
"1965-07-08",660.22,864.45
"1965-07-09",659.68,864.45
"1965-07-10",659.17,864.45
"1965-07-11",659.03,864.45
"1965-07-12",659.18,864.55
"1965-07-13",657.77,864.45
"1965-07-14",657.01,864.45
"1965-07-15",656.93,864.35
"1965-07-16",657.27,864.45
"1965-07-17",656.73,864.55
"1965-07-18",656.48,864.55
"1965-07-19",656.52,864.65
"1965-07-20",655.21,864.55
"1965-07-21",654.49,864.55
"1965-07-22",653.81,864.55
"1965-07-23",653.27,864.55
"1965-07-24",653.17,864.55
"1965-07-25",653.25,864.55
"1965-07-26",653.65,864.65
"1965-07-27",652.61,864.55
"1965-07-28",651.95,864.55
"1965-07-29",651.18,864.45
"1965-07-30",652.22,864.45
"1965-07-31",652.09,864.45
"1965-08-01",652.11,864.45
"1965-08-02",652.31,864.45
"1965-08-03",652.45,864.55
"1965-08-04",651.44,864.55
"1965-08-05",650.82,864.55
"1965-08-06",651.94,864.55
"1965-08-07",653.11,864.45
"1965-08-08",653.65,864.45
"1965-08-09",653.74,864.45
"1965-08-10",652.61,864.35
"1965-08-11",652.72,864.35
"1965-08-12",651.96,864.35
"1965-08-13",651.26,864.35
"1965-08-14",650.94,864.35
"1965-08-15",651.75,864.35
"1965-08-16",652.65,864.35
"1965-08-17",651.14,864.35
"1965-08-18",650.29,864.25
"1965-08-19",649.34,864.25
"1965-08-20",649.25,864.35
"1965-08-21",649.67,864.45
"1965-08-22",650.09,864.55
"1965-08-23",650.17,864.55
"1965-08-24",648.82,864.55
"1965-08-25",648.15,864.65
"1965-08-26",647.63,864.65
"1965-08-27",647.21,864.65
"1965-08-28",647.14,864.65
"1965-08-29",648.02,864.65
"1965-08-30",649.39,864.75
"1965-08-31",649.15,864.75
"1965-09-01",648.36,864.75
"1965-09-02",649.23,864.75
"1965-09-03",649.23,864.75
"1965-09-04",648.89,864.75
"1965-09-05",648.57,864.75
"1965-09-06",649.11,864.75
"1965-09-07",649.04,864.75
"1965-09-08",648.54,864.85
"1965-09-09",647.98,864.85
"1965-09-10",647.64,864.85
"1965-09-11",647.2,864.85
"1965-09-12",646.69,864.75
"1965-09-13",646.78,864.75
"1965-09-14",646.07,864.65
"1965-09-15",645.74,864.65
"1965-09-16",645.64,864.55
"1965-09-17",645.65,864.55
"1965-09-18",646.1,864.55
"1965-09-19",646.74,864.55
"1965-09-20",646.92,864.55
"1965-09-21",646.67,864.55
"1965-09-22",646.25,864.45
"1965-09-23",646.88,864.45
"1965-09-24",647.31,864.45
"1965-09-25",647.69,864.35
"1965-09-26",650.15,864.45
"1965-09-27",651.01,864.55
"1965-09-28",651.41,864.55
"1965-09-29",651.97,864.65
"1965-09-30",652.21,864.65
"1965-10-01",652.61,864.75
"1965-10-02",653.11,864.75
"1965-10-03",653.99,864.75
"1965-10-04",654.47,864.85
"1965-10-05",654.9,864.95
"1965-10-06",655.17,864.95
"1965-10-07",655.16,864.95
"1965-10-08",655.24,864.95
"1965-10-09",655.28,865.05
"1965-10-10",655.53,865.05
"1965-10-11",655.66,865.05
"1965-10-12",655.42,865.05
"1965-10-13",655.46,865.05
"1965-10-14",655.44,865.05
"1965-10-15",655.28,865.05
"1965-10-16",655.19,865.85
"1965-10-17",655.33,864.95
"1965-10-18",657.01,865.05
"1965-10-19",658.56,865.05
"1965-10-20",659.43,865.05
"1965-10-21",659.79,865.05
"1965-10-22",660.03,865.15
"1965-10-23",660.05,865.15
"1965-10-24",659.89,865.15
"1965-10-25",659.89,865.15
"1965-10-26",659.53,865.15
"1965-10-27",659.27,865.15
"1965-10-28",659.05,865.15
"1965-10-29",658.57,865.15
"1965-10-30",658.54,865.05
"1965-10-31",658.63,865.05
"1965-11-01",658.76,865.05
"1965-11-02",658.45,865.05
"1965-11-03",658.69,864.95
"1965-11-04",659.5,865.05
"1965-11-05",658.94,864.95
"1965-11-06",658.86,864.95
"1965-11-07",659.07,864.85
"1965-11-08",659.38,864.85
"1965-11-09",659.47,864.95
"1965-11-10",659.43,864.95
"1965-11-11",659.44,864.95
"1965-11-12",659.72,864.95
"1965-11-13",659.62,865.05
"1965-11-14",659.72,865.05
"1965-11-15",659.95,865.05
"1965-11-16",659.67,865.15
"1965-11-17",659.57,865.15
"1965-11-18",659.5,865.15
"1965-11-19",659.44,865.15
"1965-11-20",659.51,865.15
"1965-11-21",659.81,865.25
"1965-11-22",659.91,865.25
"1965-11-23",659.57,865.25
"1965-11-24",659.44,865.25
"1965-11-25",659.37,865.25
"1965-11-26",659.82,865.25
"1965-11-27",659.38,865.15
"1965-11-28",659.57,865.15
"1965-11-29",659.6,865.15
"1965-11-30",659.33,865.05
"1965-12-01",659.12,865.05
"1965-12-02",659.93,865.15
"1965-12-03",663.01,865.25
"1965-12-04",664.4,865.25
"1965-12-05",665.47,865.35
"1965-12-06",666.03,865.35
"1965-12-07",666.2,865.35
"1965-12-08",666.56,865.35
"1965-12-09",666.89,865.45
"1965-12-10",667.11,865.45
"1965-12-11",667.39,865.45
"1965-12-12",667.72,865.45
"1965-12-13",667.9,865.55
"1965-12-14",667.88,865.55
"1965-12-15",668.05,865.55
"1965-12-16",668.1,865.55
"1965-12-17",668.16,865.65
"1965-12-18",668.45,865.65
"1965-12-19",668.76,865.65
"1965-12-20",668.88,865.65
"1965-12-21",668.61,865.65
"1965-12-22",668.55,865.75
"1965-12-23",668.58,865.75
"1965-12-24",668.64,865.75
"1965-12-25",668.66,865.75
"1965-12-26",669.06,865.75
"1965-12-27",669.08,865.75
"1965-12-28",668.81,865.75
"1965-12-29",668.66,865.75
"1965-12-30",668.57,865.75
"1965-12-31",668.74,865.85
"1966-01-01",668.56,865.85
"1966-01-02",668.79,865.85
"1966-01-03",668.67,865.85
"1966-01-04",668.43,865.85
"1966-01-05",668.61,865.95
"1966-01-06",668.51,865.94
"1966-01-07",668.32,865.94
"1966-01-08",668.16,865.95
"1966-01-09",668.27,865.95
"1966-01-10",668.3,865.95
"1966-01-11",668.01,865.95
"1966-01-12",667.89,866.05
"1966-01-13",667.71,866.05
"1966-01-14",667.85,866.05
"1966-01-15",667.89,866.05
"1966-01-16",667.87,866.05
"1966-01-17",667.82,866.05
"1966-01-18",667.61,866.05
"1966-01-19",667.69,866.15
"1966-01-20",667.67,866.15
"1966-01-21",667.66,866.15
"1966-01-22",667.51,866.15
"1966-01-23",667.28,866.15
"1966-01-24",667.55,866.15
"1966-01-25",667.37,866.15
"1966-01-26",667,866.15
"1966-01-27",666.83,866.15
"1966-01-28",667.01,866.15
"1966-01-29",666.69,866.15
"1966-01-30",666.59,866.15
"1966-01-31",666.74,866.15
"1966-02-01",666.69,866.15
"1966-02-02",666.4,866.15
"1966-02-03",666.33,866.05
"1966-02-04",666.16,866.05
"1966-02-05",666.18,866.05
"1966-02-06",666.55,866.05
"1966-02-07",666.6,866.05
"1966-02-08",666.44,866.05
"1966-02-09",666.45,866.05
"1966-02-10",666.51,866.05
"1966-02-11",666.71,866.05
"1966-02-12",667,866.05
"1966-02-13",667.55,866.05
"1966-02-14",667.76,866.05
"1966-02-15",667.59,866.05
"1966-02-16",667.7,866.05
"1966-02-17",667.57,865.95
"1966-02-18",667.65,866.05
"1966-02-19",667.64,865.95
"1966-02-20",667.65,865.95
"1966-02-21",667.77,865.95
"1966-02-22",667.5,865.95
"1966-02-23",667.34,865.95
"1966-02-24",667.27,865.95
"1966-02-25",667.46,866.05
"1966-02-26",667.64,866.05
"1966-02-27",668.09,866.05
"1966-02-28",668.3,866.05
"1966-03-01",668.01,866.05
"1966-03-02",668.14,866.05
"1966-03-03",668.03,866.05
"1966-03-04",667.66,866.05
"1966-03-05",667.59,865.95
"1966-03-06",667.6,865.95
"1966-03-07",667.71,865.95
"1966-03-08",667.59,865.95
"1966-03-09",667.46,865.95
"1966-03-10",667.48,865.95
"1966-03-11",667.54,865.95
"1966-03-12",667.47,865.95
"1966-03-13",667.77,865.95
"1966-03-14",667.81,865.95
"1966-03-15",667.43,865.95
"1966-03-16",667.2,865.85
"1966-03-17",667.04,865.75
"1966-03-18",666.72,865.75
"1966-03-19",666.64,865.65
"1966-03-20",666.56,865.55
"1966-03-21",666.65,865.55
"1966-03-22",666.09,865.55
"1966-03-23",665.46,865.45
"1966-03-24",665.49,865.45
"1966-03-25",665.74,865.45
"1966-03-26",665.78,865.45
"1966-03-27",665.49,865.35
"1966-03-28",665.95,865.43
"1966-03-29",665.87,865.35
"1966-03-30",665.89,865.35
"1966-03-31",665.63,865.35
"1966-04-01",665.17,865.35
"1966-04-02",664.74,865.25
"1966-04-03",664.43,865.25
"1966-04-04",664.15,865.15
"1966-04-05",663.64,865.05
"1966-04-06",663.29,865.05
"1966-04-07",662.82,865.05
"1966-04-08",662.28,865
"1966-04-09",662.44,864.95
"1966-04-10",661.98,864.95
"1966-04-11",662.74,864.95
"1966-04-12",661.63,864.95
"1966-04-13",660.64,864.85
"1966-04-14",661.05,864.75
"1966-04-15",661.22,864.65
"1966-04-16",660.73,864.65
"1966-04-17",660.65,864.55
"1966-04-18",661.95,864.65
"1966-04-19",662.19,864.75
"1966-04-20",662.02,864.75
"1966-04-21",661.96,864.75
"1966-04-22",661.94,864.75
"1966-04-23",662.5,864.85
"1966-04-24",662.83,864.85
"1966-04-25",663.66,864.95
"1966-04-26",664.38,865.05
"1966-04-27",664.81,865.05
"1966-04-28",664.71,865.05
"1966-04-29",664.86,865.05
"1966-04-30",665,865.05
"1966-05-01",665.4,865.15
"1966-05-02",665.88,865.25
"1966-05-03",666.16,865.25
"1966-05-04",665.24,865.35
"1966-05-05",666.5,865.35
"1966-05-06",666.78,865.45
"1966-05-07",667.01,865.45
"1966-05-08",667.29,865.55
"1966-05-09",667.49,865.55
"1966-05-10",667.02,865.55
"1966-05-11",666.97,865.55
"1966-05-12",666.87,865.55
"1966-05-13",666.9,865.55
"1966-05-14",666.77,865.55
"1966-05-15",666.83,865.55
"1966-05-16",666.72,865.55
"1966-05-17",665.95,865.55
"1966-05-18",665.09,865.55
"1966-05-19",665.43,865.45
"1966-05-20",665.75,865.35
"1966-05-21",665.52,865.25
"1966-05-22",665.43,865.25
"1966-05-23",665.39,865.25
"1966-05-24",664.9,865.15
"1966-05-25",665,865.15
"1966-05-26",664.84,865.05
"1966-05-27",664.87,864.95
"1966-05-28",664.91,864.95
"1966-05-29",664.96,864.85
"1966-05-30",665.37,864.75
"1966-05-31",664.58,864.65
"1966-06-01",663.85,864.55
"1966-06-02",664.18,864.45
"1966-06-03",662.61,864.35
"1966-06-04",661.98,864.25
"1966-06-05",661.54,864.15
"1966-06-06",661.52,864.15
"1966-06-07",660.15,863.95
"1966-06-08",659.02,863.85
"1966-06-09",657.84,863.75
"1966-06-10",657.04,863.65
"1966-06-11",656.46,863.55
"1966-06-12",656.05,863.45
"1966-06-13",656.38,863.45
"1966-06-14",655.3,863.35
"1966-06-15",654.49,863.25
"1966-06-16",653.53,863.15
"1966-06-17",652.55,863.05
"1966-06-18",653.29,862.95
"1966-06-19",655.85,862.95
"1966-06-20",656.6,862.95
"1966-06-21",656.57,862.95
"1966-06-22",656.57,862.85
"1966-06-23",656.91,862.75
"1966-06-24",657.16,862.65
"1966-06-25",657.69,862.55
"1966-06-26",658.18,862.55
"1966-06-27",658.58,862.45
"1966-06-28",658.01,862.35
"1966-06-29",657.53,862.25
"1966-06-30",656.87,862.15
"1966-07-01",655.99,862.05
"1966-07-02",655.38,861.95
"1966-07-03",655.32,861.95
"1966-07-04",655.51,861.95
"1966-07-05",654.22,861.85
"1966-07-06",654.53,861.85
"1966-07-07",655.32,861.75
"1966-07-08",655.15,861.75
"1966-07-09",654.53,861.75
"1966-07-10",654,861.65
"1966-07-11",653.61,861.65
"1966-07-12",652.13,861.55
"1966-07-13",651.45,861.45
"1966-07-14",651.08,861.45
"1966-07-15",650.49,861.35
"1966-07-16",649.71,861.35
"1966-07-17",649.47,861.35
"1966-07-18",649.56,861.35
"1966-07-19",648.24,861.25
"1966-07-20",647.57,861.15
"1966-07-21",646.84,861.15
"1966-07-22",646.33,861.05
"1966-07-23",645.85,860.95
"1966-07-24",645.99,860.95
"1966-07-25",646.27,860.95
"1966-07-26",644.99,860.95
"1966-07-27",644.33,860.85
"1966-07-28",643.75,860.85
"1966-07-29",643.27,860.85
"1966-07-30",643.2,860.75
"1966-07-31",642.97,860.75
"1966-08-01",643.07,860.65
"1966-08-02",641.87,860.55
"1966-08-03",641.91,860.55
"1966-08-04",643.59,860.45
"1966-08-05",643.49,860.45
"1966-08-06",642.74,860.35
"1966-08-07",645.29,860.25
"1966-08-08",646.19,860.35
"1966-08-09",646.57,860.15
"1966-08-10",646.29,860.25
"1966-08-11",646.65,860.25
"1966-08-12",647.58,860.35
"1966-08-13",647.35,860.45
"1966-08-14",649.64,860.65
"1966-08-15",650.4,860.75
"1966-08-16",650.55,860.85
"1966-08-17",650.39,860.95
"1966-08-18",649.97,861.05
"1966-08-19",649.42,861.15
"1966-08-20",649.58,861.25
"1966-08-21",649.9,861.35
"1966-08-22",649.92,861.45
"1966-08-23",648.5,861.45
"1966-08-24",648.43,861.55
"1966-08-25",649.61,861.75
"1966-08-26",650.71,861.95
"1966-08-27",651.79,862.05
"1966-08-28",652.77,862.15
"1966-08-29",653.4,862.25
"1966-08-30",653.28,862.35
"1966-08-31",653.49,862.45
"1966-09-01",652.88,862.55
"1966-09-02",653.17,862.65
"1966-09-03",652.83,862.65
"1966-09-04",652.84,862.75
"1966-09-05",653.55,862.85
"1966-09-06",653.24,862.95
"1966-09-07",653.45,863.05
"1966-09-08",653.99,863.15
"1966-09-09",654.56,863.25
"1966-09-10",655.47,863.45
"1966-09-11",656.36,863.55
"1966-09-12",656.94,863.65
"1966-09-13",657.11,863.75
"1966-09-14",657.17,863.85
"1966-09-15",657.16,863.85
"1966-09-16",657.2,863.95
"1966-09-17",657.3,864.05
"1966-09-18",658.35,864.15
"1966-09-19",658.92,864.25
"1966-09-20",658.8,864.25
"1966-09-21",658.8,864.35
"1966-09-22",658.63,864.35
"1966-09-23",658.28,864.45
"1966-09-24",657.99,864.45
"1966-09-25",658.05,864.55
"1966-09-26",658.16,864.65
"1966-09-27",657.34,864.65
"1966-09-28",656.99,864.65
"1966-09-29",657.85,864.75
"1966-09-30",657.86,864.75
"1966-10-01",658.02,864.75
"1966-10-02",658.49,864.75
"1966-10-03",658.57,864.85
"1966-10-04",658.03,864.85
"1966-10-05",657.99,864.85
"1966-10-06",658.4,864.95
"1966-10-07",658.29,864.95
"1966-10-08",658.15,865.05
"1966-10-09",658.26,865.15
"1966-10-10",658.4,865.15
"1966-10-11",657.73,865.25
"1966-10-12",657.75,865.35
"1966-10-13",657.86,865.35
"1966-10-14",657.63,865.25
"1966-10-15",657.66,865.25
"1966-10-16",658.1,865.35
"1966-10-17",658.51,865.45
"1966-10-18",658.39,865.45
"1966-10-19",658.01,865.45
"1966-10-20",657.94,865.45
"1966-10-21",657.84,865.05
"1966-10-22",657.86,865.55
"1966-10-23",657.74,865.65
"1966-10-24",657.89,865.75
"1966-10-25",657.79,865.75
"1966-10-26",657.58,865.85
"1966-10-27",657.34,865.95
"1966-10-28",657.1,865.85
"1966-10-29",656.94,865.85
"1966-10-30",656.97,865.85
"1966-10-31",657.49,865.95
"1966-11-01",656.97,865.95
"1966-11-02",657.16,865.95
"1966-11-03",657.19,865.95
"1966-11-04",657.16,866.05
"1966-11-05",657.01,866.15
"1966-11-06",657.18,866.15
"1966-11-07",657.37,866.25
"1966-11-08",656.96,866.25
"1966-11-09",656.73,866.25
"1966-11-10",656.62,866.25
"1966-11-11",656.56,866.25
"1966-11-12",656.2,866.25
"1966-11-13",656.38,866.25
"1966-11-14",656.58,866.25
"1966-11-15",656.29,866.35
"1966-11-16",656.14,866.35
"1966-11-17",656.03,866.35
"1966-11-18",655.88,866.45
"1966-11-19",655.91,866.45
"1966-11-20",656.19,866.45
"1966-11-21",656.47,866.55
"1966-11-22",,866.55
"1966-11-23",655.85,866.55
"1966-11-24",655.78,866.65
"1966-11-25",656.46,866.65
"1966-11-26",656.32,866.65
"1966-11-27",656.46,866.65
"1966-11-28",656.76,866.65
"1966-11-29",656.29,866.65
"1966-11-30",656.23,866.75
"1966-12-01",655.9,866.75
"1966-12-02",655.78,866.75
"1966-12-03",655.66,866.75
"1966-12-04",656.52,866.75
"1966-12-05",656.95,866.75
"1966-12-06",656.54,866.85
"1966-12-07",656.08,866.85
"1966-12-08",655.88,866.85
"1966-12-09",656.06,866.75
"1966-12-10",656.01,866.75
"1966-12-11",656.08,866.75
"1966-12-12",656.5,866.75
"1966-12-13",656.17,866.85
"1966-12-14",655.96,866.85
"1966-12-15",656.04,866.95
"1966-12-16",656.1,866.95
"1966-12-17",656.29,866.85
"1966-12-18",656.51,866.95
"1966-12-19",656.78,866.95
"1966-12-20",656.62,866.95
"1966-12-21",656.43,866.95
"1966-12-22",656.32,866.95
"1966-12-23",656.04,866.95
"1966-12-24",656.19,866.95
"1966-12-25",657.06,866.95
"1966-12-26",657.41,866.85
"1966-12-27",657.48,866.95
"1966-12-28",657.12,867.05
"1966-12-29",656.61,867.05
"1966-12-30",656.8,867.15
"1966-12-31",657.01,867.15
"1967-01-01",657.32,867.25
"1967-01-02",657.7,867.35
"1967-01-03",657,867.25
"1967-01-04",656.54,867.25
"1967-01-05",656.35,867.35
"1967-01-06",656.24,867.35
"1967-01-07",656.01,867.35
"1967-01-08",656.33,867.35
"1967-01-09",656.64,867.35
"1967-01-10",656.24,867.35
"1967-01-11",655.97,867.35
"1967-01-12",655.84,867.35
"1967-01-13",655.74,867.35
"1967-01-14",656.21,867.35
"1967-01-15",656.11,867.25
"1967-01-16",656.48,867.25
"1967-01-17",656.03,867.15
"1967-01-18",655.59,867.05
"1967-01-19",655.41,866.95
"1967-01-20",656.19,866.85
"1967-01-21",655.32,866.75
"1967-01-22",655.58,866.75
"1967-01-23",656.34,866.65
"1967-01-24",655.33,866.65
"1967-01-25",654.9,866.55
"1967-01-26",654.64,866.55
"1967-01-27",654.33,866.45
"1967-01-28",654.25,866.35
"1967-01-29",654.26,866.35
"1967-01-30",654.17,866.25
"1967-01-31",653.57,866.25
"1967-02-01",653.09,866.15
"1967-02-02",652.73,866.05
"1967-02-03",652.51,865.95
"1967-02-04",652.58,865.95
"1967-02-05",652.66,865.95
"1967-02-06",653.08,865.85
"1967-02-07",653.52,865.95
"1967-02-08",653.51,865.95
"1967-02-09",653.62,865.95
"1967-02-10",653.73,865.95
"1967-02-11",653.36,865.85
"1967-02-12",653.26,865.85
"1967-02-13",653.13,865.85
"1967-02-14",652.67,865.85
"1967-02-15",652.24,865.75
"1967-02-16",,865.75
"1967-02-17",,865.65
"1967-02-18",,865.65
"1967-02-19",,865.65
"1967-02-20",,865.65
"1967-02-21",,865.55
"1967-02-22",,865.45
"1967-02-23",650.42,865.25
"1967-02-24",,865.25
"1967-02-25",,865.25
"1967-02-26",,865.35
"1967-02-27",,865.35
"1967-02-28",,865.35
"1967-03-01",,865.25
"1967-03-02",650.61,865.25
"1967-03-03",650.04,865.25
"1967-03-04",649.42,865.15
"1967-03-05",649.64,865.15
"1967-03-06",649.79,865.25
"1967-03-07",649.97,865.25
"1967-03-08",649.35,865.25
"1967-03-09",649.61,865.25
"1967-03-10",648.89,865.15
"1967-03-11",647.96,865.15
"1967-03-12",647.2,865.05
"1967-03-13",646.95,865.15
"1967-03-14",646.05,865.05
"1967-03-15",645.11,865.05
"1967-03-16",645.36,864.95
"1967-03-17",645.6,864.95
"1967-03-18",645.93,864.95
"1967-03-19",646.61,864.95
"1967-03-20",647.14,864.95
"1967-03-21",646.7,864.95
"1967-03-22",646.97,864.85
"1967-03-23",646.71,864.85
"1967-03-24",646.82,864.75
"1967-03-25",648.38,864.85
"1967-03-26",649.29,864.85
"1967-03-27",649.96,864.85
"1967-03-28",649.46,864.85
"1967-03-29",648.84,864.85
"1967-03-30",648.47,864.75
"1967-03-31",648.31,864.75
"1967-04-01",648.2,864.65
"1967-04-02",648.29,864.65
"1967-04-03",648.08,864.65
"1967-04-04",,864.55
"1967-04-05",644.93,864.45
"1967-04-06",,864.35
"1967-04-07",643.95,864.15
"1967-04-08",,864.05
"1967-04-09",,863.95
"1967-04-10",,863.95
"1967-04-11",,863.85
"1967-04-12",,863.85
"1967-04-13",,863.75
"1967-04-14",,863.75
"1967-04-15",,863.75
"1967-04-16",,863.75
"1967-04-17",646.31,863.75
"1967-04-18",646.57,863.85
"1967-04-19",647.07,863.95
"1967-04-20",646.97,864.05
"1967-04-21",646.57,864.15
"1967-04-22",646.46,864.15
"1967-04-23",646.56,864.25
"1967-04-24",646.99,864.25
"1967-04-25",647.38,864.25
"1967-04-26",645.19,864.25
"1967-04-27",645.77,864.15
"1967-04-28",645.69,864.15
"1967-04-29",645.76,864.15
"1967-04-30",645.7,864.15
"1967-05-01",645.04,864.15
"1967-05-02",644.71,864.05
"1967-05-03",643.49,863.95
"1967-05-04",643.81,863.75
"1967-05-05",643.14,863.65
"1967-05-06",643.47,863.55
"1967-05-07",642.45,863.35
"1967-05-08",641.79,863.25
"1967-05-09",640.78,863.05
"1967-05-10",640.19,862.85
"1967-05-11",639.19,862.75
"1967-05-12",637.75,862.65
"1967-05-13",637.33,862.45
"1967-05-14",637.26,862.35
"1967-05-15",638.45,862.25
"1967-05-16",637.29,862.15
"1967-05-17",,861.95
"1967-05-18",,861.85
"1967-05-19",637.38,861.75
"1967-05-20",636.4,861.65
"1967-05-21",638.14,861.55
"1967-05-22",639.28,861.55
"1967-05-23",638.6,861.45
"1967-05-24",637.37,861.25
"1967-05-25",636.49,861.15
"1967-05-26",636,861.05
"1967-05-27",635.77,860.95
"1967-05-28",635.44,860.85
"1967-05-29",636.62,
"1967-05-30",637.45,
"1967-05-31",637.57,860.55
"1967-06-01",636.66,860.65
"1967-06-02",635.39,860.65
"1967-06-03",635.72,860.65
"1967-06-04",635.6,860.65
"1967-06-05",635.49,860.65
"1967-06-06",634.03,860.65
"1967-06-07",633.35,860.65
"1967-06-08",632.66,860.55
"1967-06-09",632,860.45
"1967-06-10",632.18,
"1967-06-11",632.69,
"1967-06-12",633.37,
"1967-06-13",632.42,860.35
"1967-06-14",631.26,860.25
"1967-06-15",630.32,860.15
"1967-06-16",630.06,860.05
"1967-06-17",629.93,859.95
"1967-06-18",630.05,859.85
"1967-06-19",630.45,859.85
"1967-06-20",629.06,859.85
"1967-06-21",628.68,859.65
"1967-06-22",628.33,859.45
"1967-06-23",628.48,859.45
"1967-06-24",628.68,859.35
"1967-06-25",629.03,859.25
"1967-06-26",629.05,859.25
"1967-06-27",627.52,859.15
"1967-06-28",626.76,859.05
"1967-06-29",626.12,858.95
"1967-06-30",625.76,858.85
"1967-07-01",626.15,858.85
"1967-07-02",629.61,858.75
"1967-07-03",630.82,858.85
"1967-07-04",631.08,858.75
"1967-07-05",630.94,858.65
"1967-07-06",629.95,858.65
"1967-07-07",629.03,858.55
"1967-07-08",628.79,858.45
"1967-07-09",628.9,858.45
"1967-07-10",628.94,858.45
"1967-07-11",627.48,858.35
"1967-07-12",627.03,858.35
"1967-07-13",626.87,858.25
"1967-07-14",629.93,858.35
"1967-07-15",631.68,858.35
"1967-07-16",631.99,858.35
"1967-07-17",632.25,858.35
"1967-07-18",631.41,858.25
"1967-07-19",631.17,858.25
"1967-07-20",631.51,858.25
"1967-07-21",632.7,858.25
"1967-07-22",633.65,858.25
"1967-07-23",634.22,858.25
"1967-07-24",634.14,858.25
"1967-07-25",632.85,858.15
"1967-07-26",631.74,858.05
"1967-07-27",631.04,858.05
"1967-07-28",630.34,857.95
"1967-07-29",629.88,857.85
"1967-07-30",629.84,857.85
"1967-07-31",629.69,857.85
"1967-08-01",628.34,857.75
"1967-08-02",627.78,857.65
"1967-08-03",627.24,857.65
"1967-08-04",626.97,857.55
"1967-08-05",626.97,857.45
"1967-08-06",627.25,857.35
"1967-08-07",627.42,857.35
"1967-08-08",626.2,857.25
"1967-08-09",625.54,857.15
"1967-08-10",624.91,857.05
"1967-08-11",624.94,856.95
"1967-08-12",625.73,856.85
"1967-08-13",625.98,856.85
"1967-08-14",626.52,856.75
"1967-08-15",625.49,856.65
"1967-08-16",625.46,856.55
"1967-08-17",625,856.45
"1967-08-18",628.46,856.55
"1967-08-19",630.47,856.65
"1967-08-20",631.75,856.75
"1967-08-21",632.5,856.75
"1967-08-22",632.25,856.85
"1967-08-23",632.44,856.85
"1967-08-24",632.81,856.85
"1967-08-25",633.33,856.85
"1967-08-26",633.81,856.95
"1967-08-27",634.13,856.95
"1967-08-28",634.31,857.05
"1967-08-29",633.97,857.05
"1967-08-30",633.92,857.05
"1967-08-31",633.36,857.15
"1967-09-01",634.21,857.15
"1967-09-02",635.44,857.25
"1967-09-03",636.81,857.35
"1967-09-04",637.79,857.35
"1967-09-05",639.56,857.45
"1967-09-06",640.4,857.45
"1967-09-07",640.46,857.45
"1967-09-08",640.27,857.55
"1967-09-09",640.23,857.55
"1967-09-10",640.18,857.58
"1967-09-11",640.17,857.59
"1967-09-12",639.78,857.55
"1967-09-13",639.55,857.55
"1967-09-14",639.36,857.55
"1967-09-15",639.04,857.45
"1967-09-16",640.37,857.45
"1967-09-17",641.36,857.45
"1967-09-18",641.7,857.45
"1967-09-19",641.52,857.45
"1967-09-20",642.46,857.45
"1967-09-21",645.55,857.45
"1967-09-22",649.26,857.55
"1967-09-23",650.3,857.65
"1967-09-24",651.14,857.65
"1967-09-25",651.58,857.75
"1967-09-26",651.52,857.85
"1967-09-27",651.6,857.85
"1967-09-28",651.75,857.95
"1967-09-29",651.84,858.05
"1967-09-30",651.73,858.05
"1967-10-01",651.74,858.05
"1967-10-02",651.67,858.05
"1967-10-03",651.12,858.15
"1967-10-04",650.87,858.15
"1967-10-05",650.8,858.15
"1967-10-06",650.55,858.15
"1967-10-07",650.5,858.25
"1967-10-08",650.96,858.25
"1967-10-09",651.17,858.25
"1967-10-10",650.58,858.25
"1967-10-11",650.18,858.25
"1967-10-12",649.97,858.25
"1967-10-13",649.79,858.15
"1967-10-14",649.7,858.25
"1967-10-15",649.1,858.25
"1967-10-16",650.71,858.25
"1967-10-17",650.9,858.35
"1967-10-18",650.87,858.35
"1967-10-19",650.96,858.25
"1967-10-20",650.94,858.45
"1967-10-21",650.96,858.55
"1967-10-22",651.28,858.65
"1967-10-23",651.48,858.75
"1967-10-24",651.12,858.85
"1967-10-25",650.78,858.85
"1967-10-26",650.81,858.95
"1967-10-27",650.54,858.95
"1967-10-28",650.65,859.05
"1967-10-29",651.1,859.15
"1967-10-30",651.34,859.25
"1967-10-31",651.67,859.35
"1967-11-01",651.84,859.45
"1967-11-02",651.78,859.55
"1967-11-03",651.53,859.55
"1967-11-04",651.66,859.65
"1967-11-05",651.78,859.75
"1967-11-06",651.98,859.75
"1967-11-07",651.77,859.85
"1967-11-08",651.98,860.05
"1967-11-09",653.41,860.05
"1967-11-10",654.97,860.35
"1967-11-11",655.97,860.45
"1967-11-12",656.58,860.55
"1967-11-13",657.14,860.65
"1967-11-14",657.3,860.75
"1967-11-15",657.44,860.95
"1967-11-16",657.62,860.95
"1967-11-17",657.87,861.05
"1967-11-18",657.91,861.15
"1967-11-19",658.27,861.25
"1967-11-20",658.42,861.45
"1967-11-21",658.32,861.45
"1967-11-22",658.15,861.65
"1967-11-23",658.24,861.75
"1967-11-24",658.55,861.85
"1967-11-25",658.32,861.95
"1967-11-26",658.37,862.05
"1967-11-27",658.24,862.05
"1967-11-28",658.08,862.25
"1967-11-29",658.31,862.35
"1967-11-30",658.32,862.45
"1967-12-01",658.15,862.45
"1967-12-02",658.18,862.55
"1967-12-03",658.27,862.65
"1967-12-04",658.41,862.75
"1967-12-05",657.94,862.85
"1967-12-06",658.33,862.95
"1967-12-07",658.34,863.05
"1967-12-08",658.37,863.15
"1967-12-09",658.53,863.25
"1967-12-10",658.7,863.35
"1967-12-11",658.99,863.45
"1967-12-12",658.67,863.45
"1967-12-13",658.51,863.55
"1967-12-14",658.31,863.55
"1967-12-15",658.43,863.65
"1967-12-16",658.79,863.85
"1967-12-17",659.29,863.95
"1967-12-18",659.32,863.95
"1967-12-19",658.93,863.95
"1967-12-20",658.97,864.05
"1967-12-21",659.03,864.15
"1967-12-22",658.76,864.14
"1967-12-23",658.69,864.25
"1967-12-24",659.13,864.35
"1967-12-25",659.64,864.45
"1967-12-26",659.69,864.45
"1967-12-27",659.56,864.55
"1967-12-28",659.21,864.55
"1967-12-29",659.09,864.65
"1967-12-30",659.2,864.65
"1967-12-31",659.53,864.75
"1968-01-01",659.66,864.85
"1968-01-02",659.69,864.85
"1968-01-03",659.5,864.95
"1968-01-04",659.35,864.95
"1968-01-05",659.17,865.05
"1968-01-06",659.44,865.05
"1968-01-07",659.3,865.15
"1968-01-08",659.27,865.25
"1968-01-09",659.33,865.35
"1968-01-10",659.37,865.35
"1968-01-11",659.49,865.45
"1968-01-12",659.53,865.45
"1968-01-13",659.51,865.55
"1968-01-14",659.76,865.65
"1968-01-15",660.08,865.65
"1968-01-16",659.7,865.65
"1968-01-17",659.69,865.75
"1968-01-18",662.67,865.75
"1968-01-19",665.22,865.85
"1968-01-20",669.13,866.05
"1968-01-21",671.72,866.15
"1968-01-22",672.7,866.25
"1968-01-23",673.66,866.25
"1968-01-24",674.51,866.45
"1968-01-25",675.26,865.95
"1968-01-26",675.76,866.55
"1968-01-27",676.07,866.65
"1968-01-28",676.49,866.65
"1968-01-29",676.68,866.75
"1968-01-30",676.63,866.85
"1968-01-31",676.55,866.95
"1968-02-01",676.69,866.95
"1968-02-02",676.57,867.05
"1968-02-03",676.68,867.05
"1968-02-04",676.83,867.15
"1968-02-05",676.86,867.15
"1968-02-06",676.59,867.25
"1968-02-07",676.44,867.35
"1968-02-08",676.43,867.35
"1968-02-09",676.4,867.45
"1968-02-10",676.47,867.55
"1968-02-11",676.76,867.65
"1968-02-12",676.87,867.65
"1968-02-13",676.63,867.65
"1968-02-14",676.49,867.75
"1968-02-15",676.61,867.85
"1968-02-16",676.44,867.85
"1968-02-17",676.56,867.95
"1968-02-18",676.92,868.05
"1968-02-19",677.12,868.15
"1968-02-20",677.18,868.25
"1968-02-21",677.38,868.35
"1968-02-22",677.38,868.35
"1968-02-23",677.38,868.35
"1968-02-24",677.34,868.35
"1968-02-25",677.56,868.45
"1968-02-26",677.54,868.45
"1968-02-27",677.39,868.45
"1968-02-28",677.43,868.55
"1968-02-29",677.35,868.55
"1968-03-01",677.23,868.65
"1968-03-02",677.43,868.65
"1968-03-03",677.31,868.75
"1968-03-04",677.43,868.75
"1968-03-05",677.36,868.95
"1968-03-06",677.39,868.95
"1968-03-07",677.26,868.95
"1968-03-08",677.22,869.05
"1968-03-09",677.25,869.15
"1968-03-10",677.36,869.15
"1968-03-11",677.38,869.25
"1968-03-12",677.24,869.25
"1968-03-13",677.11,869.35
"1968-03-14",677.19,869.45
"1968-03-15",677.24,869.55
"1968-03-16",677.12,869.55
"1968-03-17",677.19,869.65
"1968-03-18",677.32,869.75
"1968-03-19",677.31,869.85
"1968-03-20",677.38,869.85
"1968-03-21",677.21,869.85
"1968-03-22",677.21,869.85
"1968-03-23",676.99,869.95
"1968-03-24",677.06,870.05
"1968-03-25",677.14,870.05
"1968-03-26",676.69,870.15
"1968-03-27",676.54,870.15
"1968-03-28",676.56,870.25
"1968-03-29",676.49,870.25
"1968-03-30",676.57,870.35
"1968-03-31",676.41,870.35
"1968-04-01",676.26,870.45
"1968-04-02",676.38,870.45
"1968-04-03",676.36,870.55
"1968-04-04",675.95,870.55
"1968-04-05",675.7,870.45
"1968-04-06",675.43,870.45
"1968-04-07",675.23,870.45
"1968-04-08",675.03,870.45
"1968-04-09",674.86,870.55
"1968-04-10",675.21,870.55
"1968-04-11",675.19,870.65
"1968-04-12",675.28,870.75
"1968-04-13",675.53,870.75
"1968-04-14",675.64,870.75
"1968-04-15",675.91,870.85
"1968-04-16",675.41,870.95
"1968-04-17",675.23,870.95
"1968-04-18",675.18,870.95
"1968-04-19",675.24,870.95
"1968-04-20",675.11,871.05
"1968-04-21",675.41,871.15
"1968-04-22",675.69,871.25
"1968-04-23",675.62,871.25
"1968-04-24",675.66,871.25
"1968-04-25",675.54,871.35
"1968-04-26",675.64,871.35
"1968-04-27",675.57,871.45
"1968-04-28",675.45,871.45
"1968-04-29",675.51,871.45
"1968-04-30",675.14,871.45
"1968-05-01",674.88,871.55
"1968-05-02",674.48,871.55
"1968-05-03",674.31,871.55
"1968-05-04",674.78,871.65
"1968-05-05",675.1,871.65
"1968-05-06",675.28,871.65
"1968-05-07",675.51,871.75
"1968-05-08",675.7,871.85
"1968-05-09",675.69,871.95
"1968-05-10",675.86,872.05
"1968-05-11",676.21,872.15
"1968-05-12",676.96,872.25
"1968-05-13",677.53,872.35
"1968-05-14",677.5,872.35
"1968-05-15",677.67,872.45
"1968-05-16",677.69,872.45
"1968-05-17",677.87,872.55
"1968-05-18",678.04,872.65
"1968-05-19",678.21,872.65
"1968-05-20",678.33,872.65
"1968-05-21",678.04,872.75
"1968-05-22",677.77,872.75
"1968-05-23",677.5,872.75
"1968-05-24",677.13,872.85
"1968-05-25",676.65,872.85
"1968-05-26",676.31,872.85
"1968-05-27",676.22,872.95
"1968-05-28",676.12,872.95
"1968-05-29",675.23,872.85
"1968-05-30",674.62,872.85
"1968-05-31",673.86,872.75
"1968-06-01",673.68,872.65
"1968-06-02",673.83,872.65
"1968-06-03",674.25,872.65
"1968-06-04",674.39,872.65
"1968-06-05",674.46,872.65
"1968-06-06",674.31,872.55
"1968-06-07",674.06,872.55
"1968-06-08",673.85,872.55
"1968-06-09",673.77,872.45
"1968-06-10",673.61,872.45
"1968-06-11",672.66,872.45
"1968-06-12",671.43,872.35
"1968-06-13",670.25,872.25
"1968-06-14",669.32,872.15
"1968-06-15",668.64,872.15
"1968-06-16",668.62,872.15
"1968-06-17",668.7,872.05
"1968-06-18",668,872.05
"1968-06-19",668.06,871.95
"1968-06-20",669.22,871.95
"1968-06-21",669.99,871.85
"1968-06-22",670.44,871.85
"1968-06-23",671.21,871.85
"1968-06-24",671.8,871.85
"1968-06-25",671.54,871.85
"1968-06-26",671.41,871.73
"1968-06-27",671.92,871.75
"1968-06-28",671.9,871.75
"1968-06-29",671.8,871.75
"1968-06-30",671.97,871.75
"1968-07-01",671.83,871.75
"1968-07-02",671.3,871.65
"1968-07-03",671.55,871.55
"1968-07-04",671.74,871.65
"1968-07-05",672.07,871.65
"1968-07-06",671.59,871.65
"1968-07-07",671.52,871.65
"1968-07-08",671.56,871.75
"1968-07-09",670.83,871.65
"1968-07-10",670.69,871.75
"1968-07-11",670.31,871.85
"1968-07-12",671.11,871.95
"1968-07-13",671.57,871.95
"1968-07-14",671.96,872.05
"1968-07-15",672.13,872.15
"1968-07-16",671.66,872.15
"1968-07-17",671.04,872.25
"1968-07-18",670.51,872.25
"1968-07-19",669.98,872.25
"1968-07-20",669.74,872.25
"1968-07-21",669.71,872.35
"1968-07-22",669.44,872.35
"1968-07-23",668.53,872.25
"1968-07-24",667.89,872.35
"1968-07-25",667.25,872.35
"1968-07-26",667.05,872.35
"1968-07-27",666.81,872.35
"1968-07-28",666.74,872.35
"1968-07-29",666.55,872.35
"1968-07-30",665.5,872.35
"1968-07-31",664.69,872.25
"1968-08-01",663.9,872.23
"1968-08-02",664.03,872.23
"1968-08-03",663.95,872.23
"1968-08-04",663.76,872.25
"1968-08-05",664.33,872.25
"1968-08-06",663.71,872.25
"1968-08-07",662.71,872.15
"1968-08-08",661.78,872.15
"1968-08-09",661,872.15
"1968-08-10",660.86,872.05
"1968-08-11",660.67,872.05
"1968-08-12",660.75,872.05
"1968-08-13",659.44,872.05
"1968-08-14",658.7,872.05
"1968-08-15",658.35,872.05
"1968-08-16",657.95,871.95
"1968-08-17",658.02,871.95
"1968-08-18",659.23,871.95
"1968-08-19",659.55,871.95
"1968-08-20",658.48,871.95
"1968-08-21",658.22,871.85
"1968-08-22",657.62,871.85
"1968-08-23",657.24,871.85
"1968-08-24",657.27,871.75
"1968-08-25",657.92,871.85
"1968-08-26",658.44,871.95
"1968-08-27",657.39,871.95
"1968-08-28",656.72,871.85
"1968-08-29",656.22,871.85
"1968-08-30",655.87,871.85
"1968-08-31",657.81,871.85
"1968-09-01",659.67,871.95
"1968-09-02",661.01,872.05
"1968-09-03",661.87,872.15
"1968-09-04",662.15,872.15
"1968-09-05",662.91,872.15
"1968-09-06",663.93,872.15
"1968-09-07",664.36,872.15
"1968-09-08",664.81,872.25
"1968-09-09",665,872.25
"1968-09-10",664.89,872.25
"1968-09-11",664.97,872.25
"1968-09-12",664.91,872.25
"1968-09-13",664.91,872.25
"1968-09-14",665.86,872.45
"1968-09-15",666.55,872.45
"1968-09-16",666.72,872.55
"1968-09-17",666.31,872.55
"1968-09-18",666.49,872.55
"1968-09-19",666.45,872.55
"1968-09-20",666.24,872.55
"1968-09-21",666.03,872.55
"1968-09-22",666.57,872.55
"1968-09-23",666.56,872.55
"1968-09-24",666.28,872.55
"1968-09-25",666.36,872.65
"1968-09-26",666.71,872.85
"1968-09-27",666.71,872.85
"1968-09-28",666.75,872.85
"1968-09-29",666.84,872.85
"1968-09-30",666.75,872.85
"1968-10-01",666.22,873.05
"1968-10-02",665.97,872.95
"1968-10-03",665.72,872.95
"1968-10-04",665.89,873.05
"1968-10-05",666.64,873.15
"1968-10-06",667.22,873.15
"1968-10-07",667.05,873.15
"1968-10-08",666.92,873.15
"1968-10-09",666.82,873.15
"1968-10-10",666.81,873.15
"1968-10-11",666.79,873.25
"1968-10-12",666.93,873.25
"1968-10-13",667.17,873.25
"1968-10-14",666.96,873.25
"1968-10-15",666.62,873.25
"1968-10-16",666.73,873.35
"1968-10-17",666.54,873.25
"1968-10-18",666.84,873.25
"1968-10-19",666.74,873.25
"1968-10-20",666.77,873.25
"1968-10-21",666.69,873.25
"1968-10-22",666.38,873.25
"1968-10-23",666.34,873.25
"1968-10-24",666.11,873.35
"1968-10-25",666.57,873.25
"1968-10-26",666.83,873.25
"1968-10-27",667.07,873.25
"1968-10-28",666.96,873.25
"1968-10-29",666.61,873.25
"1968-10-30",666.35,873.15
"1968-10-31",666.03,873.15
"1968-11-01",665.75,873.05
"1968-11-02",665.86,873.05
"1968-11-03",665.95,872.95
"1968-11-04",666.56,872.95
"1968-11-05",666.58,872.95
"1968-11-06",666.56,872.95
"1968-11-07",666.34,872.85
"1968-11-08",666.49,872.85
"1968-11-09",667.07,872.85
"1968-11-10",667.62,872.95
"1968-11-11",667.64,872.85
"1968-11-12",667.34,872.85
"1968-11-13",667.41,872.85
"1968-11-14",667.43,872.85
"1968-11-15",667.53,872.85
"1968-11-16",667.79,872.85
"1968-11-17",667.89,872.75
"1968-11-18",667.99,872.75
"1968-11-19",667.73,872.69
"1968-11-20",667.59,872.69
"1968-11-21",667.49,872.65
"1968-11-22",667.34,872.65
"1968-11-23",667.31,872.65
"1968-11-24",667.2,872.55
"1968-11-25",667.38,872.55
"1968-11-26",667.32,872.65
"1968-11-27",667.51,872.65
"1968-11-28",668.13,872.65
"1968-11-29",668.52,872.75
"1968-11-30",669.01,872.75
"1968-12-01",669.67,872.85
"1968-12-02",670.21,872.85
"1968-12-03",670.09,872.85
"1968-12-04",669.89,872.95
"1968-12-05",669.91,872.95
"1968-12-06",669.87,872.95
"1968-12-07",669.82,872.95
"1968-12-08",669.88,872.95
"1968-12-09",669.99,872.95
"1968-12-10",669.8,873.05
"1968-12-11",669.7,873.05
"1968-12-12",669.89,873.15
"1968-12-13",669.78,873.05
"1968-12-14",669.64,873.05
"1968-12-15",669.93,873.05
"1968-12-16",670.12,873.05
"1968-12-17",670.03,873.15
"1968-12-18",669.96,873.15
"1968-12-19",669.69,873.05
"1968-12-20",669.66,873.05
"1968-12-21",669.99,873.15
"1968-12-22",670.11,873.05
"1968-12-23",669.97,873.05
"1968-12-24",669.83,873.05
"1968-12-25",670.15,873.05
"1968-12-26",670.47,873.05
"1968-12-27",670.27,873.15
"1968-12-28",670.03,873.05
"1968-12-29",670.21,873.05
"1968-12-30",670.26,873.05
"1968-12-31",669.84,872.95
"1969-01-01",669.64,872.95
"1969-01-02",669.92,872.95
"1969-01-03",670.09,872.95
"1969-01-04",670.03,872.95
"1969-01-05",670.12,872.95
"1969-01-06",670.21,872.95
"1969-01-07",669.96,872.95
"1969-01-08",669.97,872.95
"1969-01-09",669.69,872.95
"1969-01-10",669.5,872.85
"1969-01-11",669.56,872.85
"1969-01-12",669.66,872.75
"1969-01-13",669.65,872.75
"1969-01-14",669.44,872.75
"1969-01-15",669.39,872.75
"1969-01-16",669.43,872.65
"1969-01-17",669.73,872.65
"1969-01-18",669.84,872.65
"1969-01-19",670.04,872.65
"1969-01-20",670.18,872.65
"1969-01-21",670.02,872.65
"1969-01-22",669.81,872.65
"1969-01-23",669.67,872.55
"1969-01-24",669.41,872.45
"1969-01-25",669.42,872.35
"1969-01-26",669.64,872.35
"1969-01-27",669.9,872.4
"1969-01-28",669.65,872.33
"1969-01-29",669,872.25
"1969-01-30",669.39,872.15
"1969-01-31",669.51,872.15
"1969-02-01",669.62,872.05
"1969-02-02",669.9,872.05
"1969-02-03",669.63,871.95
"1969-02-04",669.23,871.85
"1969-02-05",669.24,871.85
"1969-02-06",669.31,871.85
"1969-02-07",669.09,871.76
"1969-02-08",668.91,871.69
"1969-02-09",668.95,871.61
"1969-02-10",669.07,871.62
"1969-02-11",668.6,871.56
"1969-02-12",668.38,871.55
"1969-02-13",668.3,871.45
"1969-02-14",669.07,871.45
"1969-02-15",669.89,871.45
"1969-02-16",670.51,871.45
"1969-02-17",670.83,871.35
"1969-02-18",670.63,871.35
"1969-02-19",670.63,871.25
"1969-02-20",670.76,871.25
"1969-02-21",671.01,871.25
"1969-02-22",671.38,871.25
"1969-02-23",671.76,871.25
"1969-02-24",671.91,871.25
"1969-02-25",672.59,871.25
"1969-02-26",671.53,871.25
"1969-02-27",671.47,871.15
"1969-02-28",671.16,871.05
"1969-03-01",671.21,871.05
"1969-03-02",671.33,871.15
"1969-03-03",671.5,871.05
"1969-03-04",671.24,871.05
"1969-03-05",671.2,871.15
"1969-03-06",671.36,871.15
"1969-03-07",671.07,871.05
"1969-03-08",671.09,871.05
"1969-03-09",670.88,871.05
"1969-03-10",670.88,871.05
"1969-03-11",670.71,871.05
"1969-03-12",670.74,871.05
"1969-03-13",670.19,870.95
"1969-03-14",670.21,870.95
"1969-03-15",670.5,870.95
"1969-03-16",671.01,870.85
"1969-03-17",671.34,870.85
"1969-03-18",671.11,870.85
"1969-03-19",671.97,870.85
"1969-03-20",670.74,870.25
"1969-03-21",670.63,870.75
"1969-03-22",670.74,870.75
"1969-03-23",671.25,870.85
"1969-03-24",671.43,870.85
"1969-03-25",671.15,870.75
"1969-03-26",672.02,870.65
"1969-03-27",670.78,870.65
"1969-03-28",670.61,870.55
"1969-03-29",670.54,870.55
"1969-03-30",670.39,870.45
"1969-03-31",670.35,870.45
"1969-04-01",669.91,870.45
"1969-04-02",669.76,870.45
"1969-04-03",669.33,870.35
"1969-04-04",669.42,870.35
"1969-04-05",669.58,870.35
"1969-04-06",669.03,870.25
"1969-04-07",669.27,870.25
"1969-04-08",668.53,870.25
"1969-04-09",668.44,870.15
"1969-04-10",668.9,870.15
"1969-04-11",667.81,870.15
"1969-04-12",668.66,870.15
"1969-04-13",669.4,870.15
"1969-04-14",669.87,870.25
"1969-04-15",669.86,870.25
"1969-04-16",669.77,870.25
"1969-04-17",669.63,870.25
"1969-04-18",670.04,870.25
"1969-04-19",670.2,870.25
"1969-04-20",670.36,870.25
"1969-04-21",670.53,870.35
"1969-04-22",670.1,870.35
"1969-04-23",669.69,870.35
"1969-04-24",669.26,870.35
"1969-04-25",669.1,870.38
"1969-04-26",668.97,870.45
"1969-04-27",669.79,870.45
"1969-04-28",669.92,870.35
"1969-04-29",669.67,870.35
"1969-04-30",669.55,870.43
"1969-05-01",669.92,870.45
"1969-05-02",670,870.55
"1969-05-03",670.58,870.65
"1969-05-04",671.41,870.75
"1969-05-05",672.02,870.75
"1969-05-06",672.12,870.75
"1969-05-07",672.18,870.85
"1969-05-08",672.08,870.85
"1969-05-09",672.31,870.85
"1969-05-10",672.57,870.95
"1969-05-11",672.82,870.95
"1969-05-12",672.94,870.95
"1969-05-13",673.12,870.95
"1969-05-14",673.1,871.05
"1969-05-15",673.17,871.05
"1969-05-16",673.33,871.15
"1969-05-17",674.5,871.15
"1969-05-18",675.56,871.15
"1969-05-19",676.09,871.25
"1969-05-20",676.1,871.25
"1969-05-21",676.04,871.25
"1969-05-22",675.97,871.25
"1969-05-23",675.76,871.15
"1969-05-24",675.61,871.15
"1969-05-25",675.61,871.15
"1969-05-26",675.34,871.15
"1969-05-27",674.56,871.05
"1969-05-28",673.83,870.95
"1969-05-29",672.97,870.75
"1969-05-30",672.07,870.65
"1969-05-31",672.15,870.55
"1969-06-01",669.96,870.45
"1969-06-02",669.8,870.25
"1969-06-03",668.84,870.15
"1969-06-04",669.91,870.25
"1969-06-05",670.64,870.35
"1969-06-06",670.85,870.35
"1969-06-07",670.97,870.35
"1969-06-08",671.08,870.35
"1969-06-09",670.98,870.25
"1969-06-10",670.11,870.25
"1969-06-11",669.31,870.15
"1969-06-12",668.29,870.05
"1969-06-13",667.4,869.95
"1969-06-14",666.67,869.85
"1969-06-15",666.07,869.75
"1969-06-16",665.81,869.75
"1969-06-17",664.52,869.65
"1969-06-18",663.52,869.55
"1969-06-19",662.46,869.45
"1969-06-20",661.22,869.35
"1969-06-21",660.49,869.15
"1969-06-22",659.89,869.05
"1969-06-23",659.64,869.05
"1969-06-24",658.94,868.95
"1969-06-25",660.26,868.85
"1969-06-26",660.63,868.75
"1969-06-27",660.26,868.65
"1969-06-28",659.94,868.55
"1969-06-29",660.11,868.45
"1969-06-30",659.81,868.45
"1969-07-01",658.91,868.35
"1969-07-02",658.29,868.25
"1969-07-03",657.6,868.25
"1969-07-04",657.55,868.15
"1969-07-05",657.69,868.15
"1969-07-06",657.48,868.15
"1969-07-07",657.41,868.05
"1969-07-08",656.33,867.95
"1969-07-09",655.54,867.95
"1969-07-10",654.81,867.85
"1969-07-11",654.13,867.85
"1969-07-12",653.83,867.75
"1969-07-13",654.2,867.75
"1969-07-14",653.97,867.85
"1969-07-15",652.96,867.75
"1969-07-16",651.79,867.75
"1969-07-17",652.46,867.65
"1969-07-18",652.11,867.65
"1969-07-19",651.76,867.65
"1969-07-20",651.61,867.65
"1969-07-21",651.9,867.55
"1969-07-22",653.07,867.65
"1969-07-23",652.7,867.55
"1969-07-24",652,867.55
"1969-07-25",651.08,867.45
"1969-07-26",650.76,867.45
"1969-07-27",650.97,867.45
"1969-07-28",651.49,867.55
"1969-07-29",652.21,867.55
"1969-07-30",649.66,867.55
"1969-07-31",648.48,867.55
"1969-08-01",648.27,867.45
"1969-08-02",648.01,867.45
"1969-08-03",648.17,867.45
"1969-08-04",648.12,867.45
"1969-08-05",646.86,867.35
"1969-08-06",646.77,867.35
"1969-08-07",646.17,867.35
"1969-08-08",645.98,867.25
"1969-08-09",646.17,867.25
"1969-08-10",646.36,867.25
"1969-08-11",645.85,867.25
"1969-08-12",644.84,867.15
"1969-08-13",643.96,867.05
"1969-08-14",643.46,867.05
"1969-08-15",643.47,866.95
"1969-08-16",643.66,866.95
"1969-08-17",643.63,866.95
"1969-08-18",644.43,866.95
"1969-08-19",643.43,866.85
"1969-08-20",642.77,866.85
"1969-08-21",644.71,866.75
"1969-08-22",644.98,866.65
"1969-08-23",644.57,866.55
"1969-08-24",644.45,866.55
"1969-08-25",647.48,866.55
"1969-08-26",650.25,866.55
"1969-08-27",652.81,866.65
"1969-08-28",654.19,866.75
"1969-08-29",655.23,866.85
"1969-08-30",656.17,866.95
"1969-08-31",657.04,867.05
"1969-09-01",657.76,867.15
"1969-09-02",657.41,867.25
"1969-09-03",657.33,867.25
"1969-09-04",657.47,867.35
"1969-09-05",657.64,867.35
"1969-09-06",657.91,867.45
"1969-09-07",657.96,867.45
"1969-09-08",657.97,867.45
"1969-09-09",657.69,867.35
"1969-09-10",657.49,867.55
"1969-09-11",657.56,867.55
"1969-09-12",657.89,867.55
"1969-09-13",657.9,867.55
"1969-09-14",657.97,867.55
"1969-09-15",657.97,867.55
"1969-09-16",657.15,867.45
"1969-09-17",656.55,867.45
"1969-09-18",656.5,867.45
"1969-09-19",656.36,867.45
"1969-09-20",656.5,867.45
"1969-09-21",656.6,867.45
"1969-09-22",656.6,867.45
"1969-09-23",656.81,867.45
"1969-09-24",657.65,867.35
"1969-09-25",657.74,867.35
"1969-09-26",657.66,867.35
"1969-09-27",657.83,867.35
"1969-09-28",657.99,867.25
"1969-09-29",657.85,867.25
"1969-09-30",657.33,867.25
"1969-10-01",657.01,867.25
"1969-10-02",656.7,867.15
"1969-10-03",656.54,867.05
"1969-10-04",656.44,867.15
"1969-10-05",658.37,867.75
"1969-10-06",659.21,868.05
"1969-10-07",659.85,868.15
"1969-10-08",659.94,868.45
"1969-10-09",660.63,868.55
"1969-10-10",660.78,868.65
"1969-10-11",660.89,868.75
"1969-10-12",661.94,868.95
"1969-10-13",662.21,869.25
"1969-10-14",662.53,869.45
"1969-10-15",662.69,869.55
"1969-10-16",662.62,869.65
"1969-10-17",662.72,869.75
"1969-10-18",662.87,869.85
"1969-10-19",663.15,869.95
"1969-10-20",663.02,870.05
"1969-10-21",662.62,870.15
"1969-10-22",662.38,870.25
"1969-10-23",662.3,870.35
"1969-10-24",662.26,870.45
"1969-10-25",662.28,870.45
"1969-10-26",662.31,870.55
"1969-10-27",662.54,870.75
"1969-10-28",662.66,871.15
"1969-10-29",663.09,871.25
"1969-10-30",663.49,871.35
"1969-10-31",663.56,871.45
"1969-11-01",663.71,871.55
"1969-11-02",664.56,871.65
"1969-11-03",664.04,871.75
"1969-11-04",663.95,871.85
"1969-11-05",664.39,871.95
"1969-11-06",664.39,872.05
"1969-11-07",664.47,872.15
"1969-11-08",664.58,872.15
"1969-11-09",664.73,872.25
"1969-11-10",664.77,872.35
"1969-11-11",664.63,872.45
"1969-11-12",664.45,872.45
"1969-11-13",664.34,872.55
"1969-11-14",664.13,872.55
"1969-11-15",664.56,872.65
"1969-11-16",665.49,872.65
"1969-11-17",665.17,872.75
"1969-11-18",665.73,872.75
"1969-11-19",664.96,872.75
"1969-11-20",665,872.75
"1969-11-21",665.01,872.85
"1969-11-22",665.3,872.85
"1969-11-23",665.37,872.85
"1969-11-24",665.61,872.95
"1969-11-25",665.53,872.95
"1969-11-26",665.59,873.05
"1969-11-27",665.94,873.05
"1969-11-28",666.44,873.15
"1969-11-29",666.51,873.15
"1969-11-30",666.76,873.25
"1969-12-01",666.88,873.35
"1969-12-02",666.67,873.35
"1969-12-03",666.58,873.45
"1969-12-04",666.21,873.45
"1969-12-05",667.11,873.65
"1969-12-06",667.92,873.75
"1969-12-07",668.67,873.85
"1969-12-08",669.23,873.95
"1969-12-09",669.65,874.05
"1969-12-10",669.95,874.05
"1969-12-11",669.88,874.05
"1969-12-12",670.01,874.15
"1969-12-13",670.39,874.25
"1969-12-14",670.54,874.25
"1969-12-15",670.7,874.35
"1969-12-16",670.47,874.35
"1969-12-17",670.14,874.45
"1969-12-18",669.89,874.45
"1969-12-19",669.76,874.55
"1969-12-20",669.8,874.65
"1969-12-21",670.12,874.65
"1969-12-22",670.13,874.75
"1969-12-23",669.76,874.75
"1969-12-24",669.72,874.75
"1969-12-25",669.94,874.75
"1969-12-26",670.13,874.85
"1969-12-27",670.19,874.95
"1969-12-28",670.36,874.95
"1969-12-29",670.4,874.95
"1969-12-30",670.34,874.95
"1969-12-31",670.28,874.95
"1970-01-01",669.92,875.05
"1970-01-02",670.04,875.05
"1970-01-03",669.97,875.15
"1970-01-04",670.03,875.15
"1970-01-05",670.2,875.25
"1970-01-06",670.01,875.15
"1970-01-07",669.67,875.15
"1970-01-08",669.24,875.15
"1970-01-09",669.26,875.15
"1970-01-10",669.58,875.35
"1970-01-11",670.1,875.35
"1970-01-12",669.99,875.43
"1970-01-13",669.76,875.35
"1970-01-14",669.71,875.35
"1970-01-15",669.83,875.45
"1970-01-16",669.79,875.45
"1970-01-17",669.92,875.45
"1970-01-18",670.02,875.55
"1970-01-19",670.02,875.55
"1970-01-20",669.83,875.55
"1970-01-21",669.69,875.55
"1970-01-22",669.71,875.55
"1970-01-23",669.77,875.65
"1970-01-24",669.84,875.65
"1970-01-25",670.04,875.65
"1970-01-26",669.97,875.65
"1970-01-27",669.71,875.65
"1970-01-28",669.61,875.65
"1970-01-29",669.42,875.65
"1970-01-30",669.74,875.65
"1970-01-31",670.05,875.75
"1970-02-01",670.65,875.75
"1970-02-02",670.69,875.75
"1970-02-03",670.25,875.65
"1970-02-04",670.31,875.65
"1970-02-05",670.24,875.65
"1970-02-06",670.08,875.65
"1970-02-07",670.43,875.65
"1970-02-08",670.79,875.65
"1970-02-09",670.78,875.65
"1970-02-10",670.64,875.65
"1970-02-11",670.62,875.65
"1970-02-12",670.47,875.55
"1970-02-13",670.47,875.45
"1970-02-14",670.56,875.55
"1970-02-15",670.71,875.45
"1970-02-16",670.79,875.45
"1970-02-17",670.53,875.35
"1970-02-18",670.47,875.35
"1970-02-19",670.19,875.25
"1970-02-20",670.1,875.25
"1970-02-21",670.28,875.15
"1970-02-22",670.59,875.25
"1970-02-23",670.67,875.25
"1970-02-24",671.1,875.35
"1970-02-25",671.73,875.35
"1970-02-26",671.93,875.45
"1970-02-27",672.28,875.45
"1970-02-28",672.81,875.45
"1970-03-01",673.14,875.45
"1970-03-02",673.39,875.55
"1970-03-03",673.34,875.55
"1970-03-04",673.28,875.55
"1970-03-05",673.35,875.55
"1970-03-06",673.37,875.55
"1970-03-07",673.81,875.65
"1970-03-08",674.41,875.65
"1970-03-09",674.58,875.75
"1970-03-10",674.69,875.75
"1970-03-11",674.79,875.75
"1970-03-12",674.88,875.75
"1970-03-13",674.83,875.75
"1970-03-14",674.85,875.75
"1970-03-15",675.04,875.85
"1970-03-16",675.07,875.85
"1970-03-17",675.13,875.85
"1970-03-18",675.24,875.85
"1970-03-19",675.37,875.95
"1970-03-20",675.32,875.95
"1970-03-21",675.51,875.95
"1970-03-22",675.56,875.95
"1970-03-23",675.53,875.95
"1970-03-24",675.33,875.95
"1970-03-25",675.19,876.05
"1970-03-26",674.89,875.95
"1970-03-27",674.88,876.05
"1970-03-28",675.02,876.05
"1970-03-29",675.14,876.05
"1970-03-30",675.36,876.05
"1970-03-31",674.85,876.05
"1970-04-01",674.78,876.15
"1970-04-02",674.45,876.05
"1970-04-03",674.12,875.95
"1970-04-04",674.04,875.95
"1970-04-05",673.95,875.95
"1970-04-06",673.95,875.95
"1970-04-07",673.39,875.95
"1970-04-08",673.08,875.95
"1970-04-09",672.95,875.95
"1970-04-10",673.36,875.95
"1970-04-11",673.56,875.85
"1970-04-12",673.5,875.85
"1970-04-13",673.02,875.75
"1970-04-14",672.89,875.75
"1970-04-15",672.81,875.75
"1970-04-16",673.02,875.75
"1970-04-17",672.77,875.75
"1970-04-18",672.94,875.65
"1970-04-19",673.25,875.75
"1970-04-20",673.61,875.75
"1970-04-21",673.28,875.65
"1970-04-22",673.04,875.55
"1970-04-23",672.77,875.55
"1970-04-24",672.39,875.55
"1970-04-25",672.33,875.55
"1970-04-26",672.25,875.55
"1970-04-27",671.82,875.55
"1970-04-28",672.55,875.55
"1970-04-29",671.08,875.55
"1970-04-30",670.73,875.55
"1970-05-01",671.19,875.55
"1970-05-02",671.13,875.45
"1970-05-03",671.35,875.45
"1970-05-04",670.88,875.35
"1970-05-05",669.59,875.25
"1970-05-06",668.64,875.15
"1970-05-07",667.86,875.05
"1970-05-08",667.34,874.95
"1970-05-09",667.17,874.95
"1970-05-10",666.75,874.85
"1970-05-11",666.38,874.75
"1970-05-12",665.55,874.65
"1970-05-13",664.82,874.55
"1970-05-14",664.16,874.45
"1970-05-15",666.08,874.55
"1970-05-16",667.07,874.55
"1970-05-17",668.13,874.65
"1970-05-18",668.61,874.75
"1970-05-19",668.38,874.75
"1970-05-20",668.21,874.65
"1970-05-21",668.16,874.65
"1970-05-22",668.07,874.65
"1970-05-23",669.17,874.65
"1970-05-24",670.21,874.65
"1970-05-25",670.77,874.75
"1970-05-26",671.86,874.65
"1970-05-27",673.1,874.65
"1970-05-28",674.04,874.65
"1970-05-29",674.85,874.55
"1970-05-30",675.56,874.55
"1970-05-31",676.16,874.45
"1970-06-01",676.5,874.45
"1970-06-02",676.74,874.35
"1970-06-03",676.98,874.25
"1970-06-04",677.08,874.15
"1970-06-05",676.93,874.05
"1970-06-06",676.71,873.95
"1970-06-07",676.62,873.95
"1970-06-08",676.28,873.95
"1970-06-09",675.72,873.85
"1970-06-10",675.36,873.85
"1970-06-11",675.06,873.85
"1970-06-12",674.21,873.75
"1970-06-13",673.65,873.75
"1970-06-14",673.06,873.65
"1970-06-15",672.61,873.65
"1970-06-16",671.35,873.55
"1970-06-17",669.74,873.45
"1970-06-18",668.54,873.25
"1970-06-19",667.65,873.15
"1970-06-20",667.03,873.15
"1970-06-21",666.95,873.05
"1970-06-22",666.98,873.05
"1970-06-23",665.95,872.95
"1970-06-24",665.59,872.85
"1970-06-25",665.97,872.75
"1970-06-26",665.2,872.55
"1970-06-27",664.78,872.55
"1970-06-28",664.67,872.55
"1970-06-29",665.22,872.65
"1970-06-30",664.68,872.65
"1970-07-01",663.6,872.75
"1970-07-02",662.73,872.75
"1970-07-03",662.25,872.75
"1970-07-04",661.8,872.75
"1970-07-05",662.02,872.75
"1970-07-06",661.73,872.75
"1970-07-07",660.39,872.65
"1970-07-08",659.42,872.55
"1970-07-09",658.48,872.45
"1970-07-10",658.05,872.45
"1970-07-11",658.07,872.45
"1970-07-12",658.15,872.45
"1970-07-13",658.2,872.45
"1970-07-14",658.14,872.35
"1970-07-15",659.25,872.45
"1970-07-16",660.55,872.45
"1970-07-17",661.79,872.55
"1970-07-18",662.47,872.55
"1970-07-19",662.84,872.55
"1970-07-20",662.6,872.55
"1970-07-21",661.37,872.45
"1970-07-22",661.14,872.45
"1970-07-23",660.97,872.45
"1970-07-24",660.24,872.35
"1970-07-25",660.14,872.35
"1970-07-26",661.17,872.35
"1970-07-27",660.98,872.35
"1970-07-28",659.76,872.35
"1970-07-29",659.04,872.35
"1970-07-30",658.2,872.25
"1970-07-31",657.46,872.25
"1970-08-01",657.16,872.25
"1970-08-02",656.93,872.25
"1970-08-03",656.94,872.25
"1970-08-04",658.5,872.35
"1970-08-05",659.69,872.45
"1970-08-06",659.58,872.45
"1970-08-07",659.24,872.45
"1970-08-08",658.75,872.55
"1970-08-09",658.48,872.55
"1970-08-10",657.89,872.55
"1970-08-11",656.23,872.45
"1970-08-12",656.94,872.45
"1970-08-13",656.34,872.35
"1970-08-14",655.83,872.35
"1970-08-15",655.5,872.25
"1970-08-16",657.14,872.25
"1970-08-17",657.07,872.25
"1970-08-18",656.07,872.15
"1970-08-19",655.09,872.05
"1970-08-20",654.55,871.95
"1970-08-21",654.15,871.95
"1970-08-22",653.95,871.95
"1970-08-23",653.94,871.95
"1970-08-24",654.93,871.95
"1970-08-25",655.37,871.95
"1970-08-26",654.9,871.85
"1970-08-27",654.23,871.85
"1970-08-28",653.63,871.85
"1970-08-29",653.63,871.75
"1970-08-30",654.2,871.85
"1970-08-31",653.87,871.85
"1970-09-01",653.7,871.75
"1970-09-02",654.4,871.75
"1970-09-03",653.86,871.75
"1970-09-04",652.81,871.65
"1970-09-05",652.9,871.65
"1970-09-06",652.73,871.55
"1970-09-07",652.98,871.65
"1970-09-08",651.9,871.55
"1970-09-09",651.05,871.45
"1970-09-10",650.41,871.35
"1970-09-11",651.02,871.35
"1970-09-12",652.05,871.35
"1970-09-13",653.95,871.45
"1970-09-14",655.23,871.55
"1970-09-15",655.88,871.55
"1970-09-16",656.18,871.65
"1970-09-17",656.58,871.65
"1970-09-18",656.47,871.65
"1970-09-19",656.51,871.55
"1970-09-20",656.6,871.65
"1970-09-21",657.34,871.75
"1970-09-22",657.29,871.85
"1970-09-23",656.96,871.95
"1970-09-24",658.27,871.98
"1970-09-25",658.64,872.05
"1970-09-26",660.15,872.15
"1970-09-27",661.21,872.25
"1970-09-28",661.79,872.35
"1970-09-29",661.64,872.35
"1970-09-30",661.62,872.45
"1970-10-01",661.92,872.45
"1970-10-02",661.89,872.55
"1970-10-03",661.91,872.55
"1970-10-04",661.95,872.65
"1970-10-05",662.12,872.75
"1970-10-06",662.3,872.75
"1970-10-07",662.3,872.85
"1970-10-08",662.55,872.85
"1970-10-09",662.59,872.85
"1970-10-10",662.92,872.95
"1970-10-11",663.28,872.95
"1970-10-12",663.56,872.95
"1970-10-13",663.6,873.05
"1970-10-14",663.36,873.05
"1970-10-15",662.97,873.05
"1970-10-16",663.02,873.05
"1970-10-17",663.12,873.05
"1970-10-18",663.7,873.15
"1970-10-19",663.93,873.15
"1970-10-20",663.96,873.15
"1970-10-21",663.97,873.15
"1970-10-22",663.97,873.15
"1970-10-23",664.09,873.25
"1970-10-24",664.21,873.15
"1970-10-25",664.38,873.25
"1970-10-26",664.45,873.25
"1970-10-27",664.05,873.25
"1970-10-28",664.03,873.25
"1970-10-29",663.93,873.25
"1970-10-30",663.85,873.25
"1970-10-31",664,873.25
"1970-11-01",664.23,873.25
"1970-11-02",664.01,873.25
"1970-11-03",663.78,873.25
"1970-11-04",663.51,873.15
"1970-11-05",663.53,873.15
"1970-11-06",663.45,873.15
"1970-11-07",663.55,873.15
"1970-11-08",663.66,873.15
"1970-11-09",663.6,873.05
"1970-11-10",663.12,873.05
"1970-11-11",662.89,873.05
"1970-11-12",662.56,873.05
"1970-11-13",662.66,873.05
"1970-11-14",662.94,872.95
"1970-11-15",663.22,872.95
"1970-11-16",663.34,873.05
"1970-11-17",663.22,873.05
"1970-11-18",662.99,873.05
"1970-11-19",662.79,873.05
"1970-11-20",662.43,873.05
"1970-11-21",662.56,873.05
"1970-11-22",662.86,873.05
"1970-11-23",662.68,872.95
"1970-11-24",662.54,872.95
"1970-11-25",662.78,872.95
"1970-11-26",662.91,872.95
"1970-11-27",663.24,872.95
"1970-11-28",662.92,872.85
"1970-11-29",663.27,872.85
"1970-11-30",663.21,872.85
"1970-12-01",662.72,872.85
"1970-12-02",662.44,872.85
"1970-12-03",662.55,872.85
"1970-12-04",662.19,872.85
"1970-12-05",662.3,872.95
"1970-12-06",662.41,872.95
"1970-12-07",662.59,872.95
"1970-12-08",662.43,872.95
"1970-12-09",662.32,872.95
"1970-12-10",662.03,872.95
"1970-12-11",662.05,872.95
"1970-12-12",662.36,872.95
"1970-12-13",662.62,872.95
"1970-12-14",662.86,873.05
"1970-12-15",662.76,873.05
"1970-12-16",662.61,873.05
"1970-12-17",662.17,873.05
"1970-12-18",661.98,873.05
"1970-12-19",662.22,873.05
"1970-12-20",662.45,873.05
"1970-12-21",662.9,873.05
"1970-12-22",662.5,873.05
"1970-12-23",662.6,873.05
"1970-12-24",662.42,872.95
"1970-12-25",662.69,872.95
"1970-12-26",663.15,873.05
"1970-12-27",663.21,873.05
"1970-12-28",663.25,873.05
"1970-12-29",662.87,873.05
"1970-12-30",662.69,873.05
"1970-12-31",662.59,873.05
"1971-01-01",662.75,873.05
"1971-01-02",663.12,873.05
"1971-01-03",663.42,873.05
"1971-01-04",662.8,872.95
"1971-01-05",662.26,872.95
"1971-01-06",662.13,872.95
"1971-01-07",662.21,872.95
"1971-01-08",662.27,872.85
"1971-01-09",662.3,872.85
"1971-01-10",662.2,872.85
"1971-01-11",661.69,872.85
"1971-01-12",660.87,872.75
"1971-01-13",660.99,872.75
"1971-01-14",660.48,872.65
"1971-01-15",660.32,872.55
"1971-01-16",660.21,872.45
"1971-01-17",660.25,872.45
"1971-01-18",659.94,872.35
"1971-01-19",659.14,872.25
"1971-01-20",658.81,872.15
"1971-01-21",658.67,872.05
"1971-01-22",658.02,871.95
"1971-01-23",657.67,871.95
"1971-01-24",657.71,871.85
"1971-01-25",657.32,871.75
"1971-01-26",656.23,871.65
"1971-01-27",655.34,871.55
"1971-01-28",655.24,871.45
"1971-01-29",654.87,871.35
"1971-01-30",655.08,871.25
"1971-01-31",655,871.25
"1971-02-01",654.88,871.15
"1971-02-02",654.82,871.05
"1971-02-03",655.2,870.95
"1971-02-04",655.64,870.85
"1971-02-05",655.16,870.75
"1971-02-06",655.02,870.65
"1971-02-07",654.94,870.65
"1971-02-08",655.04,870.55
"1971-02-09",654.59,870.45
"1971-02-10",654.46,870.45
"1971-02-11",654.45,870.45
"1971-02-12",653.5,870.25
"1971-02-13",653.78,870.25
"1971-02-14",653.53,870.15
"1971-02-15",653.26,870.25
"1971-02-16",652.24,870.15
"1971-02-17",652.76,870.05
"1971-02-18",652.16,870.05
"1971-02-19",652.03,870.05
"1971-02-20",651.85,870.05
"1971-02-21",651.98,869.95
"1971-02-22",652.69,869.95
"1971-02-23",652.45,869.95
"1971-02-24",652.4,869.95
"1971-02-25",652.48,869.85
"1971-02-26",652,869.95
"1971-02-27",653.48,869.95
"1971-02-28",653.74,869.95
"1971-03-01",653.89,870.05
"1971-03-02",653.13,870.05
"1971-03-03",653.51,869.95
"1971-03-04",653.7,869.95
"1971-03-05",653.67,869.95
"1971-03-06",653.23,869.95
"1971-03-07",653.37,869.95
"1971-03-08",652.95,870.05
"1971-03-09",652.8,870.05
"1971-03-10",651.83,869.95
"1971-03-11",651.86,870.05
"1971-03-12",651.05,870.05
"1971-03-13",650.74,869.95
"1971-03-14",649.99,869.95
"1971-03-15",649.39,869.95
"1971-03-16",648.55,869.85
"1971-03-17",647.54,869.85
"1971-03-18",647.77,869.75
"1971-03-19",647.56,869.65
"1971-03-20",648.21,869.65
"1971-03-21",648.31,869.65
"1971-03-22",647.2,869.55
"1971-03-23",645.84,869.45
"1971-03-24",645.67,869.45
"1971-03-25",647.15,869.45
"1971-03-26",646.76,869.35
"1971-03-27",646.95,869.35
"1971-03-28",646.62,869.25
"1971-03-29",645.32,869.25
"1971-03-30",644.91,869.15
"1971-03-31",644.18,869.15
"1971-04-01",644.42,869.05
"1971-04-02",643.73,869.05
"1971-04-03",644.21,868.95
"1971-04-04",644.14,868.95
"1971-04-05",645.9,869.05
"1971-04-06",644.62,868.95
"1971-04-07",644.15,868.95
"1971-04-08",642.81,868.85
"1971-04-09",642.79,868.85
"1971-04-10",642.41,868.85
"1971-04-11",642.02,868.75
"1971-04-12",642.06,868.75
"1971-04-13",641.69,868.85
"1971-04-14",640.77,868.55
"1971-04-15",640.05,868.45
"1971-04-16",642.84,868.45
"1971-04-17",644.16,868.55
"1971-04-18",645.35,868.65
"1971-04-19",645.71,868.65
"1971-04-20",645.48,868.65
"1971-04-21",646.15,868.75
"1971-04-22",645.53,868.75
"1971-04-23",645.12,868.75
"1971-04-24",644.69,868.85
"1971-04-25",644.19,868.85
"1971-04-26",644.42,868.85
"1971-04-27",643.68,868.95
"1971-04-28",642.35,868.95
"1971-04-29",641.81,868.85
"1971-04-30",641.24,868.85
"1971-05-01",641.07,868.75
"1971-05-02",640.84,868.75
"1971-05-03",640.12,868.75
"1971-05-04",638.96,868.55
"1971-05-05",638.63,868.45
"1971-05-06",639.08,868.35
"1971-05-07",640.03,868.15
"1971-05-08",640.38,868.05
"1971-05-09",641.01,867.95
"1971-05-10",641.4,867.95
"1971-05-11",640.51,867.75
"1971-05-12",641.61,867.75
"1971-05-13",641.53,867.65
"1971-05-14",641.16,867.55
"1971-05-15",640.22,867.45
"1971-05-16",639.23,867.35
"1971-05-17",638.55,867.35
"1971-05-18",637.25,867.25
"1971-05-19",635.95,867.05
"1971-05-20",635.42,866.95
"1971-05-21",635.96,866.75
"1971-05-22",636.17,866.65
"1971-05-23",635.74,866.55
"1971-05-24",636.51,866.55
"1971-05-25",637.83,866.35
"1971-05-26",638.22,866.25
"1971-05-27",637.94,866.05
"1971-05-28",636.96,865.95
"1971-05-29",636.41,865.85
"1971-05-30",636.66,865.85
"1971-05-31",637.08,865.85
"1971-06-01",635.77,865.75
"1971-06-02",634.66,865.55
"1971-06-03",633.46,865.45
"1971-06-04",632.53,865.25
"1971-06-05",632.41,865.15
"1971-06-06",632.14,864.95
"1971-06-07",631.38,864.85
"1971-06-08",629.92,864.75
"1971-06-09",628.81,864.55
"1971-06-10",628.21,864.35
"1971-06-11",627.89,864.15
"1971-06-12",628.01,864.05
"1971-06-13",627.94,864.05
"1971-06-14",628.21,864.05
"1971-06-15",629.37,863.95
"1971-06-16",630.87,863.95
"1971-06-17",631.17,863.95
"1971-06-18",630.9,863.95
"1971-06-19",631.28,863.95
"1971-06-20",633.23,863.95
"1971-06-21",634.69,863.95
"1971-06-22",635.83,863.95
"1971-06-23",636.01,863.95
"1971-06-24",636.1,863.95
"1971-06-25",636,863.95
"1971-06-26",636.28,863.95
"1971-06-27",637.46,864.05
"1971-06-28",638.65,864.25
"1971-06-29",639.01,864.55
"1971-06-30",639.63,864.85
"1971-07-01",639.97,865.05
"1971-07-02",639.99,865.25
"1971-07-03",639.97,865.45
"1971-07-04",640.05,865.55
"1971-07-05",640.11,865.65
"1971-07-06",638.91,865.75
"1971-07-07",638.05,865.85
"1971-07-08",637.26,865.95
"1971-07-09",637.31,866.05
"1971-07-10",637.09,866.15
"1971-07-11",637.22,866.25
"1971-07-12",636.99,866.25
"1971-07-13",635.52,866.33
"1971-07-14",634.58,866.35
"1971-07-15",633.82,866.45
"1971-07-16",633.13,866.45
"1971-07-17",633.1,866.55
"1971-07-18",632.88,866.55
"1971-07-19",633.15,866.65
"1971-07-20",632.03,866.65
"1971-07-21",632.11,866.65
"1971-07-22",630.58,866.65
"1971-07-23",630.4,866.65
"1971-07-24",630.65,866.65
"1971-07-25",631.68,866.75
"1971-07-26",631.58,866.75
"1971-07-27",631.08,866.85
"1971-07-28",631.13,866.85
"1971-07-29",630.41,866.95
"1971-07-30",629.58,866.95
"1971-07-31",630.49,866.95
"1971-08-01",630.76,867.05
"1971-08-02",635.44,867.25
"1971-08-03",639.85,867.55
"1971-08-04",641.31,867.75
"1971-08-05",642.77,867.85
"1971-08-06",644.36,867.95
"1971-08-07",645.59,868.15
"1971-08-08",646.44,868.35
"1971-08-09",646.7,868.55
"1971-08-10",646.34,868.65
"1971-08-11",646.12,868.85
"1971-08-12",646.3,868.95
"1971-08-13",648.17,869.15
"1971-08-14",650.13,869.36
"1971-08-15",651.69,869.65
"1971-08-16",652.47,869.85
"1971-08-17",652.86,869.95
"1971-08-18",653.34,870.15
"1971-08-19",653.36,870.25
"1971-08-20",653.59,870.35
"1971-08-21",653.96,870.45
"1971-08-22",654.04,870.55
"1971-08-23",653.62,870.65
"1971-08-24",653.13,870.75
"1971-08-25",652.58,870.85
"1971-08-26",652.33,870.95
"1971-08-27",652.22,871.05
"1971-08-28",652.31,871.15
"1971-08-29",652.07,871.25
"1971-08-30",652.34,871.25
"1971-08-31",652.23,871.35
"1971-09-01",652.38,871.35
"1971-09-02",652.49,871.45
"1971-09-03",652.43,871.55
"1971-09-04",652.4,871.55
"1971-09-05",652.34,871.65
"1971-09-06",652.1,871.65
"1971-09-07",651.86,871.75
"1971-09-08",650.23,871.75
"1971-09-09",649.78,871.75
"1971-09-10",651.19,871.85
"1971-09-11",652.84,871.85
"1971-09-12",653.87,871.95
"1971-09-13",654.13,871.95
"1971-09-14",654.13,872.05
"1971-09-15",654.19,872.05
"1971-09-16",654.46,872.15
"1971-09-17",654.04,872.15
"1971-09-18",654.27,872.15
"1971-09-19",654.75,872.35
"1971-09-20",655.24,872.35
"1971-09-21",655.13,872.45
"1971-09-22",655.48,872.55
"1971-09-23",656.02,872.65
"1971-09-24",656.39,872.65
"1971-09-25",656.86,872.75
"1971-09-26",657.16,872.85
"1971-09-27",657.13,872.85
"1971-09-28",657.12,872.95
"1971-09-29",657.14,873.05
"1971-09-30",657.43,873.05
"1971-10-01",657.68,873.45
"1971-10-02",658.08,873.25
"1971-10-03",658.2,873.25
"1971-10-04",658.26,873.75
"1971-10-05",658.74,873.95
"1971-10-06",659.15,874.11
"1971-10-07",659.3,874.25
"1971-10-08",659.28,874.35
"1971-10-09",659.81,874.45
"1971-10-10",660.14,874.55
"1971-10-11",660.3,874.65
"1971-10-12",660.16,874.75
"1971-10-13",660.37,874.85
"1971-10-14",660.52,874.95
"1971-10-15",660.64,875.05
"1971-10-16",660.98,875.05
"1971-10-17",661.2,875.15
"1971-10-18",661.6,875.25
"1971-10-19",661.8,875.35
"1971-10-20",663.86,875.35
"1971-10-21",664.96,875.45
"1971-10-22",665.73,875.55
"1971-10-23",666.36,875.55
"1971-10-24",667.02,875.65
"1971-10-25",667.31,875.75
"1971-10-26",667.25,875.85
"1971-10-27",667.18,875.85
"1971-10-28",667.46,875.85
"1971-10-29",667.35,875.94
"1971-10-30",667.62,875.95
"1971-10-31",667.81,876.05
"1971-11-01",668.01,876.05
"1971-11-02",667.79,876.15
"1971-11-03",667.47,876.15
"1971-11-04",667.49,876.15
"1971-11-05",667.57,876.25
"1971-11-06",667.63,876.25
"1971-11-07",667.65,876.25
"1971-11-08",668.09,876.35
"1971-11-09",667.99,876.35
"1971-11-10",667.61,876.35
"1971-11-11",667.55,876.35
"1971-11-12",667.62,876.45
"1971-11-13",667.7,876.45
"1971-11-14",667.71,876.45
"1971-11-15",667.78,876.55
"1971-11-16",667.43,876.55
"1971-11-17",667.47,876.55
"1971-11-18",667.86,876.55
"1971-11-19",668.5,876.55
"1971-11-20",668.95,876.55
"1971-11-21",669.21,876.65
"1971-11-22",669.43,876.65
"1971-11-23",669.46,876.65
"1971-11-24",669.33,876.65
"1971-11-25",669.54,876.75
"1971-11-26",669.99,876.75
"1971-11-27",669.77,876.85
"1971-11-28",670.07,876.85
"1971-11-29",670.15,876.95
"1971-11-30",669.74,876.95
"1971-12-01",669.6,876.85
"1971-12-02",669.8,876.95
"1971-12-03",670.14,876.95
"1971-12-04",670.44,877.05
"1971-12-05",671.3,877.05
"1971-12-06",672,877.15
"1971-12-07",672.34,877.15
"1971-12-08",672.55,877.25
"1971-12-09",672.9,877.25
"1971-12-10",673.02,877.25
"1971-12-11",673.29,877.25
"1971-12-12",673.65,877.25
"1971-12-13",673.95,877.35
"1971-12-14",674.12,877.45
"1971-12-15",673.96,877.35
"1971-12-16",673.91,877.35
"1971-12-17",673.84,877.35
"1971-12-18",673.96,877.35
"1971-12-19",673.91,877.45
"1971-12-20",673.84,877.45
"1971-12-21",673.96,877.45
"1971-12-22",674.3,877.35
"1971-12-23",674.36,877.45
"1971-12-24",674,877.45
"1971-12-25",673.77,877.55
"1971-12-26",673.71,877.55
"1971-12-27",673.89,877.65
"1971-12-28",674.1,877.55
"1971-12-29",674.54,877.65
"1971-12-30",674.58,877.65
"1971-12-31",674.26,877.65
"1972-01-01",674.39,877.65
"1972-01-02",674.55,877.75
"1972-01-03",674.53,877.75
"1972-01-04",674.19,877.75
"1972-01-05",673.71,877.65
"1972-01-06",673.62,877.65
"1972-01-07",673.39,877.65
"1972-01-08",673.54,877.75
"1972-01-09",673.9,877.75
"1972-01-10",673.96,877.75
"1972-01-11",673.75,877.75
"1972-01-12",673.59,877.65
"1972-01-13",673.58,877.75
"1972-01-14",673.37,877.55
"1972-01-15",673.14,877.45
"1972-01-16",673.2,877.55
"1972-01-17",673.29,877.55
"1972-01-18",673.31,877.55
"1972-01-19",673.21,877.45
"1972-01-20",673.03,877.45
"1972-01-21",673.04,877.35
"1972-01-22",673.01,877.35
"1972-01-23",673,877.35
"1972-01-24",672.78,877.35
"1972-01-25",672.44,877.15
"1972-01-26",672.5,877.15
"1972-01-27",672.55,877.15
"1972-01-28",672.3,877.05
"1972-01-29",672.58,877.05
"1972-01-30",672.93,877.05
"1972-01-31",673,877.05
"1972-02-01",673.04,877.15
"1972-02-02",673.1,877.15
"1972-02-03",672.67,876.95
"1972-02-04",672.57,876.95
"1972-02-05",672.62,876.95
"1972-02-06",673.04,877.05
"1972-02-07",672.86,876.95
"1972-02-08",672.66,876.95
"1972-02-09",672.43,876.95
"1972-02-10",672.37,876.95
"1972-02-11",672.4,876.95
"1972-02-12",672.82,876.95
"1972-02-13",672.46,876.95
"1972-02-14",672.47,876.95
"1972-02-15",672.24,876.95
"1972-02-16",672.05,876.85
"1972-02-17",671.9,876.85
"1972-02-18",671.45,876.85
"1972-02-19",671.22,876.75
"1972-02-20",671.24,876.75
"1972-02-21",671.21,876.75
"1972-02-22",670.57,876.75
"1972-02-23",670.38,876.75
"1972-02-24",670.28,876.75
"1972-02-25",669.86,876.65
"1972-02-26",669.71,876.65
"1972-02-27",669.63,876.65
"1972-02-28",669.24,876.65
"1972-02-29",668.71,876.65
"1972-03-01",668.7,876.65
"1972-03-02",668.32,876.65
"1972-03-03",668.29,876.65
"1972-03-04",668.22,876.65
"1972-03-05",667.48,876.55
"1972-03-06",667.69,876.55
"1972-03-07",667.42,876.65
"1972-03-08",666.53,876.55
"1972-03-09",666.63,876.45
"1972-03-10",666.33,876.45
"1972-03-11",665.95,876.45
"1972-03-12",665.9,876.55
"1972-03-13",666.02,876.55
"1972-03-14",665.95,876.55
"1972-03-15",665.59,876.45
"1972-03-16",665.44,876.45
"1972-03-17",665.2,876.45
"1972-03-18",664.48,876.45
"1972-03-19",663.89,876.45
"1972-03-20",663.53,876.55
"1972-03-21",663.67,876.55
"1972-03-22",662.73,876.55
"1972-03-23",662.23,876.45
"1972-03-24",662.59,876.55
"1972-03-25",662.46,876.45
"1972-03-26",662.57,876.45
"1972-03-27",663.4,876.55
"1972-03-28",662.15,876.45
"1972-03-29",661,876.45
"1972-03-30",661.6,876.45
"1972-03-31",661.53,876.35
"1972-04-01",661.3,876.35
"1972-04-02",660.96,876.45
"1972-04-03",661.35,876.45
"1972-04-04",659.75,876.35
"1972-04-05",659.57,876.35
"1972-04-06",659.7,876.35
"1972-04-07",658.96,876.35
"1972-04-08",657.99,876.25
"1972-04-09",657.36,876.25
"1972-04-10",658.02,876.25
"1972-04-11",657.56,876.15
"1972-04-12",656.62,876.15
"1972-04-13",655.44,876.05
"1972-04-14",654.62,876.05
"1972-04-15",654.36,875.95
"1972-04-16",653.91,875.95
"1972-04-17",652.94,875.85
"1972-04-18",652.08,875.85
"1972-04-19",651.54,875.75
"1972-04-20",651.17,875.65
"1972-04-21",652.35,875.65
"1972-04-22",653.32,875.55
"1972-04-23",654.14,875.55
"1972-04-24",654.17,875.45
"1972-04-25",653.09,875.35
"1972-04-26",652.55,875.25
"1972-04-27",654.11,875.25
"1972-04-28",655.3,875.25
"1972-04-29",656.26,875.15
"1972-04-30",656.63,875.05
"1972-05-01",656.83,875.05
"1972-05-02",656.47,875.05
"1972-05-03",655.35,875.05
"1972-05-04",656.44,875.15
"1972-05-05",655.84,875.15
"1972-05-06",657.94,875.25
"1972-05-07",664.17,875.35
"1972-05-08",666.37,876.35
"1972-05-09",667.5,875.35
"1972-05-10",669.3,875.45
"1972-05-11",671.44,875.45
"1972-05-12",673.89,875.55
"1972-05-13",675.22,875.55
"1972-05-14",676.31,875.65
"1972-05-15",677.16,875.65
"1972-05-16",677.49,875.75
"1972-05-17",678.01,875.75
"1972-05-18",678.4,875.75
"1972-05-19",678.54,875.75
"1972-05-20",678.84,875.75
"1972-05-21",678.92,875.75
"1972-05-22",678.99,875.75
"1972-05-23",678.7,875.75
"1972-05-24",678.62,875.65
"1972-05-25",678.12,875.55
"1972-05-26",677.47,875.45
"1972-05-27",676.96,875.35
"1972-05-28",676.4,875.25
"1972-05-29",676.12,875.25
"1972-05-30",674.94,875.05
"1972-05-31",674.37,874.95
"1972-06-01",674.36,875.05
"1972-06-02",673.57,875.05
"1972-06-03",672.9,874.95
"1972-06-04",672.47,874.85
"1972-06-05",671.93,874.85
"1972-06-06",670.84,874.75
"1972-06-07",669.77,874.65
"1972-06-08",668.71,874.55
"1972-06-09",669.47,874.55
"1972-06-10",670.62,874.55
"1972-06-11",671.26,874.65
"1972-06-12",671.8,874.65
"1972-06-13",671.7,874.65
"1972-06-14",671.42,874.65
"1972-06-15",671.39,874.65
"1972-06-16",671.42,874.55
"1972-06-17",672.14,874.65
"1972-06-18",672.71,874.75
"1972-06-19",670.96,874.75
"1972-06-20",672.65,874.85
"1972-06-21",672.12,874.85
"1972-06-22",671.51,874.85
"1972-06-23",671.01,874.85
"1972-06-24",670.69,874.85
"1972-06-25",670.27,874.85
"1972-06-26",669.71,874.95
"1972-06-27",668.31,874.85
"1972-06-28",667.26,874.75
"1972-06-29",666.26,874.65
"1972-06-30",665.31,874.65
"1972-07-01",664.99,874.65
"1972-07-02",665,874.65
"1972-07-03",665.02,874.65
"1972-07-04",664.45,874.65
"1972-07-05",664.96,874.55
"1972-07-06",664.8,874.65
"1972-07-07",664.21,874.55
"1972-07-08",663.66,874.65
"1972-07-09",663.55,874.65
"1972-07-10",663.6,874.65
"1972-07-11",663.65,874.65
"1972-07-12",663.42,874.55
"1972-07-13",663.22,874.55
"1972-07-14",662.62,874.55
"1972-07-15",662.54,874.55
"1972-07-16",662.88,874.65
"1972-07-17",663.92,874.85
"1972-07-18",664.56,874.95
"1972-07-19",665.31,874.95
"1972-07-20",665.87,874.95
"1972-07-21",665.89,875.05
"1972-07-22",666.16,875.05
"1972-07-23",667.08,875.15
"1972-07-24",667.39,875.15
"1972-07-25",667.18,875.15
"1972-07-26",666.75,875.05
"1972-07-27",666.06,874.95
"1972-07-28",665.47,874.95
"1972-07-29",664.95,874.85
"1972-07-30",664.82,874.95
"1972-07-31",664.46,874.95
"1972-08-01",664.09,874.85
"1972-08-02",664.11,874.85
"1972-08-03",664.93,874.95
"1972-08-04",665.86,874.95
"1972-08-05",666.52,875.05
"1972-08-06",667.16,875.05
"1972-08-07",667.22,875.05
"1972-08-08",666.88,874.95
"1972-08-09",666.97,874.95
"1972-08-10",666.75,875.05
"1972-08-11",666.76,875.15
"1972-08-12",667.6,875.15
"1972-08-13",668.15,875.25
"1972-08-14",668.21,875.25
"1972-08-15",667.77,875.25
"1972-08-16",667.44,875.25
"1972-08-17",666.72,875.25
"1972-08-18",666.89,875.35
"1972-08-19",666.39,875.35
"1972-08-20",666.55,875.35
"1972-08-21",666.05,875.45
"1972-08-22",665.09,875.45
"1972-08-23",664.3,875.35
"1972-08-24",665.24,875.45
"1972-08-25",666.43,875.45
"1972-08-26",667.32,875.45
"1972-08-27",667.99,875.35
"1972-08-28",667.96,875.35
"1972-08-29",667.51,875.35
"1972-08-30",666.77,875.35
"1972-08-31",666.51,875.35
"1972-09-01",666.03,875.35
"1972-09-02",666.27,875.35
"1972-09-03",666.19,875.35
"1972-09-04",666.32,875.45
"1972-09-05",665.41,875.45
"1972-09-06",665.19,875.45
"1972-09-07",664.71,875.35
"1972-09-08",663.98,875.25
"1972-09-09",664.34,875.25
"1972-09-10",664.54,875.45
"1972-09-11",664.58,875.45
"1972-09-12",664.06,875.45
"1972-09-13",664.25,875.45
"1972-09-14",664.22,875.45
"1972-09-15",664.88,875.45
"1972-09-16",665.47,875.65
"1972-09-17",665.31,875.65
"1972-09-18",664.86,875.75
"1972-09-19",664.15,875.75
"1972-09-20",663.51,875.75
"1972-09-21",663.35,875.75
"1972-09-22",663.67,875.85
"1972-09-23",664.17,875.95
"1972-09-24",665.54,876.05
"1972-09-25",666.39,876.15
"1972-09-26",666.53,876.25
"1972-09-27",666.87,876.35
"1972-09-28",667.49,876.45
"1972-09-29",667.75,876.45
"1972-09-30",668.01,876.55
"1972-10-01",668.39,876.55
"1972-10-02",668.51,876.65
"1972-10-03",668.27,876.65
"1972-10-04",667.89,876.75
"1972-10-05",667.67,876.75
"1972-10-06",667.57,876.85
"1972-10-07",667.66,876.85
"1972-10-08",667.72,876.95
"1972-10-09",667.45,876.95
"1972-10-10",666.72,876.85
"1972-10-11",666.27,876.85
"1972-10-12",666.27,876.75
"1972-10-13",666.17,876.75
"1972-10-14",666.12,876.75
"1972-10-15",666.11,876.75
"1972-10-16",665.93,876.85
"1972-10-17",665.49,876.85
"1972-10-18",666.14,876.85
"1972-10-19",664.73,876.75
"1972-10-20",665.65,876.85
"1972-10-21",666.52,876.85
"1972-10-22",667.08,876.85
"1972-10-23",667.83,876.95
"1972-10-24",667.97,876.95
"1972-10-25",668.14,876.95
"1972-10-26",668.77,876.95
"1972-10-27",668.96,877.05
"1972-10-28",669.16,877.05
"1972-10-29",669.51,877.05
"1972-10-30",669.55,877.05
"1972-10-31",669.3,877.15
"1972-11-01",669.2,877.05
"1972-11-02",669.68,877.15
"1972-11-03",670.02,877.15
"1972-11-04",670.46,877.15
"1972-11-05",669.75,877.15
"1972-11-06",670.96,877.15
"1972-11-07",670.7,877.15
"1972-11-08",670.66,877.05
"1972-11-09",670.72,877.15
"1972-11-10",670.54,877.05
"1972-11-11",670.54,877.05
"1972-11-12",670.9,877.05
"1972-11-13",671.14,877.05
"1972-11-14",671.2,876.95
"1972-11-15",671.31,876.95
"1972-11-16",671.42,876.85
"1972-11-17",671.33,876.85
"1972-11-18",671.76,876.85
"1972-11-19",671.9,876.85
"1972-11-20",671.88,876.85
"1972-11-21",671.7,876.85
"1972-11-22",671.75,876.85
"1972-11-23",671.77,876.85
"1972-11-24",672.25,876.95
"1972-11-25",672.41,877.05
"1972-11-26",672.56,877.05
"1972-11-27",672.71,877.05
"1972-11-28",672.33,876.95
"1972-11-29",672.29,877.05
"1972-11-30",672.31,877.05
"1972-12-01",672.23,877.05
"1972-12-02",672.5,877.05
"1972-12-03",672.67,877.05
"1972-12-04",672.56,877.15
"1972-12-05",672.6,877.15
"1972-12-06",672.52,877.15
"1972-12-07",672.37,877.15
"1972-12-08",672.52,877.15
"1972-12-09",672.63,877.25
"1972-12-10",672.86,877.25
"1972-12-11",672.76,877.25
"1972-12-12",672.61,877.25
"1972-12-13",672.44,877.25
"1972-12-14",672.58,877.25
"1972-12-15",672.49,877.25
"1972-12-16",672.38,877.25
"1972-12-17",672.48,877.25
"1972-12-18",672.6,877.25
"1972-12-19",672.67,877.35
"1972-12-20",672.61,877.35
"1972-12-21",672.64,877.35
"1972-12-22",672.45,877.35
"1972-12-23",672.45,877.35
"1972-12-24",672.36,877.25
"1972-12-25",672.55,877.25
"1972-12-26",672.65,877.25
"1972-12-27",672.37,877.25
"1972-12-28",672.25,877.25
"1972-12-29",672.19,877.25
"1972-12-30",672.17,877.25
"1972-12-31",672.13,877.15
"1973-01-01",672.24,877.15
"1973-01-02",672.41,877.15
"1973-01-03",672.31,877.15
"1973-01-04",672.39,877.15
"1973-01-05",672.42,877.15
"1973-01-06",672.58,877.15
"1973-01-07",672.93,877.15
"1973-01-08",672.87,877.15
"1973-01-09",672.55,877.05
"1973-01-10",672.42,877.05
"1973-01-11",672.37,877.05
"1973-01-12",672.12,877.05
"1973-01-13",672.06,877.05
"1973-01-14",672.21,877.05
"1973-01-15",672.27,877.05
"1973-01-16",672.27,877.05
"1973-01-17",672.3,877.05
"1973-01-18",672.25,877.05
"1973-01-19",672.2,876.95
"1973-01-20",672.45,876.95
"1973-01-21",672.62,876.95
"1973-01-22",672.68,876.85
"1973-01-23",672.41,876.75
"1973-01-24",672.38,876.65
"1973-01-25",672.64,876.65
"1973-01-26",672.98,876.75
"1973-01-27",673.38,876.75
"1973-01-28",673.49,876.65
"1973-01-29",673.54,876.65
"1973-01-30",673.51,876.65
"1973-01-31",673.55,876.75
"1973-02-01",673.6,876.65
"1973-02-02",673.41,876.55
"1973-02-03",673.35,876.55
"1973-02-04",673.35,876.45
"1973-02-05",673.3,876.45
"1973-02-06",673.07,876.45
"1973-02-07",673.15,876.45
"1973-02-08",673.04,876.35
"1973-02-09",672.95,876.45
"1973-02-10",673.02,876.45
"1973-02-11",673.32,876.55
"1973-02-12",673.48,876.65
"1973-02-13",673.4,876.55
"1973-02-14",673.42,876.55
"1973-02-15",673.47,876.55
"1973-02-16",673.46,876.45
"1973-02-17",673.6,876.55
"1973-02-18",673.99,876.65
"1973-02-19",674.19,876.75
"1973-02-20",673.98,876.75
"1973-02-21",674.04,876.85
"1973-02-22",674.59,876.95
"1973-02-23",674.97,876.95
"1973-02-24",675.39,876.95
"1973-02-25",675.86,877
"1973-02-26",676.1,877.05
"1973-02-27",675.92,877.05
"1973-02-28",676.06,877.05
"1973-03-01",676.24,877.15
"1973-03-02",676.15,877.15
"1973-03-03",676.11,877.15
"1973-03-04",676.3,877.15
"1973-03-05",676.32,877.15
"1973-03-06",676.12,877.25
"1973-03-07",675.77,877.15
"1973-03-08",675.5,877.25
"1973-03-09",675.29,877.25
"1973-03-10",675.61,877.25
"1973-03-11",675.7,877.25
"1973-03-12",675.52,877.35
"1973-03-13",675.31,877.35
"1973-03-14",675.34,877.35
"1973-03-15",674.99,877.25
"1973-03-16",674.71,877.25
"1973-03-17",675.02,877.35
"1973-03-18",675.11,877.35
"1973-03-19",675.05,877.35
"1973-03-20",674.61,877.25
"1973-03-21",674.46,877.25
"1973-03-22",674.18,877.25
"1973-03-23",674.4,877.25
"1973-03-24",674.96,877.25
"1973-03-25",675.11,877.25
"1973-03-26",675.14,877.25
"1973-03-27",674.77,877.25
"1973-03-28",674.71,877.25
"1973-03-29",674.59,877.25
"1973-03-30",674.52,877.25
"1973-03-31",674.67,877.25
"1973-04-01",674.55,877.15
"1973-04-02",674.31,877.15
"1973-04-03",673.98,877.15
"1973-04-04",674.08,877.05
"1973-04-05",674.03,877.05
"1973-04-06",674.06,877.15
"1973-04-07",674.67,877.15
"1973-04-08",675.07,877.25
"1973-04-09",675.17,877.15
"1973-04-10",674.88,877.15
"1973-04-11",674.67,877.15
"1973-04-12",674.65,877.15
"1973-04-13",674.46,877.15
"1973-04-14",674.83,877.15
"1973-04-15",676.45,877.25
"1973-04-16",677.94,877.25
"1973-04-17",679.35,877.35
"1973-04-18",680.37,877.35
"1973-04-19",681.05,877.35
"1973-04-20",681.63,877.35
"1973-04-21",682.03,877.35
"1973-04-22",682.58,877.35
"1973-04-23",682.9,877.45
"1973-04-24",682.87,877.45
"1973-04-25",682.85,877.45
"1973-04-26",682.75,877.45
"1973-04-27",682.7,877.45
"1973-04-28",682.81,877.35
"1973-04-29",682.91,877.45
"1973-04-30",682.93,877.45
"1973-05-01",682.71,877.35
"1973-05-02",682.4,877.35
"1973-05-03",682.25,877.35
"1973-05-04",682.14,877.25
"1973-05-05",682.04,877.35
"1973-05-06",682.37,877.35
"1973-05-07",682.26,877.35
"1973-05-08",681.71,877.25
"1973-05-09",681.31,877.15
"1973-05-10",680.56,877.05
"1973-05-11",680.28,876.95
"1973-05-12",680.33,876.85
"1973-05-13",680.74,876.85
"1973-05-14",680.81,876.85
"1973-05-15",680.55,876.75
"1973-05-16",680.31,876.65
"1973-05-17",679.85,876.55
"1973-05-18",679.16,876.35
"1973-05-19",678.65,876.25
"1973-05-20",677.88,876.05
"1973-05-21",677.29,875.95
"1973-05-22",676.23,875.85
"1973-05-23",675.4,875.75
"1973-05-24",675.21,875.65
"1973-05-25",674.64,875.55
"1973-05-26",674.67,875.45
"1973-05-27",674.32,875.35
"1973-05-28",673.65,875.25
"1973-05-29",672.2,875.15
"1973-05-30",671.18,874.95
"1973-05-31",670.09,874.85
"1973-06-01",669.39,874.85
"1973-06-02",669.45,874.85
"1973-06-03",669.42,874.85
"1973-06-04",669.26,874.85
"1973-06-05",668.26,874.75
"1973-06-06",668.29,874.75
"1973-06-07",667.25,874.75
"1973-06-08",666.26,874.65
"1973-06-09",665.92,874.65
"1973-06-10",667.02,874.75
"1973-06-11",668.23,874.75
"1973-06-12",672.31,874.75
"1973-06-13",673.54,874.73
"1973-06-14",674.69,874.65
"1973-06-15",675.45,874.65
"1973-06-16",676.11,874.65
"1973-06-17",676.77,874.65
"1973-06-18",676.98,874.55
"1973-06-19",676.67,874.45
"1973-06-20",676.53,874.55
"1973-06-21",677.17,874.75
"1973-06-22",677.56,874.85
"1973-06-23",677.86,875.05
"1973-06-24",678.33,875.15
"1973-06-25",679.52,875.25
"1973-06-26",680.58,875.35
"1973-06-27",681.48,875.45
"1973-06-28",682.02,875.45
"1973-06-29",682.3,875.55
"1973-06-30",682.53,875.65
"1973-07-01",682.77,875.65
"1973-07-02",682.73,875.75
"1973-07-03",682.42,875.75
"1973-07-04",682.49,875.85
"1973-07-05",682.45,875.85
"1973-07-06",681.94,875.95
"1973-07-07",681.52,875.95
"1973-07-08",682.05,876.05
"1973-07-09",682.95,876.05
"1973-07-10",683.38,876.15
"1973-07-11",683.72,876.25
"1973-07-12",683.77,876.25
"1973-07-13",683.75,876.35
"1973-07-14",683.81,876.45
"1973-07-15",683.86,876.75
"1973-07-16",684.87,876.95
"1973-07-17",685.83,877.05
"1973-07-18",686.73,877.15
"1973-07-19",687.35,877.25
"1973-07-20",687.75,877.35
"1973-07-21",688,877.45
"1973-07-22",688.21,877.55
"1973-07-23",688.2,877.55
"1973-07-24",687.96,877.65
"1973-07-25",687.66,877.75
"1973-07-26",687.11,877.85
"1973-07-27",686.87,877.85
"1973-07-28",686.81,877.95
"1973-07-29",686.44,878
"1973-07-30",686.06,878.05
"1973-07-31",685.46,878.15
"1973-08-01",686.03,878.25
"1973-08-02",686.12,878.25
"1973-08-03",686.07,878.25
"1973-08-04",685.85,878.25
"1973-08-05",685.67,878.25
"1973-08-06",685.46,878.35
"1973-08-07",684.81,878.25
"1973-08-08",684.36,878.25
"1973-08-09",683.98,878.15
"1973-08-10",683.42,878.25
"1973-08-11",683.51,878.25
"1973-08-12",683.34,878.25
"1973-08-13",683.06,878.25
"1973-08-14",682.77,878.35
"1973-08-15",682.92,878.25
"1973-08-16",682.81,878.25
"1973-08-17",682.36,878.25
"1973-08-18",682.41,878.25
"1973-08-19",682.99,878.25
"1973-08-20",683,878.35
"1973-08-21",682.4,878.25
"1973-08-22",681.99,878.25
"1973-08-23",681.33,878.25
"1973-08-24",680.94,878.25
"1973-08-25",680.67,878.15
"1973-08-26",680.47,878.25
"1973-08-27",680.09,878.25
"1973-08-28",679.96,878.25
"1973-08-29",680.32,878.35
"1973-08-30",680.97,878.35
"1973-08-31",681.31,878.45
"1973-09-01",681.52,878.45
"1973-09-02",681.64,878.55
"1973-09-03",681.72,878.55
"1973-09-04",681.24,878.55
"1973-09-05",681.15,878.55
"1973-09-06",681.44,878.75
"1973-09-07",681.93,878.85
"1973-09-08",682.66,878.85
"1973-09-09",682.98,878.85
"1973-09-10",683.15,878.95
"1973-09-11",683.07,878.95
"1973-09-12",683.02,879.05
"1973-09-13",682.86,879.05
"1973-09-14",682.61,879.05
"1973-09-15",682.73,879.05
"1973-09-16",683.75,879.25
"1973-09-17",684.45,879.25
"1973-09-18",684.96,879.35
"1973-09-19",684.94,879.35
"1973-09-20",685.79,879.35
"1973-09-21",685.96,879.45
"1973-09-22",686.15,879.45
"1973-09-23",686.29,879.45
"1973-09-24",686.4,879.45
"1973-09-25",686.16,879.45
"1973-09-26",685.97,879.55
"1973-09-27",689.41,879.55
"1973-09-28",690.23,879.45
"1973-09-29",690.91,879.55
"1973-09-30",691.43,879.55
"1973-10-01",691.58,879.55
"1973-10-02",691.41,879.55
"1973-10-03",691.44,879.55
"1973-10-04",691.32,879.55
"1973-10-05",691.43,879.55
"1973-10-06",691.79,879.65
"1973-10-07",691.91,879.65
"1973-10-08",691.82,879.75
"1973-10-09",691.62,879.75
"1973-10-10",691.41,879.75
"1973-10-11",691.44,879.85
"1973-10-12",692.1,879.85
"1973-10-13",692.68,879.95
"1973-10-14",693.37,
"1973-10-15",693.86,
"1973-10-16",694.46,
"1973-10-17",695.22,
"1973-10-18",695.63,
"1973-10-19",696.1,
"1973-10-20",696.3,
"1973-10-21",696.4,
"1973-10-22",696.52,
"1973-10-23",696.25,
"1973-10-24",696.07,
"1973-10-25",695.93,
"1973-10-26",695.7,
"1973-10-27",695.59,
"1973-10-28",695.69,
"1973-10-29",695.64,
"1973-10-30",695.49,
"1973-10-31",695.33,
"1973-11-01",695.23,880.85
"1973-11-02",694.88,880.85
"1973-11-03",694.71,880.95
"1973-11-04",694.74,880.95
"1973-11-05",694.56,880.95
"1973-11-06",694.28,880.95
"1973-11-07",694.28,881.05
"1973-11-08",694.08,881.15
"1973-11-09",693.89,881.05
"1973-11-10",693.69,881.05
"1973-11-11",693.79,881.15
"1973-11-12",693.69,881.15
"1973-11-13",693.44,881.25
"1973-11-14",693.11,881.25
"1973-11-15",693.01,881.25
"1973-11-16",692.73,881.25
"1973-11-17",692.63,881.35
"1973-11-18",692.8,881.35
"1973-11-19",692.78,881.35
"1973-11-20",692.53,881.35
"1973-11-21",692.4,881.35
"1973-11-22",692.2,881.35
"1973-11-23",692.47,881.35
"1973-11-24",692.44,881.45
"1973-11-25",692.5,881.45
"1973-11-26",692.49,881.45
"1973-11-27",692.2,881.45
"1973-11-28",691.95,881.35
"1973-11-29",691.66,881.45
"1973-11-30",691.44,881.45
"1973-12-01",691.56,881.45
"1973-12-02",691.57,881.55
"1973-12-03",691.63,881.55
"1973-12-04",691.43,881.65
"1973-12-05",691.12,881.45
"1973-12-06",691.04,881.45
"1973-12-07",690.91,881.45
"1973-12-08",690.96,881.55
"1973-12-09",690.99,881.55
"1973-12-10",690.82,881.55
"1973-12-11",690.72,881.55
"1973-12-12",690.57,881.65
"1973-12-13",690.33,881.65
"1973-12-14",690.15,881.55
"1973-12-15",689.98,881.55
"1973-12-16",690.04,881.45
"1973-12-17",690.08,881.45
"1973-12-18",689.97,881.45
"1973-12-19",689.84,881.45
"1973-12-20",689.64,881.35
"1973-12-21",689.66,881.35
"1973-12-22",689.66,881.35
"1973-12-23",689.88,881.45
"1973-12-24",690.02,881.45
"1973-12-25",689.84,881.45
"1973-12-26",690.03,881.45
"1973-12-27",689.55,881.35
"1973-12-28",689.44,881.35
"1973-12-29",689.27,881.35
"1973-12-30",689.25,881.35
"1973-12-31",689.34,881.35
"1974-01-01",689.17,881.25
"1974-01-02",689.22,881.35
"1974-01-03",689.05,881.25
"1974-01-04",688.94,881.25
"1974-01-05",689.01,881.25
"1974-01-06",689.09,881.35
"1974-01-07",689.03,881.35
"1974-01-08",688.92,881.35
"1974-01-09",688.72,881.35
"1974-01-10",688.84,881.35
"1974-01-11",688.71,881.35
"1974-01-12",688.68,881.25
"1974-01-13",688.8,881.25
"1974-01-14",688.74,881.25
"1974-01-15",688.56,881.25
"1974-01-16",688.34,881.25
"1974-01-17",688.22,881.25
"1974-01-18",688.08,881.25
"1974-01-19",687.98,881.15
"1974-01-20",687.99,881.15
"1974-01-21",687.89,881.15
"1974-01-22",687.51,881.05
"1974-01-23",687.25,881.05
"1974-01-24",687.37,881.05
"1974-01-25",687.38,881.05
"1974-01-26",687.65,881.15
"1974-01-27",687.82,881.15
"1974-01-28",687.75,881.15
"1974-01-29",687.56,881.15
"1974-01-30",687.37,881.15
"1974-01-31",687.25,881.15
"1974-02-01",687.14,881.15
"1974-02-02",687.27,881.15
"1974-02-03",687.14,881.05
"1974-02-04",687.02,881.05
"1974-02-05",686.8,881.05
"1974-02-06",686.63,881.05
"1974-02-07",686.54,881.05
"1974-02-08",686.25,880.95
"1974-02-09",686.25,880.95
"1974-02-10",686.17,880.95
"1974-02-11",686.03,880.95
"1974-02-12",685.73,880.95
"1974-02-13",685.42,880.85
"1974-02-14",685.21,880.95
"1974-02-15",684.99,880.85
"1974-02-16",684.94,880.78
"1974-02-17",684.98,880.75
"1974-02-18",685.07,880.83
"1974-02-19",684.67,880.74
"1974-02-20",684.32,880.75
"1974-02-21",684.13,880.69
"1974-02-22",683.98,
"1974-02-23",683.97,
"1974-02-24",683.67,
"1974-02-25",683.69,
"1974-02-26",683.36,
"1974-02-27",683.25,
"1974-02-28",683.02,
"1974-03-01",682.46,
"1974-03-02",682.46,
"1974-03-03",682.27,
"1974-03-04",682.04,
"1974-03-05",681.57,
"1974-03-06",681.38,
"1974-03-07",681.11,
"1974-03-08",680.96,
"1974-03-09",680.96,
"1974-03-10",681.12,
"1974-03-11",680.86,
"1974-03-12",680.32,
"1974-03-13",680.18,
"1974-03-14",679.98,
"1974-03-15",680.59,
"1974-03-16",681.21,
"1974-03-17",681.62,
"1974-03-18",681.73,
"1974-03-19",681.74,
"1974-03-20",681.37,
"1974-03-21",680.96,
"1974-03-22",681.25,
"1974-03-23",681.36,
"1974-03-24",681.09,879.85
"1974-03-25",681.7,879.85
"1974-03-26",681.78,879.85
"1974-03-27",681.86,879.75
"1974-03-28",681.56,879.75
"1974-03-29",681.39,879.75
"1974-03-30",680.82,879.65
"1974-03-31",680.44,879.65
"1974-04-01",679.94,879.65
"1974-04-02",679.16,879.55
"1974-04-03",678.78,879.55
"1974-04-04",677.94,879.45
"1974-04-05",677.95,879.35
"1974-04-06",677.89,879.25
"1974-04-07",678.17,879.25
"1974-04-08",677.47,879.15
"1974-04-09",677.07,879.15
"1974-04-10",676.68,879.15
"1974-04-11",677.16,879.05
"1974-04-12",677.52,879.05
"1974-04-13",677.44,878.95
"1974-04-14",677.02,878.95
"1974-04-15",677.65,878.95
"1974-04-16",677.88,878.85
"1974-04-17",677.62,878.75
"1974-04-18",677.34,878.75
"1974-04-19",677.18,878.75
"1974-04-20",677.17,878.65
"1974-04-21",677.55,878.65
"1974-04-22",677.67,878.55
"1974-04-23",677.81,878.55
"1974-04-24",677.8,878.45
"1974-04-25",677.41,878.35
"1974-04-26",677.06,878.35
"1974-04-27",677.21,878.35
"1974-04-28",677.03,878.35
"1974-04-29",676.83,878.35
"1974-04-30",676.57,878.45
"1974-05-01",677.37,878.65
"1974-05-02",678.09,878.75
"1974-05-03",678.32,878.85
"1974-05-04",678.69,878.95
"1974-05-05",679.31,879.05
"1974-05-06",679.87,879.15
"1974-05-07",679.89,879.15
"1974-05-08",680.05,879.25
"1974-05-09",679.9,879.35
"1974-05-10",680.43,879.45
"1974-05-11",680.97,879.45
"1974-05-12",681.23,879.55
"1974-05-13",681.43,879.55
"1974-05-14",681.37,879.65
"1974-05-15",681.35,879.65
"1974-05-16",681.21,879.75
"1974-05-17",680.99,879.75
"1974-05-18",680.96,879.75
"1974-05-19",680.75,879.75
"1974-05-20",680.46,879.85
"1974-05-21",679.97,879.75
"1974-05-22",679.17,879.65
"1974-05-23",678.23,879.65
"1974-05-24",677.68,879.55
"1974-05-25",677.06,879.55
"1974-05-26",676.52,879.45
"1974-05-27",677.23,879.35
"1974-05-28",676.85,879.25
"1974-05-29",676.37,879.05
"1974-05-30",675.74,878.95
"1974-05-31",676.43,878.85
"1974-06-01",676.23,878.75
"1974-06-02",676.49,878.75
"1974-06-03",676.54,878.65
"1974-06-04",675.72,878.55
"1974-06-05",675.18,878.35
"1974-06-06",674.72,878.35
"1974-06-07",673.79,878.15
"1974-06-08",673.58,878.05
"1974-06-09",672.91,878.05
"1974-06-10",672.89,878.05
"1974-06-11",672.9,878.05
"1974-06-12",672.28,877.95
"1974-06-13",672.47,877.85
"1974-06-14",672.84,877.75
"1974-06-15",672.99,877.65
"1974-06-16",672.85,877.65
"1974-06-17",672.81,877.63
"1974-06-18",671.64,877.45
"1974-06-19",670.63,877.35
"1974-06-20",670,877.15
"1974-06-21",669.73,877.15
"1974-06-22",669.43,877.15
"1974-06-23",669.19,877.05
"1974-06-24",668.44,877.05
"1974-06-25",667.01,876.95
"1974-06-26",667.32,876.85
"1974-06-27",666.84,876.75
"1974-06-28",666.13,876.75
"1974-06-29",666.14,876.65
"1974-06-30",666.18,876.55
"1974-07-01",666.14,876.55
"1974-07-02",666.17,876.55
"1974-07-03",666.11,876.55
"1974-07-04",666.73,876.55
"1974-07-05",666.74,876.55
"1974-07-06",666.39,876.55
"1974-07-07",666.27,876.45
"1974-07-08",665.86,876.45
"1974-07-09",664.86,876.45
"1974-07-10",664.43,876.35
"1974-07-11",664.06,876.35
"1974-07-12",665.61,876.35
"1974-07-13",666.7,876.45
"1974-07-14",667.59,876.45
"1974-07-15",667.69,876.45
"1974-07-16",667.49,876.35
"1974-07-17",668.73,876.35
"1974-07-18",668.01,876.35
"1974-07-19",667.86,876.35
"1974-07-20",667.47,876.35
"1974-07-21",667.21,876.35
"1974-07-22",666.78,876.35
"1974-07-23",665.59,876.25
"1974-07-24",664.41,876.25
"1974-07-25",663.78,876.15
"1974-07-26",662.96,876.15
"1974-07-27",662.96,876.15
"1974-07-28",662.79,876.15
"1974-07-29",662.34,876.15
"1974-07-30",661.5,876.05
"1974-07-31",661.81,875.95
"1974-08-01",661.35,875.95
"1974-08-02",660.88,875.95
"1974-08-03",662.06,875.95
"1974-08-04",662.18,875.95
"1974-08-05",663.18,875.95
"1974-08-06",664.14,876.35
"1974-08-07",666.28,876.45
"1974-08-08",669.63,876.55
"1974-08-09",670.88,876.65
"1974-08-10",671.72,876.65
"1974-08-11",672.28,876.75
"1974-08-12",672.54,876.75
"1974-08-13",672.12,876.95
"1974-08-14",671.92,876.95
"1974-08-15",671.37,877.05
"1974-08-16",671.08,877.15
"1974-08-17",671.11,877.25
"1974-08-18",670.99,877.25
"1974-08-19",670.54,877.35
"1974-08-20",669.99,877.25
"1974-08-21",669.54,877.35
"1974-08-22",669.09,877.35
"1974-08-23",668.68,877.45
"1974-08-24",668.72,877.45
"1974-08-25",669.5,877.45
"1974-08-26",670.18,877.55
"1974-08-27",670.33,877.55
"1974-08-28",670.38,877.75
"1974-08-29",671.57,877.85
"1974-08-30",673.86,879.25
"1974-08-31",675.35,879.55
"1974-09-01",676.46,879.35
"1974-09-02",677.5,879.35
"1974-09-03",677.39,879.35
"1974-09-04",677.83,879.45
"1974-09-05",678.01,879.45
"1974-09-06",677.99,879.55
"1974-09-07",678.17,879.55
"1974-09-08",677.97,879.55
"1974-09-09",677.88,879.65
"1974-09-10",677.82,879.65
"1974-09-11",678.04,879.65
"1974-09-12",678.21,879.75
"1974-09-13",678.72,879.75
"1974-09-14",679.48,879.85
"1974-09-15",679.94,879.85
"1974-09-16",680.06,879.91
"1974-09-17",679.86,879.95
"1974-09-18",679.71,879.95
"1974-09-19",679.8,879.95
"1974-09-20",679.81,879.95
"1974-09-21",679.87,
"1974-09-22",680.04,
"1974-09-23",680.14,
"1974-09-24",679.98,
"1974-09-25",680.04,
"1974-09-26",680.17,880.15
"1974-09-27",680.09,
"1974-09-28",680.02,
"1974-09-29",679.97,
"1974-09-30",679.75,
"1974-10-01",679.46,
"1974-10-02",679.14,
"1974-10-03",678.84,
"1974-10-04",678.71,
"1974-10-05",678.6,
"1974-10-06",678.42,
"1974-10-07",678.33,
"1974-10-08",678.06,
"1974-10-09",677.79,
"1974-10-10",677.54,
"1974-10-11",677.23,879.95
"1974-10-12",677.23,879.95
"1974-10-13",677.15,879.95
"1974-10-14",677.37,879.95
"1974-10-15",677.09,879.91
"1974-10-16",677.44,879.95
"1974-10-17",677.54,879.95
"1974-10-18",677.33,879.85
"1974-10-19",677.88,879.85
"1974-10-20",678.08,879.75
"1974-10-21",678.03,879.85
"1974-10-22",678.18,879.85
"1974-10-23",678.33,879.95
"1974-10-24",678.66,879.95
"1974-10-25",678.91,
"1974-10-26",679.26,
"1974-10-27",679.58,
"1974-10-28",679.93,
"1974-10-29",679.84,
"1974-10-30",679.59,
"1974-10-31",679.62,
"1974-11-01",679.89,
"1974-11-02",680.06,
"1974-11-03",680.44,
"1974-11-04",680.61,
"1974-11-05",680.6,
"1974-11-06",680.56,
"1974-11-07",680.61,
"1974-11-08",680.76,
"1974-11-09",681.06,
"1974-11-10",681.43,
"1974-11-11",681.35,
"1974-11-12",681.28,
"1974-11-13",681.41,
"1974-11-14",681.3,
"1974-11-15",681.42,
"1974-11-16",681.53,
"1974-11-17",681.63,
"1974-11-18",681.64,
"1974-11-19",681.53,
"1974-11-20",681.37,
"1974-11-21",681.29,
"1974-11-22",681.25,
"1974-11-23",681.3,
"1974-11-24",682.52,
"1974-11-25",682.99,
"1974-11-26",683.13,880.85
"1974-11-27",683.16,
"1974-11-28",683.35,
"1974-11-29",683.54,
"1974-11-30",683.42,
"1974-12-01",683.38,
"1974-12-02",683.39,
"1974-12-03",683.19,
"1974-12-04",683.07,
"1974-12-05",682.98,
"1974-12-06",682.99,
"1974-12-07",682.99,
"1974-12-08",682.94,
"1974-12-09",682.93,
"1974-12-10",682.94,
"1974-12-11",682.83,
"1974-12-12",682.76,880.85
"1974-12-13",682.64,
"1974-12-14",682.74,
"1974-12-15",682.79,
"1974-12-16",682.84,
"1974-12-17",682.51,
"1974-12-18",682.5,
"1974-12-19",682.45,
"1974-12-20",682.27,
"1974-12-21",682.26,
"1974-12-22",682.35,
"1974-12-23",682.41,
"1974-12-24",682.2,
"1974-12-25",682.3,
"1974-12-26",682.53,
"1974-12-27",682.45,
"1974-12-28",682.53,
"1974-12-29",682.53,
"1974-12-30",682.72,880.85
"1974-12-31",682.59,
"1975-01-01",682.58,
"1975-01-02",682.73,
"1975-01-03",682.6,
"1975-01-04",682.44,
"1975-01-05",682.53,
"1975-01-06",682.57,
"1975-01-07",682.42,
"1975-01-08",682.33,881.05
"1975-01-09",682.35,881.05
"1975-01-10",682.35,881.05
"1975-01-11",682.19,880.95
"1975-01-12",682.27,880.95
"1975-01-13",682.19,880.95
"1975-01-14",681.95,880.95
"1975-01-15",681.93,880.95
"1975-01-16",681.88,881.05
"1975-01-17",681.89,881.05
"1975-01-18",681.99,881.05
"1975-01-19",682.18,881.05
"1975-01-20",682.21,880.95
"1975-01-21",681.84,880.95
"1975-01-22",681.94,880.95
"1975-01-23",682.03,880.95
"1975-01-24",681.93,881.05
"1975-01-25",681.95,881.05
"1975-01-26",682,881.05
"1975-01-27",681.86,881.05
"1975-01-28",681.61,880.95
"1975-01-29",681.51,880.95
"1975-01-30",681.38,880.95
"1975-01-31",681.39,880.95
"1975-02-01",681.47,880.95
"1975-02-02",682.17,880.95
"1975-02-03",683.33,881.05
"1975-02-04",684.26,881.15
"1975-02-05",684.93,881.15
"1975-02-06",685.48,881.15
"1975-02-07",685.92,881.15
"1975-02-08",686.36,881.15
"1975-02-09",686.61,881.15
"1975-02-10",686.87,881.25
"1975-02-11",686.92,881.25
"1975-02-12",686.77,881.25
"1975-02-13",686.81,881.25
"1975-02-14",686.77,881.35
"1975-02-15",686.87,881.35
"1975-02-16",686.95,881.35
"1975-02-17",686.99,881.35
"1975-02-18",686.78,881.35
"1975-02-19",686.69,881.35
"1975-02-20",686.61,881.35
"1975-02-21",686.44,881.35
"1975-02-22",686.4,881.35
"1975-02-23",686.35,881.35
"1975-02-24",686.41,881.35
"1975-02-25",686.12,881.35
"1975-02-26",685.83,881.35
"1975-02-27",685.5,881.25
"1975-02-28",685.36,881.25
"1975-03-01",685.32,881.25
"1975-03-02",685,881.25
"1975-03-03",684.96,881.25
"1975-03-04",684.79,881.25
"1975-03-05",684.81,881.25
"1975-03-06",684.84,881.25
"1975-03-07",684.48,881.25
"1975-03-08",684.27,881.15
"1975-03-09",684.37,881.25
"1975-03-10",684.65,881.25
"1975-03-11",684.48,881.25
"1975-03-12",684.23,881.15
"1975-03-13",683.89,881.05
"1975-03-14",683.82,881.05
"1975-03-15",683.74,881.05
"1975-03-16",683.01,880.95
"1975-03-17",683.47,880.95
"1975-03-18",683.57,880.95
"1975-03-19",683.16,880.85
"1975-03-20",682.67,880.75
"1975-03-21",682.32,880.75
"1975-03-22",682.27,880.75
"1975-03-23",682.27,880.75
"1975-03-24",682.12,
"1975-03-25",681.75,
"1975-03-26",681.49,
"1975-03-27",681.79,
"1975-03-28",681.42,
"1975-03-29",681.68,
"1975-03-30",682.05,
"1975-03-31",682.18,880.45
"1975-04-01",681.48,880.45
"1975-04-02",680.97,880.35
"1975-04-03",680.61,880.25
"1975-04-04",680.38,880.25
"1975-04-05",680.22,880.15
"1975-04-06",680.25,
"1975-04-07",680.89,
"1975-04-08",681.02,880.85
"1975-04-09",681.34,880.95
"1975-04-10",681.57,880.95
"1975-04-11",681.71,880.95
"1975-04-12",681.82,881.05
"1975-04-13",682.08,881.15
"1975-04-14",682.28,881.15
"1975-04-15",682.07,881.15
"1975-04-16",681.96,881.15
"1975-04-17",681.88,881.25
"1975-04-18",681.68,881.25
"1975-04-19",681.43,881.25
"1975-04-20",681.32,881.25
"1975-04-21",681.17,881.35
"1975-04-22",681.15,881.35
"1975-04-23",681,881.35
"1975-04-24",680.63,881.35
"1975-04-25",680.2,881.35
"1975-04-26",679.97,881.25
"1975-04-27",679.87,881.25
"1975-04-28",679.79,881.35
"1975-04-29",680.33,881.45
"1975-04-30",680.72,881.45
"1975-05-01",681.14,
"1975-05-02",681.38,
"1975-05-03",681.63,
"1975-05-04",681.92,
"1975-05-05",682.15,
"1975-05-06",682.24,881.35
"1975-05-07",682.16,881.35
"1975-05-08",682.12,881.25
"1975-05-09",683.09,
"1975-05-10",683.59,
"1975-05-11",683.8,
"1975-05-12",684.01,
"1975-05-13",683.94,
"1975-05-14",683.96,
"1975-05-15",683.82,
"1975-05-16",683.68,
"1975-05-17",683.6,
"1975-05-18",683.41,
"1975-05-19",683.33,
"1975-05-20",683.28,
"1975-05-21",683.31,
"1975-05-22",683.15,
"1975-05-23",683.12,
"1975-05-24",684.04,881.75
"1975-05-25",684.66,881.75
"1975-05-26",685.09,881.85
"1975-05-27",685.09,881.85
"1975-05-28",685.1,881.95
"1975-05-29",685.09,881.95
"1975-05-30",685.15,882.05
"1975-05-31",685.24,882.05
"1975-06-01",685.24,882.05
"1975-06-02",685.13,882.15
"1975-06-03",684.66,882.05
"1975-06-04",684.16,882.05
"1975-06-05",683.77,
"1975-06-06",683.03,
"1975-06-07",682.51,
"1975-06-08",682.03,
"1975-06-09",681.93,
"1975-06-10",682.05,
"1975-06-11",682.84,
"1975-06-12",683.44,
"1975-06-13",683.76,
"1975-06-14",683.96,
"1975-06-15",684.04,
"1975-06-16",683.97,
"1975-06-17",683.24,
"1975-06-18",682.55,
"1975-06-19",681.88,
"1975-06-20",681.08,
"1975-06-21",680.83,
"1975-06-22",680.93,
"1975-06-23",680.71,
"1975-06-24",679.73,880.55
"1975-06-25",679.46,880.45
"1975-06-26",678.88,
"1975-06-27",678.26,880.25
"1975-06-28",678.59,
"1975-06-29",679.24,880.35
"1975-06-30",679.53,880.35
"1975-07-01",679.39,880.35
"1975-07-02",679.37,880.45
"1975-07-03",679.52,880.45
"1975-07-04",679.79,880.45
"1975-07-05",680.12,
"1975-07-06",680.2,880.65
"1975-07-07",679.95,880.65
"1975-07-08",679.2,880.55
"1975-07-09",678.53,880.55
"1975-07-10",677.97,880.55
"1975-07-11",677.66,880.45
"1975-07-12",678.26,880.55
"1975-07-13",678.89,880.75
"1975-07-14",679.22,880.75
"1975-07-15",679.48,880.75
"1975-07-16",679.85,880.75
"1975-07-17",680.12,880.75
"1975-07-18",680.37,880.85
"1975-07-19",680.47,880.85
"1975-07-20",680.71,880.95
"1975-07-21",680.55,880.95
"1975-07-22",679.99,880.95
"1975-07-23",679.38,880.95
"1975-07-24",678.87,880.95
"1975-07-25",678.66,880.95
"1975-07-26",678.91,880.95
"1975-07-27",679.01,881.05
"1975-07-28",678.83,881.05
"1975-07-29",677.89,880.95
"1975-07-30",677.03,880.95
"1975-07-31",676.68,880.85
"1975-08-01",676.06,880.75
"1975-08-02",676.12,880.75
"1975-08-03",677.29,880.85
"1975-08-04",677.92,880.85
"1975-08-05",678.11,880.85
"1975-08-06",678.39,880.75
"1975-08-07",678.13,880.65
"1975-08-08",677.9,880.65
"1975-08-09",677.76,880.55
"1975-08-10",677.43,880.55
"1975-08-11",677.51,880.55
"1975-08-12",677.42,880.55
"1975-08-13",677.09,880.55
"1975-08-14",676.59,880.55
"1975-08-15",675.79,880.55
"1975-08-16",675.71,880.45
"1975-08-17",675.52,880.45
"1975-08-18",675.03,880.45
"1975-08-19",674.52,880.35
"1975-08-20",673.74,880.25
"1975-08-21",673.5,880.25
"1975-08-22",673.2,880.25
"1975-08-23",673.22,880.15
"1975-08-24",673.99,880.15
"1975-08-25",674.39,880.25
"1975-08-26",674.15,880.15
"1975-08-27",674.01,880.15
"1975-08-28",674.47,880.15
"1975-08-29",674.47,880.15
"1975-08-30",674.52,880.05
"1975-08-31",674.37,880.05
"1975-09-01",674.77,880.05
"1975-09-02",674.9,880.05
"1975-09-03",674.85,880.15
"1975-09-04",674.55,880.05
"1975-09-05",675.06,880.05
"1975-09-06",675.28,880.15
"1975-09-07",675.61,880.15
"1975-09-08",675.8,880.15
"1975-09-09",675.58,880.05
"1975-09-10",675.52,880.15
"1975-09-11",675.29,880.15
"1975-09-12",674.98,880.15
"1975-09-13",675.31,880.15
"1975-09-14",675.96,880.15
"1975-09-15",676.22,880.25
"1975-09-16",676.26,880.35
"1975-09-17",676.48,880.35
"1975-09-18",676.35,880.35
"1975-09-19",675.98,880.35
"1975-09-20",675.76,880.35
"1975-09-21",675.98,880.35
"1975-09-22",676.15,880.35
"1975-09-23",675.94,880.35
"1975-09-24",675.46,880.35
"1975-09-25",674.97,880.25
"1975-09-26",674.62,880.25
"1975-09-27",674.62,880.25
"1975-09-28",674.57,880.25
"1975-09-29",674.32,880.15
"1975-09-30",673.95,880.15
"1975-10-01",673.69,880.05
"1975-10-02",673.61,879.95
"1975-10-03",673.65,879.95
"1975-10-04",673.78,879.95
"1975-10-05",673.78,879.95
"1975-10-06",673.55,879.95
"1975-10-07",673.12,879.95
"1975-10-08",673.04,879.95
"1975-10-09",672.69,879.85
"1975-10-10",672.47,879.75
"1975-10-11",672.52,879.75
"1975-10-12",672.54,879.75
"1975-10-13",672.47,879.75
"1975-10-14",672.03,879.75
"1975-10-15",671.99,879.65
"1975-10-16",672.1,879.75
"1975-10-17",672.45,879.75
"1975-10-18",672.46,879.75
"1975-10-19",672.74,879.75
"1975-10-20",672.81,879.75
"1975-10-21",672.46,879.85
"1975-10-22",672.32,879.85
"1975-10-23",672.76,879.85
"1975-10-24",672.69,879.85
"1975-10-25",673.7,879.85
"1975-10-26",674.4,879.95
"1975-10-27",675.01,879.95
"1975-10-28",675.09,879.95
"1975-10-29",675.23,879.95
"1975-10-30",675.07,879.95
"1975-10-31",675.25,879.95
"1975-11-01",675.65,880.05
"1975-11-02",675.99,880.05
"1975-11-03",676.17,880.05
"1975-11-04",675.93,880.05
"1975-11-05",675.77,880.15
"1975-11-06",675.81,880.15
"1975-11-07",675.68,880.15
"1975-11-08",675.66,880.15
"1975-11-09",675.79,880.15
"1975-11-10",675.58,880.05
"1975-11-11",675.57,880.15
"1975-11-12",675.34,880.15
"1975-11-13",675.28,880.05
"1975-11-14",675.34,880.15
"1975-11-15",675.4,880.15
"1975-11-16",675.6,880.25
"1975-11-17",675.48,880.25
"1975-11-18",675.35,880.15
"1975-11-19",675.33,880.15
"1975-11-20",675.14,880.15
"1975-11-21",675.14,880.15
"1975-11-22",675.25,880.05
"1975-11-23",675.48,880.05
"1975-11-24",675.58,880.05
"1975-11-25",675.34,880.15
"1975-11-26",675.31,880.15
"1975-11-27",675.48,880.05
"1975-11-28",675.71,880.05
"1975-11-29",675.66,879.95
"1975-11-30",675.71,879.95
"1975-12-01",675.67,879.85
"1975-12-02",675.41,879.85
"1975-12-03",675.13,879.75
"1975-12-04",674.91,879.75
"1975-12-05",675.08,879.75
"1975-12-06",675.06,879.75
"1975-12-07",675.25,879.65
"1975-12-08",675.28,879.65
"1975-12-09",675.13,879.65
"1975-12-10",674.94,879.65
"1975-12-11",674.97,879.65
"1975-12-12",674.83,879.65
"1975-12-13",674.99,879.55
"1975-12-14",675.16,879.55
"1975-12-15",675.19,879.55
"1975-12-16",675.2,879.45
"1975-12-17",675.29,879.45
"1975-12-18",675.12,879.45
"1975-12-19",675.22,879.35
"1975-12-20",675.48,879.45
"1975-12-21",675.39,880.45
"1975-12-22",675.56,879.45
"1975-12-23",675.48,879.45
"1975-12-24",675.63,879.45
"1975-12-25",675.93,879.45
"1975-12-26",676.17,879.45
"1975-12-27",676.29,879.45
"1975-12-28",676.45,879.45
"1975-12-29",676.47,879.5
"1975-12-30",676.32,879.48
"1975-12-31",676.25,879.48
"1976-01-01",676.23,879.45
"1976-01-02",676.28,879.45
"1976-01-03",676.22,879.35
"1976-01-04",676.22,879.35
"1976-01-05",676.35,879.25
"1976-01-06",676.12,879.25
"1976-01-07",675.96,879.15
"1976-01-08",675.67,879.15
"1976-01-09",675.47,879.05
"1976-01-10",675.57,878.95
"1976-01-11",675.68,878.95
"1976-01-12",675.67,878.85
"1976-01-13",675.09,878.85
"1976-01-14",674.92,878.75
"1976-01-15",674.91,878.75
"1976-01-16",674.86,878.65
"1976-01-17",674.67,878.55
"1976-01-18",674.58,878.55
"1976-01-19",674.6,878.45
"1976-01-20",674.41,878.45
"1976-01-21",674.61,878.35
"1976-01-22",674.71,878.35
"1976-01-23",674.69,878.25
"1976-01-24",674.8,878.25
"1976-01-25",674.93,878.25
"1976-01-26",674.73,878.15
"1976-01-27",674.42,878.15
"1976-01-28",674.16,878.15
"1976-01-29",673.89,878.05
"1976-01-30",673.46,878.05
"1976-01-31",673.21,878.05
"1976-02-01",673.22,877.95
"1976-02-02",672.84,877.95
"1976-02-03",672.2,877.85
"1976-02-04",671.59,877.75
"1976-02-05",671.27,877.65
"1976-02-06",671.1,877.55
"1976-02-07",671.16,877.55
"1976-02-08",671.33,877.45
"1976-02-09",671.03,877.45
"1976-02-10",670.28,877.45
"1976-02-11",669.48,877.35
"1976-02-12",668.88,877.25
"1976-02-13",668.44,877.25
"1976-02-14",668.03,877.15
"1976-02-15",668.06,877.15
"1976-02-16",668.13,877.15
"1976-02-17",667.7,877.15
"1976-02-18",665.29,877.05
"1976-02-19",666.82,877.05
"1976-02-20",666.3,877.05
"1976-02-21",666.23,876.95
"1976-02-22",666.89,876.95
"1976-02-23",666.87,876.95
"1976-02-24",666.42,876.95
"1976-02-25",666.43,876.95
"1976-02-26",665.95,876.95
"1976-02-27",665.58,876.85
"1976-02-28",665.49,876.75
"1976-02-29",665.48,876.75
"1976-03-01",665.13,876.65
"1976-03-02",664.67,876.65
"1976-03-03",664.2,876.55
"1976-03-04",664.26,876.55
"1976-03-05",663.76,876.45
"1976-03-06",665.43,876.45
"1976-03-07",666.53,876.45
"1976-03-08",667.38,876.55
"1976-03-09",667.56,876.45
"1976-03-10",667.71,876.45
"1976-03-11",667.86,876.45
"1976-03-12",668.05,876.45
"1976-03-13",668.12,876.45
"1976-03-14",669.2,876.35
"1976-03-15",669.28,876.35
"1976-03-16",668.9,876.25
"1976-03-17",668.35,876.25
"1976-03-18",667.96,876.25
"1976-03-19",667.85,876.15
"1976-03-20",667.61,876.15
"1976-03-21",666.79,876.05
"1976-03-22",667.2,876.15
"1976-03-23",666.93,876.05
"1976-03-24",667.25,876.05
"1976-03-25",667.63,876.15
"1976-03-26",667.87,876.15
"1976-03-27",667.86,875.95
"1976-03-28",667.89,875.95
"1976-03-29",668.09,875.95
"1976-03-30",667.12,875.95
"1976-03-31",667.33,876.05
"1976-04-01",666.7,876.05
"1976-04-02",666.01,876.05
"1976-04-03",666.16,876.05
"1976-04-04",667.41,876.25
"1976-04-05",668.37,876.45
"1976-04-06",668.66,876.55
"1976-04-07",668.81,876.65
"1976-04-08",669.31,876.65
"1976-04-09",669.42,876.75
"1976-04-10",669.51,876.75
"1976-04-11",669.93,876.75
"1976-04-12",669.69,876.85
"1976-04-13",669.75,876.85
"1976-04-14",669.75,876.95
"1976-04-15",669.95,876.95
"1976-04-16",670.34,877.05
"1976-04-17",670.75,877.05
"1976-04-18",672.66,877.15
"1976-04-19",673.44,877.25
"1976-04-20",674.28,877.25
"1976-04-21",674.75,877.35
"1976-04-22",675.32,877.35
"1976-04-23",675.72,877.35
"1976-04-24",676.13,877.45
"1976-04-25",676.34,877.45
"1976-04-26",676.53,877.45
"1976-04-27",676.39,877.45
"1976-04-28",676.4,877.45
"1976-04-29",676.47,877.45
"1976-04-30",677.07,877.55
"1976-05-01",677.43,877.55
"1976-05-02",677.65,877.55
"1976-05-03",677.51,877.55
"1976-05-04",677.01,877.55
"1976-05-05",677.11,877.55
"1976-05-06",677.22,877.65
"1976-05-07",679.23,877.75
"1976-05-08",680.49,877.85
"1976-05-09",681.39,877.95
"1976-05-10",682.07,877.95
"1976-05-11",682.07,877.95
"1976-05-12",682.21,878.05
"1976-05-13",682.37,878.05
"1976-05-14",682.92,878.15
"1976-05-15",683.29,878.15
"1976-05-16",683.46,878.25
"1976-05-17",683.46,878.25
"1976-05-18",683.16,878.25
"1976-05-19",682.91,878.35
"1976-05-20",682.9,878.35
"1976-05-21",683.07,878.45
"1976-05-22",683.3,878.45
"1976-05-23",683.35,878.45
"1976-05-24",683.19,878.45
"1976-05-25",682.95,878.35
"1976-05-26",682.76,878.45
"1976-05-27",683,878.45
"1976-05-28",683.31,878.45
"1976-05-29",683.56,878.55
"1976-05-30",683.65,878.55
"1976-05-31",683.71,878.55
"1976-06-01",683.41,878.55
"1976-06-02",683.48,878.55
"1976-06-03",683.33,878.45
"1976-06-04",683.05,878.25
"1976-06-05",682.59,878.25
"1976-06-06",682.27,878.15
"1976-06-07",681.74,878.05
"1976-06-08",680.92,877.95
"1976-06-09",680,877.85
"1976-06-10",678.89,877.75
"1976-06-11",678.01,877.65
"1976-06-12",677.46,877.55
"1976-06-13",676.96,877.45
"1976-06-14",676.31,877.35
"1976-06-15",675.27,877.25
"1976-06-16",674.56,877.05
"1976-06-17",674.61,876.95
"1976-06-18",674.27,876.85
"1976-06-19",673.95,876.75
"1976-06-20",673.81,876.65
"1976-06-21",673.66,876.55
"1976-06-22",672.63,876.45
"1976-06-23",672.01,876.25
"1976-06-24",,876.25
"1976-06-25",670.79,876.35
"1976-06-26",671.96,876.35
"1976-06-27",672.63,876.45
"1976-06-28",672.71,876.45
"1976-06-29",672.03,876.45
"1976-06-30",671.35,876.35
"1976-07-01",670.62,876.35
"1976-07-02",670.18,876.25
"1976-07-03",669.94,876.15
"1976-07-04",671,876.15
"1976-07-05",671.93,876.45
"1976-07-06",672.69,876.55
"1976-07-07",673.47,877.05
"1976-07-08",674.04,877.15
"1976-07-09",674.63,877.45
"1976-07-10",675.48,878.05
"1976-07-11",676.5,878.25
"1976-07-12",677.32,878.35
"1976-07-13",677.73,878.45
"1976-07-14",678.16,878.55
"1976-07-15",678.75,878.75
"1976-07-16",679.08,879.25
"1976-07-17",679.67,879.45
"1976-07-18",680.18,879.55
"1976-07-19",680.39,879.75
"1976-07-20",680.23,879.85
"1976-07-21",680.38,879.95
"1976-07-22",680.48,880.15
"1976-07-23",680.34,880.25
"1976-07-24",680.3,880.35
"1976-07-25",680.19,880.45
"1976-07-26",680.07,880.55
"1976-07-27",679.49,880.65
"1976-07-28",679.11,880.75
"1976-07-29",678.61,880.75
"1976-07-30",678.1,880.85
"1976-07-31",677.81,880.95
"1976-08-01",677.73,880.95
"1976-08-02",677.38,881.05
"1976-08-03",676.67,881.05
"1976-08-04",676.24,881.05
"1976-08-05",675.88,881.15
"1976-08-06",675.47,881.15
"1976-08-07",675.37,881.15
"1976-08-08",675.18,881.25
"1976-08-09",674.67,881.25
"1976-08-10",673.85,881.25
"1976-08-11",673.31,881.25
"1976-08-12",672.99,881.25
"1976-08-13",672.82,881.25
"1976-08-14",672.82,881.35
"1976-08-15",672.73,881.35
"1976-08-16",672.59,881.35
"1976-08-17",672.82,881.45
"1976-08-18",672.9,881.55
"1976-08-19",673.81,881.55
"1976-08-20",674.23,881.55
"1976-08-21",674.39,881.55
"1976-08-22",674.23,881.65
"1976-08-23",673.8,881.75
"1976-08-24",673.38,881.75
"1976-08-25",672.89,881.75
"1976-08-26",672.72,881.75
"1976-08-27",672.44,881.75
"1976-08-28",672.39,881.85
"1976-08-29",672.79,881.95
"1976-08-30",673.57,881.95
"1976-08-31",674.62,881.95
"1976-09-01",675.26,881.95
"1976-09-02",675.47,882.05
"1976-09-03",675.86,882.25
"1976-09-04",676.48,882.25
"1976-09-05",675.99,882.25
"1976-09-06",676.75,882.25
"1976-09-07",676.41,882.25
"1976-09-08",676.01,882.25
"1976-09-09",675.59,882.25
"1976-09-10",675.3,882.35
"1976-09-11",675.56,882.35
"1976-09-12",675.28,882.35
"1976-09-13",675.03,882.35
"1976-09-14",675.28,882.35
"1976-09-15",675.5,882.35
"1976-09-16",675.37,882.35
"1976-09-17",675.39,882.35
"1976-09-18",675.46,882.25
"1976-09-19",675.68,882.65
"1976-09-20",676.44,882.65
"1976-09-21",677.11,882.65
"1976-09-22",677.52,882.65
"1976-09-23",677.84,882.75
"1976-09-24",677.78,882.75
"1976-09-25",677.96,882.75
"1976-09-26",678.02,882.95
"1976-09-27",678.13,882.85
"1976-09-28",678.57,882.95
"1976-09-29",679.29,883.05
"1976-09-30",679.66,883.05
"1976-10-01",680.1,883.05
"1976-10-02",680.32,883.15
"1976-10-03",680.62,883.15
"1976-10-04",680.63,883.15
"1976-10-05",680.88,883.15
"1976-10-06",681.31,883.15
"1976-10-07",681.63,883.25
"1976-10-08",681.66,883.15
"1976-10-09",681.91,883.25
"1976-10-10",682.11,883.25
"1976-10-11",682,883.25
"1976-10-12",681.76,883.25
"1976-10-13",681.48,883.25
"1976-10-14",681.33,883.25
"1976-10-15",681.45,883.25
"1976-10-16",682.56,883.25
"1976-10-17",683.47,883.25
"1976-10-18",684.13,883.25
"1976-10-19",684.32,883.35
"1976-10-20",684.91,883.25
"1976-10-21",685.28,883.35
"1976-10-22",685.54,883.35
"1976-10-23",686,883.35
"1976-10-24",686.3,883.35
"1976-10-25",687.38,883.35
"1976-10-26",687.46,883.35
"1976-10-27",687.84,883.45
"1976-10-28",688.2,883.55
"1976-10-29",689.72,883.75
"1976-10-30",690.43,883.85
"1976-10-31",691.26,883.75
"1976-11-01",691.86,883.85
"1976-11-02",692.14,883.85
"1976-11-03",692.26,883.85
"1976-11-04",692.41,883.85
"1976-11-05",692.47,883.95
"1976-11-06",692.51,883.95
"1976-11-07",692.44,883.95
"1976-11-08",692.35,884.05
"1976-11-09",692.06,884.05
"1976-11-10",692.06,884.05
"1976-11-11",691.91,884.15
"1976-11-12",692.63,884.05
"1976-11-13",691.71,884.05
"1976-11-14",691.76,884.05
"1976-11-15",691.71,884.15
"1976-11-16",691.49,884.15
"1976-11-17",691.41,884.15
"1976-11-18",691.44,884.15
"1976-11-19",691.6,884.25
"1976-11-20",691.75,884.25
"1976-11-21",691.83,884.25
"1976-11-22",691.82,884.25
"1976-11-23",691.72,884.35
"1976-11-24",691.67,884.35
"1976-11-25",691.86,884.45
"1976-11-26",692.11,884.45
"1976-11-27",692.13,884.45
"1976-11-28",692.26,884.45
"1976-11-29",692.01,884.35
"1976-11-30",691.76,884.45
"1976-12-01",691.86,884.45
"1976-12-02",691.71,884.45
"1976-12-03",691.81,884.51
"1976-12-04",691.76,884.51
"1976-12-05",691.96,884.58
"1976-12-06",692.08,884.65
"1976-12-07",692.01,884.55
"1976-12-08",692.05,884.55
"1976-12-09",692.01,884.55
"1976-12-10",692.2,884.65
"1976-12-11",692.23,884.55
"1976-12-12",692.47,884.65
"1976-12-13",692.45,884.65
"1976-12-14",692.54,884.75
"1976-12-15",692.66,884.75
"1976-12-16",692.72,884.75
"1976-12-17",692.7,884.75
"1976-12-18",692.84,884.75
"1976-12-19",693.09,884.75
"1976-12-20",693.06,884.75
"1976-12-21",692.79,884.75
"1976-12-22",692.83,884.85
"1976-12-23",692.8,884.85
"1976-12-24",692.79,884.85
"1976-12-25",693.08,884.85
"1976-12-26",693.08,884.85
"1976-12-27",693.11,884.95
"1976-12-28",692.93,884.95
"1976-12-29",692.67,884.85
"1976-12-30",692.73,884.95
"1976-12-31",692.64,884.75
"1977-01-01",692.63,884.85
"1977-01-02",692.78,884.85
"1977-01-03",692.63,884.95
"1977-01-04",692.38,884.95
"1977-01-05",692.24,884.95
"1977-01-06",692.21,884.95
"1977-01-07",692.13,884.95
"1977-01-08",692.21,884.95
"1977-01-09",692.33,884.95
"1977-01-10",692.05,884.95
"1977-01-11",691.86,884.95
"1977-01-12",691.85,884.95
"1977-01-13",691.92,885.05
"1977-01-14",692.11,885.05
"1977-01-15",692.17,885.05
"1977-01-16",692.29,884.95
"1977-01-17",692.21,884.95
"1977-01-18",692.22,885.05
"1977-01-19",692.18,885.05
"1977-01-20",692.09,884.95
"1977-01-21",692.05,885.05
"1977-01-22",692.2,885.05
"1977-01-23",692.63,885.15
"1977-01-24",692.88,885.15
"1977-01-25",692.89,885.05
"1977-01-26",692.13,885.05
"1977-01-27",693.15,885.15
"1977-01-28",693.26,885.15
"1977-01-29",693.21,885.05
"1977-01-30",693.58,885.15
"1977-01-31",693.57,885.05
"1977-02-01",693.71,885.15
"1977-02-02",693.77,885.15
"1977-02-03",693.93,885.15
"1977-02-04",693.92,885.15
"1977-02-05",694.03,885.15
"1977-02-06",694.11,885.15
"1977-02-07",694.13,885.15
"1977-02-08",693.99,885.15
"1977-02-09",693.95,885.15
"1977-02-10",694.01,885.25
"1977-02-11",694.14,885.25
"1977-02-12",694.2,885.25
"1977-02-13",694.43,885.25
"1977-02-14",694.46,885.35
"1977-02-15",694.21,885.25
"1977-02-16",694.21,885.25
"1977-02-17",694.15,885.25
"1977-02-18",694.2,885.25
"1977-02-19",694.08,885.25
"1977-02-20",694.21,885.25
"1977-02-21",694.21,885.35
"1977-02-22",694.04,885.25
"1977-02-23",692.96,885.25
"1977-02-24",693.76,885.15
"1977-02-25",693.51,885.25
"1977-02-26",693.47,885.15
"1977-02-27",693.47,885.15
"1977-02-28",693.36,885.15
"1977-03-01",693.17,885.25
"1977-03-02",693.06,885.35
"1977-03-03",693.18,885.45
"1977-03-04",693.15,885.35
"1977-03-05",693.18,885.35
"1977-03-06",693.24,885.25
"1977-03-07",693,885.25
"1977-03-08",692.62,885.25
"1977-03-09",692.6,885.15
"1977-03-10",692.63,885.25
"1977-03-11",692.57,885.15
"1977-03-12",692.41,885.05
"1977-03-13",692.2,885.05
"1977-03-14",691.84,885.05
"1977-03-15",691.44,884.95
"1977-03-16",691.21,884.95
"1977-03-17",691.16,885.05
"1977-03-18",690.96,884.95
"1977-03-19",690.55,884.95
"1977-03-20",690.39,884.95
"1977-03-21",690.17,884.95
"1977-03-22",689.91,884.85
"1977-03-23",689.77,884.85
"1977-03-24",689.71,884.95
"1977-03-25",689.89,884.85
"1977-03-26",690.21,884.85
"1977-03-27",690.58,884.95
"1977-03-28",690.68,884.95
"1977-03-29",690.56,884.85
"1977-03-30",690.43,884.75
"1977-03-31",690.14,884.75
"1977-04-01",690.22,884.85
"1977-04-02",690.51,884.85
"1977-04-03",690.56,884.85
"1977-04-04",690.15,884.75
"1977-04-05",690.05,884.65
"1977-04-06",689.87,884.55
"1977-04-07",689.59,884.55
"1977-04-08",689.31,884.55
"1977-04-09",689.3,884.45
"1977-04-10",689.08,884.45
"1977-04-11",689.05,884.45
"1977-04-12",688.89,884.45
"1977-04-13",688.86,884.46
"1977-04-14",689.08,884.48
"1977-04-15",689.3,884.35
"1977-04-16",689.92,884.45
"1977-04-17",691.29,884.55
"1977-04-18",691.3,884.55
"1977-04-19",691.61,884.55
"1977-04-20",693.51,884.65
"1977-04-21",694.32,884.65
"1977-04-22",694.99,884.75
"1977-04-23",695.59,884.75
"1977-04-24",695.86,884.85
"1977-04-25",695.95,884.85
"1977-04-26",695.72,884.85
"1977-04-27",695.48,884.85
"1977-04-28",695.34,884.95
"1977-04-29",695.14,884.95
"1977-04-30",695.2,885.05
"1977-05-01",695.49,885.05
"1977-05-02",695.29,885.15
"1977-05-03",695.11,885.15
"1977-05-04",694.98,885.25
"1977-05-05",694.61,885.25
"1977-05-06",694.61,885.25
"1977-05-07",694.45,885.35
"1977-05-08",694.42,885.35
"1977-05-09",694.41,885.45
"1977-05-10",694.41,885.45
"1977-05-11",694.15,885.75
"1977-05-12",694.36,885.75
"1977-05-13",694.12,885.85
"1977-05-14",694.19,885.95
"1977-05-15",694.38,885.95
"1977-05-16",694.26,886.05
"1977-05-17",694.13,886.05
"1977-05-18",693.96,886.15
"1977-05-19",693.73,886.15
"1977-05-20",693.69,886.15
"1977-05-21",693.63,886.15
"1977-05-22",694.04,886.15
"1977-05-23",694.08,886.25
"1977-05-24",693.81,886.15
"1977-05-25",693.57,886.15
"1977-05-26",693.41,886.05
"1977-05-27",692.96,886.05
"1977-05-28",692.59,885.95
"1977-05-29",692.49,885.95
"1977-05-30",692.23,885.85
"1977-05-31",691.33,885.75
"1977-06-01",690.82,885.65
"1977-06-02",690.66,885.65
"1977-06-03",690.13,885.45
"1977-06-04",689.69,885.25
"1977-06-05",689.26,885.15
"1977-06-06",688.69,885.15
"1977-06-07",688.02,885.15
"1977-06-08",687.11,885.05
"1977-06-09",686.74,884.95
"1977-06-10",686.09,884.85
"1977-06-11",685.76,884.65
"1977-06-12",685.6,884.55
"1977-06-13",685.36,884.65
"1977-06-14",684.87,884.55
"1977-06-15",684.23,884.45
"1977-06-16",684.32,884.35
"1977-06-17",683.97,884.15
"1977-06-18",683.64,884.05
"1977-06-19",683.47,883.95
"1977-06-20",683.44,883.85
"1977-06-21",684.41,883.75
"1977-06-22",682.92,883.65
"1977-06-23",683.82,883.65
"1977-06-24",684.59,883.75
"1977-06-25",685.23,883.75
"1977-06-26",686.01,883.65
"1977-06-27",686.31,883.65
"1977-06-28",686.12,883.65
"1977-06-29",685.99,883.55
"1977-06-30",685.89,883.65
"1977-07-01",685.77,883.45
"1977-07-02",685.81,883.45
"1977-07-03",685.87,883.45
"1977-07-04",685.91,883.45
"1977-07-05",685.65,883.45
"1977-07-06",685.1,883.45
"1977-07-07",684.69,883.45
"1977-07-08",684.23,883.45
"1977-07-09",683.93,883.35
"1977-07-10",683.76,883.35
"1977-07-11",683.52,883.35
"1977-07-12",682.94,883.25
"1977-07-13",682.43,883.25
"1977-07-14",682.07,883.25
"1977-07-15",682.11,883.15
"1977-07-16",681.98,883.15
"1977-07-17",681.99,883.15
"1977-07-18",682.06,883.15
"1977-07-19",681.91,883.15
"1977-07-20",681.96,883.15
"1977-07-21",681.96,883.15
"1977-07-22",681.73,883.05
"1977-07-23",681.46,882.95
"1977-07-24",681.16,882.85
"1977-07-25",,882.85
"1977-07-26",,882.75
"1977-07-27",679.02,882.75
"1977-07-28",679.21,882.65
"1977-07-29",679.06,882.75
"1977-07-30",680.07,882.75
"1977-07-31",679.81,882.75
"1977-08-01",679.41,882.65
"1977-08-02",678.46,882.55
"1977-08-03",678.71,882.55
"1977-08-04",678.31,882.65
"1977-08-05",677.99,882.65
"1977-08-06",678.21,882.55
"1977-08-07",678.24,882.55
"1977-08-08",677.93,882.55
"1977-08-09",677.38,882.55
"1977-08-10",677,882.55
"1977-08-11",677.08,882.45
"1977-08-12",676.68,882.45
"1977-08-13",677.17,882.45
"1977-08-14",677.35,882.35
"1977-08-15",677.19,882.35
"1977-08-16",677.31,882.25
"1977-08-17",676.93,882.25
"1977-08-18",,882.25
"1977-08-19",677.41,882.25
"1977-08-20",677.9,882.15
"1977-08-21",677.8,882.15
"1977-08-22",677.41,882.15
"1977-08-23",676.81,882.25
"1977-08-24",676.37,882.15
"1977-08-25",675.98,882.05
"1977-08-26",675.63,882.05
"1977-08-27",675.67,882.05
"1977-08-28",676.28,881.95
"1977-08-29",677,882.05
"1977-08-30",676.94,882.05
"1977-08-31",676.91,881.95
"1977-09-01",676.92,881.95
"1977-09-02",677.21,881.95
"1977-09-03",677.21,881.95
"1977-09-04",676.95,881.85
"1977-09-05",676.66,881.85
"1977-09-06",676.51,881.85
"1977-09-07",677.63,882.05
"1977-09-08",678.39,882.05
"1977-09-09",678.78,882.05
"1977-09-10",679.06,882.15
"1977-09-11",678.96,882.15
"1977-09-12",678.67,882.25
"1977-09-13",679.18,882.25
"1977-09-14",679.52,882.25
"1977-09-15",680.26,882.25
"1977-09-16",680.48,882.25
"1977-09-17",680.63,882.15
"1977-09-18",680.68,882.15
"1977-09-19",680.55,882.15
"1977-09-20",680.47,882.05
"1977-09-21",680.23,881.95
"1977-09-22",679.96,881.95
"1977-09-23",679.61,881.85
"1977-09-24",679.75,881.85
"1977-09-25",679.63,881.75
"1977-09-26",679.24,881.75
"1977-09-27",678.67,881.75
"1977-09-28",678.43,881.75
"1977-09-29",678.16,881.75
"1977-09-30",677.88,881.65
"1977-10-01",677.84,881.55
"1977-10-02",677.83,881.45
"1977-10-03",678.53,881.45
"1977-10-04",678.84,881.55
"1977-10-05",679.19,881.55
"1977-10-06",679.07,881.55
"1977-10-07",679.04,881.55
"1977-10-08",679.08,881.45
"1977-10-09",679.27,881.45
"1977-10-10",679.43,881.45
"1977-10-11",679.12,881.55
"1977-10-12",679.22,881.45
"1977-10-13",679.24,881.45
"1977-10-14",679.1,881.45
"1977-10-15",679.04,881.45
"1977-10-16",678.95,881.45
"1977-10-17",678.72,881.45
"1977-10-18",678.63,881.35
"1977-10-19",678.43,881.35
"1977-10-20",678.25,881.35
"1977-10-21",678.16,881.35
"1977-10-22",678.97,881.45
"1977-10-23",679.77,881.45
"1977-10-24",680.31,881.55
"1977-10-25",680.51,
"1977-10-26",680.52,
"1977-10-27",680.69,
"1977-10-28",680.91,881.65
"1977-10-29",681.02,881.85
"1977-10-30",681.26,881.85
"1977-10-31",681.36,881.95
"1977-11-01",683.02,881.95
"1977-11-02",684.1,882.05
"1977-11-03",684.78,882.05
"1977-11-04",685.16,882.05
"1977-11-05",685.67,882.15
"1977-11-06",685.98,882.15
"1977-11-07",686.03,882.15
"1977-11-08",686.08,882.25
"1977-11-09",686.09,882.25
"1977-11-10",686.03,882.25
"1977-11-11",685.97,882.35
"1977-11-12",686.14,882.35
"1977-11-13",686.27,882.35
"1977-11-14",686.22,882.45
"1977-11-15",686.03,882.45
"1977-11-16",685.92,882.45
"1977-11-17",685.81,882.55
"1977-11-18",685.71,882.55
"1977-11-19",685.79,882.45
"1977-11-20",685.76,882.55
"1977-11-21",685.72,882.55
"1977-11-22",685.68,882.55
"1977-11-23",685.59,882.55
"1977-11-24",685.52,882.55
"1977-11-25",685.74,882.55
"1977-11-26",685.69,882.45
"1977-11-27",685.85,882.55
"1977-11-28",685.63,882.45
"1977-11-29",685.35,882.45
"1977-11-30",685.47,882.55
"1977-12-01",685.41,882.55
"1977-12-02",685.28,882.55
"1977-12-03",685.2,882.55
"1977-12-04",685.38,882.55
"1977-12-05",685.34,882.55
"1977-12-06",684.79,882.45
"1977-12-07",684.91,882.55
"1977-12-08",684.81,882.65
"1977-12-09",684.55,882.55
"1977-12-10",684.59,882.55
"1977-12-11",684.77,882.55
"1977-12-12",684.81,882.65
"1977-12-13",684.72,882.65
"1977-12-14",684.54,882.65
"1977-12-15",684.41,882.65
"1977-12-16",684.48,882.65
"1977-12-17",684.44,882.65
"1977-12-18",684.41,882.65
"1977-12-19",684.26,882.65
"1977-12-20",684.04,882.55
"1977-12-21",683.96,882.55
"1977-12-22",683.92,882.55
"1977-12-23",683.96,882.65
"1977-12-24",683.95,882.55
"1977-12-25",683.91,882.55
"1977-12-26",684.22,882.55
"1977-12-27",684.01,882.55
"1977-12-28",683.99,882.55
"1977-12-29",683.99,882.55
"1977-12-30",683.85,882.55
"1977-12-31",683.87,882.55
"1978-01-01",683.95,882.55
"1978-01-02",684.11,882.55
"1978-01-03",683.96,882.55
"1978-01-04",683.71,882.55
"1978-01-05",683.67,882.45
"1978-01-06",683.5,882.45
"1978-01-07",683.52,882.55
"1978-01-08",683.46,882.45
"1978-01-09",683.37,882.45
"1978-01-10",683.18,882.55
"1978-01-11",683.15,882.55
"1978-01-12",683.25,882.55
"1978-01-13",683.21,882.55
"1978-01-14",683.04,882.55
"1978-01-15",683.08,882.55
"1978-01-16",683.14,882.55
"1978-01-17",682.82,882.45
"1978-01-18",682.81,882.55
"1978-01-19",682.79,882.35
"1978-01-20",682.63,882.35
"1978-01-21",682.52,882.35
"1978-01-22",682.62,882.25
"1978-01-23",682.6,882.15
"1978-01-24",682.45,882.15
"1978-01-25",682.31,882.05
"1978-01-26",681.9,881.95
"1978-01-27",681.67,882.35
"1978-01-28",681.53,881.75
"1978-01-29",681.51,881.65
"1978-01-30",681.55,881.65
"1978-01-31",681.25,881.65
"1978-02-01",681.22,881.55
"1978-02-02",680.96,881.45
"1978-02-03",680.75,881.35
"1978-02-04",680.54,881.25
"1978-02-05",680.35,881.15
"1978-02-06",680.26,881.05
"1978-02-07",680.05,881.05
"1978-02-08",680.27,880.95
"1978-02-09",680.29,880.85
"1978-02-10",680.12,880.85
"1978-02-11",680.22,880.75
"1978-02-12",680.45,880.75
"1978-02-13",680.41,880.65
"1978-02-14",680.2,880.65
"1978-02-15",680.31,880.65
"1978-02-16",680.35,880.55
"1978-02-17",680.2,880.55
"1978-02-18",680.2,880.45
"1978-02-19",680.24,880.45
"1978-02-20",680.38,880.45
"1978-02-21",680.17,880.35
"1978-02-22",680.16,880.35
"1978-02-23",679.89,880.35
"1978-02-24",679.8,880.25
"1978-02-25",679.86,880.15
"1978-02-26",679.57,880.05
"1978-02-27",679.69,880.15
"1978-02-28",679.69,880.05
"1978-03-01",679.37,880.05
"1978-03-02",679.47,880.05
"1978-03-03",679.28,879.95
"1978-03-04",679.37,879.95
"1978-03-05",679.53,879.95
"1978-03-06",679.55,879.95
"1978-03-07",679.73,879.95
"1978-03-08",679.66,879.95
"1978-03-09",679.6,879.85
"1978-03-10",679.63,879.85
"1978-03-11",679.65,879.85
"1978-03-12",679.45,879.85
"1978-03-13",679.49,879.95
"1978-03-14",679.21,879.95
"1978-03-15",678.79,879.85
"1978-03-16",678.46,879.85
"1978-03-17",678.22,879.85
"1978-03-18",678.13,879.82
"1978-03-19",677.94,879.82
"1978-03-20",677.84,879.85
"1978-03-21",677.55,879.75
"1978-03-22",676.86,879.75
"1978-03-23",676.75,879.75
"1978-03-24",675.86,879.65
"1978-03-25",677.31,879.65
"1978-03-26",677.66,879.65
"1978-03-27",677.66,879.65
"1978-03-28",677.01,879.65
"1978-03-29",676.73,879.55
"1978-03-30",676.48,879.55
"1978-03-31",676.1,879.55
"1978-04-01",676.17,879.45
"1978-04-02",676.05,879.45
"1978-04-03",675.92,879.45
"1978-04-04",676.07,879.35
"1978-04-05",676,879.35
"1978-04-06",676.31,879.35
"1978-04-07",676.45,879.35
"1978-04-08",676.07,879.25
"1978-04-09",675.47,879.25
"1978-04-10",675.69,879.25
"1978-04-11",676.28,879.35
"1978-04-12",676.74,879.35
"1978-04-13",676.99,879.25
"1978-04-14",676.86,879.25
"1978-04-15",676.82,879.25
"1978-04-16",676.67,879.25
"1978-04-17",676.44,879.25
"1978-04-18",676.55,879.15
"1978-04-19",676.08,879.15
"1978-04-20",675.96,879.05
"1978-04-21",676.17,879.05
"1978-04-22",676.62,879.05
"1978-04-23",677.24,878.95
"1978-04-24",677.36,878.95
"1978-04-25",677.17,878.85
"1978-04-26",677.02,878.85
"1978-04-27",676.71,878.75
"1978-04-28",676.24,878.65
"1978-04-29",676.2,878.65
"1978-04-30",676.02,878.55
"1978-05-01",675.61,878.45
"1978-05-02",675.17,878.45
"1978-05-03",675.27,878.35
"1978-05-04",675.51,878.25
"1978-05-05",675.44,878.25
"1978-05-06",674.96,878.15
"1978-05-07",675.26,878.15
"1978-05-08",674.71,878.05
"1978-05-09",674.75,878.05
"1978-05-10",672.76,877.95
"1978-05-11",671.97,877.85
"1978-05-12",672.36,877.85
"1978-05-13",671.66,877.8
"1978-05-14",671.2,877.75
"1978-05-15",670.79,877.65
"1978-05-16",669.17,877.65
"1978-05-17",668.35,877.55
"1978-05-18",667.09,877.45
"1978-05-19",666.05,877.45
"1978-05-20",666.74,877.35
"1978-05-21",667.77,877.25
"1978-05-22",668.55,877.25
"1978-05-23",668.37,877.25
"1978-05-24",667.97,877.25
"1978-05-25",667.3,877.25
"1978-05-26",666.66,877.25
"1978-05-27",666.36,877.25
"1978-05-28",665.71,877.25
"1978-05-29",665.16,877.25
"1978-05-30",664.97,877.25
"1978-05-31",665.26,877.25
"1978-06-01",664.9,877.25
"1978-06-02",665.56,877.25
"1978-06-03",665.99,877.25
"1978-06-04",667.47,877.25
"1978-06-05",668.17,877.35
"1978-06-06",668.09,877.35
"1978-06-07",670.07,877.45
"1978-06-08",671.06,877.45
"1978-06-09",671.62,877.55
"1978-06-10",671.98,877.65
"1978-06-11",672.32,877.65
"1978-06-12",672.02,877.75
"1978-06-13",671.31,877.75
"1978-06-14",670.34,877.75
"1978-06-15",669.43,877.75
"1978-06-16",668.14,877.75
"1978-06-17",667.22,877.75
"1978-06-18",666.51,877.75
"1978-06-19",666.05,877.75
"1978-06-20",664.62,877.65
"1978-06-21",663.4,877.65
"1978-06-22",662.36,877.55
"1978-06-23",661.08,877.45
"1978-06-24",660.42,877.35
"1978-06-25",659.8,877.35
"1978-06-26",659.08,877.25
"1978-06-27",657.99,877.25
"1978-06-28",657.57,877.15
"1978-06-29",657.69,877.05
"1978-06-30",657.08,877.05
"1978-07-01",656.96,876.95
"1978-07-02",656.78,876.95
"1978-07-03",656.67,876.85
"1978-07-04",656.26,876.85
"1978-07-05",655.56,876.75
"1978-07-06",654.9,876.75
"1978-07-07",654.29,876.65
"1978-07-08",654.36,876.55
"1978-07-09",654.21,876.55
"1978-07-10",654.05,876.45
"1978-07-11",653.18,876.45
"1978-07-12",,876.35
"1978-07-13",,876.35
"1978-07-14",,876.25
"1978-07-15",,876.15
"1978-07-16",,876.15
"1978-07-17",,876.05
"1978-07-18",651.16,876.05
"1978-07-19",650.62,876.01
"1978-07-20",651.32,875.95
"1978-07-21",650.72,875.95
"1978-07-22",650.88,875.85
"1978-07-23",651.01,875.85
"1978-07-24",651.09,875.85
"1978-07-25",651.09,875.75
"1978-07-26",650.31,875.75
"1978-07-27",650.13,875.75
"1978-07-28",651.91,875.65
"1978-07-29",652.3,875.65
"1978-07-30",655.72,875.65
"1978-07-31",657.24,875.65
"1978-08-01",660.44,875.65
"1978-08-02",662.74,875.75
"1978-08-03",663.99,875.85
"1978-08-04",664.74,875.95
"1978-08-05",665.46,875.95
"1978-08-06",665.87,876.05
"1978-08-07",666.34,876.15
"1978-08-08",666.64,876.25
"1978-08-09",666.63,876.35
"1978-08-10",666.54,876.45
"1978-08-11",666.25,876.45
"1978-08-12",666.32,876.55
"1978-08-13",666.46,876.65
"1978-08-14",666.25,876.75
"1978-08-15",665.76,876.75
"1978-08-16",665.18,876.85
"1978-08-17",664.67,876.85
"1978-08-18",664.18,876.95
"1978-08-19",663.97,876.95
"1978-08-20",663.77,876.95
"1978-08-21",663.72,876.95
"1978-08-22",663.24,876.95
"1978-08-23",662.78,876.95
"1978-08-24",662.19,876.95
"1978-08-25",661.79,876.95
"1978-08-26",662.19,876.95
"1978-08-27",662.03,876.95
"1978-08-28",661.74,876.95
"1978-08-29",662.04,876.85
"1978-08-30",662.27,876.95
"1978-08-31",663.26,876.95
"1978-09-01",664.31,877.05
"1978-09-02",665.15,877.05
"1978-09-03",665.83,877.15
"1978-09-04",666.22,877.15
"1978-09-05",666.32,877.25
"1978-09-06",666.75,877.25
"1978-09-07",666.68,877.35
"1978-09-08",668.94,877.35
"1978-09-09",670.16,877.35
"1978-09-10",670.92,877.45
"1978-09-11",671.61,877.45
"1978-09-12",671.81,877.45
"1978-09-13",674.28,877.45
"1978-09-14",676.06,877.55
"1978-09-15",676.99,877.55
"1978-09-16",677.63,877.55
"1978-09-17",677.96,877.55
"1978-09-18",678.17,877.55
"1978-09-19",677.98,877.55
"1978-09-20",677.84,877.55
"1978-09-21",677.69,877.55
"1978-09-22",677.47,877.55
"1978-09-23",677.26,877.55
"1978-09-24",677.68,877.55
"1978-09-25",677.46,877.55
"1978-09-26",677.08,877.55
"1978-09-27",676.76,877.45
"1978-09-28",676.87,877.45
"1978-09-29",676.73,877.45
"1978-09-30",676.64,877.45
"1978-10-01",676.39,877.45
"1978-10-02",676.09,877.45
"1978-10-03",675.74,877.55
"1978-10-04",675.64,877.55
"1978-10-05",675.73,877.55
"1978-10-06",675.08,877.45
"1978-10-07",,877.45
"1978-10-08",,877.45
"1978-10-09",,877.45
"1978-10-10",,877.45
"1978-10-11",,877.45
"1978-10-12",,877.45
"1978-10-13",674.88,877.45
"1978-10-14",674.68,877.45
"1978-10-15",674.86,877.45
"1978-10-16",674.75,877.45
"1978-10-17",674.38,877.35
"1978-10-18",674.07,877.35
"1978-10-19",673.87,877.35
"1978-10-20",673.68,877.35
"1978-10-21",673.62,877.25
"1978-10-22",673.63,877.25
"1978-10-23",673.46,877.25
"1978-10-24",673.54,877.25
"1978-10-25",673.7,877.25
"1978-10-26",674.04,877.25
"1978-10-27",674.13,877.25
"1978-10-28",674.27,877.25
"1978-10-29",674.56,877.25
"1978-10-30",674.38,877.25
"1978-10-31",674.08,877.25
"1978-11-01",673.81,877.25
"1978-11-02",673.56,877.25
"1978-11-03",673.4,877.25
"1978-11-04",673.49,877.25
"1978-11-05",673.71,877.25
"1978-11-06",675.05,877.25
"1978-11-07",675.64,877.25
"1978-11-08",676.18,877.35
"1978-11-09",676.68,877.35
"1978-11-10",676.86,877.35
"1978-11-11",676.97,877.35
"1978-11-12",677.17,877.35
"1978-11-13",677.23,877.45
"1978-11-14",677,877.45
"1978-11-15",676.9,877.45
"1978-11-16",676.97,877.45
"1978-11-17",677.21,877.45
"1978-11-18",677.21,877.45
"1978-11-19",677.44,877.45
"1978-11-20",677.46,877.55
"1978-11-21",677.47,877.55
"1978-11-22",677.54,877.55
"1978-11-23",677.7,877.55
"1978-11-24",677.87,877.55
"1978-11-25",677.98,877.65
"1978-11-26",678.41,877.65
"1978-11-27",679.03,877.65
"1978-11-28",679.33,877.65
"1978-11-29",679.78,877.65
"1978-11-30",679.99,877.65
"1978-12-01",680.18,877.75
"1978-12-02",680.27,877.75
"1978-12-03",680.48,877.75
"1978-12-04",680.44,877.75
"1978-12-05",680.36,877.75
"1978-12-06",680.4,877.75
"1978-12-07",680.26,877.75
"1978-12-08",680.26,877.75
"1978-12-09",680.13,877.75
"1978-12-10",679.97,877.75
"1978-12-11",679.84,877.65
"1978-12-12",679.68,877.65
"1978-12-13",679.67,877.65
"1978-12-14",679.59,877.65
"1978-12-15",679.64,877.65
"1978-12-16",679.53,877.55
"1978-12-17",679.38,877.55
"1978-12-18",679.41,877.55
"1978-12-19",679.22,877.55
"1978-12-20",679.18,877.55
"1978-12-21",678.97,877.55
"1978-12-22",678.79,877.45
"1978-12-23",678.89,877.45
"1978-12-24",678.9,877.45
"1978-12-25",678.95,877.45
"1978-12-26",679.01,877.35
"1978-12-27",678.73,877.35
"1978-12-28",678.58,877.35
"1978-12-29",678.38,877.35
"1978-12-30",678.4,877.35
"1978-12-31",678.59,877.35
"1979-01-01",678.88,877.35
"1979-01-02",678.93,877.25
"1979-01-03",678.63,877.25
"1979-01-04",678.85,877.25
"1979-01-05",679.07,877.25
"1979-01-06",679.48,877.25
"1979-01-07",679.71,877.25
"1979-01-08",679.62,877.25
"1979-01-09",679.61,877.25
"1979-01-10",679.99,877.25
"1979-01-11",680.96,877.25
"1979-01-12",681.81,877.25
"1979-01-13",682.24,877.25
"1979-01-14",682.49,877.25
"1979-01-15",682.68,877.25
"1979-01-16",682.86,877.25
"1979-01-17",682.94,877.25
"1979-01-18",683.14,877.25
"1979-01-19",683.25,877.25
"1979-01-20",683.51,877.25
"1979-01-21",683.55,877.25
"1979-01-22",683.68,877.25
"1979-01-23",683.74,877.25
"1979-01-24",683.59,877.25
"1979-01-25",683.59,877.25
"1979-01-26",683.8,877.25
"1979-01-27",683.79,877.25
"1979-01-28",683.86,877.25
"1979-01-29",683.87,877.25
"1979-01-30",683.73,877.25
"1979-01-31",683.54,877.25
"1979-02-01",683.53,877.25
"1979-02-02",683.66,877.15
"1979-02-03",683.63,877.15
"1979-02-04",683.72,877.15
"1979-02-05",683.86,877.15
"1979-02-06",683.89,877.15
"1979-02-07",684.14,877.15
"1979-02-08",684.4,877.15
"1979-02-09",684.48,877.15
"1979-02-10",684.81,877.05
"1979-02-11",685.01,877.05
"1979-02-12",685.01,877.05
"1979-02-13",685.01,877.05
"1979-02-14",684.94,877.05
"1979-02-15",684.94,876.95
"1979-02-16",684.76,876.95
"1979-02-17",684.88,876.95
"1979-02-18",684.94,876.85
"1979-02-19",684.95,876.85
"1979-02-20",684.95,876.85
"1979-02-21",684.8,876.75
"1979-02-22",684.71,876.75
"1979-02-23",684.65,876.75
"1979-02-24",684.62,876.75
"1979-02-25",684.48,876.65
"1979-02-26",684.46,876.65
"1979-02-27",684.67,876.65
"1979-02-28",684.15,876.55
"1979-03-01",683.96,876.55
"1979-03-02",683.81,876.55
"1979-03-03",683.96,876.45
"1979-03-04",683.91,876.45
"1979-03-05",683.82,876.45
"1979-03-06",683.75,876.35
"1979-03-07",683.47,876.35
"1979-03-08",683.44,876.25
"1979-03-09",683.09,876.25
"1979-03-10",682.9,876.25
"1979-03-11",683.23,876.15
"1979-03-12",683.24,876.15
"1979-03-13",682.89,876.15
"1979-03-14",682.65,876.15
"1979-03-15",682.6,876.05
"1979-03-16",682.85,876.05
"1979-03-17",683.17,876.05
"1979-03-18",683.42,876.05
"1979-03-19",683.31,876.05
"1979-03-20",683.3,876.05
"1979-03-21",683.61,876.15
"1979-03-22",684.49,876.15
"1979-03-23",685.14,876.25
"1979-03-24",685.73,876.35
"1979-03-25",686.32,876.35
"1979-03-26",686.49,876.45
"1979-03-27",686.49,876.45
"1979-03-28",686.9,876.55
"1979-03-29",686.93,876.65
"1979-03-30",687.1,876.65
"1979-03-31",687.32,876.75
"1979-04-01",687.56,876.75
"1979-04-02",687.64,876.85
"1979-04-03",687.66,876.95
"1979-04-04",687.55,876.95
"1979-04-05",687.47,877.05
"1979-04-06",687.36,877.05
"1979-04-07",687.47,877.15
"1979-04-08",687.69,877.15
"1979-04-09",687.59,877.25
"1979-04-10",687.57,877.35
"1979-04-11",687.58,877.35
"1979-04-12",687.27,877.35
"1979-04-13",686.85,877.35
"1979-04-14",686.7,877.35
"1979-04-15",686.38,877.45
"1979-04-16",686.37,877.45
"1979-04-17",686.14,877.45
"1979-04-18",686.54,877.55
"1979-04-19",686.57,877.65
"1979-04-20",686.84,877.75
"1979-04-21",688.18,878.05
"1979-04-22",689.06,878.35
"1979-04-23",689.48,878.55
"1979-04-24",689.64,878.65
"1979-04-25",689.83,878.75
"1979-04-26",689.77,878.85
"1979-04-27",689.72,878.95
"1979-04-28",689.71,878.95
"1979-04-29",689.86,879.05
"1979-04-30",690.2,879.05
"1979-05-01",690.26,879.15
"1979-05-02",690.52,879.25
"1979-05-03",690.48,879.35
"1979-05-04",690.45,879.35
"1979-05-05",690.35,879.35
"1979-05-06",690.44,879.35
"1979-05-07",690.18,879.35
"1979-05-08",689.64,879.35
"1979-05-09",689.42,879.45
"1979-05-10",689.2,879.45
"1979-05-11",688.79,879.45
"1979-05-12",688.96,879.45
"1979-05-13",688.96,879.35
"1979-05-14",688.73,879.25
"1979-05-15",687.9,879.15
"1979-05-16",687.08,879.15
"1979-05-17",686.44,879.05
"1979-05-18",685.76,878.95
"1979-05-19",685.26,878.95
"1979-05-20",684.72,878.95
"1979-05-21",684.91,878.95
"1979-05-22",684.45,878.95
"1979-05-23",684.66,878.85
"1979-05-24",684.46,878.85
"1979-05-25",684.12,878.75
"1979-05-26",683.83,878.65
"1979-05-27",683.68,878.55
"1979-05-28",683.85,878.55
"1979-05-29",684.19,878.55
"1979-05-30",684.23,878.55
"1979-05-31",684.23,878.55
"1979-06-01",684.99,878.65
"1979-06-02",685.93,878.85
"1979-06-03",686.54,879.95
"1979-06-04",687.03,880.05
"1979-06-05",687.25,881.35
"1979-06-06",688.28,881.45
"1979-06-07",688.85,881.35
"1979-06-08",689.28,881.45
"1979-06-09",689.64,881.45
"1979-06-10",689.88,881.45
"1979-06-11",689.97,881.55
"1979-06-12",689.74,881.65
"1979-06-13",689.48,881.75
"1979-06-14",689.13,881.75
"1979-06-15",688.7,881.85
"1979-06-16",688.34,881.85
"1979-06-17",687.93,881.95
"1979-06-18",687.62,881.95
"1979-06-19",686.76,881.95
"1979-06-20",685.87,881.85
"1979-06-21",684.89,881.85
"1979-06-22",684.17,881.75
"1979-06-23",683.86,881.65
"1979-06-24",683.55,881.65
"1979-06-25",682.94,881.55
"1979-06-26",682.24,881.45
"1979-06-27",681.52,881.25
"1979-06-28",680.91,881.35
"1979-06-29",680.23,881.25
"1979-06-30",679.76,881.15
"1979-07-01",679.66,881.15
"1979-07-02",679.29,881.15
"1979-07-03",678.41,881.15
"1979-07-04",678.15,881.15
"1979-07-05",679.26,880.95
"1979-07-06",680.1,880.95
"1979-07-07",680.66,880.85
"1979-07-08",681.38,880.85
"1979-07-09",681.7,880.85
"1979-07-10",681.63,880.75
"1979-07-11",681.92,880.75
"1979-07-12",681.94,880.55
"1979-07-13",681.59,880.55
"1979-07-14",681.5,880.45
"1979-07-15",681.81,880.35
"1979-07-16",681.73,880.35
"1979-07-17",681.48,880.45
"1979-07-18",681.5,880.25
"1979-07-19",682.21,880.25
"1979-07-20",682.86,880.25
"1979-07-21",683.42,880.35
"1979-07-22",683.69,880.45
"1979-07-23",683.96,880.45
"1979-07-24",683.59,880.55
"1979-07-25",683.41,880.55
"1979-07-26",683.06,880.45
"1979-07-27",683.29,880.35
"1979-07-28",683.95,880.35
"1979-07-29",684.48,880.35
"1979-07-30",684.53,880.35
"1979-07-31",684.28,880.15
"1979-08-01",684.25,880.25
"1979-08-02",684.09,880.15
"1979-08-03",683.91,880.25
"1979-08-04",683.66,880.15
"1979-08-05",683.33,880.05
"1979-08-06",683.19,880.05
"1979-08-07",682.65,879.95
"1979-08-08",682.11,879.95
"1979-08-09",681.79,879.85
"1979-08-10",681.38,879.85
"1979-08-11",681.25,879.85
"1979-08-12",682.05,879.85
"1979-08-13",682.56,879.85
"1979-08-14",682.42,879.85
"1979-08-15",682.43,879.85
"1979-08-16",682.49,879.85
"1979-08-17",682.28,879.85
"1979-08-18",682.19,879.85
"1979-08-19",682.04,879.85
"1979-08-20",681.71,879.85
"1979-08-21",681.18,879.75
"1979-08-22",680.65,879.65
"1979-08-23",680.51,879.75
"1979-08-24",681.22,879.85
"1979-08-25",681.36,879.85
"1979-08-26",681.55,879.85
"1979-08-27",681.33,879.85
"1979-08-28",681.04,879.85
"1979-08-29",680.84,879.85
"1979-08-30",680.93,879.85
"1979-08-31",680.86,879.85
"1979-09-01",680.85,879.85
"1979-09-02",680.68,879.85
"1979-09-03",680.5,879.85
"1979-09-04",680.32,879.85
"1979-09-05",680.13,879.85
"1979-09-06",679.94,879.75
"1979-09-07",680.13,879.75
"1979-09-08",680.3,879.75
"1979-09-09",680.09,879.75
"1979-09-10",679.73,879.75
"1979-09-11",679.44,879.75
"1979-09-12",679.16,879.65
"1979-09-13",679.06,879.65
"1979-09-14",678.59,879.65
"1979-09-15",678.48,879.65
"1979-09-16",678.76,879.65
"1979-09-17",678.58,879.65
"1979-09-18",678.26,879.65
"1979-09-19",679.14,879.75
"1979-09-20",679.76,879.75
"1979-09-21",679.78,879.65
"1979-09-22",679.89,879.65
"1979-09-23",679.9,879.55
"1979-09-24",679.76,879.55
"1979-09-25",679.16,879.55
"1979-09-26",678.96,879.45
"1979-09-27",678.5,879.45
"1979-09-28",678.29,879.45
"1979-09-29",678.18,879.45
"1979-09-30",678.08,879.35
"1979-10-01",677.79,879.35
"1979-10-02",677.63,879.35
"1979-10-03",677.23,879.35
"1979-10-04",676.93,879.25
"1979-10-05",676.89,879.25
"1979-10-06",677.16,879.35
"1979-10-07",677.04,879.25
"1979-10-08",676.71,879.25
"1979-10-09",676.4,879.25
"1979-10-10",676.57,879.25
"1979-10-11",676.81,879.25
"1979-10-12",676.73,879.25
"1979-10-13",676.79,879.25
"1979-10-14",676.82,879.25
"1979-10-15",676.83,879.25
"1979-10-16",676.88,879.15
"1979-10-17",676.65,879.15
"1979-10-18",676.57,879.15
"1979-10-19",676.4,879.15
"1979-10-20",676.63,879.15
"1979-10-21",676.51,879.15
"1979-10-22",676.25,879.15
"1979-10-23",676.53,879.15
"1979-10-24",676.64,879.05
"1979-10-25",676.62,879.05
"1979-10-26",676.35,879.05
"1979-10-27",676.55,879.05
"1979-10-28",676.64,879.05
"1979-10-29",676.46,879.05
"1979-10-30",676.81,879.05
"1979-10-31",677.25,879.05
"1979-11-01",677.21,879.05
"1979-11-02",677.31,879.05
"1979-11-03",677.33,879.05
"1979-11-04",675.44,879.05
"1979-11-05",677.37,879.05
"1979-11-06",677.19,878.95
"1979-11-07",677.36,878.95
"1979-11-08",677.43,878.95
"1979-11-09",677.46,878.85
"1979-11-10",677.21,878.85
"1979-11-11",677.52,878.85
"1979-11-12",677.54,878.75
"1979-11-13",677.23,878.75
"1979-11-14",677.19,878.75
"1979-11-15",677.25,878.75
"1979-11-16",677.21,878.65
"1979-11-17",677.32,878.75
"1979-11-18",678.02,878.75
"1979-11-19",678.13,878.85
"1979-11-20",678.11,878.85
"1979-11-21",678.26,878.85
"1979-11-22",678.52,878.85
"1979-11-23",678.92,878.95
"1979-11-24",678.95,878.95
"1979-11-25",679.27,878.95
"1979-11-26",679.11,879.05
"1979-11-27",679.02,879.05
"1979-11-28",678.81,879.05
"1979-11-29",678.64,879.05
"1979-11-30",678.41,879.05
"1979-12-01",678.65,879.05
"1979-12-02",678.77,879.05
"1979-12-03",678.7,879.05
"1979-12-04",678.62,879.05
"1979-12-05",678.54,879.15
"1979-12-06",678.51,879.15
"1979-12-07",678.33,879.15
"1979-12-08",678.35,879.15
"1979-12-09",678.44,879.15
"1979-12-10",678.44,879.05
"1979-12-11",678.47,879.15
"1979-12-12",678.51,879.15
"1979-12-13",678.74,879.15
"1979-12-14",678.86,879.15
"1979-12-15",679.08,879.15
"1979-12-16",679.27,879.15
"1979-12-17",679.05,879.15
"1979-12-18",679.17,879.15
"1979-12-19",679.04,879.15
"1979-12-20",679.06,879.15
"1979-12-21",678.84,879.15
"1979-12-22",678.99,879.15
"1979-12-23",679.19,879.15
"1979-12-24",679.29,879.15
"1979-12-25",679.29,879.15
"1979-12-26",679.53,879.15
"1979-12-27",679.28,879.15
"1979-12-28",679.23,879.15
"1979-12-29",679.73,879.15
"1979-12-30",680.07,879.05
"1979-12-31",680.18,879.05
"1980-01-01",680.22,879.05
"1980-01-02",680.29,879.05
"1980-01-03",680.05,879.05
"1980-01-04",679.84,879.05
"1980-01-05",679.82,879.05
"1980-01-06",679.87,878.95
"1980-01-07",679.72,878.95
"1980-01-08",679.63,878.95
"1980-01-09",679.5,878.95
"1980-01-10",679.29,878.85
"1980-01-11",679.23,878.85
"1980-01-12",679.16,878.85
"1980-01-13",679.22,878.75
"1980-01-14",679.03,878.75
"1980-01-15",678.69,878.65
"1980-01-16",678.56,878.55
"1980-01-17",678.29,878.55
"1980-01-18",678.2,878.45
"1980-01-19",678.31,878.45
"1980-01-20",678.48,878.35
"1980-01-21",678.52,878.25
"1980-01-22",678.54,878.25
"1980-01-23",678.46,878.15
"1980-01-24",678.41,878.15
"1980-01-25",678.55,878.05
"1980-01-26",678.38,878.05
"1980-01-27",678.28,877.95
"1980-01-28",678.39,877.85
"1980-01-29",678.2,877.75
"1980-01-30",678.11,877.75
"1980-01-31",677.99,877.65
"1980-02-01",677.77,877.55
"1980-02-02",677.87,877.45
"1980-02-03",677.91,877.45
"1980-02-04",677.68,877.35
"1980-02-05",677.54,877.25
"1980-02-06",677.41,877.15
"1980-02-07",677.27,877.15
"1980-02-08",677.35,877.05
"1980-02-09",677.31,876.95
"1980-02-10",677.26,876.85
"1980-02-11",677.25,876.85
"1980-02-12",676.97,876.75
"1980-02-13",676.84,876.65
"1980-02-14",676.57,876.55
"1980-02-15",676.48,876.45
"1980-02-16",676.29,876.45
"1980-02-17",676.42,876.35
"1980-02-18",676.46,876.25
"1980-02-19",676.23,876.25
"1980-02-20",675.87,876.15
"1980-02-21",675.51,876.05
"1980-02-22",675.21,875.05
"1980-02-23",675.06,875.95
"1980-02-24",674.94,875.85
"1980-02-25",674.6,875.85
"1980-02-26",674.34,875.75
"1980-02-27",674.25,875.65
"1980-02-28",674.14,875.55
"1980-02-29",673.89,875.55
"1980-03-01",673.83,875.45
"1980-03-02",674.05,875.45
"1980-03-03",674.14,875.35
"1980-03-04",674.2,875.35
"1980-03-05",673.54,875.25
"1980-03-06",673.36,875.25
"1980-03-07",673.15,875.15
"1980-03-08",673.01,875.15
"1980-03-09",672.83,875.15
"1980-03-10",672.79,875.05
"1980-03-11",672.11,875.05
"1980-03-12",672.31,875.05
"1980-03-13",671.54,874.95
"1980-03-14",673.39,874.95
"1980-03-15",671.38,874.85
"1980-03-16",671.54,874.85
"1980-03-17",671.74,874.75
"1980-03-18",671.45,874.75
"1980-03-19",671.56,874.75
"1980-03-20",671.06,874.65
"1980-03-21",669.92,874.65
"1980-03-22",669.22,874.65
"1980-03-23",669.72,874.55
"1980-03-24",669.74,874.55
"1980-03-25",669.37,874.55
"1980-03-26",669.91,874.45
"1980-03-27",670.36,874.45
"1980-03-28",671.21,874.45
"1980-03-29",671.34,874.35
"1980-03-30",671.58,874.35
"1980-03-31",671.27,874.35
"1980-04-01",671.06,874.25
"1980-04-02",671.39,874.25
"1980-04-03",671.36,874.25
"1980-04-04",671.21,874.25
"1980-04-05",671,874.15
"1980-04-06",670.7,874.15
"1980-04-07",670.51,874.15
"1980-04-08",669.14,874.05
"1980-04-09",668.78,874.05
"1980-04-10",668.03,873.95
"1980-04-11",667.39,873.95
"1980-04-12",667.73,873.95
"1980-04-13",669.03,873.85
"1980-04-14",669.65,873.85
"1980-04-15",669.29,873.85
"1980-04-16",668.37,873.85
"1980-04-17",667.45,873.75
"1980-04-18",666.59,873.75
"1980-04-19",665.88,873.65
"1980-04-20",665.18,873.55
"1980-04-21",664.16,873.55
"1980-04-22",663.56,873.45
"1980-04-23",663.51,873.35
"1980-04-24",662.99,873.35
"1980-04-25",662.96,873.25
"1980-04-26",664.57,873.15
"1980-04-27",665.23,873.05
"1980-04-28",665.09,872.95
"1980-04-29",664.45,872.95
"1980-04-30",663.68,872.85
"1980-05-01",663.61,872.85
"1980-05-02",664.28,872.75
"1980-05-03",664.83,872.65
"1980-05-04",665.59,872.55
"1980-05-05",665.68,872.55
"1980-05-06",664.86,872.55
"1980-05-07",663.89,872.55
"1980-05-08",664.39,872.55
"1980-05-09",665.23,872.45
"1980-05-10",666.38,872.55
"1980-05-11",666.96,872.55
"1980-05-12",667.53,872.85
"1980-05-13",667.21,872.55
"1980-05-14",669.02,872.65
"1980-05-15",670.06,872.75
"1980-05-16",671.44,872.85
"1980-05-17",672.41,872.95
"1980-05-18",673.18,873.03
"1980-05-19",673.82,873.15
"1980-05-20",674.24,873.15
"1980-05-21",674.64,873.25
"1980-05-22",675.16,873.35
"1980-05-23",675.26,873.35
"1980-05-24",675.46,873.45
"1980-05-25",675.4,873.45
"1980-05-26",675.41,873.55
"1980-05-27",,873.65
"1980-05-28",,873.75
"1980-05-29",,873.85
"1980-05-30",,873.85
"1980-05-31",,873.95
"1980-06-01",,874.05
"1980-06-02",,874.05
"1980-06-03",,874.15
"1980-06-04",,874.15
"1980-06-05",,874.15
"1980-06-06",665.73,874.05
"1980-06-07",,874.05
"1980-06-08",,874.05
"1980-06-09",,873.95
"1980-06-10",662.08,873.85
"1980-06-11",660.96,873.85
"1980-06-12",659.74,873.75
"1980-06-13",658.54,873.65
"1980-06-14",657.81,873.55
"1980-06-15",657.1,873.55
"1980-06-16",656.34,873.45
"1980-06-17",654.96,873.35
"1980-06-18",653.58,873.25
"1980-06-19",652.43,873.15
"1980-06-20",651.66,873.05
"1980-06-21",650.89,872.95
"1980-06-22",652.49,872.85
"1980-06-23",651.92,872.75
"1980-06-24",650.14,872.55
"1980-06-25",648.86,872.45
"1980-06-26",647.8,872.45
"1980-06-27",646.93,
"1980-06-28",646.2,
"1980-06-29",645.76,
"1980-06-30",644.65,
"1980-07-01",643.24,
"1980-07-02",642.69,869.95
"1980-07-03",642.01,869.95
"1980-07-04",642.33,869.75
"1980-07-05",642.78,869.65
"1980-07-06",643.49,869.45
"1980-07-07",643.17,869.35
"1980-07-08",642.92,869.25
"1980-07-09",642.51,869.15
"1980-07-10",642.39,869.05
"1980-07-11",641.98,868.95
"1980-07-12",642.4,868.85
"1980-07-13",642.54,868.75
"1980-07-14",642.47,868.75
"1980-07-15",641.96,868.65
"1980-07-16",641.39,868.65
"1980-07-17",641.21,868.45
"1980-07-18",640.76,868.45
"1980-07-19",640.89,868.35
"1980-07-20",641.25,868.35
"1980-07-21",641.45,868.35
"1980-07-22",641.11,868.35
"1980-07-23",644.15,868.25
"1980-07-24",644.39,868.25
"1980-07-25",643.84,868.15
"1980-07-26",643.7,868.15
"1980-07-27",643.84,868.15
"1980-07-28",642.21,868.15
"1980-07-29",644.16,868.15
"1980-07-30",643.24,868.15
"1980-07-31",642.25,868.15
"1980-08-01",641.81,868.15
"1980-08-02",642.08,868.15
"1980-08-03",641.95,868.15
"1980-08-04",641.89,867.95
"1980-08-05",642.21,868.05
"1980-08-06",641.61,868.05
"1980-08-07",642.95,868.05
"1980-08-08",644.13,868.05
"1980-08-09",645.73,868.15
"1980-08-10",648.66,868.55
"1980-08-11",649.86,869.05
"1980-08-12",650.59,869.15
"1980-08-13",651.16,869.25
"1980-08-14",651.48,869.25
"1980-08-15",651.84,869.35
"1980-08-16",652.11,869.35
"1980-08-17",652.71,869.55
"1980-08-18",652.67,869.55
"1980-08-19",652.5,869.6
"1980-08-20",652.14,869.65
"1980-08-21",652.01,869.65
"1980-08-22",651.38,869.75
"1980-08-23",651.32,869.75
"1980-08-24",651.14,869.85
"1980-08-25",650.87,869.85
"1980-08-26",650.84,869.85
"1980-08-27",650.45,869.85
"1980-08-28",650.35,869.85
"1980-08-29",650.09,869.95
"1980-08-30",650.44,869.95
"1980-08-31",650.46,869.95
"1980-09-01",650.9,869.95
"1980-09-02",650.1,869.95
"1980-09-03",650.63,869.85
"1980-09-04",650.64,869.85
"1980-09-05",650.18,869.85
"1980-09-06",651.81,869.95
"1980-09-07",654.46,870.05
"1980-09-08",655.6,870.05
"1980-09-09",656.44,870.05
"1980-09-10",656.78,870.05
"1980-09-11",657.09,870.05
"1980-09-12",657.36,870.05
"1980-09-13",657.61,870.05
"1980-09-14",657.7,870.05
"1980-09-15",657.35,870.05
"1980-09-16",657.36,870.05
"1980-09-17",657.15,869.95
"1980-09-18",656.84,869.95
"1980-09-19",656.43,869.95
"1980-09-20",657.46,869.85
"1980-09-21",657.75,869.85
"1980-09-22",657.29,869.85
"1980-09-23",657.23,869.85
"1980-09-24",657.01,869.75
"1980-09-25",656.59,869.85
"1980-09-26",657.16,869.85
"1980-09-27",658.54,869.95
"1980-09-28",659.55,869.95
"1980-09-29",659.64,869.95
"1980-09-30",659.93,869.95
"1980-10-01",660.15,869.95
"1980-10-02",660.51,869.95
"1980-10-03",660.5,869.95
"1980-10-04",,869.95
"1980-10-05",,869.95
"1980-10-06",,869.95
"1980-10-07",659.67,869.95
"1980-10-08",659.69,869.95
"1980-10-09",659.34,869.95
"1980-10-10",659.15,869.95
"1980-10-11",659.42,869.95
"1980-10-12",659.27,869.95
"1980-10-13",658.87,869.85
"1980-10-14",658.58,869.85
"1980-10-15",658.66,869.75
"1980-10-16",659.07,869.85
"1980-10-17",659.31,869.75
"1980-10-18",659.79,869.85
"1980-10-19",660.99,869.95
"1980-10-20",662.64,869.95
"1980-10-21",662.08,869.95
"1980-10-22",662.31,869.95
"1980-10-23",662.05,869.95
"1980-10-24",661.95,869.95
"1980-10-25",662.36,870.05
"1980-10-26",663.02,870.05
"1980-10-27",662.32,870.05
"1980-10-28",663.76,869.95
"1980-10-29",663.23,869.95
"1980-10-30",663.22,869.95
"1980-10-31",663.1,869.95
"1980-11-01",663.31,869.95
"1980-11-02",663.2,869.95
"1980-11-03",663.22,869.95
"1980-11-04",662.78,869.95
"1980-11-05",662.77,869.85
"1980-11-06",662.81,869.85
"1980-11-07",662.67,869.85
"1980-11-08",662.58,869.75
"1980-11-09",662.77,869.75
"1980-11-10",662.35,869.75
"1980-11-11",662.33,869.75
"1980-11-12",662.3,869.75
"1980-11-13",662.22,869.75
"1980-11-14",662.31,869.75
"1980-11-15",662.75,869.75
"1980-11-16",663.89,869.95
"1980-11-17",664.6,869.95
"1980-11-18",664.75,869.95
"1980-11-19",664.91,869.95
"1980-11-20",665.31,869.95
"1980-11-21",665.27,869.95
"1980-11-22",665.71,870.05
"1980-11-23",666.15,870.05
"1980-11-24",665.99,870.05
"1980-11-25",666.03,870.15
"1980-11-26",666.83,870.15
"1980-11-27",667.46,870.15
"1980-11-28",667.99,870.15
"1980-11-29",668.17,870.25
"1980-11-30",668.31,870.25
"1980-12-01",668.32,870.25
"1980-12-02",668.14,870.25
"1980-12-03",667.9,870.25
"1980-12-04",668,870.35
"1980-12-05",668.24,870.35
"1980-12-06",668.25,870.35
"1980-12-07",668.48,870.35
"1980-12-08",668.55,870.45
"1980-12-09",668.45,870.45
"1980-12-10",668.58,870.45
"1980-12-11",668.47,870.45
"1980-12-12",668.52,870.45
"1980-12-13",668.64,870.45
"1980-12-14",668.84,870.45
"1980-12-15",669.07,870.55
"1980-12-16",669.05,870.55
"1980-12-17",669.11,870.55
"1980-12-18",669.01,870.55
"1980-12-19",668.64,870.55
"1980-12-20",668.89,870.55
"1980-12-21",669.05,870.65
"1980-12-22",669.21,870.65
"1980-12-23",669.04,870.65
"1980-12-24",668.99,870.65
"1980-12-25",669.05,870.65
"1980-12-26",669.45,870.65
"1980-12-27",669.29,870.65
"1980-12-28",669.34,870.65
"1980-12-29",669.21,870.65
"1980-12-30",669.02,870.65
"1980-12-31",669.03,870.65
"1981-01-01",669.03,870.65
"1981-01-02",669.09,870.65
"1981-01-03",669.06,870.65
"1981-01-04",668.98,870.65
"1981-01-05",668.91,870.65
"1981-01-06",668.76,870.65
"1981-01-07",668.8,870.65
"1981-01-08",668.69,870.65
"1981-01-09",668.67,870.65
"1981-01-10",668.74,870.65
"1981-01-11",668.9,870.65
"1981-01-12",668.85,870.55
"1981-01-13",668.76,870.55
"1981-01-14",668.86,870.55
"1981-01-15",668.6,870.55
"1981-01-16",668.57,870.55
"1981-01-17",668.67,870.55
"1981-01-18",668.81,870.55
"1981-01-19",668.99,870.55
"1981-01-20",669.57,870.65
"1981-01-21",669.68,870.55
"1981-01-22",669.67,870.55
"1981-01-23",669.84,870.55
"1981-01-24",670.06,870.55
"1981-01-25",670.15,870.55
"1981-01-26",670.14,870.55
"1981-01-27",669.89,870.55
"1981-01-28",669.76,870.55
"1981-01-29",669.62,870.45
"1981-01-30",669.48,870.45
"1981-01-31",669.77,870.35
"1981-02-01",670.1,870.25
"1981-02-02",669.85,870.25
"1981-02-03",669.61,870.15
"1981-02-04",669.64,870.15
"1981-02-05",669.89,870.05
"1981-02-06",669.94,869.95
"1981-02-07",670.34,869.95
"1981-02-08",670.4,869.85
"1981-02-09",670.4,869.75
"1981-02-10",670.53,869.65
"1981-02-11",669.92,869.55
"1981-02-12",669.84,869.45
"1981-02-13",669.67,869.35
"1981-02-14",669.84,869.25
"1981-02-15",670.16,869.15
"1981-02-16",670.18,869.05
"1981-02-17",669.96,868.95
"1981-02-18",669.97,868.85
"1981-02-19",669.9,868.75
"1981-02-20",669.63,868.65
"1981-02-21",669.8,868.58
"1981-02-22",669.63,868.45
"1981-02-23",669.72,868.45
"1981-02-24",669.21,868.35
"1981-02-25",669.28,868.25
"1981-02-26",669.57,868.15
"1981-02-27",669.49,868.15
"1981-02-28",669.51,868.05
"1981-03-01",669.73,868.05
"1981-03-02",670.03,867.95
"1981-03-03",670.04,867.95
"1981-03-04",670.3,867.95
"1981-03-05",670.11,867.95
"1981-03-06",670.01,867.95
"1981-03-07",670.34,867.95
"1981-03-08",670.25,867.95
"1981-03-09",669.99,867.85
"1981-03-10",669.78,867.95
"1981-03-11",669.79,867.95
"1981-03-12",670.29,868.05
"1981-03-13",670.86,868.15
"1981-03-14",671.35,868.15
"1981-03-15",671.78,868.15
"1981-03-16",671.72,868.25
"1981-03-17",671.69,868.35
"1981-03-18",671.56,868.35
"1981-03-19",671.25,868.35
"1981-03-20",670.88,868.45
"1981-03-21",671.14,868.45
"1981-03-22",670.86,868.45
"1981-03-23",670.51,868.45
"1981-03-24",669.94,868.45
"1981-03-25",669.78,868.55
"1981-03-26",669.7,868.45
"1981-03-27",669.8,868.55
"1981-03-28",670.04,868.55
"1981-03-29",,868.55
"1981-03-30",,868.55
"1981-03-31",,868.55
"1981-04-01",667.66,868.55
"1981-04-02",667.8,868.55
"1981-04-03",668.37,868.55
"1981-04-04",668.13,868.55
"1981-04-05",667.83,868.55
"1981-04-06",666.99,868.55
"1981-04-07",666.88,868.55
"1981-04-08",666.3,868.55
"1981-04-09",666.16,868.55
"1981-04-10",665.85,868.65
"1981-04-11",666.32,868.75
"1981-04-12",666.47,868.75
"1981-04-13",665.79,868.85
"1981-04-14",665.23,868.95
"1981-04-15",665.77,869.05
"1981-04-16",666.24,869.15
"1981-04-17",666.82,869.25
"1981-04-18",667.12,869.45
"1981-04-19",667.58,869.55
"1981-04-20",667.47,869.65
"1981-04-21",666.86,869.75
"1981-04-22",666.99,869.75
"1981-04-23",668.14,870.55
"1981-04-24",668.82,870.95
"1981-04-25",669.5,871.05
"1981-04-26",670.19,871.15
"1981-04-27",670.39,871.35
"1981-04-28",670.36,871.45
"1981-04-29",670.32,871.55
"1981-04-30",670.32,871.75
"1981-05-01",670.19,871.85
"1981-05-02",670.33,872.25
"1981-05-03",671.16,872.45
"1981-05-04",671.42,872.55
"1981-05-05",671.4,872.65
"1981-05-06",671.41,872.85
"1981-05-07",671.42,872.95
"1981-05-08",671.15,873.15
"1981-05-09",671.42,873.25
"1981-05-10",671.35,873.35
"1981-05-11",671.28,873.45
"1981-05-12",670.36,873.55
"1981-05-13",669.55,873.65
"1981-05-14",668.9,873.75
"1981-05-15",668.1,873.85
"1981-05-16",668.21,873.95
"1981-05-17",667.72,874.05
"1981-05-18",666.23,874.05
"1981-05-19",664.4,874.05
"1981-05-20",663.3,874.05
"1981-05-21",662.09,874.15
"1981-05-22",661.73,874.15
"1981-05-23",661.27,874.05
"1981-05-24",662.22,874.05
"1981-05-25",663.75,874.05
"1981-05-26",664.75,874.05
"1981-05-27",664.88,873.95
"1981-05-28",664.87,873.85
"1981-05-29",666.06,873.85
"1981-05-30",668.21,874.05
"1981-05-31",669.52,874.05
"1981-06-01",670.22,874.15
"1981-06-02",670.59,874.25
"1981-06-03",670.85,874.25
"1981-06-04",671.16,874.35
"1981-06-05",672.06,874.35
"1981-06-06",673.26,874.35
"1981-06-07",673.99,874.35
"1981-06-08",674.12,874.45
"1981-06-09",673.69,874.45
"1981-06-10",673.34,874.35
"1981-06-11",673.27,874.35
"1981-06-12",674.15,874.45
"1981-06-13",676.58,874.5
"1981-06-14",679.48,874.65
"1981-06-15",680.48,874.65
"1981-06-16",682.55,874.85
"1981-06-17",683.7,874.95
"1981-06-18",684.53,875.05
"1981-06-19",685.18,875.15
"1981-06-20",685.59,875.35
"1981-06-21",685.98,875.45
"1981-06-22",685.95,875.55
"1981-06-23",685.65,875.65
"1981-06-24",685.61,875.75
"1981-06-25",685.6,875.85
"1981-06-26",685.59,875.93
"1981-06-27",685.66,875.95
"1981-06-28",685.81,876.05
"1981-06-29",685.82,876.15
"1981-06-30",685.64,876.2
"1981-07-01",685.53,876.25
"1981-07-02",685.3,876.25
"1981-07-03",684.92,876.35
"1981-07-04",684.65,876.45
"1981-07-05",684.77,876.55
"1981-07-06",684.9,876.75
"1981-07-07",684.79,876.75
"1981-07-08",684.72,876.85
"1981-07-09",684.46,876.85
"1981-07-10",684.35,876.95
"1981-07-11",684.02,876.95
"1981-07-12",683.85,877.05
"1981-07-13",683.38,877.05
"1981-07-14",682.91,877.05
"1981-07-15",682.46,877.05
"1981-07-16",681.85,876.95
"1981-07-17",681.33,877.05
"1981-07-18",680.9,877.05
"1981-07-19",680.58,877.05
"1981-07-20",679.87,877.05
"1981-07-21",679.25,877.05
"1981-07-22",678.55,876.95
"1981-07-23",677.9,876.95
"1981-07-24",677.28,876.95
"1981-07-25",677.05,876.95
"1981-07-26",676.68,876.95
"1981-07-27",677.22,877.15
"1981-07-28",676.5,877.15
"1981-07-29",677.3,877.15
"1981-07-30",676.95,877.15
"1981-07-31",676.18,877.15
"1981-08-01",675.81,877.15
"1981-08-02",675.57,877.15
"1981-08-03",675.16,877.15
"1981-08-04",674.45,877.15
"1981-08-05",673.72,877.15
"1981-08-06",673.14,877.15
"1981-08-07",672.62,877.15
"1981-08-08",672.88,877.15
"1981-08-09",672.85,877.25
"1981-08-10",672.66,877.25
"1981-08-11",671.94,877.25
"1981-08-12",671.48,877.25
"1981-08-13",671.08,877.25
"1981-08-14",671.36,877.25
"1981-08-15",672.41,877.25
"1981-08-16",672.66,877.35
"1981-08-17",672.18,877.35
"1981-08-18",672.11,877.55
"1981-08-19",673.34,877.55
"1981-08-20",674.17,877.65
"1981-08-21",674.66,877.65
"1981-08-22",675.02,877.75
"1981-08-23",675.06,877.75
"1981-08-24",674.79,877.75
"1981-08-25",674.47,877.75
"1981-08-26",674.22,877.75
"1981-08-27",674.11,877.65
"1981-08-28",673.49,877.75
"1981-08-29",673.7,877.85
"1981-08-30",674.53,877.85
"1981-08-31",675.23,877.95
"1981-09-01",675.6,877.95
"1981-09-02",675.65,878.05
"1981-09-03",675.75,878.15
"1981-09-04",676.06,878.25
"1981-09-05",676.33,878.25
"1981-09-06",676.37,878.25
"1981-09-07",676.5,878.25
"1981-09-08",676.27,878.45
"1981-09-09",676.65,878.45
"1981-09-10",676.9,878.55
"1981-09-11",676.86,878.55
"1981-09-12",676.66,878.55
"1981-09-13",676.68,878.55
"1981-09-14",676.37,
"1981-09-15",676.35,
"1981-09-16",676.45,
"1981-09-17",676.25,
"1981-09-18",676.2,
"1981-09-19",676.23,
"1981-09-20",676.29,
"1981-09-21",675.87,
"1981-09-22",675.34,
"1981-09-23",674.88,
"1981-09-24",673.84,
"1981-09-25",674.61,
"1981-09-26",674.34,
"1981-09-27",674.2,
"1981-09-28",672.84,
"1981-09-29",673.61,
"1981-09-30",673.04,
"1981-10-01",672.93,
"1981-10-02",672.79,
"1981-10-03",672.89,879.25
"1981-10-04",672.84,
"1981-10-05",672.62,
"1981-10-06",672.97,
"1981-10-07",676.16,879.55
"1981-10-08",677.1,879.55
"1981-10-09",677.56,879.65
"1981-10-10",677.93,879.65
"1981-10-11",678.25,879.75
"1981-10-12",678.46,879.85
"1981-10-13",678.36,879.95
"1981-10-14",678.19,879.95
"1981-10-15",678.1,879.95
"1981-10-16",678.05,880.05
"1981-10-17",678.06,880.15
"1981-10-18",678.2,880.15
"1981-10-19",678.19,880.25
"1981-10-20",678.03,880.25
"1981-10-21",677.99,880.35
"1981-10-22",678.21,880.45
"1981-10-23",678.45,880.45
"1981-10-24",678.64,880.65
"1981-10-25",678.93,880.65
"1981-10-26",678.74,880.65
"1981-10-27",678.64,880.75
"1981-10-28",678.37,880.75
"1981-10-29",678.16,880.85
"1981-10-30",678.19,880.85
"1981-10-31",678.62,880.85
"1981-11-01",679.71,880.85
"1981-11-02",680.19,880.95
"1981-11-03",680.7,880.95
"1981-11-04",680.91,880.85
"1981-11-05",681,881.05
"1981-11-06",681.04,881.05
"1981-11-07",681.11,881.05
"1981-11-08",681.44,881.15
"1981-11-09",681.41,881.15
"1981-11-10",681.37,881.25
"1981-11-11",681.2,881.25
"1981-11-12",681.34,881.35
"1981-11-13",681.18,881.35
"1981-11-14",681.12,881.35
"1981-11-15",681.24,881.45
"1981-11-16",681.09,881.45
"1981-11-17",680.71,881.35
"1981-11-18",680.61,881.45
"1981-11-19",680.54,881.45
"1981-11-20",680.3,881.35
"1981-11-21",680.41,881.45
"1981-11-22",680.58,881.45
"1981-11-23",680.49,881.45
"1981-11-24",680.53,881.45
"1981-11-25",680.5,881.55
"1981-11-26",680.47,881.55
"1981-11-27",680.36,881.55
"1981-11-28",680.44,881.55
"1981-11-29",680.18,881.55
"1981-11-30",680.14,881.65
"1981-12-01",679.98,881.55
"1981-12-02",679.73,881.55
"1981-12-03",679.66,881.65
"1981-12-04",679.48,881.55
"1981-12-05",679.66,881.65
"1981-12-06",679.67,881.65
"1981-12-07",679.93,881.75
"1981-12-08",679.67,881.75
"1981-12-09",679.71,881.65
"1981-12-10",679.54,881.65
"1981-12-11",679.59,881.75
"1981-12-12",679.68,881.75
"1981-12-13",679.76,881.65
"1981-12-14",679.93,881.75
"1981-12-15",679.61,881.75
"1981-12-16",679.63,881.75
"1981-12-17",679.54,881.75
"1981-12-18",679.22,881.65
"1981-12-19",679.27,881.75
"1981-12-20",679.64,881.75
"1981-12-21",679.76,881.75
"1981-12-22",679.53,881.75
"1981-12-23",679.05,881.65
"1981-12-24",679.01,881.65
"1981-12-25",679.18,881.75
"1981-12-26",679.61,881.75
"1981-12-27",679.41,881.75
"1981-12-28",679.32,881.75
"1981-12-29",678.9,881.75
"1981-12-30",678.69,881.75
"1981-12-31",679.03,881.75
"1982-01-01",678.97,881.75
"1982-01-02",679.12,881.85
"1982-01-03",679.29,881.85
"1982-01-04",678.85,881.75
"1982-01-05",678.67,881.75
"1982-01-06",678.49,881.75
"1982-01-07",678.4,881.75
"1982-01-08",678.17,881.65
"1982-01-09",678.2,881.75
"1982-01-10",678.22,881.75
"1982-01-11",677.66,881.65
"1982-01-12",677.16,881.75
"1982-01-13",676.55,881.75
"1982-01-14",676.64,881.75
"1982-01-15",676.79,881.75
"1982-01-16",676.93,881.75
"1982-01-17",676.71,881.75
"1982-01-18",677.15,881.75
"1982-01-19",676.93,881.75
"1982-01-20",676.96,881.65
"1982-01-21",676.81,881.65
"1982-01-22",677,881.65
"1982-01-23",676.97,881.55
"1982-01-24",676.94,881.55
"1982-01-25",676,881.55
"1982-01-26",676.57,881.35
"1982-01-27",676.67,881.35
"1982-01-28",676.56,881.35
"1982-01-29",676.36,881.25
"1982-01-30",676.43,881.25
"1982-01-31",676.24,881.05
"1982-02-01",676.23,881.05
"1982-02-02",676.15,880.95
"1982-02-03",675.92,880.85
"1982-02-04",675.61,880.75
"1982-02-05",675.51,880.65
"1982-02-06",675.28,880.55
"1982-02-07",675.18,880.45
"1982-02-08",675.14,880.45
"1982-02-09",675.15,880.45
"1982-02-10",674.96,880.35
"1982-02-11",674.76,880.35
"1982-02-12",674.48,880.25
"1982-02-13",674.17,880.15
"1982-02-14",674.16,880.15
"1982-02-15",674.11,880.15
"1982-02-16",673.5,879.95
"1982-02-17",672.93,879.95
"1982-02-18",672.35,879.85
"1982-02-19",672.05,879.75
"1982-02-20",672.51,879.85
"1982-02-21",673.24,879.85
"1982-02-22",673.16,879.85
"1982-02-23",672.98,879.85
"1982-02-24",672.6,879.85
"1982-02-25",672.59,879.95
"1982-02-26",673.15,880.05
"1982-02-27",673.61,880.05
"1982-02-28",673.9,880.05
"1982-03-01",674.09,880.05
"1982-03-02",674,880.15
"1982-03-03",674.24,880.15
"1982-03-04",674.22,880.15
"1982-03-05",674.14,880.25
"1982-03-06",674.33,880.15
"1982-03-07",674.39,880.15
"1982-03-08",674.29,880.15
"1982-03-09",673.88,880.25
"1982-03-10",673.74,880.25
"1982-03-11",673.88,880.25
"1982-03-12",673.71,880.35
"1982-03-13",673.52,880.25
"1982-03-14",673.61,880.25
"1982-03-15",673.34,880.35
"1982-03-16",673.36,880.35
"1982-03-17",673.25,880.35
"1982-03-18",673.15,880.35
"1982-03-19",672.81,880.35
"1982-03-20",672.45,880.35
"1982-03-21",672.65,880.35
"1982-03-22",672.98,880.35
"1982-03-23",673.29,880.45
"1982-03-24",673.54,880.45
"1982-03-25",673.59,880.45
"1982-03-26",673.2,880.35
"1982-03-27",673.74,880.45
"1982-03-28",673.96,880.45
"1982-03-29",674.06,880.45
"1982-03-30",674.21,880.45
"1982-03-31",674,880.35
"1982-04-01",673.59,880.35
"1982-04-02",673.63,880.25
"1982-04-03",673.26,880.15
"1982-04-04",672.93,880.25
"1982-04-05",672.77,880.15
"1982-04-06",671.82,880.05
"1982-04-07",671.69,880.15
"1982-04-08",672.11,880.15
"1982-04-09",671.41,880.05
"1982-04-10",671.86,880.05
"1982-04-11",671.85,879.95
"1982-04-12",671.88,880.05
"1982-04-13",670.68,879.95
"1982-04-14",669.46,879.95
"1982-04-15",669.21,879.95
"1982-04-16",668.95,879.85
"1982-04-17",668.79,879.85
"1982-04-18",668.72,879.75
"1982-04-19",669.31,879.75
"1982-04-20",668.75,879.75
"1982-04-21",669.27,879.65
"1982-04-22",669.39,879.65
"1982-04-23",670.13,879.55
"1982-04-24",670.76,879.55
"1982-04-25",671.33,879.55
"1982-04-26",671.23,879.55
"1982-04-27",670.91,879.45
"1982-04-28",670.54,879.45
"1982-04-29",669.86,879.45
"1982-04-30",669.82,879.35
"1982-05-01",670.38,879.35
"1982-05-02",670.83,879.45
"1982-05-03",670.87,879.45
"1982-05-04",670.38,879.45
"1982-05-05",670.03,879.45
"1982-05-06",673.74,879.55
"1982-05-07",674.73,879.55
"1982-05-08",675.32,879.55
"1982-05-09",675.79,879.65
"1982-05-10",676.31,879.65
"1982-05-11",676.4,879.75
"1982-05-12",676.38,880.05
"1982-05-13",676.49,880.15
"1982-05-14",677.07,880.15
"1982-05-15",677.72,880.05
"1982-05-16",678.14,880.15
"1982-05-17",678.74,880.25
"1982-05-18",679.45,880.25
"1982-05-19",679.91,880.25
"1982-05-20",680.14,880.25
"1982-05-21",680.23,880.35
"1982-05-22",680.45,880.35
"1982-05-23",680.35,880.45
"1982-05-24",680.45,880.45
"1982-05-25",680.53,880.45
"1982-05-26",680.2,880.55
"1982-05-27",679.99,880.55
"1982-05-28",679.75,880.55
"1982-05-29",679.45,880.55
"1982-05-30",678.93,880.55
"1982-05-31",678.52,880.55
"1982-06-01",677.66,880.45
"1982-06-02",676.76,880.45
"1982-06-03",675.61,880.35
"1982-06-04",674.43,880.25
"1982-06-05",673.6,880.15
"1982-06-06",672.59,880.05
"1982-06-07",671.96,879.95
"1982-06-08",670.88,879.95
"1982-06-09",669.91,879.85
"1982-06-10",668.8,879.75
"1982-06-11",667.99,879.65
"1982-06-12",669.14,879.65
"1982-06-13",670.23,879.65
"1982-06-14",670.95,879.75
"1982-06-15",671.24,879.65
"1982-06-16",671.45,879.55
"1982-06-17",670.82,879.55
"1982-06-18",670.03,879.45
"1982-06-19",669.56,879.45
"1982-06-20",669.3,879.45
"1982-06-21",668.94,879.55
"1982-06-22",667.37,879.45
"1982-06-23",666.08,879.45
"1982-06-24",664.32,879.35
"1982-06-25",663.63,879.35
"1982-06-26",663.36,879.25
"1982-06-27",662.62,879.25
"1982-06-28",662.08,879.15
"1982-06-29",660.89,879.15
"1982-06-30",659.9,879.05
"1982-07-01",661.79,879.05
"1982-07-02",662.86,879.05
"1982-07-03",663.29,879.05
"1982-07-04",663.46,879.05
"1982-07-05",663.87,879.35
"1982-07-06",663.47,879.45
"1982-07-07",662.46,879.45
"1982-07-08",661.7,879.55
"1982-07-09",660.92,879.55
"1982-07-10",660.56,879.55
"1982-07-11",660.02,879.55
"1982-07-12",659.58,879.55
"1982-07-13",658.98,879.55
"1982-07-14",658.5,879.55
"1982-07-15",657.72,879.55
"1982-07-16",657.29,879.45
"1982-07-17",657.39,879.45
"1982-07-18",657.25,879.35
"1982-07-19",656.87,879.25
"1982-07-20",656.12,879.25
"1982-07-21",655.45,879.15
"1982-07-22",654.96,879.15
"1982-07-23",656.21,879.05
"1982-07-24",656.3,878.95
"1982-07-25",655.73,878.95
"1982-07-26",654.72,878.85
"1982-07-27",653.56,878.75
"1982-07-28",652.78,878.65
"1982-07-29",652.01,878.55
"1982-07-30",651.49,878.45
"1982-07-31",651.69,878.45
"1982-08-01",651.46,878.35
"1982-08-02",650.71,878.25
"1982-08-03",650.06,878.25
"1982-08-04",649.68,878.15
"1982-08-05",649.46,878.05
"1982-08-06",648.71,877.95
"1982-08-07",649.2,877.85
"1982-08-08",650.11,877.85
"1982-08-09",651.88,877.85
"1982-08-10",653.64,877.85
"1982-08-11",654.6,877.85
"1982-08-12",654.68,877.95
"1982-08-13",654.36,877.95
"1982-08-14",654.25,877.95
"1982-08-15",653.82,877.85
"1982-08-16",653.07,877.85
"1982-08-17",652.05,877.85
"1982-08-18",651.89,877.85
"1982-08-19",651.98,877.75
"1982-08-20",651.66,877.75
"1982-08-21",651.78,877.75
"1982-08-22",651.66,877.65
"1982-08-23",651.01,877.65
"1982-08-24",650.11,877.65
"1982-08-25",649.64,877.55
"1982-08-26",649.47,877.55
"1982-08-27",649.43,877.45
"1982-08-28",649.58,877.45
"1982-08-29",649.12,877.45
"1982-08-30",648.48,877.35
"1982-08-31",648.52,877.35
"1982-09-01",647.96,877.25
"1982-09-02",647.9,877.25
"1982-09-03",647.68,877.15
"1982-09-04",649.03,877.15
"1982-09-05",648.81,877.15
"1982-09-06",648.97,877.05
"1982-09-07",647.33,877.05
"1982-09-08",648.41,877.05
"1982-09-09",648.22,876.95
"1982-09-10",648.36,876.95
"1982-09-11",648.84,876.95
"1982-09-12",647.96,876.95
"1982-09-13",647.51,876.85
"1982-09-14",649.59,876.95
"1982-09-15",650.87,876.85
"1982-09-16",651.92,876.85
"1982-09-17",652.63,876.75
"1982-09-18",652.75,876.75
"1982-09-19",652.88,876.75
"1982-09-20",652.55,876.65
"1982-09-21",653.59,876.65
"1982-09-22",653.87,876.65
"1982-09-23",653.61,876.65
"1982-09-24",653.57,876.55
"1982-09-25",653.5,876.55
"1982-09-26",653.42,876.55
"1982-09-27",653.16,876.55
"1982-09-28",652.58,876.55
"1982-09-29",652.29,876.45
"1982-09-30",652.17,876.45
"1982-10-01",652.46,876.45
"1982-10-02",653.71,876.45
"1982-10-03",653.53,876.45
"1982-10-04",653.08,876.35
"1982-10-05",652.21,876.35
"1982-10-06",652.73,876.35
"1982-10-07",653.75,876.35
"1982-10-08",654.74,876.35
"1982-10-09",655.31,876.35
"1982-10-10",656.45,876.35
"1982-10-11",656.89,876.35
"1982-10-12",657.54,876.45
"1982-10-13",657.97,876.45
"1982-10-14",658.27,876.45
"1982-10-15",658.34,876.55
"1982-10-16",658.76,876.55
"1982-10-17",659.07,876.55
"1982-10-18",658.94,876.55
"1982-10-19",658.69,876.55
"1982-10-20",658.68,876.55
"1982-10-21",658.95,876.55
"1982-10-22",658.89,876.55
"1982-10-23",659.08,876.65
"1982-10-24",659.18,876.65
"1982-10-25",658.93,876.65
"1982-10-26",658.9,876.65
"1982-10-27",658.74,876.65
"1982-10-28",658.81,876.65
"1982-10-29",658.66,876.65
"1982-10-30",659.41,876.65
"1982-10-31",659.85,876.65
"1982-11-01",659.57,876.65
"1982-11-02",659.45,876.65
"1982-11-03",659.87,876.65
"1982-11-04",660.25,876.65
"1982-11-05",660.53,876.65
"1982-11-06",660.91,876.65
"1982-11-07",661.26,876.65
"1982-11-08",661.23,876.65
"1982-11-09",661.09,876.65
"1982-11-10",661.03,876.65
"1982-11-11",661.42,876.65
"1982-11-12",661.46,876.65
"1982-11-13",661.45,876.65
"1982-11-14",661.85,876.65
"1982-11-15",661.81,876.65
"1982-11-16",661.7,876.55
"1982-11-17",661.92,876.55
"1982-11-18",661.87,876.55
"1982-11-19",661.75,876.65
"1982-11-20",661.97,876.65
"1982-11-21",662.33,876.55
"1982-11-22",661.99,876.55
"1982-11-23",661.79,876.55
"1982-11-24",660.88,876.55
"1982-11-25",661.51,876.55
"1982-11-26",663.41,876.65
"1982-11-27",664.21,876.65
"1982-11-28",664.73,876.75
"1982-11-29",664.7,876.75
"1982-11-30",664.41,876.75
"1982-12-01",664.35,876.75
"1982-12-02",664.19,876.85
"1982-12-03",664.46,876.85
"1982-12-04",664.86,876.85
"1982-12-05",665.13,876.95
"1982-12-06",664.81,876.95
"1982-12-07",664.81,876.95
"1982-12-08",664.66,876.95
"1982-12-09",664.72,876.95
"1982-12-10",664.97,877.05
"1982-12-11",665.45,877.05
"1982-12-12",665.6,877.05
"1982-12-13",665.35,877.05
"1982-12-14",665.55,877.05
"1982-12-15",665.45,877.05
"1982-12-16",665.12,877.05
"1982-12-17",665.28,877.05
"1982-12-18",665.45,877.05
"1982-12-19",665.52,877.05
"1982-12-20",665.51,877.05
"1982-12-21",665.42,877.05
"1982-12-22",665.2,877.05
"1982-12-23",665.2,877.05
"1982-12-24",665.51,877.05
"1982-12-25",665.56,877.05
"1982-12-26",666.12,877.05
"1982-12-27",666.15,876.95
"1982-12-28",665.99,877.05
"1982-12-29",665.85,877.05
"1982-12-30",665.86,877.05
"1982-12-31",666.34,877.05
"1983-01-01",666.53,877.05
"1983-01-02",666.84,877.05
"1983-01-03",666.71,877.05
"1983-01-04",666.48,877.05
"1983-01-05",666.55,877.05
"1983-01-06",666.42,877.05
"1983-01-07",666.14,877.05
"1983-01-08",666.63,877.05
"1983-01-09",666.8,877.05
"1983-01-10",666.66,877.05
"1983-01-11",666.49,877.05
"1983-01-12",666.01,877.05
"1983-01-13",666.07,876.95
"1983-01-14",666.08,876.95
"1983-01-15",666.1,876.95
"1983-01-16",666.36,876.95
"1983-01-17",666.35,876.95
"1983-01-18",666.15,876.95
"1983-01-19",666.49,876.85
"1983-01-20",666.53,876.85
"1983-01-21",666.88,876.95
"1983-01-22",667.01,876.95
"1983-01-23",667.09,876.95
"1983-01-24",667.1,876.95
"1983-01-25",666.78,876.95
"1983-01-26",666.82,876.95
"1983-01-27",666.76,876.95
"1983-01-28",666.78,876.95
"1983-01-29",666.87,876.85
"1983-01-30",666.85,876.85
"1983-01-31",666.86,876.85
"1983-02-01",666.79,876.85
"1983-02-02",666.62,876.85
"1983-02-03",666.36,876.85
"1983-02-04",666.44,876.75
"1983-02-05",666.87,876.75
"1983-02-06",667.12,876.75
"1983-02-07",666.91,876.75
"1983-02-08",667.01,876.75
"1983-02-09",666.98,876.75
"1983-02-10",666.83,876.65
"1983-02-11",666.58,876.65
"1983-02-12",666.52,876.55
"1983-02-13",666.58,876.55
"1983-02-14",666.77,876.45
"1983-02-15",666.67,876.35
"1983-02-16",666.96,876.35
"1983-02-17",666.91,876.35
"1983-02-18",666.9,876.35
"1983-02-19",667.17,876.35
"1983-02-20",667.29,876.35
"1983-02-21",667.18,876.35
"1983-02-22",667.04,876.25
"1983-02-23",667.02,876.25
"1983-02-24",666.88,876.25
"1983-02-25",666.44,876.15
"1983-02-26",666.67,876.15
"1983-02-27",666.84,876.15
"1983-02-28",666.38,876.05
"1983-03-01",666.11,876.05
"1983-03-02",665.6,876.05
"1983-03-03",665.45,876.05
"1983-03-04",665.69,876.05
"1983-03-05",666.23,876.05
"1983-03-06",666.03,876.05
"1983-03-07",665.6,876.05
"1983-03-08",664.92,876.05
"1983-03-09",664.76,876.05
"1983-03-10",664.85,875.95
"1983-03-11",664.29,875.95
"1983-03-12",664.61,875.95
"1983-03-13",664.67,875.95
"1983-03-14",664.4,875.95
"1983-03-15",664.28,875.95
"1983-03-16",664.71,875.95
"1983-03-17",665.01,875.95
"1983-03-18",664.98,875.95
"1983-03-19",665.13,875.95
"1983-03-20",665.35,875.95
"1983-03-21",665.33,875.95
"1983-03-22",664.97,875.85
"1983-03-23",666.46,875.95
"1983-03-24",667.34,875.95
"1983-03-25",668.2,876.05
"1983-03-26",668.81,876.05
"1983-03-27",669.46,876.05
"1983-03-28",669.76,876.05
"1983-03-29",669.87,876.05
"1983-03-30",669.92,876.05
"1983-03-31",669.71,876.05
"1983-04-01",669.31,876.05
"1983-04-02",669.24,876.05
"1983-04-03",668.83,875.95
"1983-04-04",668.9,875.95
"1983-04-05",667.91,875.95
"1983-04-06",667.97,875.95
"1983-04-07",667.41,875.95
"1983-04-08",667.38,875.85
"1983-04-09",667.28,875.85
"1983-04-10",666.53,875.85
"1983-04-11",665.53,875.85
"1983-04-12",665.16,875.75
"1983-04-13",664.93,875.75
"1983-04-14",664.18,875.75
"1983-04-15",664.2,875.75
"1983-04-16",663.99,875.65
"1983-04-17",663.43,875.65
"1983-04-18",662.59,875.55
"1983-04-19",661.91,875.55
"1983-04-20",661.06,875.45
"1983-04-21",661.07,875.45
"1983-04-22",661.71,875.45
"1983-04-23",661.73,875.35
"1983-04-24",661.42,875.25
"1983-04-25",660.43,875.25
"1983-04-26",659.71,875.15
"1983-04-27",659.7,875.15
"1983-04-28",658.65,875.05
"1983-04-29",657.76,874.95
"1983-04-30",658.53,874.95
"1983-05-01",658.19,874.85
"1983-05-02",656.75,874.85
"1983-05-03",655.23,874.75
"1983-05-04",654.63,874.65
"1983-05-05",653.44,874.55
"1983-05-06",652.31,874.45
"1983-05-07",651.62,874.35
"1983-05-08",650.2,874.35
"1983-05-09",650.35,874.25
"1983-05-10",651.92,874.15
"1983-05-11",652.48,874.15
"1983-05-12",652.96,874.05
"1983-05-13",652.54,873.95
"1983-05-14",653.09,873.95
"1983-05-15",653.49,873.85
"1983-05-16",654.11,873.85
"1983-05-17",653.58,873.75
"1983-05-18",653.6,873.75
"1983-05-19",653.2,873.65
"1983-05-20",654.4,873.55
"1983-05-21",657.78,873.55
"1983-05-22",659.14,873.55
"1983-05-23",659.9,873.45
"1983-05-24",660.79,873.45
"1983-05-25",661.26,873.45
"1983-05-26",661.26,873.35
"1983-05-27",661.33,873.35
"1983-05-28",661.31,873.25
"1983-05-29",661.31,873.25
"1983-05-30",660.92,873.15
"1983-05-31",659.8,873.15
"1983-06-01",660.05,873.15
"1983-06-02",659.12,873.05
"1983-06-03",657.48,873.05
"1983-06-04",656.37,872.95
"1983-06-05",655.87,872.85
"1983-06-06",656.97,872.85
"1983-06-07",658.17,872.75
"1983-06-08",658.39,872.75
"1983-06-09",658.45,872.75
"1983-06-10",658.43,872.75
"1983-06-11",658.73,872.75
"1983-06-12",658.61,872.75
"1983-06-13",658.33,872.75
"1983-06-14",656.93,872.75
"1983-06-15",656.67,872.75
"1983-06-16",656.94,872.75
"1983-06-17",657.65,872.75
"1983-06-18",658.14,872.75
"1983-06-19",658.27,872.75
"1983-06-20",657.84,872.75
"1983-06-21",656.3,872.75
"1983-06-22",654.98,872.65
"1983-06-23",654.81,872.65
"1983-06-24",654.06,872.55
"1983-06-25",653.94,872.55
"1983-06-26",654.45,872.55
"1983-06-27",653.95,872.55
"1983-06-28",651.9,872.45
"1983-06-29",650.4,872.45
"1983-06-30",648.53,872.45
"1983-07-01",647.92,872.45
"1983-07-02",647.22,872.35
"1983-07-03",646.47,872.35
"1983-07-04",646.29,872.25
"1983-07-05",,872.25
"1983-07-06",,872.15
"1983-07-07",646.17,872.15
"1983-07-08",647.34,872.05
"1983-07-09",647.15,872.05
"1983-07-10",647.5,872.05
"1983-07-11",646.8,872.05
"1983-07-12",647.54,872.05
"1983-07-13",647.87,872.05
"1983-07-14",649.67,
"1983-07-15",651.04,
"1983-07-16",652.17,
"1983-07-17",653.69,
"1983-07-18",653.55,
"1983-07-19",654.33,
"1983-07-20",654.67,
"1983-07-21",654.76,
"1983-07-22",654.82,
"1983-07-23",654.63,
"1983-07-24",654.59,
"1983-07-25",653.99,
"1983-07-26",652.99,
"1983-07-27",651.9,
"1983-07-28",650.91,
"1983-07-29",650.31,
"1983-07-30",650.1,
"1983-07-31",649.79,
"1983-08-01",648.91,
"1983-08-02",647.72,
"1983-08-03",647.11,
"1983-08-04",647.94,
"1983-08-05",649.12,871.75
"1983-08-06",651.03,871.75
"1983-08-07",652.06,871.75
"1983-08-08",652.16,871.75
"1983-08-09",652.98,871.85
"1983-08-10",653.36,871.85
"1983-08-11",653.16,871.85
"1983-08-12",653.11,871.85
"1983-08-13",653.31,871.95
"1983-08-14",653.41,871.95
"1983-08-15",652.94,871.95
"1983-08-16",652.01,871.95
"1983-08-17",651.58,871.95
"1983-08-18",651.31,871.95
"1983-08-19",650.11,871.95
"1983-08-20",650.51,871.95
"1983-08-21",649.66,871.85
"1983-08-22",648.64,871.85
"1983-08-23",647.54,871.75
"1983-08-24",646.55,871.75
"1983-08-25",646.67,871.75
"1983-08-26",647.58,871.75
"1983-08-27",646.58,871.75
"1983-08-28",646.25,871.75
"1983-08-29",646.36,871.75
"1983-08-30",646.02,871.65
"1983-08-31",645.16,871.65
"1983-09-01",643.76,871.65
"1983-09-02",643.36,871.55
"1983-09-03",643.87,871.55
"1983-09-04",643.38,871.55
"1983-09-05",643.75,871.55
"1983-09-06",642.13,871.45
"1983-09-07",642.11,871.55
"1983-09-08",644.21,871.55
"1983-09-09",645.95,871.65
"1983-09-10",647.26,871.65
"1983-09-11",648.53,871.65
"1983-09-12",648.73,871.65
"1983-09-13",648.28,871.75
"1983-09-14",648.01,871.65
"1983-09-15",647.56,871.65
"1983-09-16",647.09,871.65
"1983-09-17",646.94,871.65
"1983-09-18",648.06,871.75
"1983-09-19",649.26,870.85
"1983-09-20",650.17,871.85
"1983-09-21",650.63,871.85
"1983-09-22",650.96,871.85
"1983-09-23",651.05,871.75
"1983-09-24",651.21,871.75
"1983-09-25",651.55,871.75
"1983-09-26",651.05,871.75
"1983-09-27",651.03,871.75
"1983-09-28",650.76,871.65
"1983-09-29",650.75,871.65
"1983-09-30",650.61,871.65
"1983-10-01",650.72,871.65
"1983-10-02",650.72,871.55
"1983-10-03",650.43,871.55
"1983-10-04",650.24,871.45
"1983-10-05",649.77,871.45
"1983-10-06",649.35,871.35
"1983-10-07",649.03,871.35
"1983-10-08",649.88,871.25
"1983-10-09",651.27,871.35
"1983-10-10",652.1,871.45
"1983-10-11",652.47,871.45
"1983-10-12",652.81,871.45
"1983-10-13",653.25,
"1983-10-14",653.4,
"1983-10-15",653.83,
"1983-10-16",653.99,
"1983-10-17",653.71,
"1983-10-18",653.72,
"1983-10-19",653.57,
"1983-10-20",653.69,
"1983-10-21",653.83,
"1983-10-22",654.04,
"1983-10-23",654.13,
"1983-10-24",653.79,
"1983-10-25",653.64,
"1983-10-26",653.58,
"1983-10-27",653.74,
"1983-10-28",653.37,
"1983-10-29",653.4,
"1983-10-30",653.8,
"1983-10-31",653.41,
"1983-11-01",653.56,871.55
"1983-11-02",652.98,871.55
"1983-11-03",653.01,871.55
"1983-11-04",653.41,871.65
"1983-11-05",654.03,871.75
"1983-11-06",655.08,871.85
"1983-11-07",655.34,871.85
"1983-11-08",655.27,
"1983-11-09",655.36,
"1983-11-10",655.6,
"1983-11-11",655.72,
"1983-11-12",656.1,
"1983-11-13",656.27,
"1983-11-14",656.14,
"1983-11-15",655.59,
"1983-11-16",655.62,
"1983-11-17",655.58,
"1983-11-18",655.56,
"1983-11-19",656.06,
"1983-11-20",656.16,
"1983-11-21",656.05,
"1983-11-22",655.79,
"1983-11-23",655.47,
"1983-11-24",656.31,
"1983-11-25",656.78,
"1983-11-26",657.13,
"1983-11-27",657.15,
"1983-11-28",657.01,
"1983-11-29",656.91,
"1983-11-30",656.91,
"1983-12-01",656.72,
"1983-12-02",657.02,
"1983-12-03",657.52,
"1983-12-04",657.68,
"1983-12-05",657.81,
"1983-12-06",657.19,
"1983-12-07",657.13,
"1983-12-08",657.17,
"1983-12-09",657.1,
"1983-12-10",657.37,872.65
"1983-12-11",657.52,872.65
"1983-12-12",657.31,872.74
"1983-12-13",657.09,872.75
"1983-12-14",656.87,872.75
"1983-12-15",656.75,872.75
"1983-12-16",656.85,872.75
"1983-12-17",657.07,872.75
"1983-12-18",657.38,872.75
"1983-12-19",657.41,872.75
"1983-12-20",657.18,872.85
"1983-12-21",657.32,872.85
"1983-12-22",657.03,872.85
"1983-12-23",656.51,872.85
"1983-12-24",655.57,872.85
"1983-12-25",655.12,872.85
"1983-12-26",653.92,872.85
"1983-12-27",653.38,872.85
"1983-12-28",653.3,872.95
"1983-12-29",652.73,872.89
"1983-12-30",652.32,872.85
"1983-12-31",652.79,872.95
"1984-01-01",653.32,872.95
"1984-01-02",654,872.95
"1984-01-03",653.46,872.95
"1984-01-04",654.53,873.05
"1984-01-05",654.4,873.05
"1984-01-06",654.48,873.05
"1984-01-07",654.62,873.05
"1984-01-08",654.61,873.05
"1984-01-09",655.2,872.95
"1984-01-10",655.53,873.25
"1984-01-11",655.56,873.25
"1984-01-12",655.94,873.15
"1984-01-13",655.91,873.25
"1984-01-14",656.41,873.25
"1984-01-15",656.64,873.25
"1984-01-16",656.69,873.15
"1984-01-17",656.64,873.25
"1984-01-18",656.68,873.25
"1984-01-19",655.78,873.25
"1984-01-20",655.39,873.25
"1984-01-21",655.51,873.25
"1984-01-22",656.13,873.25
"1984-01-23",656.53,873.15
"1984-01-24",656.42,873.15
"1984-01-25",656.63,873.25
"1984-01-26",656.55,873.25
"1984-01-27",656.64,873.25
"1984-01-28",656.83,873.25
"1984-01-29",656.95,873.15
"1984-01-30",656.48,873.15
"1984-01-31",656.67,873.15
"1984-02-01",656.78,873.05
"1984-02-02",656.97,873.05
"1984-02-03",656.87,872.95
"1984-02-04",656.91,872.85
"1984-02-05",656.87,872.45
"1984-02-06",656.68,872.35
"1984-02-07",656.45,872.25
"1984-02-08",656.2,872.25
"1984-02-09",656.45,872.15
"1984-02-10",656.42,872.05
"1984-02-11",656.26,872.05
"1984-02-12",656.37,871.95
"1984-02-13",656.57,871.95
"1984-02-14",656.07,871.85
"1984-02-15",656,871.85
"1984-02-16",655.35,871.75
"1984-02-17",655.11,871.55
"1984-02-18",655.72,
"1984-02-19",655.41,
"1984-02-20",655.63,
"1984-02-21",655.56,
"1984-02-22",655.44,
"1984-02-23",655.22,
"1984-02-24",654.72,
"1984-02-25",654.73,
"1984-02-26",655.19,
"1984-02-27",654.97,
"1984-02-28",654.56,
"1984-02-29",654.18,
"1984-03-01",654.15,
"1984-03-02",654.08,
"1984-03-03",653.54,
"1984-03-04",653.5,870.65
"1984-03-05",653.13,870.65
"1984-03-06",653.33,870.55
"1984-03-07",652.96,870.55
"1984-03-08",652.48,870.45
"1984-03-09",651.89,870.45
"1984-03-10",652.07,870.45
"1984-03-11",651.91,870.45
"1984-03-12",653.15,870.45
"1984-03-13",653.1,870.35
"1984-03-14",652.57,870.35
"1984-03-15",652.83,870.25
"1984-03-16",653.65,870.25
"1984-03-17",652.37,870.25
"1984-03-18",652.36,870.25
"1984-03-19",651.71,870.25
"1984-03-20",652.09,870.25
"1984-03-21",651.64,870.25
"1984-03-22",651.25,870.25
"1984-03-23",650.88,870.15
"1984-03-24",650.35,870.15
"1984-03-25",649.93,870.15
"1984-03-26",649.28,870.15
"1984-03-27",648.53,870.05
"1984-03-28",647.4,870.05
"1984-03-29",646.48,870.05
"1984-03-30",646.08,869.95
"1984-03-31",646.71,869.95
"1984-04-01",646.46,869.85
"1984-04-02",646.79,869.85
"1984-04-03",646.49,869.75
"1984-04-04",645.38,869.65
"1984-04-05",644.46,869.45
"1984-04-06",643.96,869.45
"1984-04-07",644.79,869.45
"1984-04-08",645.84,869.45
"1984-04-09",645.51,869.45
"1984-04-10",644.33,869.45
"1984-04-11",643.51,869.35
"1984-04-12",642.49,869.25
"1984-04-13",641.77,869.15
"1984-04-14",641.23,869.05
"1984-04-15",641.21,869.05
"1984-04-16",640.98,868.95
"1984-04-17",640.58,868.95
"1984-04-18",639.21,868.75
"1984-04-19",638.59,868.75
"1984-04-20",637.52,868.65
"1984-04-21",636.99,868.55
"1984-04-22",636.02,868.45
"1984-04-23",637.07,868.45
"1984-04-24",635.73,868.35
"1984-04-25",634.9,868.15
"1984-04-26",635.11,868.05
"1984-04-27",634.45,867.95
"1984-04-28",634.28,867.85
"1984-04-29",634.44,867.75
"1984-04-30",633.65,867.55
"1984-05-01",633.72,867.55
"1984-05-02",633.76,867.45
"1984-05-03",633.38,867.25
"1984-05-04",631.17,867.15
"1984-05-05",630.46,867.05
"1984-05-06",630.11,866.85
"1984-05-07",629.21,866.85
"1984-05-08",630.62,866.65
"1984-05-09",631.03,866.55
"1984-05-10",630.21,866.45
"1984-05-11",629.61,866.25
"1984-05-12",629.19,866.15
"1984-05-13",628.76,865.95
"1984-05-14",628.53,865.95
"1984-05-15",628.04,865.85
"1984-05-16",628.15,865.75
"1984-05-17",630.11,865.65
"1984-05-18",631.57,865.65
"1984-05-19",634.07,865.55
"1984-05-20",635.47,865.45
"1984-05-21",635.78,865.45
"1984-05-22",635.46,865.45
"1984-05-23",634.42,865.35
"1984-05-24",633.45,865.25
"1984-05-25",632.7,865.15
"1984-05-26",632.15,865.15
"1984-05-27",631.78,865.05
"1984-05-28",631.31,864.95
"1984-05-29",631.69,865.05
"1984-05-30",631.92,864.95
"1984-05-31",631.56,864.85
"1984-06-01",630.54,864.75
"1984-06-02",630.24,864.55
"1984-06-03",629.75,864.45
"1984-06-04",629.3,864.35
"1984-06-05",629.63,864.25
"1984-06-06",629.69,864.15
"1984-06-07",631.22,864.15
"1984-06-08",630.81,864.05
"1984-06-09",630.71,863.95
"1984-06-10",630.58,863.75
"1984-06-11",630.07,863.65
"1984-06-12",629.4,863.55
"1984-06-13",630.5,863.55
"1984-06-14",630.85,863.55
"1984-06-15",631.11,863.55
"1984-06-16",631.22,863.45
"1984-06-17",630.93,863.35
"1984-06-18",630.15,863.35
"1984-06-19",628.82,863.25
"1984-06-20",628.69,863.15
"1984-06-21",627.65,863.15
"1984-06-22",626.32,863.05
"1984-06-23",625.99,862.85
"1984-06-24",625.69,862.65
"1984-06-25",625.1,862.45
"1984-06-26",624.5,862.25
"1984-06-27",623.99,862.15
"1984-06-28",623.9,861.95
"1984-06-29",624.06,861.65
"1984-06-30",624.33,861.45
"1984-07-01",625.47,861.35
"1984-07-02",625.49,861.15
"1984-07-03",624.95,861.05
"1984-07-04",624.87,860.85
"1984-07-05",624.81,860.65
"1984-07-06",624.24,860.45
"1984-07-07",624.34,860.35
"1984-07-08",624.41,860.15
"1984-07-09",624.31,860.05
"1984-07-10",623.84,859.95
"1984-07-11",623.57,859.85
"1984-07-12",623.35,859.65
"1984-07-13",623.43,859.55
"1984-07-14",623.99,859.45
"1984-07-15",624.27,859.35
"1984-07-16",624.02,859.25
"1984-07-17",623.6,859.25
"1984-07-18",623.17,859.15
"1984-07-19",623.29,859.05
"1984-07-20",624.22,858.85
"1984-07-21",624.1,858.75
"1984-07-22",624.23,858.75
"1984-07-23",623.93,858.55
"1984-07-24",623.41,858.45
"1984-07-25",624.27,858.45
"1984-07-26",624.22,858.45
"1984-07-27",624.15,858.35
"1984-07-28",625.49,858.35
"1984-07-29",625.67,858.35
"1984-07-30",625.06,858.35
"1984-07-31",624.25,858.25
"1984-08-01",623.75,858.25
"1984-08-02",623.72,858.15
"1984-08-03",623.28,858.05
"1984-08-04",623.47,857.95
"1984-08-05",624.29,857.95
"1984-08-06",623.92,857.85
"1984-08-07",624.31,857.85
"1984-08-08",623.91,857.85
"1984-08-09",624.11,857.75
"1984-08-10",623.82,857.65
"1984-08-11",624.18,857.65
"1984-08-12",624.12,857.65
"1984-08-13",625.1,857.55
"1984-08-14",626.58,857.55
"1984-08-15",626.81,857.55
"1984-08-16",627.94,857.55
"1984-08-17",628.28,857.55
"1984-08-18",628.01,857.55
"1984-08-19",627.81,857.45
"1984-08-20",626.95,857.45
"1984-08-21",625.97,857.45
"1984-08-22",625.51,857.45
"1984-08-23",625.27,857.45
"1984-08-24",625.06,857.35
"1984-08-25",625.85,857.35
"1984-08-26",626.22,857.35
"1984-08-27",625.85,857.35
"1984-08-28",625.15,857.35
"1984-08-29",624.62,857.35
"1984-08-30",624.19,857.25
"1984-08-31",624.01,857.25
"1984-09-01",624.8,857.25
"1984-09-02",625.47,857.35
"1984-09-03",626.44,857.35
"1984-09-04",627.39,857.35
"1984-09-05",628.27,857.35
"1984-09-06",628.06,857.35
"1984-09-07",627.61,857.35
"1984-09-08",627.88,857.35
"1984-09-09",627.73,857.35
"1984-09-10",627.07,857.25
"1984-09-11",626.38,857.25
"1984-09-12",625.92,857.15
"1984-09-13",625.6,857.15
"1984-09-14",625.74,857.15
"1984-09-15",625.71,857.15
"1984-09-16",626.5,857.15
"1984-09-17",626.35,857.15
"1984-09-18",626.29,857.15
"1984-09-19",626.02,857.15
"1984-09-20",626.02,857.05
"1984-09-21",626.89,857.05
"1984-09-22",627.84,857.05
"1984-09-23",627.03,857.05
"1984-09-24",626.22,857.05
"1984-09-25",625.63,856.95
"1984-09-26",625.81,856.85
"1984-09-27",626.19,856.85
"1984-09-28",626.02,856.85
"1984-09-29",627.69,856.95
"1984-09-30",629.43,856.95
"1984-10-01",629.5,856.95
"1984-10-02",629.35,856.95
"1984-10-03",629.39,856.95
"1984-10-04",629.74,856.95
"1984-10-05",629.87,856.95
"1984-10-06",629.5,856.95
"1984-10-07",631.61,856.95
"1984-10-08",633.01,856.95
"1984-10-09",633.41,856.95
"1984-10-10",633.72,856.95
"1984-10-11",635.01,857.25
"1984-10-12",636.35,857.35
"1984-10-13",637.13,857.55
"1984-10-14",638.36,857.75
"1984-10-15",639.42,857.85
"1984-10-16",639.4,857.85
"1984-10-17",639.23,858.05
"1984-10-18",638.95,858.15
"1984-10-19",639.02,858.25
"1984-10-20",639.66,858.25
"1984-10-21",640,858.35
"1984-10-22",639.95,858.45
"1984-10-23",640.25,858.55
"1984-10-24",640.37,858.65
"1984-10-25",640.43,858.75
"1984-10-26",640.98,858.85
"1984-10-27",642.27,858.95
"1984-10-28",643.34,859.05
"1984-10-29",643.32,859.05
"1984-10-30",643.25,859.15
"1984-10-31",643.22,859.25
"1984-11-01",643.4,859.25
"1984-11-02",643.14,859.75
"1984-11-03",643.47,859.45
"1984-11-04",643.73,859.45
"1984-11-05",643.28,859.55
"1984-11-06",642.98,859.55
"1984-11-07",643.04,859.65
"1984-11-08",642.84,859.75
"1984-11-09",642.65,859.75
"1984-11-10",642.61,859.75
"1984-11-11",642.86,859.75
"1984-11-12",642.51,859.85
"1984-11-13",642.2,859.85
"1984-11-14",642.13,859.85
"1984-11-15",641.98,859.85
"1984-11-16",642.16,859.85
"1984-11-17",642.85,859.95
"1984-11-18",643.45,859.95
"1984-11-19",643.35,859.95
"1984-11-20",643.01,859.95
"1984-11-21",643.04,859.95
"1984-11-22",643.25,860.05
"1984-11-23",643.78,860.05
"1984-11-24",643.94,860.15
"1984-11-25",644.61,860.15
"1984-11-26",644.62,860.15
"1984-11-27",644.44,860.15
"1984-11-28",644.25,860.25
"1984-11-29",644.55,860.25
"1984-11-30",644.44,860.25
"1984-12-01",644.55,860.35
"1984-12-02",644.66,860.35
"1984-12-03",644.33,860.35
"1984-12-04",644.43,860.35
"1984-12-05",644.63,860.75
"1984-12-06",644.27,860.35
"1984-12-07",644.26,860.35
"1984-12-08",644.55,860.45
"1984-12-09",645.03,860.45
"1984-12-10",644.82,860.45
"1984-12-11",644.66,860.55
"1984-12-12",644.75,860.55
"1984-12-13",644.98,860.55
"1984-12-14",645.08,860.65
"1984-12-15",645.06,860.65
"1984-12-16",646.2,860.65
"1984-12-17",646.59,860.65
"1984-12-18",647,860.75
"1984-12-19",647.26,860.75
"1984-12-20",647.22,860.75
"1984-12-21",647.24,860.85
"1984-12-22",647.28,860.85
"1984-12-23",647.47,860.85
"1984-12-24",647.78,859.85
"1984-12-25",647.42,860.95
"1984-12-26",647.62,860.95
"1984-12-27",647.3,861.05
"1984-12-28",647.27,861.05
"1984-12-29",647.25,861.15
"1984-12-30",647.38,861.15
"1984-12-31",648.26,861.65
"1985-01-01",649.65,862.25
"1985-01-02",650.1,862.65
"1985-01-03",649.08,863.05
"1985-01-04",648.6,863.35
"1985-01-05",649.15,863.75
"1985-01-06",649.7,863.95
"1985-01-07",649.8,863.95
"1985-01-08",649.85,863.95
"1985-01-09",649.8,864.05
"1985-01-10",649.69,864.15
"1985-01-11",649.57,864.15
"1985-01-12",649.48,864.35
"1985-01-13",648.95,864.45
"1985-01-14",648.65,864.55
"1985-01-15",649.45,864.75
"1985-01-16",650.91,864.85
"1985-01-17",652.01,865.05
"1985-01-18",652.64,865.15
"1985-01-19",653.47,865.25
"1985-01-20",653.22,865.35
"1985-01-21",652.57,865.45
"1985-01-22",652.3,865.55
"1985-01-23",652.69,865.65
"1985-01-24",653.25,865.75
"1985-01-25",653.41,865.85
"1985-01-26",653.51,866.05
"1985-01-27",654.11,866.15
"1985-01-28",654.19,866.25
"1985-01-29",654.08,866.35
"1985-01-30",653.85,866.45
"1985-01-31",654.02,866.55
"1985-02-01",653.4,866.65
"1985-02-02",652.93,866.75
"1985-02-03",651.87,866.85
"1985-02-04",651.84,866.95
"1985-02-05",652.29,867.05
"1985-02-06",652.39,867.15
"1985-02-07",652.44,867.25
"1985-02-08",652.66,867.35
"1985-02-09",652.93,867.45
"1985-02-10",653.07,867.55
"1985-02-11",652.79,867.65
"1985-02-12",652.86,867.75
"1985-02-13",652.73,867.85
"1985-02-14",652.64,867.85
"1985-02-15",652.75,867.95
"1985-02-16",652.96,867.95
"1985-02-17",653.09,868.05
"1985-02-18",652.87,868.05
"1985-02-19",652.99,868.15
"1985-02-20",652.99,868.15
"1985-02-21",653.28,868.25
"1985-02-22",653.39,868.25
"1985-02-23",654.81,868.45
"1985-02-24",656.36,868.55
"1985-02-25",657.28,868.65
"1985-02-26",657.66,868.65
"1985-02-27",657.91,868.75
"1985-02-28",658.26,868.85
"1985-03-01",658.94,868.95
"1985-03-02",659.33,869.05
"1985-03-03",659.85,869.25
"1985-03-04",659.93,869.25
"1985-03-05",659.55,869.35
"1985-03-06",659.56,869.45
"1985-03-07",659.75,869.55
"1985-03-08",659.68,869.65
"1985-03-09",659.58,869.65
"1985-03-10",659.53,869.75
"1985-03-11",659.38,869.85
"1985-03-12",658.83,869.95
"1985-03-13",658.82,870.05
"1985-03-14",660.11,870.05
"1985-03-15",661.71,870.15
"1985-03-16",662.55,870.25
"1985-03-17",663.43,870.35
"1985-03-18",663.77,870.45
"1985-03-19",664.01,870.55
"1985-03-20",664.5,870.55
"1985-03-21",664.53,870.65
"1985-03-22",664.58,870.65
"1985-03-23",664.64,870.75
"1985-03-24",664.62,870.75
"1985-03-25",664.11,870.75
"1985-03-26",663.81,870.85
"1985-03-27",664.19,870.95
"1985-03-28",664.12,870.95
"1985-03-29",663.97,871.05
"1985-03-30",664.28,871.05
"1985-03-31",664.16,871.05
"1985-04-01",663.72,871.05
"1985-04-02",663.39,871.15
"1985-04-03",663.08,871.15
"1985-04-04",662.56,871.15
"1985-04-05",662.43,871.25
"1985-04-06",661.87,871.25
"1985-04-07",661.17,871.25
"1985-04-08",661.57,871.25
"1985-04-09",662.06,871.35
"1985-04-10",661.93,871.45
"1985-04-11",662.65,871.45
"1985-04-12",662.91,871.55
"1985-04-13",663.08,871.55
"1985-04-14",663.87,871.55
"1985-04-15",664.31,871.65
"1985-04-16",664.09,871.65
"1985-04-17",663.5,871.55
"1985-04-18",663.02,871.55
"1985-04-19",662.57,871.55
"1985-04-20",662.86,871.55
"1985-04-21",662.66,871.65
"1985-04-22",662.56,871.65
"1985-04-23",661.83,871.55
"1985-04-24",660.77,871.45
"1985-04-25",660.04,871.45
"1985-04-26",660.61,871.45
"1985-04-27",661.56,871.35
"1985-04-28",661.59,871.35
"1985-04-29",661.77,871.25
"1985-04-30",662.45,871.25
"1985-05-01",662.54,871.25
"1985-05-02",662.45,871.15
"1985-05-03",661.99,871.15
"1985-05-04",661.65,871.05
"1985-05-05",660.96,871.15
"1985-05-06",660.17,871.05
"1985-05-07",659.16,870.95
"1985-05-08",657.9,870.91
"1985-05-09",657.49,870.85
"1985-05-10",657.12,870.85
"1985-05-11",656.46,870.75
"1985-05-12",655.7,870.65
"1985-05-13",655.55,870.65
"1985-05-14",654.85,870.55
"1985-05-15",654.45,870.45
"1985-05-16",653.66,870.35
"1985-05-17",653.92,870.25
"1985-05-18",655.36,870.35
"1985-05-19",656.32,870.45
"1985-05-20",656.76,870.45
"1985-05-21",656.78,870.55
"1985-05-22",657.01,870.55
"1985-05-23",656.62,870.65
"1985-05-24",655.9,871.05
"1985-05-25",657.37,871.25
"1985-05-26",657.96,871.25
"1985-05-27",658.06,871.35
"1985-05-28",657.29,871.35
"1985-05-29",656.89,871.45
"1985-05-30",655.33,871.45
"1985-05-31",653.95,871.45
"1985-06-01",652.88,871.55
"1985-06-02",651.75,871.55
"1985-06-03",650.53,871.55
"1985-06-04",649.07,871.45
"1985-06-05",648.24,871.35
"1985-06-06",650.38,871.25
"1985-06-07",655.28,871.05
"1985-06-08",657.67,870.95
"1985-06-09",659.03,870.85
"1985-06-10",659.54,870.75
"1985-06-11",658.87,870.55
"1985-06-12",658.29,870.35
"1985-06-13",658.57,870.55
"1985-06-14",658.62,870.55
"1985-06-15",657.89,870.55
"1985-06-16",657.25,870.55
"1985-06-17",656.41,870.65
"1985-06-18",654.7,870.65
"1985-06-19",655.65,870.55
"1985-06-20",656.9,870.55
"1985-06-21",657.86,870.55
"1985-06-22",660.38,870.45
"1985-06-23",661.85,870.35
"1985-06-24",662.41,870.45
"1985-06-25",662.79,870.45
"1985-06-26",662.87,870.45
"1985-06-27",662.97,870.45
"1985-06-28",662.93,870.55
"1985-06-29",662.81,870.55
"1985-06-30",662.43,870.65
"1985-07-01",661.74,870.65
"1985-07-02",660.32,870.65
"1985-07-03",660.93,870.65
"1985-07-04",664.91,870.75
"1985-07-05",665.62,870.75
"1985-07-06",666.53,870.75
"1985-07-07",667.15,870.75
"1985-07-08",667.23,870.75
"1985-07-09",667.18,870.75
"1985-07-10",666.81,870.75
"1985-07-11",666.28,870.65
"1985-07-12",665.85,870.65
"1985-07-13",666.46,870.65
"1985-07-14",666.67,870.65
"1985-07-15",666.41,870.65
"1985-07-16",665.61,870.65
"1985-07-17",665.03,870.55
"1985-07-18",664.23,870.55
"1985-07-19",663.67,870.45
"1985-07-20",663.79,870.45
"1985-07-21",663.68,870.45
"1985-07-22",662.97,870.45
"1985-07-23",661.64,870.35
"1985-07-24",660.96,870.45
"1985-07-25",660.32,870.45
"1985-07-26",659.55,870.45
"1985-07-27",659.22,870.35
"1985-07-28",658.69,870.35
"1985-07-29",657.97,870.35
"1985-07-30",656.77,870.15
"1985-07-31",656.17,870.15
"1985-08-01",655.63,870.15
"1985-08-02",655.24,870.05
"1985-08-03",655.16,869.95
"1985-08-04",654.7,869.95
"1985-08-05",654.2,869.95
"1985-08-06",652.84,869.85
"1985-08-07",651.88,869.85
"1985-08-08",651.23,869.85
"1985-08-09",650.33,869.75
"1985-08-10",650.39,869.75
"1985-08-11",650.02,869.75
"1985-08-12",649.31,869.75
"1985-08-13",648.7,869.65
"1985-08-14",648.44,869.65
"1985-08-15",648.47,869.75
"1985-08-16",648.2,869.75
"1985-08-17",647.94,869.75
"1985-08-18",647.64,869.65
"1985-08-19",647.06,869.75
"1985-08-20",645.78,869.75
"1985-08-21",644.82,869.75
"1985-08-22",644.41,869.75
"1985-08-23",644.05,869.75
"1985-08-24",644.1,869.75
"1985-08-25",645.48,869.85
"1985-08-26",646.68,869.85
"1985-08-27",646.19,869.95
"1985-08-28",645.96,869.95
"1985-08-29",646.25,869.95
"1985-08-30",647.12,869.95
"1985-08-31",647.27,869.95
"1985-09-01",646.81,869.95
"1985-09-02",647.06,870.05
"1985-09-03",645.29,870.05
"1985-09-04",644.77,870.05
"1985-09-05",644.61,870.05
"1985-09-06",645.64,870.15
"1985-09-07",647.19,870.15
"1985-09-08",647.09,870.15
"1985-09-09",646.79,870.25
"1985-09-10",646.39,870.25
"1985-09-11",646.81,870.25
"1985-09-12",649.22,870.25
"1985-09-13",650.02,870.35
"1985-09-14",651.15,870.35
"1985-09-15",652.1,870.35
"1985-09-16",652.38,870.35
"1985-09-17",652.49,870.35
"1985-09-18",652.51,870.45
"1985-09-19",653.27,870.45
"1985-09-20",653.67,870.45
"1985-09-21",653.96,870.45
"1985-09-22",654.01,870.35
"1985-09-23",653.86,870.45
"1985-09-24",653.45,870.45
"1985-09-25",653.14,870.45
"1985-09-26",652.92,870.45
"1985-09-27",652.94,870.45
"1985-09-28",653.1,870.55
"1985-09-29",655.8,870.75
"1985-09-30",656.92,871.15
"1985-10-01",657.87,871.45
"1985-10-02",658.4,871.75
"1985-10-03",658.36,872.05
"1985-10-04",658.25,872.15
"1985-10-05",658.35,872.25
"1985-10-06",658.59,872.25
"1985-10-07",658.45,872.25
"1985-10-08",657.91,872.15
"1985-10-09",657.61,872.15
"1985-10-10",657.83,872.15
"1985-10-11",657.66,872.15
"1985-10-12",657.88,872.15
"1985-10-13",657.74,872.25
"1985-10-14",657.56,872.25
"1985-10-15",657.4,872.25
"1985-10-16",658.77,872.35
"1985-10-17",659.29,872.45
"1985-10-18",659.62,872.45
"1985-10-19",661.1,873.05
"1985-10-20",663.27,873.85
"1985-10-21",664.32,874.45
"1985-10-22",665.57,874.75
"1985-10-23",666.44,874.95
"1985-10-24",666.87,875.15
"1985-10-25",667.24,875.35
"1985-10-26",667.7,875.55
"1985-10-27",668.12,875.65
"1985-10-28",668.2,875.65
"1985-10-29",668.1,875.65
"1985-10-30",668.2,875.65
"1985-10-31",668.16,875.65
"1985-11-01",668.1,875.65
"1985-11-02",668.49,875.75
"1985-11-03",669.12,875.75
"1985-11-04",669.1,875.85
"1985-11-05",669.07,875.95
"1985-11-06",669.13,
"1985-11-07",668.92,
"1985-11-08",668.88,
"1985-11-09",669.02,
"1985-11-10",668.97,
"1985-11-11",668.9,876.15
"1985-11-12",668.71,876.15
"1985-11-13",668.8,876.15
"1985-11-14",668.54,876.25
"1985-11-15",668.4,876.25
"1985-11-16",668.72,876.25
"1985-11-17",,876.35
"1985-11-18",,876.35
"1985-11-19",668.67,876.35
"1985-11-20",668.38,876.35
"1985-11-21",668.37,876.45
"1985-11-22",668.39,876.45
"1985-11-23",668.47,876.45
"1985-11-24",668.96,876.55
"1985-11-25",669.99,876.55
"1985-11-26",670.79,876.55
"1985-11-27",671.42,876.65
"1985-11-28",672.79,876.65
"1985-11-29",673.67,876.65
"1985-11-30",674.12,876.75
"1985-12-01",674.26,876.65
"1985-12-02",674.05,876.65
"1985-12-03",674.15,876.75
"1985-12-04",674.23,876.75
"1985-12-05",674.12,876.75
"1985-12-06",674.08,876.75
"1985-12-07",674.28,876.75
"1985-12-08",674.5,876.75
"1985-12-09",674.49,876.85
"1985-12-10",674.27,876.85
"1985-12-11",674.27,876.85
"1985-12-12",674.23,876.85
"1985-12-13",674.29,876.85
"1985-12-14",673.86,876.75
"1985-12-15",673.98,876.75
"1985-12-16",673.82,876.75
"1985-12-17",673.76,876.85
"1985-12-18",673.82,876.85
"1985-12-19",673.63,876.85
"1985-12-20",673.64,876.75
"1985-12-21",673.66,876.75
"1985-12-22",673.73,876.85
"1985-12-23",673.85,876.85
"1985-12-24",673.58,876.85
"1985-12-25",673.44,876.75
"1985-12-26",673.68,876.75
"1985-12-27",673.69,876.75
"1985-12-28",673.61,876.75
"1985-12-29",673.6,876.75
"1985-12-30",673.55,876.85
"1985-12-31",673.48,876.85
"1986-01-01",673.38,876.85
"1986-01-02",673.65,876.85
"1986-01-03",673.4,876.85
"1986-01-04",673.39,876.85
"1986-01-05",673.16,876.85
"1986-01-06",673.17,876.85
"1986-01-07",672.97,876.95
"1986-01-08",672.6,876.85
"1986-01-09",672.6,876.95
"1986-01-10",672.72,876.95
"1986-01-11",672.84,876.95
"1986-01-12",672.93,876.95
"1986-01-13",672.79,876.95
"1986-01-14",672.56,877.05
"1986-01-15",672.42,877.05
"1986-01-16",672.54,877.05
"1986-01-17",672.7,877.05
"1986-01-18",673.04,877.05
"1986-01-19",673.05,877.05
"1986-01-20",673.11,877.05
"1986-01-21",672.91,877.15
"1986-01-22",672.73,877.05
"1986-01-23",672.7,877.05
"1986-01-24",672.7,877.15
"1986-01-25",672.69,877.05
"1986-01-26",672.56,877.05
"1986-01-27",672.4,877.05
"1986-01-28",672.22,877.05
"1986-01-29",671.9,877.05
"1986-01-30",671.56,876.95
"1986-01-31",671.48,876.85
"1986-02-01",671.7,876.85
"1986-02-02",671.85,876.75
"1986-02-03",671.72,876.75
"1986-02-04",672.65,876.75
"1986-02-05",672.97,876.75
"1986-02-06",673.45,876.65
"1986-02-07",673.55,876.55
"1986-02-08",674.68,876.45
"1986-02-09",674,876.45
"1986-02-10",672.95,876.35
"1986-02-11",673.56,876.25
"1986-02-12",673.45,876.25
"1986-02-13",673.36,876.15
"1986-02-14",673.34,876.05
"1986-02-15",673.37,875.95
"1986-02-16",673.51,875.85
"1986-02-17",673.28,875.85
"1986-02-18",672.83,875.75
"1986-02-19",672.41,875.65
"1986-02-20",671.92,875.45
"1986-02-21",671.62,875.35
"1986-02-22",671.9,875.25
"1986-02-23",671.97,875.15
"1986-02-24",671.52,875.15
"1986-02-25",671.1,875.05
"1986-02-26",670.57,874.95
"1986-02-27",670.26,874.95
"1986-02-28",670,874.85
"1986-03-01",670.15,874.75
"1986-03-02",669.92,874.75
"1986-03-03",669.3,874.75
"1986-03-04",669.13,874.65
"1986-03-05",668.94,874.65
"1986-03-06",668.66,874.55
"1986-03-07",668.42,874.55
"1986-03-08",668.31,874.55
"1986-03-09",668.19,874.55
"1986-03-10",667.53,874.45
"1986-03-11",667.09,874.55
"1986-03-12",667.57,874.55
"1986-03-13",667.58,874.45
"1986-03-14",667.61,874.45
"1986-03-15",667.66,874.45
"1986-03-16",667.88,874.55
"1986-03-17",667.45,874.55
"1986-03-18",667.46,874.55
"1986-03-19",667.13,874.55
"1986-03-20",666.7,874.45
"1986-03-21",666.02,874.45
"1986-03-22",665.8,874.45
"1986-03-23",665.49,874.45
"1986-03-24",664.91,874.35
"1986-03-25",664.22,874.35
"1986-03-26",663.77,874.35
"1986-03-27",663.09,874.25
"1986-03-28",662.54,874.25
"1986-03-29",662.47,874.25
"1986-03-30",661.99,874.15
"1986-03-31",662.17,874.25
"1986-04-01",661.56,874.25
"1986-04-02",661.74,874.25
"1986-04-03",661.17,874.25
"1986-04-04",661.47,874.35
"1986-04-05",661.59,874.35
"1986-04-06",661.49,874.45
"1986-04-07",661.88,874.45
"1986-04-08",661.43,874.45
"1986-04-09",660.75,874.45
"1986-04-10",661.09,874.45
"1986-04-11",661.25,874.55
"1986-04-12",661.17,874.55
"1986-04-13",659.85,874.55
"1986-04-14",658.49,874.55
"1986-04-15",658.01,874.45
"1986-04-16",657.35,874.45
"1986-04-17",656.98,874.45
"1986-04-18",657.2,874.45
"1986-04-19",657.87,874.45
"1986-04-20",657.9,874.35
"1986-04-21",657.02,874.35
"1986-04-22",655.27,874.25
"1986-04-23",653.86,874.15
"1986-04-24",652.87,874.05
"1986-04-25",652.35,874.05
"1986-04-26",651.89,873.85
"1986-04-27",651.6,873.75
"1986-04-28",651.2,873.65
"1986-04-29",650.4,873.55
"1986-04-30",651.28,873.55
"1986-05-01",652.27,873.55
"1986-05-02",652.64,873.45
"1986-05-03",653.17,873.45
"1986-05-04",653.72,873.45
"1986-05-05",654.11,873.55
"1986-05-06",653.29,873.45
"1986-05-07",652.52,873.45
"1986-05-08",652.26,873.45
"1986-05-09",652.65,873.35
"1986-05-10",654.24,873.45
"1986-05-11",655.32,873.55
"1986-05-12",655.65,873.55
"1986-05-13",654.95,873.55
"1986-05-14",654.56,873.55
"1986-05-15",655.14,873.55
"1986-05-16",656.17,873.65
"1986-05-17",657.08,873.65
"1986-05-18",657.62,873.65
"1986-05-19",657.73,873.65
"1986-05-20",657.37,873.55
"1986-05-21",656.73,873.55
"1986-05-22",655.81,873.35
"1986-05-23",654.52,873.25
"1986-05-24",653.5,873.15
"1986-05-25",653.01,872.95
"1986-05-26",654.71,872.95
"1986-05-27",655.86,872.95
"1986-05-28",657.6,872.95
"1986-05-29",658.83,872.95
"1986-05-30",659.51,872.95
"1986-05-31",662.62,873.05
"1986-06-01",664.56,873.15
"1986-06-02",665.36,873.25
"1986-06-03",666.44,873.25
"1986-06-04",671.4,873.45
"1986-06-05",673.19,873.55
"1986-06-06",674.12,873.55
"1986-06-07",675.1,873.65
"1986-06-08",675.85,873.65
"1986-06-09",676.22,873.65
"1986-06-10",676.22,873.75
"1986-06-11",676.19,873.75
"1986-06-12",676.21,873.75
"1986-06-13",676.11,873.85
"1986-06-14",676.36,873.85
"1986-06-15",676.27,873.85
"1986-06-16",676.14,873.85
"1986-06-17",675.19,873.85
"1986-06-18",676.94,873.95
"1986-06-19",678.33,873.95
"1986-06-20",679.1,873.95
"1986-06-21",679.25,874.05
"1986-06-22",679.45,874.15
"1986-06-23",679.3,874.15
"1986-06-24",678.95,874.25
"1986-06-25",679.01,874.25
"1986-06-26",678.86,874.35
"1986-06-27",678.4,874.35
"1986-06-28",677.9,874.35
"1986-06-29",677.45,874.25
"1986-06-30",677,874.25
"1986-07-01",676.09,874.15
"1986-07-02",674.09,874.05
"1986-07-03",674.07,873.95
"1986-07-04",673.37,873.85
"1986-07-05",673.03,873.75
"1986-07-06",672.12,873.65
"1986-07-07",671.6,873.65
"1986-07-08",671.02,873.65
"1986-07-09",670.38,873.65
"1986-07-10",669.47,873.65
"1986-07-11",668.65,873.55
"1986-07-12",668.39,873.55
"1986-07-13",668.07,873.45
"1986-07-14",668.56,873.45
"1986-07-15",667.96,873.45
"1986-07-16",667.82,873.35
"1986-07-17",667.19,873.25
"1986-07-18",666.1,873.15
"1986-07-19",665.43,873.15
"1986-07-20",664.87,873.05
"1986-07-21",663.75,873.05
"1986-07-22",662.45,872.95
"1986-07-23",661.29,872.95
"1986-07-24",660.49,872.85
"1986-07-25",659.61,872.85
"1986-07-26",659.26,872.85
"1986-07-27",658.98,872.85
"1986-07-28",657.91,872.78
"1986-07-29",656.57,872.75
"1986-07-30",655.45,872.65
"1986-07-31",654.87,872.55
"1986-08-01",654.01,872.45
"1986-08-02",654.26,872.45
"1986-08-03",654.14,872.45
"1986-08-04",653.8,872.25
"1986-08-05",653.67,872.35
"1986-08-06",653.72,872.25
"1986-08-07",654.95,872.25
"1986-08-08",654.06,872.25
"1986-08-09",653.86,872.25
"1986-08-10",653.45,872.25
"1986-08-11",652.76,872.25
"1986-08-12",652.55,872.25
"1986-08-13",652.9,872.25
"1986-08-14",652.27,872.25
"1986-08-15",651.78,872.25
"1986-08-16",652.16,872.25
"1986-08-17",652.29,872.25
"1986-08-18",651.42,872.25
"1986-08-19",650.27,872.15
"1986-08-20",649.76,872.15
"1986-08-21",649.81,872.25
"1986-08-22",652.16,872.35
"1986-08-23",652.91,872.45
"1986-08-24",653.88,872.55
"1986-08-25",654.35,872.55
"1986-08-26",653.96,872.55
"1986-08-27",653.53,872.65
"1986-08-28",653.12,872.65
"1986-08-29",653.86,872.65
"1986-08-30",654.35,872.75
"1986-08-31",654.1,872.75
"1986-09-01",655.36,872.85
"1986-09-02",656.55,872.95
"1986-09-03",657.02,872.95
"1986-09-04",656.95,872.95
"1986-09-05",657.27,872.95
"1986-09-06",658.09,872.95
"1986-09-07",659.48,
"1986-09-08",660.35,
"1986-09-09",660.8,
"1986-09-10",661.17,
"1986-09-11",661.16,
"1986-09-12",661.18,
"1986-09-13",661.4,
"1986-09-14",661.26,
"1986-09-15",661.02,
"1986-09-16",660.51,
"1986-09-17",660.22,
"1986-09-18",659.91,
"1986-09-19",659.62,
"1986-09-20",660.01,
"1986-09-21",660.72,
"1986-09-22",660.91,
"1986-09-23",661.16,
"1986-09-24",660.87,
"1986-09-25",660.41,
"1986-09-26",659.95,
"1986-09-27",659.96,
"1986-09-28",659.92,
"1986-09-29",660.16,
"1986-09-30",659.99,873.05
"1986-10-01",659.83,873.05
"1986-10-02",659.45,873.15
"1986-10-03",659.28,873.15
"1986-10-04",659.2,873.15
"1986-10-05",659.2,873.15
"1986-10-06",659.87,873.15
"1986-10-07",661.95,873.35
"1986-10-08",662.56,873.45
"1986-10-09",663,873.55
"1986-10-10",663.32,873.55
"1986-10-11",665.01,873.65
"1986-10-12",668.19,873.75
"1986-10-13",669.04,874.05
"1986-10-14",669.96,874.05
"1986-10-15",670.75,874.15
"1986-10-16",671.16,874.15
"1986-10-17",671.55,874.25
"1986-10-18",671.82,874.25
"1986-10-19",672.03,874.35
"1986-10-20",671.95,874.35
"1986-10-21",672.09,874.45
"1986-10-22",672.37,874.55
"1986-10-23",673.16,874.65
"1986-10-24",673.76,874.75
"1986-10-25",674.15,874.85
"1986-10-26",674.67,874.85
"1986-10-27",674.86,874.95
"1986-10-28",674.75,875.05
"1986-10-29",675.04,875.05
"1986-10-30",674.88,875.15
"1986-10-31",674.98,875.25
"1986-11-01",675.13,875.75
"1986-11-02",675.07,875.35
"1986-11-03",675.02,875.35
"1986-11-04",675,875.45
"1986-11-05",675.05,875.55
"1986-11-06",675.02,875.65
"1986-11-07",675.15,875.65
"1986-11-08",675.23,875.65
"1986-11-09",675.34,875.75
"1986-11-10",675.29,875.75
"1986-11-11",675.26,875.75
"1986-11-12",675.22,875.85
"1986-11-13",675.19,875.85
"1986-11-14",675.15,875.95
"1986-11-15",675.36,875.95
"1986-11-16",675.51,876.15
"1986-11-17",675.23,876.15
"1986-11-18",674.96,876.15
"1986-11-19",675.02,876.25
"1986-11-20",674.8,876.25
"1986-11-21",674.74,876.25
"1986-11-22",674.96,876.25
"1986-11-23",675.12,876.35
"1986-11-24",675.15,876.45
"1986-11-25",675.19,876.45
"1986-11-26",675.32,876.45
"1986-11-27",675.51,876.45
"1986-11-28",675.83,876.55
"1986-11-29",675.91,876.55
"1986-11-30",675.94,876.65
"1986-12-01",675.82,876.65
"1986-12-02",675.51,876.75
"1986-12-03",675.3,876.75
"1986-12-04",675.17,876.65
"1986-12-05",675.2,876.65
"1986-12-06",675.27,876.75
"1986-12-07",675.55,876.75
"1986-12-08",675.55,876.85
"1986-12-09",675.38,876.85
"1986-12-10",675.31,876.95
"1986-12-11",675.56,876.95
"1986-12-12",675.5,876.95
"1986-12-13",675.6,876.95
"1986-12-14",675.88,877.15
"1986-12-15",676.36,877.15
"1986-12-16",676.74,877.15
"1986-12-17",677.19,877.25
"1986-12-18",677.43,877.25
"1986-12-19",677.6,877.25
"1986-12-20",677.97,877.25
"1986-12-21",678.32,877.35
"1986-12-22",680.24,877.45
"1986-12-23",682.34,877.55
"1986-12-24",682.83,877.55
"1986-12-25",684.19,877.55
"1986-12-26",684.59,877.65
"1986-12-27",684.98,877.65
"1986-12-28",685.23,877.65
"1986-12-29",685.5,877.75
"1986-12-30",685.56,877.75
"1986-12-31",685.59,877.85
"1987-01-01",685.59,877.85
"1987-01-02",685.88,877.95
"1987-01-03",685.91,877.95
"1987-01-04",685.84,877.95
"1987-01-05",685.68,878.05
"1987-01-06",685.54,878.15
"1987-01-07",685.29,878.15
"1987-01-08",685.27,878.25
"1987-01-09",685.41,878.25
"1987-01-10",685.26,878.25
"1987-01-11",685.27,878.25
"1987-01-12",685.24,878.35
"1987-01-13",685.12,878.45
"1987-01-14",685.04,878.45
"1987-01-15",684.91,878.55
"1987-01-16",684.81,878.55
"1987-01-17",684.96,878.55
"1987-01-18",685.03,878.65
"1987-01-19",684.83,878.65
"1987-01-20",684.65,878.55
"1987-01-21",684.61,878.65
"1987-01-22",684.56,878.75
"1987-01-23",684.49,878.85
"1987-01-24",684.66,878.85
"1987-01-25",684.51,878.85
"1987-01-26",684.29,878.85
"1987-01-27",684.12,878.85
"1987-01-28",684.08,878.95
"1987-01-29",684.05,878.95
"1987-01-30",683.87,878.95
"1987-01-31",683.96,879.05
"1987-02-01",684.08,879.05
"1987-02-02",683.89,879.05
"1987-02-03",683.52,879.05
"1987-02-04",683.47,879.05
"1987-02-05",683.35,879.15
"1987-02-06",683.44,879.15
"1987-02-07",683.57,879.25
"1987-02-08",683.61,879.25
"1987-02-09",683.45,879.25
"1987-02-10",683.19,879.35
"1987-02-11",683.18,879.35
"1987-02-12",683.02,879.45
"1987-02-13",683.03,879.45
"1987-02-14",683.08,879.55
"1987-02-15",683.24,879.45
"1987-02-16",683.29,879.45
"1987-02-17",682.98,879.45
"1987-02-18",682.94,879.55
"1987-02-19",682.79,879.55
"1987-02-20",682.79,879.55
"1987-02-21",683.02,879.55
"1987-02-22",683.12,879.55
"1987-02-23",683.01,879.55
"1987-02-24",683.06,879.65
"1987-02-25",683.36,879.75
"1987-02-26",683.79,879.85
"1987-02-27",684.74,879.95
"1987-02-28",685.49,879.95
"1987-03-01",685.95,880.05
"1987-03-02",686.18,880.05
"1987-03-03",686.19,880.05
"1987-03-04",686.33,880.15
"1987-03-05",686.21,880.15
"1987-03-06",686.19,880.25
"1987-03-07",686.19,880.25
"1987-03-08",686.18,880.35
"1987-03-09",685.98,880.35
"1987-03-10",685.65,880.35
"1987-03-11",685.76,880.35
"1987-03-12",685.81,880.45
"1987-03-13",685.77,880.45
"1987-03-14",685.93,880.55
"1987-03-15",685.92,880.55
"1987-03-16",685.89,880.75
"1987-03-17",685.84,880.85
"1987-03-18",685.75,880.85
"1987-03-19",685.49,880.95
"1987-03-20",685.47,880.95
"1987-03-21",685.33,881.05
"1987-03-22",685.42,881.05
"1987-03-23",685.37,881.05
"1987-03-24",685.26,881.15
"1987-03-25",685.04,881.15
"1987-03-26",684.91,881.15
"1987-03-27",684.88,881.25
"1987-03-28",684.68,881.15
"1987-03-29",684.56,881.25
"1987-03-30",684.51,881.25
"1987-03-31",684.29,881.25
"1987-04-01",683.97,881.25
"1987-04-02",683.58,881.35
"1987-04-03",683.61,
"1987-04-04",683.37,
"1987-04-05",683.49,
"1987-04-06",683.76,
"1987-04-07",683.66,
"1987-04-08",683.4,
"1987-04-09",683.06,
"1987-04-10",682.56,
"1987-04-11",682.25,
"1987-04-12",681.82,
"1987-04-13",681.51,
"1987-04-14",681.36,
"1987-04-15",681,
"1987-04-16",680.33,
"1987-04-17",679.61,
"1987-04-18",679.07,
"1987-04-19",678.68,
"1987-04-20",678.72,
"1987-04-21",678.22,
"1987-04-22",678.7,
"1987-04-23",678.52,
"1987-04-24",677.86,
"1987-04-25",678.52,
"1987-04-26",679.27,
"1987-04-27",679.17,881.35
"1987-04-28",678.77,
"1987-04-29",678.32,
"1987-04-30",677.97,
"1987-05-01",676.9,
"1987-05-02",677.14,
"1987-05-03",676.88,
"1987-05-04",677.29,
"1987-05-05",677.95,
"1987-05-06",678.1,881.55
"1987-05-07",678.61,881.55
"1987-05-08",678.7,881.55
"1987-05-09",679.03,881.55
"1987-05-10",679.02,881.55
"1987-05-11",678.87,881.65
"1987-05-12",678.57,881.65
"1987-05-13",678.14,881.65
"1987-05-14",678.26,881.65
"1987-05-15",678.47,881.85
"1987-05-16",678.78,881.85
"1987-05-17",679.11,881.95
"1987-05-18",678.89,881.95
"1987-05-19",678.6,881.95
"1987-05-20",679.56,882.05
"1987-05-21",679.78,882.15
"1987-05-22",680.03,882.15
"1987-05-23",680.23,882.25
"1987-05-24",680.42,882.35
"1987-05-25",680.37,882.35
"1987-05-26",680.07,882.35
"1987-05-27",679.76,882.35
"1987-05-28",679.48,882.45
"1987-05-29",680.91,883.55
"1987-05-30",682.21,884.15
"1987-05-31",683.87,884.65
"1987-06-01",685.07,884.95
"1987-06-02",686.92,885.25
"1987-06-03",688.61,885.95
"1987-06-04",690.28,886.65
"1987-06-05",691.56,886.95
"1987-06-06",692.42,887.05
"1987-06-07",693.21,887.15
"1987-06-08",693.7,887.35
"1987-06-09",694,887.45
"1987-06-10",694.76,887.75
"1987-06-11",696.32,887.85
"1987-06-12",697.24,888.35
"1987-06-13",698.07,888.75
"1987-06-14",698.82,888.95
"1987-06-15",699.1,889.05
"1987-06-16",699.17,889.05
"1987-06-17",699.23,889.05
"1987-06-18",698.92,889.05
"1987-06-19",698.85,888.95
"1987-06-20",698.82,888.85
"1987-06-21",698.6,888.95
"1987-06-22",698.4,888.95
"1987-06-23",697.53,888.95
"1987-06-24",696.43,888.95
"1987-06-25",695.94,888.95
"1987-06-26",694.96,888.95
"1987-06-27",694.89,888.85
"1987-06-28",694.61,888.75
"1987-06-29",693.95,888.75
"1987-06-30",693.23,888.75
"1987-07-01",692.46,888.65
"1987-07-02",691.51,888.55
"1987-07-03",690.7,888.45
"1987-07-04",689.99,888.25
"1987-07-05",689.78,888.25
"1987-07-06",689.15,888.15
"1987-07-07",688.29,888.15
"1987-07-08",687.94,888.05
"1987-07-09",687.96,888.05
"1987-07-10",688.62,888.05
"1987-07-11",688.73,887.95
"1987-07-12",688.73,887.95
"1987-07-13",688.35,887.85
"1987-07-14",687.64,887.85
"1987-07-15",687.94,887.85
"1987-07-16",688.51,887.85
"1987-07-17",688.71,887.95
"1987-07-18",689.01,887.85
"1987-07-19",688.99,887.75
"1987-07-20",688.57,887.75
"1987-07-21",688.11,887.75
"1987-07-22",688.46,887.75
"1987-07-23",688.4,887.75
"1987-07-24",688.39,887.65
"1987-07-25",688.52,887.75
"1987-07-26",688.54,887.75
"1987-07-27",688.6,887.95
"1987-07-28",688.51,887.95
"1987-07-29",688.21,887.95
"1987-07-30",687.7,887.95
"1987-07-31",687.29,887.75
"1987-08-01",686.89,887.75
"1987-08-02",686.65,887.75
"1987-08-03",685.94,887.75
"1987-08-04",685.39,887.65
"1987-08-05",684.77,887.55
"1987-08-06",684.24,887.45
"1987-08-07",683.68,887.35
"1987-08-08",683.48,887.35
"1987-08-09",683.24,887.25
"1987-08-10",682.79,887.38
"1987-08-11",682.18,887.35
"1987-08-12",681.6,887.35
"1987-08-13",681.28,887.25
"1987-08-14",680.73,887.15
"1987-08-15",680.55,887.15
"1987-08-16",680.33,887.15
"1987-08-17",679.91,887.15
"1987-08-18",679.29,887.65
"1987-08-19",678.63,887.05
"1987-08-20",678.43,886.95
"1987-08-21",678.53,886.95
"1987-08-22",678.42,887.05
"1987-08-23",678.52,887.05
"1987-08-24",678.19,887.15
"1987-08-25",677.75,887.05
"1987-08-26",677.49,887.05
"1987-08-27",677.38,886.95
"1987-08-28",678.41,887.25
"1987-08-29",679.54,887.35
"1987-08-30",680.74,887.45
"1987-08-31",681.36,887.45
"1987-09-01",681.77,887.45
"1987-09-02",682.11,887.55
"1987-09-03",682.02,887.55
"1987-09-04",681.78,887.55
"1987-09-05",681.71,887.45
"1987-09-06",681.52,887.65
"1987-09-07",681.67,887.65
"1987-09-08",682.13,887.55
"1987-09-09",682.78,887.55
"1987-09-10",683.09,887.55
"1987-09-11",683.09,887.65
"1987-09-12",683.57,887.65
"1987-09-13",683.66,887.65
"1987-09-14",683.45,887.65
"1987-09-15",683.16,887.65
"1987-09-16",682.4,887.65
"1987-09-17",682.8,887.65
"1987-09-18",682.45,887.65
"1987-09-19",683.39,887.65
"1987-09-20",683.56,887.65
"1987-09-21",,887.65
"1987-09-22",683.3,887.55
"1987-09-23",683.37,887.65
"1987-09-24",683.16,887.65
"1987-09-25",682.95,887.65
"1987-09-26",682.95,887.65
"1987-09-27",682.72,887.65
"1987-09-28",682.87,887.65
"1987-09-29",683.11,887.65
"1987-09-30",683.35,887.65
"1987-10-01",683.34,887.65
"1987-10-02",683.28,887.55
"1987-10-03",683.16,887.55
"1987-10-04",683.2,887.55
"1987-10-05",682.96,887.65
"1987-10-06",682.66,887.65
"1987-10-07",682.31,887.65
"1987-10-08",682.07,887.55
"1987-10-09",681.93,887.55
"1987-10-10",681.77,887.45
"1987-10-11",681.64,887.45
"1987-10-12",681.42,887.45
"1987-10-13",681.21,887.45
"1987-10-14",681.17,887.45
"1987-10-15",681.13,887.45
"1987-10-16",681.13,887.45
"1987-10-17",681.16,887.35
"1987-10-18",681.26,887.35
"1987-10-19",681.09,887.45
"1987-10-20",681.19,887.35
"1987-10-21",681.26,887.25
"1987-10-22",681.39,887.35
"1987-10-23",681.84,887.35
"1987-10-24",682.57,887.35
"1987-10-25",682.85,887.35
"1987-10-26",682.95,887.45
"1987-10-27",682.72,887.25
"1987-10-28",682.66,887.25
"1987-10-29",682.47,887.25
"1987-10-30",682.37,887.15
"1987-10-31",682.46,887.15
"1987-11-01",682.33,887.15
"1987-11-02",682.06,887.15
"1987-11-03",681.75,887.15
"1987-11-04",681.71,887.15
"1987-11-05",681.6,887.15
"1987-11-06",681.24,887.05
"1987-11-07",681.34,887.15
"1987-11-08",681.57,887.15
"1987-11-09",682.17,887.15
"1987-11-10",682.28,887.15
"1987-11-11",682.43,887.15
"1987-11-12",682.65,887.25
"1987-11-13",682.85,887.25
"1987-11-14",683.09,887.25
"1987-11-15",683.35,887.25
"1987-11-16",683.39,887.25
"1987-11-17",683.58,887.25
"1987-11-18",683.64,887.25
"1987-11-19",683.55,887.15
"1987-11-20",683.74,887.15
"1987-11-21",683.74,887.25
"1987-11-22",683.96,887.25
"1987-11-23",683.77,887.25
"1987-11-24",683.51,887.25
"1987-11-25",683.68,887.25
"1987-11-26",683.82,887.25
"1987-11-27",684.3,887.15
"1987-11-28",684.3,887.15
"1987-11-29",684.51,887.15
"1987-11-30",684.56,887.15
"1987-12-01",684.44,887.15
"1987-12-02",684.42,887.15
"1987-12-03",684.27,887.05
"1987-12-04",684.18,887.05
"1987-12-05",684.28,887.05
"1987-12-06",684.35,887.15
"1987-12-07",684.16,887.05
"1987-12-08",683.87,887.05
"1987-12-09",683.77,887.05
"1987-12-10",683.72,886.95
"1987-12-11",683.62,887.05
"1987-12-12",683.61,886.99
"1987-12-13",683.79,887.05
"1987-12-14",683.83,887.05
"1987-12-15",683.41,886.85
"1987-12-16",683.28,886.85
"1987-12-17",683.21,886.95
"1987-12-18",683.41,886.95
"1987-12-19",683.88,887.05
"1987-12-20",684.16,886.95
"1987-12-21",684.37,886.95
"1987-12-22",684.42,886.95
"1987-12-23",684.48,887.05
"1987-12-24",684.56,887.05
"1987-12-25",684.74,887.05
"1987-12-26",684.93,887.05
"1987-12-27",684.89,886.95
"1987-12-28",684.8,886.95
"1987-12-29",684.5,886.95
"1987-12-30",684.49,886.95
"1987-12-31",684.69,886.95
"1988-01-01",684.55,886.95
"1988-01-02",684.76,886.95
"1988-01-03",684.87,887.05
"1988-01-04",684.57,886.95
"1988-01-05",684.43,886.95
"1988-01-06",684.43,886.95
"1988-01-07",684.49,886.95
"1988-01-08",684.32,886.95
"1988-01-09",684.36,886.85
"1988-01-10",684.16,886.85
"1988-01-11",684.01,886.95
"1988-01-12",683.88,886.95
"1988-01-13",683.75,886.75
"1988-01-14",683.72,886.85
"1988-01-15",683.73,886.85
"1988-01-16",683.96,886.95
"1988-01-17",683.95,886.85
"1988-01-18",683.97,886.85
"1988-01-19",683.81,886.85
"1988-01-20",683.56,886.75
"1988-01-21",683.51,886.75
"1988-01-22",683.39,886.75
"1988-01-23",683.37,886.75
"1988-01-24",683.51,886.75
"1988-01-25",683.17,886.65
"1988-01-26",683.05,886.65
"1988-01-27",682.8,886.55
"1988-01-28",682.73,886.55
"1988-01-29",682.66,886.55
"1988-01-30",682.89,886.55
"1988-01-31",682.83,886.55
"1988-02-01",682.61,886.55
"1988-02-02",682.39,886.45
"1988-02-03",682.24,886.45
"1988-02-04",682.28,886.35
"1988-02-05",682.12,886.25
"1988-02-06",682.16,886.15
"1988-02-07",682.16,886.15
"1988-02-08",682.1,886.05
"1988-02-09",681.88,885.95
"1988-02-10",681.77,885.85
"1988-02-11",681.38,885.75
"1988-02-12",681.13,885.65
"1988-02-13",681.06,885.65
"1988-02-14",681.07,885.65
"1988-02-15",680.43,885.45
"1988-02-16",679.85,885.45
"1988-02-17",679.56,885.35
"1988-02-18",679.62,885.25
"1988-02-19",680.15,885.25
"1988-02-20",680.66,885.15
"1988-02-21",680.87,885.05
"1988-02-22",680.83,885.05
"1988-02-23",680.57,884.95
"1988-02-24",680.49,884.85
"1988-02-25",680.29,884.75
"1988-02-26",680.24,884.65
"1988-02-27",680.57,884.55
"1988-02-28",680.56,884.45
"1988-02-29",679.96,884.35
"1988-03-01",679.72,884.25
"1988-03-02",679.88,884.25
"1988-03-03",679.96,884.15
"1988-03-04",680.01,883.95
"1988-03-05",680,883.85
"1988-03-06",679.72,883.85
"1988-03-07",679.26,883.85
"1988-03-08",679.21,883.95
"1988-03-09",679.24,883.95
"1988-03-10",679.02,883.95
"1988-03-11",678.51,883.95
"1988-03-12",678.14,883.85
"1988-03-13",677.67,883.85
"1988-03-14",677.4,883.85
"1988-03-15",677.47,883.85
"1988-03-16",677.57,883.85
"1988-03-17",677.83,883.95
"1988-03-18",678.45,883.85
"1988-03-19",678.87,883.95
"1988-03-20",679.07,883.95
"1988-03-21",678.81,883.95
"1988-03-22",678.5,883.95
"1988-03-23",678.37,883.85
"1988-03-24",678.21,883.75
"1988-03-25",677.82,883.65
"1988-03-26",677.43,883.65
"1988-03-27",677.59,883.65
"1988-03-28",677.33,883.65
"1988-03-29",677.43,883.65
"1988-03-30",677.65,883.65
"1988-03-31",677.68,883.75
"1988-04-01",677.81,883.65
"1988-04-02",677.5,883.55
"1988-04-03",676.76,883.55
"1988-04-04",676.2,883.55
"1988-04-05",675.98,883.55
"1988-04-06",675.65,883.45
"1988-04-07",675.45,883.35
"1988-04-08",674.88,883.25
"1988-04-09",676.1,883.25
"1988-04-10",676.3,883.25
"1988-04-11",676.34,883.25
"1988-04-12",676.08,883.15
"1988-04-13",675.26,883.05
"1988-04-14",674.6,883.05
"1988-04-15",673.9,882.95
"1988-04-16",673.61,882.95
"1988-04-17",674.9,882.95
"1988-04-18",675.05,882.85
"1988-04-19",675.02,882.85
"1988-04-20",674.66,882.75
"1988-04-21",674.08,882.65
"1988-04-22",673.89,882.55
"1988-04-23",673.32,882.45
"1988-04-24",672.52,882.35
"1988-04-25",671.56,882.35
"1988-04-26",670.4,882.25
"1988-04-27",669.2,882.15
"1988-04-28",668.42,882.05
"1988-04-29",668.11,882.05
"1988-04-30",669.75,881.95
"1988-05-01",670.31,881.75
"1988-05-02",670.3,881.75
"1988-05-03",669.99,881.05
"1988-05-04",668.84,880.95
"1988-05-05",667.52,881.35
"1988-05-06",666.43,881.35
"1988-05-07",666.19,881.25
"1988-05-08",666.22,881.25
"1988-05-09",665.5,881.15
"1988-05-10",663.64,881.05
"1988-05-11",662.69,880.95
"1988-05-12",664.12,880.95
"1988-05-13",664.04,880.85
"1988-05-14",663.42,880.85
"1988-05-15",662.67,880.85
"1988-05-16",661.3,880.75
"1988-05-17",660.56,880.75
"1988-05-18",659.12,880.75
"1988-05-19",658.02,880.65
"1988-05-20",658.4,880.75
"1988-05-21",660.93,880.75
"1988-05-22",662.34,880.75
"1988-05-23",662.75,880.75
"1988-05-24",661.87,880.55
"1988-05-25",660.5,880.45
"1988-05-26",659.26,880.35
"1988-05-27",658.61,880.25
"1988-05-28",658.05,880.45
"1988-05-29",657.95,880.55
"1988-05-30",658.39,880.55
"1988-05-31",659.1,880.35
"1988-06-01",659.3,880.15
"1988-06-02",658.63,880.05
"1988-06-03",660.91,880.05
"1988-06-04",662.66,880.15
"1988-06-05",663.74,880.15
"1988-06-06",663.89,880.15
"1988-06-07",663.09,880.05
"1988-06-08",662.17,879.95
"1988-06-09",660.92,879.85
"1988-06-10",658.76,879.75
"1988-06-11",658.53,879.65
"1988-06-12",657.92,879.55
"1988-06-13",656.86,879.44
"1988-06-14",656.3,879.25
"1988-06-15",655.06,879.05
"1988-06-16",653.86,879.05
"1988-06-17",652.67,878.95
"1988-06-18",652.19,878.75
"1988-06-19",652.09,878.65
"1988-06-20",651.21,878.55
"1988-06-21",649.9,878.4
"1988-06-22",648.93,878.25
"1988-06-23",648.33,878.65
"1988-06-24",648.18,878.15
"1988-06-25",647.74,877.95
"1988-06-26",650.86,878.15
"1988-06-27",652.35,878.25
"1988-06-28",654.05,878.25
"1988-06-29",655.34,878.35
"1988-06-30",655.09,878.35
"1988-07-01",654.36,878.35
"1988-07-02",653.59,878.45
"1988-07-03",653.45,878.45
"1988-07-04",653.81,878.45
"1988-07-05",653.86,878.55
"1988-07-06",653.1,878.55
"1988-07-07",652.74,878.55
"1988-07-08",652.53,878.45
"1988-07-09",652.52,878.45
"1988-07-10",652.81,878.45
"1988-07-11",654.05,878.55
"1988-07-12",655.11,878.55
"1988-07-13",655.83,878.55
"1988-07-14",655.41,878.45
"1988-07-15",654.95,878.45
"1988-07-16",654.91,878.35
"1988-07-17",654.71,878.35
"1988-07-18",654.01,878.35
"1988-07-19",652.91,878.25
"1988-07-20",652.61,878.25
"1988-07-21",656.81,878.35
"1988-07-22",657.84,878.45
"1988-07-23",658.81,878.45
"1988-07-24",659.13,878.55
"1988-07-25",659.08,878.55
"1988-07-26",658.42,878.65
"1988-07-27",657.77,878.65
"1988-07-28",658.17,878.65
"1988-07-29",658.51,878.75
"1988-07-30",658.81,878.75
"1988-07-31",659.41,878.85
"1988-08-01",659.69,878.95
"1988-08-02",660.51,878.95
"1988-08-03",660.49,878.85
"1988-08-04",660.71,878.95
"1988-08-05",660.93,878.95
"1988-08-06",660.89,878.85
"1988-08-07",660.57,878.85
"1988-08-08",659.51,878.85
"1988-08-09",658.17,878.75
"1988-08-10",657.51,878.75
"1988-08-11",656.61,878.75
"1988-08-12",655.77,878.65
"1988-08-13",655.57,878.65
"1988-08-14",655.24,878.65
"1988-08-15",655.25,878.65
"1988-08-16",655.57,879.65
"1988-08-17",655.18,878.75
"1988-08-18",654.96,878.75
"1988-08-19",655.45,878.85
"1988-08-20",655.46,878.85
"1988-08-21",654.91,878.85
"1988-08-22",653.96,878.85
"1988-08-23",653.05,878.75
"1988-08-24",652.23,878.75
"1988-08-25",652.71,878.75
"1988-08-26",653.67,878.85
"1988-08-27",653.63,878.75
"1988-08-28",653.25,878.75
"1988-08-29",652.34,878.75
"1988-08-30",652.6,878.75
"1988-08-31",652.18,878.75
"1988-09-01",651.81,878.75
"1988-09-02",651.93,878.85
"1988-09-03",653.28,878.95
"1988-09-04",653.69,878.95
"1988-09-05",653.76,878.95
"1988-09-06",652.45,878.95
"1988-09-07",651.92,878.95
"1988-09-08",651.6,878.95
"1988-09-09",651.23,878.85
"1988-09-10",651.37,878.85
"1988-09-11",650.8,878.85
"1988-09-12",650.23,878.85
"1988-09-13",650.93,878.75
"1988-09-14",651.13,878.75
"1988-09-15",651.36,878.75
"1988-09-16",653.64,878.85
"1988-09-17",655.43,879.15
"1988-09-18",656.65,879.15
"1988-09-19",657.25,879.15
"1988-09-20",657.31,879.25
"1988-09-21",657.63,879.25
"1988-09-22",657.55,879.25
"1988-09-23",657.25,879.35
"1988-09-24",657.45,879.35
"1988-09-25",657.42,879.35
"1988-09-26",656.57,879.45
"1988-09-27",656.01,879.35
"1988-09-28",655.78,879.35
"1988-09-29",655.84,879.45
"1988-09-30",656.99,879.45
"1988-10-01",657.76,879.55
"1988-10-02",657.49,879.45
"1988-10-03",657.45,879.45
"1988-10-04",657.48,879.45
"1988-10-05",656.96,879.42
"1988-10-06",656.66,879.45
"1988-10-07",656.54,879.35
"1988-10-08",656.71,879.39
"1988-10-09",656.56,879.45
"1988-10-10",656.7,879.45
"1988-10-11",656.93,879.45
"1988-10-12",656.96,879.45
"1988-10-13",656.7,879.45
"1988-10-14",656.36,879.45
"1988-10-15",656.57,879.45
"1988-10-16",656.26,879.35
"1988-10-17",655.96,879.35
"1988-10-18",655.45,879.35
"1988-10-19",655.2,879.35
"1988-10-20",655.13,879.25
"1988-10-21",654.85,879.25
"1988-10-22",655.32,879.25
"1988-10-23",655.42,879.25
"1988-10-24",655.4,879.25
"1988-10-25",655.9,879.25
"1988-10-26",655.85,879.25
"1988-10-27",656.05,879.25
"1988-10-28",655.59,879.25
"1988-10-29",656.23,879.25
"1988-10-30",657.05,879.35
"1988-10-31",657.25,879.35
"1988-11-01",658.2,879.35
"1988-11-02",658.45,879.4
"1988-11-03",658.8,879.4
"1988-11-04",658.89,879.35
"1988-11-05",658.37,879.25
"1988-11-06",658.25,879.35
"1988-11-07",658.18,879.25
"1988-11-08",657.74,879.35
"1988-11-09",657.63,879.35
"1988-11-10",657.63,879.25
"1988-11-11",657.38,879.35
"1988-11-12",657.86,879.35
"1988-11-13",657.74,879.35
"1988-11-14",657.18,879.35
"1988-11-15",657.38,879.45
"1988-11-16",657.32,879.35
"1988-11-17",657.64,879.35
"1988-11-18",657.87,879.45
"1988-11-19",658.66,879.45
"1988-11-20",658.71,879.35
"1988-11-21",658.6,879.35
"1988-11-22",658.55,879.35
"1988-11-23",658.51,879.35
"1988-11-24",658.57,879.35
"1988-11-25",659.09,879.35
"1988-11-26",659.15,879.35
"1988-11-27",658.56,879.25
"1988-11-28",658.47,879.25
"1988-11-29",658.41,879.25
"1988-11-30",658.11,879.25
"1988-12-01",658.05,879.25
"1988-12-02",657.91,879.25
"1988-12-03",658.12,879.25
"1988-12-04",657.94,879.25
"1988-12-05",657.79,879.15
"1988-12-06",657.94,879.15
"1988-12-07",658.32,879.15
"1988-12-08",658.19,879.25
"1988-12-09",658.85,879.15
"1988-12-10",659.45,879.25
"1988-12-11",660.3,879.25
"1988-12-12",660.17,879.15
"1988-12-13",660.02,879.15
"1988-12-14",660.21,879.25
"1988-12-15",660.07,879.15
"1988-12-16",659.99,879.15
"1988-12-17",660.41,879.15
"1988-12-18",660.54,879.05
"1988-12-19",660.63,879.15
"1988-12-20",660.37,879.05
"1988-12-21",660.11,879.05
"1988-12-22",660.06,879.05
"1988-12-23",659.92,879.05
"1988-12-24",660.19,879.05
"1988-12-25",660.57,879.05
"1988-12-26",661.23,879.05
"1988-12-27",660.72,879.05
"1988-12-28",660.59,878.95
"1988-12-29",660.57,879.05
"1988-12-30",660.77,879.05
"1988-12-31",661.22,879.05
"1989-01-01",661.31,879.05
"1989-01-02",661.68,879.05
"1989-01-03",661.16,878.95
"1989-01-04",660.7,878.95
"1989-01-05",660.96,878.95
"1989-01-06",660.44,878.95
"1989-01-07",660.23,878.95
"1989-01-08",659.99,878.85
"1989-01-09",660.1,878.85
"1989-01-10",660.16,878.85
"1989-01-11",659.99,878.75
"1989-01-12",659.72,878.85
"1989-01-13",660.11,878.85
"1989-01-14",660.73,878.85
"1989-01-15",660.87,878.85
"1989-01-16",660.72,878.75
"1989-01-17",660.32,878.75
"1989-01-18",660.3,878.75
"1989-01-19",660.1,878.75
"1989-01-20",660.36,878.85
"1989-01-21",660.73,878.85
"1989-01-22",660.69,878.85
"1989-01-23",660.96,878.85
"1989-01-24",660.49,878.85
"1989-01-25",660.39,878.85
"1989-01-26",660.49,878.85
"1989-01-27",660.67,878.85
"1989-01-28",661.45,878.85
"1989-01-29",662.11,878.85
"1989-01-30",662.98,878.85
"1989-01-31",663.06,878.85
"1989-02-01",663.46,878.85
"1989-02-02",663.53,878.85
"1989-02-03",663.46,878.85
"1989-02-04",663.16,878.85
"1989-02-05",662.93,878.85
"1989-02-06",662.57,
"1989-02-07",661.84,
"1989-02-08",661.34,878.75
"1989-02-09",661.44,878.75
"1989-02-10",661.56,878.75
"1989-02-11",662.34,878.75
"1989-02-12",662.66,878.75
"1989-02-13",662.84,878.75
"1989-02-14",662.56,878.75
"1989-02-15",662.47,878.75
"1989-02-16",662.55,878.75
"1989-02-17",662.9,878.75
"1989-02-18",663.45,878.75
"1989-02-19",663.69,878.75
"1989-02-20",663.9,878.75
"1989-02-21",663.61,878.75
"1989-02-22",663.37,878.75
"1989-02-23",663.19,878.65
"1989-02-24",663.1,878.65
"1989-02-25",663.37,878.55
"1989-02-26",663.32,878.55
"1989-02-27",662.68,878.55
"1989-02-28",662.42,878.55
"1989-03-01",662.67,878.55
"1989-03-02",663.14,878.45
"1989-03-03",662.96,878.45
"1989-03-04",663.27,878.35
"1989-03-05",663.24,878.35
"1989-03-06",662.93,878.35
"1989-03-07",662.64,878.25
"1989-03-08",662.53,878.15
"1989-03-09",662.18,878.15
"1989-03-10",661.65,878.15
"1989-03-11",661.15,878.05
"1989-03-12",660.58,878.05
"1989-03-13",659.6,878.05
"1989-03-14",659.08,877.95
"1989-03-15",658.46,877.95
"1989-03-16",658.36,877.95
"1989-03-17",658.06,877.95
"1989-03-18",657.91,877.95
"1989-03-19",657.37,877.85
"1989-03-20",657.6,877.95
"1989-03-21",658.74,877.85
"1989-03-22",659.42,877.75
"1989-03-23",659.52,877.75
"1989-03-24",659.2,877.75
"1989-03-25",659.23,877.65
"1989-03-26",659.56,877.65
"1989-03-27",659.89,877.65
"1989-03-28",659.86,877.65
"1989-03-29",660.59,877.65
"1989-03-30",660.3,877.75
"1989-03-31",659.56,877.65
"1989-04-01",659.62,877.55
"1989-04-02",658.86,877.55
"1989-04-03",657.7,877.55
"1989-04-04",656.9,877.45
"1989-04-05",656.48,877.35
"1989-04-06",656.15,877.35
"1989-04-07",655.19,877.35
"1989-04-08",654.88,877.25
"1989-04-09",654.11,877.25
"1989-04-10",654.64,877.25
"1989-04-11",655.04,877.15
"1989-04-12",655.2,877.25
"1989-04-13",656.47,877.25
"1989-04-14",657.31,877.25
"1989-04-15",657.94,877.25
"1989-04-16",658.31,877.25
"1989-04-17",657.94,877.15
"1989-04-18",656.99,877.05
"1989-04-19",657.26,876.95
"1989-04-20",658.15,876.95
"1989-04-21",658.51,876.85
"1989-04-22",658.71,876.75
"1989-04-23",658.5,876.55
"1989-04-24",657.78,876.45
"1989-04-25",656.71,876.35
"1989-04-26",656.46,876.25
"1989-04-27",656.13,876.25
"1989-04-28",655.5,876.25
"1989-04-29",655.54,876.25
"1989-04-30",655.97,876.25
"1989-05-01",656.33,876.25
"1989-05-02",655.53,876.15
"1989-05-03",654.88,876.15
"1989-05-04",654.15,876.15
"1989-05-05",652.58,876.15
"1989-05-06",652.56,876.15
"1989-05-07",651.23,875.95
"1989-05-08",649.93,875.75
"1989-05-09",648.65,875.65
"1989-05-10",647.23,875.55
"1989-05-11",648.12,875.45
"1989-05-12",647.48,875.45
"1989-05-13",647.57,875.35
"1989-05-14",647.72,875.25
"1989-05-15",647.28,875.25
"1989-05-16",646.55,875.05
"1989-05-17",646.35,875.05
"1989-05-18",646.73,875.05
"1989-05-19",645.17,874.95
"1989-05-20",643.8,874.85
"1989-05-21",642.5,874.75
"1989-05-22",641.75,874.65
"1989-05-23",640.01,874.55
"1989-05-24",638.55,874.35
"1989-05-25",637.66,874.25
"1989-05-26",637.04,874.15
"1989-05-27",635.54,873.95
"1989-05-28",635.38,873.75
"1989-05-29",635.25,873.65
"1989-05-30",634.03,873.45
"1989-05-31",633.58,873.25
"1989-06-01",632.63,873.05
"1989-06-02",632.16,872.95
"1989-06-03",632.04,872.85
"1989-06-04",632.44,872.65
"1989-06-05",632.03,872.55
"1989-06-06",630.77,872.35
"1989-06-07",630.25,872.15
"1989-06-08",630.3,871.95
"1989-06-09",628.47,871.75
"1989-06-10",629.22,871.65
"1989-06-11",630.97,871.45
"1989-06-12",633.24,871.35
"1989-06-13",633.98,871.15
"1989-06-14",636.61,871.05
"1989-06-15",637.9,871.05
"1989-06-16",638.55,870.85
"1989-06-17",638.78,870.68
"1989-06-18",638.58,870.55
"1989-06-19",638.11,870.45
"1989-06-20",637,870.35
"1989-06-21",635.81,870.15
"1989-06-22",634.91,870.05
"1989-06-23",634.34,869.85
"1989-06-24",635.2,869.75
"1989-06-25",635.97,869.65
"1989-06-26",636.67,869.55
"1989-06-27",636.66,869.45
"1989-06-28",635.86,869.25
"1989-06-29",634.52,869.25
"1989-06-30",633.71,869.05
"1989-07-01",633.65,868.95
"1989-07-02",633.18,868.85
"1989-07-03",632.59,868.75
"1989-07-04",632.81,868.65
"1989-07-05",632.37,868.65
"1989-07-06",631.96,868.45
"1989-07-07",631.45,868.45
"1989-07-08",631.5,868.35
"1989-07-09",631.33,868.25
"1989-07-10",630.92,868.25
"1989-07-11",630.49,868.15
"1989-07-12",630.39,868.05
"1989-07-13",629.77,867.95
"1989-07-14",629.45,867.95
"1989-07-15",629.71,867.85
"1989-07-16",629.17,867.75
"1989-07-17",628.88,867.75
"1989-07-18",628.68,867.75
"1989-07-19",628.11,867.65
"1989-07-20",627.81,867.55
"1989-07-21",627.51,867.55
"1989-07-22",628.02,867.45
"1989-07-23",628.84,867.45
"1989-07-24",630.23,867.45
"1989-07-25",631.65,867.35
"1989-07-26",632.27,867.25
"1989-07-27",631.91,867.25
"1989-07-28",631.95,867.15
"1989-07-29",632.06,867.05
"1989-07-30",631.67,867.15
"1989-07-31",630.95,867.15
"1989-08-01",629.85,867.05
"1989-08-02",630.31,867.05
"1989-08-03",630.01,867.05
"1989-08-04",629.21,867.05
"1989-08-05",629.17,867.05
"1989-08-06",628.93,867.05
"1989-08-07",628.26,867.05
"1989-08-08",630.36,867.35
"1989-08-09",631.47,867.45
"1989-08-10",631.56,867.45
"1989-08-11",631.29,867.55
"1989-08-12",631.11,867.55
"1989-08-13",631.05,867.65
"1989-08-14",630.51,867.65
"1989-08-15",631,867.75
"1989-08-16",630.27,867.75
"1989-08-17",629.88,867.75
"1989-08-18",629.31,867.85
"1989-08-19",629.96,867.85
"1989-08-20",629.89,867.85
"1989-08-21",629.02,867.85
"1989-08-22",628.79,867.95
"1989-08-23",628.34,867.95
"1989-08-24",627.66,867.95
"1989-08-25",628.77,867.95
"1989-08-26",629.46,868.05
"1989-08-27",629.21,868.05
"1989-08-28",628.54,868.05
"1989-08-29",628.16,868.05
"1989-08-30",627.92,867.95
"1989-08-31",627.94,867.95
"1989-09-01",627.42,867.85
"1989-09-02",627.67,867.85
"1989-09-03",627.38,867.85
"1989-09-04",627.95,867.85
"1989-09-05",626.98,867.75
"1989-09-06",627.26,867.75
"1989-09-07",629.84,867.75
"1989-09-08",630.55,867.85
"1989-09-09",630.64,867.85
"1989-09-10",630.4,867.85
"1989-09-11",630.21,867.85
"1989-09-12",631.16,867.85
"1989-09-13",631.46,867.85
"1989-09-14",632.58,867.85
"1989-09-15",633.01,867.85
"1989-09-16",633.16,867.75
"1989-09-17",632.84,867.75
"1989-09-18",632.26,867.75
"1989-09-19",631.75,867.75
"1989-09-20",631.43,867.65
"1989-09-21",631.24,867.65
"1989-09-22",631.17,867.65
"1989-09-23",631.49,867.65
"1989-09-24",632.06,867.55
"1989-09-25",631.55,867.55
"1989-09-26",631.82,867.55
"1989-09-27",631.35,867.45
"1989-09-28",631.22,867.45
"1989-09-29",630.72,867.45
"1989-09-30",631.12,867.35
"1989-10-01",630.99,867.35
"1989-10-02",630.28,867.35
"1989-10-03",629.88,867.25
"1989-10-04",629.68,867.25
"1989-10-05",630.4,867.15
"1989-10-06",630.51,867.05
"1989-10-07",633.36,867.25
"1989-10-08",634.35,867.25
"1989-10-09",634.74,867.25
"1989-10-10",634.52,867.35
"1989-10-11",634.1,867.25
"1989-10-12",633.7,867.15
"1989-10-13",633.61,867.25
"1989-10-14",633.87,867.15
"1989-10-15",633.94,867.15
"1989-10-16",633.81,867.15
"1989-10-17",633.48,867.05
"1989-10-18",633.89,867.05
"1989-10-19",634.27,867.05
"1989-10-20",634.42,867.05
"1989-10-21",634.77,867.05
"1989-10-22",634.65,866.95
"1989-10-23",634.01,866.95
"1989-10-24",633.54,866.85
"1989-10-25",633.61,866.85
"1989-10-26",633.8,866.75
"1989-10-27",634.25,866.75
"1989-10-28",636.77,866.95
"1989-10-29",637.22,866.95
"1989-10-30",638.21,867.05
"1989-10-31",639.24,867.05
"1989-11-01",639.92,867.15
"1989-11-02",640.21,867.05
"1989-11-03",640.35,867.05
"1989-11-04",640.53,867.15
"1989-11-05",640.74,867.15
"1989-11-06",640.52,867.15
"1989-11-07",640.3,867.15
"1989-11-08",640.27,867.15
"1989-11-09",640.28,867.15
"1989-11-10",640.11,867.15
"1989-11-11",640.34,867.15
"1989-11-12",640.56,867.15
"1989-11-13",640.51,867.15
"1989-11-14",641.53,867.05
"1989-11-15",641.6,867.05
"1989-11-16",641.32,867.05
"1989-11-17",641.71,867.05
"1989-11-18",642.15,866.95
"1989-11-19",642.66,867.05
"1989-11-20",642.76,866.95
"1989-11-21",642.84,866.95
"1989-11-22",643.14,866.95
"1989-11-23",643.7,866.95
"1989-11-24",644.62,866.95
"1989-11-25",644.75,866.95
"1989-11-26",644.75,866.95
"1989-11-27",644.59,866.95
"1989-11-28",644.16,866.95
"1989-11-29",643.9,866.95
"1989-11-30",644.08,866.95
"1989-12-01",644.69,867.05
"1989-12-02",645.02,867.05
"1989-12-03",645.44,867.05
"1989-12-04",645.45,867.05
"1989-12-05",645.37,867.05
"1989-12-06",645.46,867.05
"1989-12-07",645.27,867.05
"1989-12-08",645.07,867.05
"1989-12-09",645.24,867.05
"1989-12-10",645.5,867.05
"1989-12-11",645.38,867.05
"1989-12-12",644.92,866.95
"1989-12-13",644.9,866.95
"1989-12-14",644.97,866.95
"1989-12-15",645.12,866.95
"1989-12-16",644.9,866.95
"1989-12-17",644.44,866.95
"1989-12-18",644.4,866.95
"1989-12-19",644.54,866.85
"1989-12-20",644.45,866.85
"1989-12-21",644.55,866.85
"1989-12-22",643.46,866.85
"1989-12-23",642.83,866.85
"1989-12-24",640.99,866.75
"1989-12-25",639.91,866.71
"1989-12-26",640.7,866.65
"1989-12-27",641.69,866.65
"1989-12-28",642.28,866.65
"1989-12-29",642.82,866.65
"1989-12-30",643.59,866.65
"1989-12-31",643.97,866.65
"1990-01-01",643.9,866.65
"1990-01-02",644.09,866.65
"1990-01-03",644.07,866.55
"1990-01-04",644.19,866.55
"1990-01-05",644.37,866.55
"1990-01-06",644.81,866.55
"1990-01-07",645.46,866.55
"1990-01-08",645.26,866.55
"1990-01-09",645.34,866.55
"1990-01-10",645.17,866.65
"1990-01-11",645.22,866.55
"1990-01-12",645.06,866.55
"1990-01-13",645.32,866.45
"1990-01-14",645.51,866.45
"1990-01-15",645.5,866.45
"1990-01-16",645.31,866.45
"1990-01-17",645.45,866.45
"1990-01-18",645.35,866.45
"1990-01-19",645.5,866.45
"1990-01-20",645.57,866.45
"1990-01-21",645.52,866.45
"1990-01-22",645.44,866.45
"1990-01-23",645.17,866.45
"1990-01-24",645.2,866.45
"1990-01-25",644.67,866.35
"1990-01-26",644.43,866.35
"1990-01-27",644.75,866.35
"1990-01-28",644.27,866.25
"1990-01-29",644.63,866.25
"1990-01-30",644.2,866.25
"1990-01-31",643.58,866.15
"1990-02-01",643.74,866.15
"1990-02-02",644.17,866.15
"1990-02-03",644.68,866.15
"1990-02-04",644.64,866.55
"1990-02-05",644.46,865.95
"1990-02-06",644.05,865.95
"1990-02-07",643.54,865.85
"1990-02-08",643.03,865.75
"1990-02-09",642.55,865.65
"1990-02-10",642.48,865.55
"1990-02-11",642.46,865.35
"1990-02-12",641.95,865.25
"1990-02-13",641.9,865.15
"1990-02-14",641.74,865.05
"1990-02-15",641.88,864.95
"1990-02-16",641.81,864.85
"1990-02-17",642.06,864.65
"1990-02-18",642.51,864.55
"1990-02-19",642.78,864.45
"1990-02-20",642.35,864.35
"1990-02-21",642.9,864.45
"1990-02-22",643.61,864.55
"1990-02-23",643.69,864.45
"1990-02-24",643.91,864.45
"1990-02-25",643.91,864.45
"1990-02-26",643.67,864.45
"1990-02-27",643.63,864.45
"1990-02-28",644.18,864.45
"1990-03-01",645.71,864.45
"1990-03-02",646.42,864.45
"1990-03-03",647.16,864.45
"1990-03-04",647.51,864.45
"1990-03-05",647.27,864.45
"1990-03-06",647.27,864.45
"1990-03-07",647.37,864.45
"1990-03-08",647.37,864.45
"1990-03-09",647.38,864.55
"1990-03-10",647.75,864.55
"1990-03-11",647.83,864.55
"1990-03-12",647.7,864.65
"1990-03-13",647.6,864.65
"1990-03-14",649.86,864.75
"1990-03-15",650.84,864.75
"1990-03-16",651.46,864.65
"1990-03-17",652.1,864.75
"1990-03-18",652.18,864.85
"1990-03-19",651.89,864.85
"1990-03-20",651.73,864.95
"1990-03-21",652.31,864.95
"1990-03-22",653.03,864.95
"1990-03-23",652.87,865.05
"1990-03-24",653.09,865.05
"1990-03-25",652.51,865.05
"1990-03-26",652.4,865.15
"1990-03-27",652.16,865.25
"1990-03-28",651.97,865.25
"1990-03-29",651.71,865.25
"1990-03-30",651.36,865.35
"1990-03-31",652.61,865.35
"1990-04-01",653.13,865.45
"1990-04-02",653.28,865.55
"1990-04-03",653.18,865.55
"1990-04-04",653.24,865.55
"1990-04-05",652.86,865.65
"1990-04-06",652.67,865.65
"1990-04-07",652.75,865.65
"1990-04-08",652.38,865.75
"1990-04-09",652.54,865.75
"1990-04-10",652.58,865.75
"1990-04-11",652.33,865.75
"1990-04-12",652.16,865.85
"1990-04-13",652.14,865.85
"1990-04-14",652.38,865.91
"1990-04-15",652.16,865.89
"1990-04-16",652.13,866.05
"1990-04-17",651.61,866.05
"1990-04-18",651.59,866.15
"1990-04-19",651.41,866.15
"1990-04-20",651.5,866.25
"1990-04-21",650.88,866.25
"1990-04-22",650.65,866.25
"1990-04-23",649.76,866.25
"1990-04-24",649.96,866.35
"1990-04-25",650.24,866.45
"1990-04-26",653.3,866.55
"1990-04-27",654.39,866.65
"1990-04-28",654.76,866.65
"1990-04-29",655.17,866.65
"1990-04-30",654.68,866.75
"1990-05-01",654.64,866.75
"1990-05-02",654.39,866.85
"1990-05-03",655.27,866.95
"1990-05-04",656.71,866.95
"1990-05-05",657.74,867.05
"1990-05-06",658.11,867.05
"1990-05-07",657.89,867.15
"1990-05-08",657.75,867.25
"1990-05-09",657.25,867.35
"1990-05-10",656.61,867.35
"1990-05-11",656.46,867.35
"1990-05-12",656.46,867.45
"1990-05-13",655.9,867.45
"1990-05-14",654.87,867.45
"1990-05-15",653.74,867.45
"1990-05-16",652.46,867.35
"1990-05-17",650.85,867.25
"1990-05-18",650.72,867.15
"1990-05-19",651.05,867.15
"1990-05-20",649.93,867.05
"1990-05-21",648.37,866.95
"1990-05-22",646.32,867.05
"1990-05-23",648.01,867.05
"1990-05-24",647.81,867.05
"1990-05-25",646.66,867.15
"1990-05-26",646.22,867.15
"1990-05-27",645.74,867.15
"1990-05-28",644.66,867.25
"1990-05-29",643.56,867.25
"1990-05-30",643.21,867.25
"1990-05-31",642.67,867.15
"1990-06-01",641.52,867.05
"1990-06-02",640.27,866.95
"1990-06-03",639.16,866.85
"1990-06-04",638.07,866.75
"1990-06-05",637.76,866.65
"1990-06-06",636.52,866.55
"1990-06-07",635.15,866.35
"1990-06-08",632.71,866.15
"1990-06-09",632.73,866.05
"1990-06-10",633.04,865.85
"1990-06-11",632.22,865.75
"1990-06-12",632.12,865.65
"1990-06-13",631.16,865.35
"1990-06-14",630.29,865.15
"1990-06-15",,864.95
"1990-06-16",,864.85
"1990-06-17",,864.65
"1990-06-18",628,864.45
"1990-06-19",626.86,864.35
"1990-06-20",626.21,864.15
"1990-06-21",625.84,864.05
"1990-06-22",625.53,863.85
"1990-06-23",625.31,863.75
"1990-06-24",625.03,863.55
"1990-06-25",624.65,863.45
"1990-06-26",623.91,863.35
"1990-06-27",623.44,863.15
"1990-06-28",622.96,863.05
"1990-06-29",622.66,862.85
"1990-06-30",623.03,862.65
"1990-07-01",625.4,862.55
"1990-07-02",626,862.45
"1990-07-03",625.4,862.35
"1990-07-04",625,862.25
"1990-07-05",625.1,862.15
"1990-07-06",625,862.05
"1990-07-07",626.2,861.95
"1990-07-08",627.1,861.95
"1990-07-09",627.3,861.85
"1990-07-10",626.7,861.85
"1990-07-11",626.1,861.75
"1990-07-12",626.1,861.65
"1990-07-13",627.3,861.55
"1990-07-14",627.5,861.55
"1990-07-15",629.7,861.65
"1990-07-16",635.2,862.05
"1990-07-17",639.9,862.25
"1990-07-18",640.9,862.55
"1990-07-19",641.86,862.75
"1990-07-20",643.57,862.95
"1990-07-21",644.67,863.15
"1990-07-22",645.48,863.35
"1990-07-23",645.87,863.55
"1990-07-24",646.14,863.75
"1990-07-25",646.51,863.95
"1990-07-26",646.56,864.05
"1990-07-27",646.1,864.25
"1990-07-28",646.26,864.35
"1990-07-29",646.35,864.55
"1990-07-30",645.92,864.75
"1990-07-31",646.24,864.85
"1990-08-01",646.18,865.05
"1990-08-02",646.01,865.05
"1990-08-03",646.97,865.25
"1990-08-04",647.4,865.45
"1990-08-05",646.92,865.55
"1990-08-06",646.66,865.65
"1990-08-07",646.16,865.85
"1990-08-08",645.86,865.95
"1990-08-09",645.33,866.05
"1990-08-10",645.42,866.15
"1990-08-11",644.73,866.25
"1990-08-12",644.47,866.35
"1990-08-13",644.06,866.45
"1990-08-14",643.36,866.55
"1990-08-15",643.04,866.65
"1990-08-16",642.94,866.75
"1990-08-17",642.6,866.75
"1990-08-18",642.58,866.85
"1990-08-19",642.69,866.95
"1990-08-20",642.29,867.01
"1990-08-21",641.74,867.05
"1990-08-22",641.31,867.15
"1990-08-23",640.86,867.15
"1990-08-24",640.64,867.25
"1990-08-25",640.66,867.25
"1990-08-26",640.41,867.35
"1990-08-27",639.72,867.35
"1990-08-28",639.58,867.45
"1990-08-29",639.92,867.45
"1990-08-30",639.37,867.45
"1990-08-31",638.91,867.55
"1990-09-01",640.18,867.65
"1990-09-02",642.03,867.85
"1990-09-03",642.67,868.05
"1990-09-04",642.96,868.15
"1990-09-05",643.03,868.15
"1990-09-06",642.75,868.25
"1990-09-07",642.24,868.35
"1990-09-08",642.22,868.35
"1990-09-09",641.86,868.45
"1990-09-10",643.26,868.25
"1990-09-11",644.21,868.65
"1990-09-12",645.08,868.75
"1990-09-13",646.05,868.85
"1990-09-14",646.27,868.95
"1990-09-15",646.32,869.15
"1990-09-16",646.56,869.24
"1990-09-17",646.37,869.25
"1990-09-18",645.81,869.35
"1990-09-19",645.55,869.55
"1990-09-20",646.4,869.65
"1990-09-21",646.54,869.65
"1990-09-22",646.64,869.75
"1990-09-23",647.11,869.85
"1990-09-24",647.08,869.95
"1990-09-25",646.96,869.95
"1990-09-26",646.76,870.05
"1990-09-27",646.44,870.05
"1990-09-28",646.04,870.15
"1990-09-29",646.05,870.15
"1990-09-30",644.85,870.25
"1990-10-01",645.4,870.25
"1990-10-02",645.4,870.25
"1990-10-03",645.5,870.35
"1990-10-04",645.5,870.35
"1990-10-05",644.8,870.45
"1990-10-06",645.2,870.35
"1990-10-07",645.2,870.55
"1990-10-08",644.6,870.55
"1990-10-09",646.79,870.65
"1990-10-10",647.46,870.75
"1990-10-11",648.2,870.75
"1990-10-12",648.37,870.85
"1990-10-13",648.64,870.85
"1990-10-14",648.91,870.85
"1990-10-15",648.41,870.95
"1990-10-16",648.18,870.95
"1990-10-17",648.16,870.95
"1990-10-18",648.17,870.95
"1990-10-19",648.14,871.05
"1990-10-20",648.46,871.05
"1990-10-21",649.06,871.15
"1990-10-22",649.55,871.25
"1990-10-23",649.56,871.25
"1990-10-24",649.74,871.25
"1990-10-25",649.69,871.35
"1990-10-26",649.66,871.35
"1990-10-27",649.79,871.35
"1990-10-28",649.85,871.45
"1990-10-29",649.64,871.45
"1990-10-30",649.49,871.45
"1990-10-31",649.37,871.55
"1990-11-01",649.56,871.55
"1990-11-02",649.44,871.55
"1990-11-03",649.61,871.65
"1990-11-04",650.25,871.65
"1990-11-05",650.61,871.65
"1990-11-06",650.78,871.75
"1990-11-07",650.74,871.85
"1990-11-08",652.14,871.95
"1990-11-09",652.41,871.95
"1990-11-10",652.78,871.95
"1990-11-11",652.92,871.95
"1990-11-12",652.96,872.05
"1990-11-13",652.66,872.05
"1990-11-14",652.56,872.15
"1990-11-15",652.64,872.15
"1990-11-16",652.57,872.15
"1990-11-17",652.57,872.25
"1990-11-18",652.91,872.25
"1990-11-19",652.79,872.25
"1990-11-20",652.67,872.25
"1990-11-21",652.91,872.35
"1990-11-22",652.91,872.35
"1990-11-23",653.21,872.35
"1990-11-24",653.36,872.45
"1990-11-25",653.41,872.45
"1990-11-26",653.39,872.45
"1990-11-27",652.87,872.55
"1990-11-28",652.56,872.55
"1990-11-29",652.41,872.45
"1990-11-30",652.54,872.55
"1990-12-01",652.8,872.55
"1990-12-02",652.74,872.65
"1990-12-03",652.59,872.65
"1990-12-04",652.04,872.55
"1990-12-05",652.28,872.65
"1990-12-06",652.51,872.65
"1990-12-07",652.24,872.65
"1990-12-08",652.38,872.65
"1990-12-09",652.56,872.65
"1990-12-10",652.37,872.65
"1990-12-11",652.36,872.65
"1990-12-12",652.41,872.75
"1990-12-13",652.46,872.75
"1990-12-14",652.35,872.75
"1990-12-15",652.51,872.75
"1990-12-16",652.5,872.75
"1990-12-17",652.64,872.75
"1990-12-18",652.33,872.75
"1990-12-19",652.29,872.75
"1990-12-20",652.2,872.85
"1990-12-21",651.93,872.85
"1990-12-22",651.16,872.75
"1990-12-23",651.08,872.75
"1990-12-24",650.03,872.75
"1990-12-25",650.73,872.85
"1990-12-26",650.83,872.85
"1990-12-27",651.59,872.85
"1990-12-28",651.94,872.95
"1990-12-29",652.43,872.95
"1990-12-30",652.42,872.95
"1990-12-31",652.21,872.95
"1991-01-01",652.18,872.95
"1991-01-02",652.46,873.05
"1991-01-03",652.69,873.65
"1991-01-04",652.73,873.05
"1991-01-05",653.16,873.15
"1991-01-06",653.37,873.15
"1991-01-07",653.15,873.25
"1991-01-08",653.39,873.25
"1991-01-09",653.69,873.35
"1991-01-10",654.05,873.35
"1991-01-11",654.25,873.35
"1991-01-12",654.44,873.35
"1991-01-13",654.67,873.45
"1991-01-14",654.52,873.45
"1991-01-15",654.57,873.45
"1991-01-16",654.54,873.45
"1991-01-17",654.42,873.45
"1991-01-18",655.34,873.55
"1991-01-19",,873.65
"1991-01-20",,873.65
"1991-01-21",657.39,873.55
"1991-01-22",657.63,873.65
"1991-01-23",657.71,873.65
"1991-01-24",657.7,873.65
"1991-01-25",657.71,873.65
"1991-01-26",657.9,873.65
"1991-01-27",658.21,873.75
"1991-01-28",658.01,873.75
"1991-01-29",657.82,873.75
"1991-01-30",657.71,873.75
"1991-01-31",657.64,873.65
"1991-02-01",657.67,873.65
"1991-02-02",657.81,873.65
"1991-02-03",657.99,872.95
"1991-02-04",659.34,873.75
"1991-02-05",660.13,873.75
"1991-02-06",660.66,873.75
"1991-02-07",660.85,873.75
"1991-02-08",661.08,873.75
"1991-02-09",661.44,873.75
"1991-02-10",661.5,873.65
"1991-02-11",661.31,873.65
"1991-02-12",661.19,873.65
"1991-02-13",661.36,873.65
"1991-02-14",660.92,873.65
"1991-02-15",660.44,873.55
"1991-02-16",660.74,873.55
"1991-02-17",661.09,873.55
"1991-02-18",660.88,873.55
"1991-02-19",660.43,873.55
"1991-02-20",660.54,873.45
"1991-02-21",660.44,873.45
"1991-02-22",660.52,873.45
"1991-02-23",660.44,873.35
"1991-02-24",660.44,873.35
"1991-02-25",660.31,873.25
"1991-02-26",660.16,873.25
"1991-02-27",659.98,873.25
"1991-02-28",659.89,873.15
"1991-03-01",659.99,873.15
"1991-03-02",660.07,873.05
"1991-03-03",659.44,873
"1991-03-04",659.25,872.85
"1991-03-05",659.26,872.85
"1991-03-06",658.84,872.75
"1991-03-07",657.77,872.75
"1991-03-08",657.85,872.65
"1991-03-09",657.24,872.55
"1991-03-10",656.71,872.55
"1991-03-11",656.11,872.55
"1991-03-12",656.38,872.55
"1991-03-13",656.04,872.45
"1991-03-14",655.05,872.45
"1991-03-15",655.66,872.45
"1991-03-16",657.16,872.45
"1991-03-17",657.76,872.45
"1991-03-18",657.88,872.45
"1991-03-19",658.06,872.35
"1991-03-20",656.98,872.35
"1991-03-21",657.09,872.35
"1991-03-22",657.46,872.35
"1991-03-23",657.11,872.25
"1991-03-24",657.18,872.25
"1991-03-25",656.84,872.25
"1991-03-26",656.58,872.15
"1991-03-27",656.43,872.15
"1991-03-28",655.58,872.05
"1991-03-29",655.2,872.05
"1991-03-30",654.65,872.05
"1991-03-31",654.16,871.95
"1991-04-01",654.65,871.95
"1991-04-02",654.34,871.85
"1991-04-03",654.33,871.76
"1991-04-04",653.67,871.65
"1991-04-05",659.46,871.65
"1991-04-06",662.16,871.65
"1991-04-07",663.66,871.65
"1991-04-08",663.96,871.75
"1991-04-09",664.13,871.65
"1991-04-10",664.3,871.65
"1991-04-11",664.54,871.65
"1991-04-12",664.54,871.75
"1991-04-13",664.5,871.75
"1991-04-14",664.69,871.75
"1991-04-15",665.06,871.75
"1991-04-16",664.95,871.75
"1991-04-17",664.91,871.65
"1991-04-18",664.87,871.65
"1991-04-19",664.79,871.55
"1991-04-20",664.59,871.55
"1991-04-21",664.78,871.45
"1991-04-22",664.58,871.45
"1991-04-23",663.79,871.35
"1991-04-24",663.44,871.25
"1991-04-25",663.25,871.25
"1991-04-26",663.36,871.15
"1991-04-27",662.95,871.15
"1991-04-28",662.71,870.95
"1991-04-29",662.16,870.95
"1991-04-30",661.36,870.75
"1991-05-01",660.21,870.65
"1991-05-02",659.74,870.65
"1991-05-03",661.86,870.72
"1991-05-04",663.81,870.75
"1991-05-05",664.96,870.75
"1991-05-06",665.31,870.75
"1991-05-07",665.56,870.65
"1991-05-08",665.91,870.75
"1991-05-09",666.84,870.75
"1991-05-10",667.36,870.75
"1991-05-11",667.68,870.75
"1991-05-12",667.86,870.65
"1991-05-13",667.86,870.75
"1991-05-14",668.17,870.75
"1991-05-15",668.24,870.65
"1991-05-16",668.11,870.55
"1991-05-17",668.17,870.55
"1991-05-18",668.36,870.45
"1991-05-19",668.43,870.35
"1991-05-20",668.29,870.25
"1991-05-21",667.87,870.15
"1991-05-22",667.51,870.05
"1991-05-23",666.78,869.95
"1991-05-24",666.09,869.75
"1991-05-25",665.17,869.65
"1991-05-26",663.87,869.55
"1991-05-27",662.61,869.45
"1991-05-28",660.52,869.25
"1991-05-29",659.37,869.15
"1991-05-30",658.41,868.95
"1991-05-31",657.11,868.85
"1991-06-01",656.73,868.75
"1991-06-02",655.67,868.55
"1991-06-03",654.57,868.45
"1991-06-04",654.41,868.25
"1991-06-05",652.96,868.05
"1991-06-06",651.17,868.05
"1991-06-07",650.31,867.95
"1991-06-08",650.21,867.95
"1991-06-09",649.86,867.85
"1991-06-10",650.21,867.75
"1991-06-11",648.71,867.75
"1991-06-12",647.51,867.55
"1991-06-13",647.96,867.45
"1991-06-14",647.21,867.35
"1991-06-15",647.58,867.45
"1991-06-16",648.64,867.45
"1991-06-17",648.96,867.45
"1991-06-18",649.27,867.35
"1991-06-19",648.64,867.25
"1991-06-20",648.47,867.25
"1991-06-21",647.71,867.25
"1991-06-22",647.71,867.05
"1991-06-23",651.06,866.95
"1991-06-24",652.24,866.85
"1991-06-25",653.31,866.65
"1991-06-26",653.46,866.55
"1991-06-27",653.21,866.45
"1991-06-28",653.06,866.25
"1991-06-29",654.48,866.25
"1991-06-30",655.18,866.25
"1991-07-01",654.96,866.25
"1991-07-02",655.32,866.25
"1991-07-03",655.25,866.15
"1991-07-04",655.37,866.15
"1991-07-05",656.33,866.05
"1991-07-06",656.54,866.05
"1991-07-07",656.72,866.05
"1991-07-08",656.54,866.15
"1991-07-09",657.31,866.15
"1991-07-10",657.21,866.15
"1991-07-11",656.76,866.15
"1991-07-12",656.71,866.15
"1991-07-13",655.42,866.15
"1991-07-14",655.01,866.15
"1991-07-15",654.03,866.25
"1991-07-16",653.51,866.25
"1991-07-17",652.74,866.25
"1991-07-18",652.41,866.25
"1991-07-19",651.26,866.15
"1991-07-20",650.69,866.25
"1991-07-21",650.36,866.25
"1991-07-22",650.08,866.25
"1991-07-23",650.73,866.25
"1991-07-24",650.88,866.35
"1991-07-25",650.49,866.35
"1991-07-26",649.01,866.35
"1991-07-27",648.99,866.35
"1991-07-28",648.93,866.35
"1991-07-29",648.17,866.35
"1991-07-30",647.61,866.35
"1991-07-31",646.66,866.25
"1991-08-01",645.96,866.15
"1991-08-02",644.91,865.95
"1991-08-03",644.51,865.95
"1991-08-04",644.08,865.85
"1991-08-05",643.74,865.85
"1991-08-06",643.95,865.85
"1991-08-07",644.06,865.85
"1991-08-08",644.61,865.75
"1991-08-09",644.46,865.75
"1991-08-10",643.82,865.75
"1991-08-11",643.54,865.75
"1991-08-12",642.6,865.75
"1991-08-13",642.03,865.55
"1991-08-14",641.33,865.55
"1991-08-15",641.55,865.55
"1991-08-16",641.08,865.45
"1991-08-17",640.97,865.45
"1991-08-18",641.1,865.55
"1991-08-19",642.26,865.45
"1991-08-20",642.1,865.45
"1991-08-21",641.6,865.35
"1991-08-22",640.54,865.35
"1991-08-23",642.28,865.35
"1991-08-24",643.58,865.55
"1991-08-25",644.37,865.65
"1991-08-26",644.06,865.75
"1991-08-27",643.44,865.75
"1991-08-28",643.32,865.75
"1991-08-29",643.06,865.75
"1991-08-30",642.37,865.75
"1991-08-31",643.51,865.85
"1991-09-01",644.71,865.85
"1991-09-02",645.06,865.95
"1991-09-03",645.61,865.95
"1991-09-04",646.36,865.95
"1991-09-05",646.66,866.05
"1991-09-06",647.24,866.05
"1991-09-07",647.85,866.05
"1991-09-08",648.06,866.15
"1991-09-09",647.91,866.25
"1991-09-10",647.4,866.25
"1991-09-11",647.21,866.25
"1991-09-12",647.01,866.25
"1991-09-13",647.56,866.25
"1991-09-14",648.05,866.25
"1991-09-15",648.76,866.35
"1991-09-16",648.6,866.35
"1991-09-17",648.54,866.45
"1991-09-18",648.8,866.45
"1991-09-19",648.89,866.65
"1991-09-20",649.51,866.75
"1991-09-21",649.94,866.85
"1991-09-22",649.91,866.85
"1991-09-23",649.89,867.05
"1991-09-24",650.33,867.05
"1991-09-25",650.81,867.25
"1991-09-26",650.9,867.35
"1991-09-27",650.71,867.45
"1991-09-28",650.59,867.45
"1991-09-29",650.77,867.55
"1991-09-30",650.48,867.65
"1991-10-01",650.19,867.65
"1991-10-02",650.41,867.75
"1991-10-03",650.38,867.85
"1991-10-04",650.31,867.85
"1991-10-05",650.17,867.95
"1991-10-06",650.24,867.95
"1991-10-07",649.98,867.85
"1991-10-08",649.66,867.95
"1991-10-09",649.64,868.05
"1991-10-10",649.26,868.05
"1991-10-11",648.91,868.15
"1991-10-12",648.87,868.15
"1991-10-13",648.5,868.25
"1991-10-14",647.81,868.25
"1991-10-15",647.38,868.35
"1991-10-16",647.39,868.35
"1991-10-17",647.05,868.45
"1991-10-18",646.91,868.45
"1991-10-19",647.19,868.45
"1991-10-20",647.28,868.45
"1991-10-21",646.87,868.55
"1991-10-22",646.77,868.55
"1991-10-23",646.76,868.55
"1991-10-24",646.5,868.65
"1991-10-25",646.4,868.65
"1991-10-26",646.59,868.75
"1991-10-27",646.88,868.75
"1991-10-28",646.96,868.75
"1991-10-29",647.06,868.85
"1991-10-30",647.24,868.85
"1991-10-31",648.28,868.95
"1991-11-01",648.82,869.05
"1991-11-02",649.61,869.05
"1991-11-03",649.78,869.05
"1991-11-04",649.76,869.15
"1991-11-05",649.97,869.25
"1991-11-06",650.09,869.35
"1991-11-07",650.11,869.35
"1991-11-08",649.92,869.35
"1991-11-09",650.31,869.45
"1991-11-10",650.59,869.55
"1991-11-11",650.46,869.55
"1991-11-12",650.06,869.65
"1991-11-13",650.09,869.75
"1991-11-14",649.97,869.75
"1991-11-15",649.93,869.85
"1991-11-16",650.21,869.95
"1991-11-17",650.61,870.05
"1991-11-18",651.07,870.15
"1991-11-19",651.15,870.15
"1991-11-20",650.94,870.15
"1991-11-21",650.89,870.25
"1991-11-22",650.92,870.35
"1991-11-23",650.64,870.35
"1991-11-24",650.46,870.35
"1991-11-25",651.45,870.45
"1991-11-26",652.76,870.45
"1991-11-27",652.3,870.55
"1991-11-28",652.77,870.65
"1991-11-29",653.39,870.65
"1991-11-30",653.44,870.65
"1991-12-01",653.59,870.75
"1991-12-02",653.86,870.75
"1991-12-03",653.17,870.85
"1991-12-04",653.16,870.95
"1991-12-05",653.48,870.95
"1991-12-06",653.78,870.95
"1991-12-07",654.14,870.95
"1991-12-08",654.71,871.05
"1991-12-09",654.73,871.05
"1991-12-10",654.89,871.05
"1991-12-11",655.18,871.25
"1991-12-12",655.41,871.25
"1991-12-13",655.86,871.35
"1991-12-14",656.31,871.35
"1991-12-15",656.4,871.35
"1991-12-16",656.56,871.45
"1991-12-17",656.47,871.45
"1991-12-18",656.91,871.55
"1991-12-19",662.54,871.65
"1991-12-20",666.41,871.85
"1991-12-21",670.51,872.05
"1991-12-22",672.81,872.15
"1991-12-23",674.61,872.15
"1991-12-24",675.83,872.15
"1991-12-25",677.16,872.25
"1991-12-26",677.91,872.35
"1991-12-27",678.33,872.45
"1991-12-28",678.98,872.55
"1991-12-29",679.63,872.65
"1991-12-30",679.92,872.65
"1991-12-31",680.32,872.65
"1992-01-01",680.74,872.85
"1992-01-02",680.93,872.95
"1992-01-03",681.09,872.95
"1992-01-04",681.28,873.05
"1992-01-05",681.48,873.15
"1992-01-06",681.55,873.25
"1992-01-07",681.67,873.35
"1992-01-08",681.71,873.45
"1992-01-09",681.45,873.45
"1992-01-10",681.3,873.55
"1992-01-11",681.41,873.65
"1992-01-12",681.74,873.75
"1992-01-13",681.63,873.75
"1992-01-14",681.39,873.85
"1992-01-15",681.39,873.85
"1992-01-16",680.91,873.95
"1992-01-17",681.06,874.05
"1992-01-18",681.24,874.15
"1992-01-19",681.44,874.25
"1992-01-20",681.56,874.25
"1992-01-21",681.51,874.45
"1992-01-22",681.84,874.45
"1992-01-23",681.81,874.55
"1992-01-24",681.91,874.55
"1992-01-25",682.03,874.65
"1992-01-26",682.81,874.95
"1992-01-27",684.4,874.95
"1992-01-28",685.31,875.05
"1992-01-29",685.98,875.05
"1992-01-30",686.36,875.15
"1992-01-31",686.89,875.25
"1992-02-01",687.29,875.35
"1992-02-02",687.72,875.45
"1992-02-03",688.49,875.65
"1992-02-04",690.04,875.75
"1992-02-05",691.09,875.85
"1992-02-06",691.84,875.95
"1992-02-07",692.36,875.95
"1992-02-08",692.85,876.05
"1992-02-09",693.24,876.15
"1992-02-10",693.36,876.25
"1992-02-11",693.51,876.25
"1992-02-12",693.41,876.35
"1992-02-13",693.38,876.55
"1992-02-14",693.51,876.55
"1992-02-15",693.44,876.65
"1992-02-16",693.4,876.75
"1992-02-17",693.35,876.75
"1992-02-18",693.08,876.85
"1992-02-19",692.85,876.85
"1992-02-20",692.53,876.95
"1992-02-21",692.47,877.05
"1992-02-22",692.67,877.15
"1992-02-23",693.03,877.25
"1992-02-24",693.01,877.45
"1992-02-25",693.37,877.45
"1992-02-26",693.66,877.55
"1992-02-27",693.93,877.65
"1992-02-28",693.91,877.65
"1992-02-29",694.06,877.75
"1992-03-01",694.11,877.85
"1992-03-02",694,877.95
"1992-03-03",694.07,878.05
"1992-03-04",695.68,878.25
"1992-03-05",696.52,878.35
"1992-03-06",696.94,878.45
"1992-03-07",697.3,878.55
"1992-03-08",697.7,878.65
"1992-03-09",697.86,878.75
"1992-03-10",697.78,878.85
"1992-03-11",697.86,878.95
"1992-03-12",697.81,879.05
"1992-03-13",697.63,879.05
"1992-03-14",697.65,879.15
"1992-03-15",697.53,879.25
"1992-03-16",697.26,879.35
"1992-03-17",697.24,879.45
"1992-03-18",697.16,879.55
"1992-03-19",696.63,879.55
"1992-03-20",696.19,879.65
"1992-03-21",696.25,879.85
"1992-03-22",696.41,879.95
"1992-03-23",696.02,879.85
"1992-03-24",695.66,879.95
"1992-03-25",695.5,879.95
"1992-03-26",695.04,880.05
"1992-03-27",694.76,880.15
"1992-03-28",695.21,880.25
"1992-03-29",695.58,880.35
"1992-03-30",695.21,880.35
"1992-03-31",695.81,880.45
"1992-04-01",696.06,880.55
"1992-04-02",696.1,880.65
"1992-04-03",696.15,880.65
"1992-04-04",696.01,880.75
"1992-04-05",696,880.85
"1992-04-06",696.24,880.95
"1992-04-07",696.13,880.95
"1992-04-08",696.15,881.05
"1992-04-09",695.72,881.15
"1992-04-10",696.02,881.15
"1992-04-11",695.97,881.25
"1992-04-12",695.78,881.15
"1992-04-13",695.61,881.25
"1992-04-14",695.33,881.35
"1992-04-15",695.12,881.35
"1992-04-16",694.99,881.45
"1992-04-17",695.25,881.65
"1992-04-18",695.95,881.75
"1992-04-19",696.42,881.75
"1992-04-20",696.66,881.75
"1992-04-21",696.26,881.75
"1992-04-22",696.34,881.85
"1992-04-23",696.16,881.85
"1992-04-24",695.99,881.95
"1992-04-25",695.9,882.05
"1992-04-26",696.15,882.05
"1992-04-27",696.11,882.15
"1992-04-28",695.89,882.25
"1992-04-29",695.66,882.25
"1992-04-30",695.37,882.35
"1992-05-01",695.05,882.35
"1992-05-02",694.95,882.35
"1992-05-03",694.84,882.45
"1992-05-04",694.49,882.55
"1992-05-05",694.55,882.55
"1992-05-06",694.5,882.55
"1992-05-07",693.98,882.45
"1992-05-08",694.08,882.55
"1992-05-09",694,882.55
"1992-05-10",694.01,882.55
"1992-05-11",693.9,882.55
"1992-05-12",693.27,882.48
"1992-05-13",692.38,882.45
"1992-05-14",691.7,882.45
"1992-05-15",691.64,882.35
"1992-05-16",692.12,882.35
"1992-05-17",692.6,882.45
"1992-05-18",692.78,882.35
"1992-05-19",693,882.35
"1992-05-20",693.68,882.35
"1992-05-21",694.8,882.35
"1992-05-22",696.03,882.35
"1992-05-23",696.66,882.35
"1992-05-24",697.28,882.25
"1992-05-25",697.73,882.25
"1992-05-26",697.98,882.35
"1992-05-27",698.99,882.45
"1992-05-28",699.56,882.55
"1992-05-29",699.86,882.65
"1992-05-30",700.2,882.75
"1992-05-31",700.43,882.95
"1992-06-01",700.66,883.05
"1992-06-02",700.79,883.15
"1992-06-03",701.21,883.15
"1992-06-04",701.26,883.25
"1992-06-05",701.31,883.25
"1992-06-06",701.35,883.45
"1992-06-07",701.37,883.65
"1992-06-08",701.63,883.65
"1992-06-09",701.95,884.15
"1992-06-10",702.48,884.25
"1992-06-11",702.71,884.35
"1992-06-12",702.95,884.25
"1992-06-13",703.18,884.45
"1992-06-14",703.31,884.55
"1992-06-15",703.19,884.65
"1992-06-16",702.91,884.65
"1992-06-17",702.54,884.75
"1992-06-18",701.68,884.75
"1992-06-19",701.39,884.85
"1992-06-20",701.11,884.95
"1992-06-21",700.76,884.85
"1992-06-22",700.15,884.95
"1992-06-23",699.08,884.85
"1992-06-24",698.13,884.85
"1992-06-25",697.19,884.75
"1992-06-26",696.36,884.55
"1992-06-27",695.55,884.45
"1992-06-28",695.07,884.45
"1992-06-29",694.96,884.35
"1992-06-30",695.5,884.25
"1992-07-01",695.42,884.15
"1992-07-02",695.41,884.05
"1992-07-03",695.12,884.05
"1992-07-04",695.19,884.05
"1992-07-05",695.27,884.05
"1992-07-06",694.86,884.15
"1992-07-07",694.26,883.95
"1992-07-08",693.88,884.05
"1992-07-09",693.61,884.05
"1992-07-10",693.05,883.95
"1992-07-11",692.72,884.05
"1992-07-12",692.61,883.95
"1992-07-13",692.26,883.95
"1992-07-14",691.89,883.85
"1992-07-15",691.46,883.75
"1992-07-16",691.21,883.75
"1992-07-17",690.76,883.75
"1992-07-18",690.68,883.95
"1992-07-19",691.05,884.05
"1992-07-20",691.87,884.15
"1992-07-21",692.45,884.25
"1992-07-22",692.94,884.45
"1992-07-23",693.27,884.45
"1992-07-24",693.21,884.55
"1992-07-25",693.02,884.55
"1992-07-26",692.95,884.65
"1992-07-27",692.6,884.65
"1992-07-28",692.29,884.75
"1992-07-29",692.08,884.75
"1992-07-30",691.84,884.75
"1992-07-31",691.52,884.75
"1992-08-01",691.43,884.75
"1992-08-02",691.21,884.85
"1992-08-03",691.39,884.85
"1992-08-04",691.91,884.85
"1992-08-05",692.07,884.85
"1992-08-06",692.05,884.85
"1992-08-07",691.86,884.85
"1992-08-08",691.45,884.85
"1992-08-09",691.42,884.95
"1992-08-10",691.15,884.85
"1992-08-11",690.77,884.85
"1992-08-12",690.82,884.85
"1992-08-13",691.39,884.85
"1992-08-14",691.6,884.85
"1992-08-15",691.63,884.95
"1992-08-16",692.14,885.05
"1992-08-17",692.25,885.05
"1992-08-18",692.14,885.05
"1992-08-19",692.04,885.05
"1992-08-20",691.71,885.05
"1992-08-21",691.56,885.05
"1992-08-22",691.36,885.05
"1992-08-23",691.22,885.05
"1992-08-24",690.93,885.05
"1992-08-25",690.72,885.05
"1992-08-26",690.43,885.05
"1992-08-27",689.98,885.05
"1992-08-28",689.74,885.05
"1992-08-29",689.77,885.05
"1992-08-30",689.46,885.05
"1992-08-31",689.18,885.05
"1992-09-01",689,885.05
"1992-09-02",688.84,884.95
"1992-09-03",688.36,884.85
"1992-09-04",687.97,884.85
"1992-09-05",687.9,884.95
"1992-09-06",687.74,884.85
"1992-09-07",687.74,884.95
"1992-09-08",687.22,884.75
"1992-09-09",687.04,884.85
"1992-09-10",686.89,884.85
"1992-09-11",687.87,884.85
"1992-09-12",688.37,884.95
"1992-09-13",689.05,885.05
"1992-09-14",689.39,884.95
"1992-09-15",689.7,884.95
"1992-09-16",689.85,884.85
"1992-09-17",689.96,884.95
"1992-09-18",689.98,884.85
"1992-09-19",689.94,884.75
"1992-09-20",689.82,884.85
"1992-09-21",689.73,885.45
"1992-09-22",689.41,884.75
"1992-09-23",689.27,884.75
"1992-09-24",689.2,884.85
"1992-09-25",689.16,884.85
"1992-09-26",689.01,884.75
"1992-09-27",688.77,884.75
"1992-09-28",688.44,884.75
"1992-09-29",688.29,884.65
"1992-09-30",688.23,884.65
"1992-10-01",688.06,884.65
"1992-10-02",687.55,884.65
"1992-10-03",687.96,884.65
"1992-10-04",687.73,884.65
"1992-10-05",687.64,884.55
"1992-10-06",687.53,884.55
"1992-10-07",687.32,884.55
"1992-10-08",687.32,884.55
"1992-10-09",687.46,884.55
"1992-10-10",687.43,884.55
"1992-10-11",687.28,884.55
"1992-10-12",686.93,884.55
"1992-10-13",686.51,884.45
"1992-10-14",686.58,884.45
"1992-10-15",686.41,884.45
"1992-10-16",686.54,884.55
"1992-10-17",686.82,884.55
"1992-10-18",686.76,884.55
"1992-10-19",686.81,884.55
"1992-10-20",686.81,884.45
"1992-10-21",686.66,884.45
"1992-10-22",686.63,884.45
"1992-10-23",686.59,884.45
"1992-10-24",686.61,884.45
"1992-10-25",686.67,884.55
"1992-10-26",686.45,884.45
"1992-10-27",686.16,884.45
"1992-10-28",686.08,884.35
"1992-10-29",686.08,884.45
"1992-10-30",686.52,884.45
"1992-10-31",686.97,884.45
"1992-11-01",687.45,884.45
"1992-11-02",687.81,884.45
"1992-11-03",688.08,884.45
"1992-11-04",688.08,884.35
"1992-11-05",688.2,884.35
"1992-11-06",688.21,884.35
"1992-11-07",688.28,884.35
"1992-11-08",688.44,884.35
"1992-11-09",688.32,884.45
"1992-11-10",688.73,884.45
"1992-11-11",688.81,884.55
"1992-11-12",688.91,884.45
"1992-11-13",688.91,884.45
"1992-11-14",689.09,884.45
"1992-11-15",689.25,884.45
"1992-11-16",689.17,884.45
"1992-11-17",689.01,884.45
"1992-11-18",689.06,884.55
"1992-11-19",689.66,884.55
"1992-11-20",690.51,884.55
"1992-11-21",691.06,884.65
"1992-11-22",691.58,884.55
"1992-11-23",691.75,884.65
"1992-11-24",691.88,884.65
"1992-11-25",691.75,884.55
"1992-11-26",691.77,884.45
"1992-11-27",691.95,884.45
"1992-11-28",691.95,884.55
"1992-11-29",691.99,884.55
"1992-11-30",691.85,884.55
"1992-12-01",691.7,884.55
"1992-12-02",691.53,884.55
"1992-12-03",691.48,884.55
"1992-12-04",691.45,884.55
"1992-12-05",691.46,884.55
"1992-12-06",691.65,884.55
"1992-12-07",691.54,884.55
"1992-12-08",691.36,884.55
"1992-12-09",691.46,884.55
"1992-12-10",691.45,884.55
"1992-12-11",691.26,884.55
"1992-12-12",691.38,884.65
"1992-12-13",691.65,884.65
"1992-12-14",691.34,884.65
"1992-12-15",691.46,884.75
"1992-12-16",691.89,884.65
"1992-12-17",691.89,884.65
"1992-12-18",692.1,884.65
"1992-12-19",692.29,884.75
"1992-12-20",692.25,884.65
"1992-12-21",692.28,884.65
"1992-12-22",692.15,884.65
"1992-12-23",692.09,884.65
"1992-12-24",691.95,884.65
"1992-12-25",692.11,884.75
"1992-12-26",692.32,884.65
"1992-12-27",692.3,884.65
"1992-12-28",692.14,884.65
"1992-12-29",692.03,884.65
"1992-12-30",691.78,884.65
"1992-12-31",691.75,884.75
"1993-01-01",691.79,884.65
"1993-01-02",692.08,884.75
"1993-01-03",692.1,884.75
"1993-01-04",692.04,884.75
"1993-01-05",691.83,884.65
"1993-01-06",691.7,884.75
"1993-01-07",691.71,884.75
"1993-01-08",691.7,884.75
"1993-01-09",691.83,884.75
"1993-01-10",691.54,884.65
"1993-01-11",691.57,884.75
"1993-01-12",691.56,884.75
"1993-01-13",691.21,884.75
"1993-01-14",691.27,884.75
"1993-01-15",691.31,884.85
"1993-01-16",691.32,884.75
"1993-01-17",691.22,884.75
"1993-01-18",691.24,884.75
"1993-01-19",691.02,884.75
"1993-01-20",691.22,884.75
"1993-01-21",691.21,884.75
"1993-01-22",691.02,884.75
"1993-01-23",691.17,884.85
"1993-01-24",691.08,884.65
"1993-01-25",690.83,884.75
"1993-01-26",690.79,884.75
"1993-01-27",690.65,884.75
"1993-01-28",690.63,884.75
"1993-01-29",690.65,884.65
"1993-01-30",690.76,884.55
"1993-01-31",690.76,884.55
"1993-02-01",690.56,884.55
"1993-02-02",690.6,884.55
"1993-02-03",690.47,884.55
"1993-02-04",690.56,884.45
"1993-02-05",690.63,884.45
"1993-02-06",690.77,884.45
"1993-02-07",690.82,884.45
"1993-02-08",690.68,884.45
"1993-02-09",690.51,884.45
"1993-02-10",691,884.45
"1993-02-11",691.38,884.35
"1993-02-12",691.47,884.35
"1993-02-13",691.66,884.35
"1993-02-14",691.74,884.25
"1993-02-15",691.85,884.35
"1993-02-16",691.5,884.15
"1993-02-17",691.36,884.15
"1993-02-18",691.18,884.15
"1993-02-19",691.26,884.25
"1993-02-20",691.3,884.15
"1993-02-21",691.39,884.25
"1993-02-22",691.06,884.15
"1993-02-23",690.86,884.05
"1993-02-24",690.76,884.05
"1993-02-25",690.71,884.05
"1993-02-26",690.53,883.95
"1993-02-27",690.65,883.95
"1993-02-28",690.8,883.95
"1993-03-01",690.94,883.95
"1993-03-02",690.95,884.05
"1993-03-03",690.95,884.05
"1993-03-04",690.83,883.95
"1993-03-05",690.77,883.85
"1993-03-06",690.8,883.85
"1993-03-07",690.66,883.75
"1993-03-08",690.5,883.75
"1993-03-09",690.11,883.75
"1993-03-10",689.97,883.75
"1993-03-11",689.73,883.75
"1993-03-12",689.91,883.75
"1993-03-13",690.05,883.85
"1993-03-14",690.24,883.85
"1993-03-15",690.44,883.95
"1993-03-16",690.65,883.95
"1993-03-17",690.4,883.85
"1993-03-18",690.31,883.85
"1993-03-19",690.35,883.95
"1993-03-20",690.37,883.95
"1993-03-21",690.47,883.85
"1993-03-22",690.32,883.85
"1993-03-23",690.16,883.85
"1993-03-24",689.9,883.85
"1993-03-25",689.83,883.85
"1993-03-26",689.64,883.95
"1993-03-27",689.6,883.95
"1993-03-28",689.71,883.85
"1993-03-29",689.75,883.95
"1993-03-30",689.62,883.95
"1993-03-31",689.5,883.95
"1993-04-01",689.41,883.95
"1993-04-02",689.22,883.95
"1993-04-03",689.33,883.95
"1993-04-04",689.65,883.95
"1993-04-05",689.58,883.95
"1993-04-06",689.47,883.95
"1993-04-07",689.41,883.95
"1993-04-08",689.57,883.95
"1993-04-09",689.69,883.95
"1993-04-10",689.63,883.95
"1993-04-11",689.4,883.95
"1993-04-12",689.41,883.95
"1993-04-13",688.99,883.95
"1993-04-14",689.14,883.95
"1993-04-15",688.9,883.95
"1993-04-16",688.61,883.75
"1993-04-17",688.35,883.85
"1993-04-18",688.21,883.75
"1993-04-19",688,883.75
"1993-04-20",687.55,883.65
"1993-04-21",687.33,883.55
"1993-04-22",687.09,883.45
"1993-04-23",686.89,883.45
"1993-04-24",686.73,883.35
"1993-04-25",686.4,883.15
"1993-04-26",685.93,882.95
"1993-04-27",685.29,882.75
"1993-04-28",685.07,882.65
"1993-04-29",685.23,882.65
"1993-04-30",685.68,882.65
"1993-05-01",686.15,882.65
"1993-05-02",686.36,882.65
"1993-05-03",686.29,882.55
"1993-05-04",686.2,882.45
"1993-05-05",687.6,882.55
"1993-05-06",689.88,882.55
"1993-05-07",691.15,882.55
"1993-05-08",691.85,882.65
"1993-05-09",692.34,882.65
"1993-05-10",692.66,882.65
"1993-05-11",692.74,882.65
"1993-05-12",692.71,882.65
"1993-05-13",692.55,882.55
"1993-05-14",692.2,882.45
"1993-05-15",691.79,882.45
"1993-05-16",691.26,882.25
"1993-05-17",690.6,882.15
"1993-05-18",689.9,882.05
"1993-05-19",689.81,881.95
"1993-05-20",689.19,881.85
"1993-05-21",688.48,881.75
"1993-05-22",687.91,881.65
"1993-05-23",689.1,881.65
"1993-05-24",689.74,881.65
"1993-05-25",690.05,881.65
"1993-05-26",690.36,881.65
"1993-05-27",690.58,881.65
"1993-05-28",690.64,881.65
"1993-05-29",690.86,881.55
"1993-05-30",691.2,881.55
"1993-05-31",691.52,881.55
"1993-06-01",691.36,881.45
"1993-06-02",691.19,881.55
"1993-06-03",690.63,881.45
"1993-06-04",689.85,881.35
"1993-06-05",689.14,881.2
"1993-06-06",688.64,881.05
"1993-06-07",687.88,880.95
"1993-06-08",687.06,880.85
"1993-06-09",686.18,880.75
"1993-06-10",685.38,880.65
"1993-06-11",685.8,880.75
"1993-06-12",686.1,880.75
"1993-06-13",686.96,880.85
"1993-06-14",687.31,880.75
"1993-06-15",687.74,880.85
"1993-06-16",687.88,880.85
"1993-06-17",688.06,880.85
"1993-06-18",688.14,880.95
"1993-06-19",688.41,880.95
"1993-06-20",688.62,880.95
"1993-06-21",688.89,881.05
"1993-06-22",689.26,881.05
"1993-06-23",689.54,881.05
"1993-06-24",689.58,881.05
"1993-06-25",689.79,880.95
"1993-06-26",690.65,880.95
"1993-06-27",691.31,880.95
"1993-06-28",691.36,880.85
"1993-06-29",691.42,880.85
"1993-06-30",691.29,880.75
"1993-07-01",691.14,880.65
"1993-07-02",690.78,880.65
"1993-07-03",690.5,880.45
"1993-07-04",690.34,880.45
"1993-07-05",690.1,880.45
"1993-07-06",689.59,880.25
"1993-07-07",689.1,880.25
"1993-07-08",688.64,880.15
"1993-07-09",688.27,880.05
"1993-07-10",687.71,880.05
"1993-07-11",687.47,880.05
"1993-07-12",686.89,880.05
"1993-07-13",686.26,879.95
"1993-07-14",685.67,879.85
"1993-07-15",685,
"1993-07-16",684.71,
"1993-07-17",684.26,
"1993-07-18",684.04,
"1993-07-19",683.44,
"1993-07-20",682.94,
"1993-07-21",682.57,879.65
"1993-07-22",681.47,879.55
"1993-07-23",681.24,879.55
"1993-07-24",681.3,879.45
"1993-07-25",680.99,879.45
"1993-07-26",680.52,879.35
"1993-07-27",679.51,879.25
"1993-07-28",679.5,
"1993-07-29",678.98,
"1993-07-30",678.59,
"1993-07-31",678.33,
"1993-08-01",678.15,
"1993-08-02",677.7,
"1993-08-03",677.16,879.15
"1993-08-04",676.82,879.05
"1993-08-05",676.44,879.05
"1993-08-06",676.06,879.05
"1993-08-07",676.01,879.05
"1993-08-08",675.79,879.05
"1993-08-09",675.48,879.05
"1993-08-10",674.99,878.95
"1993-08-11",674.69,878.95
"1993-08-12",674.4,878.95
"1993-08-13",673.66,878.95
"1993-08-14",674.09,878.95
"1993-08-15",674.23,878.95
"1993-08-16",673.75,878.95
"1993-08-17",673.23,878.85
"1993-08-18",673.02,878.85
"1993-08-19",672.69,878.85
"1993-08-20",672.54,878.85
"1993-08-21",672.47,878.85
"1993-08-22",672.46,878.85
"1993-08-23",672.13,878.85
"1993-08-24",671.93,878.75
"1993-08-25",671.91,878.75
"1993-08-26",671.72,878.75
"1993-08-27",671.71,878.65
"1993-08-28",672.27,878.85
"1993-08-29",672.45,878.95
"1993-08-30",672.29,878.85
"1993-08-31",672.3,878.85
"1993-09-01",672.5,878.85
"1993-09-02",672.71,878.75
"1993-09-03",672.41,878.85
"1993-09-04",673.06,878.95
"1993-09-05",673.18,878.95
"1993-09-06",673.15,878.95
"1993-09-07",672.65,878.95
"1993-09-08",672.46,878.95
"1993-09-09",672.92,878.95
"1993-09-10",673.45,878.95
"1993-09-11",673.54,878.85
"1993-09-12",673.87,878.95
"1993-09-13",674.26,879.05
"1993-09-14",674.91,879.05
"1993-09-15",675.07,879.05
"1993-09-16",675.07,879.15
"1993-09-17",674.89,879.15
"1993-09-18",674.75,879.15
"1993-09-19",674.48,879.05
"1993-09-20",673.92,879.05
"1993-09-21",673.69,878.95
"1993-09-22",673.34,878.85
"1993-09-23",673.35,878.85
"1993-09-24",673.12,878.85
"1993-09-25",673.02,878.85
"1993-09-26",672.94,878.85
"1993-09-27",673.33,878.85
"1993-09-28",673.42,878.85
"1993-09-29",673.02,878.75
"1993-09-30",672.82,878.75
"1993-10-01",672.57,878.65
"1993-10-02",672.62,878.65
"1993-10-03",672.48,878.75
"1993-10-04",672.46,878.75
"1993-10-05",672.22,878.75
"1993-10-06",671.92,878.75
"1993-10-07",671.87,878.75
"1993-10-08",672.05,878.75
"1993-10-09",671.91,878.75
"1993-10-10",672.47,878.65
"1993-10-11",672.3,878.65
"1993-10-12",672.2,878.65
"1993-10-13",673,878.55
"1993-10-14",673.61,878.55
"1993-10-15",674.07,878.55
"1993-10-16",674.47,878.55
"1993-10-17",674.58,878.45
"1993-10-18",674.61,878.45
"1993-10-19",674.44,878.35
"1993-10-20",675.53,878.35
"1993-10-21",676.11,878.35
"1993-10-22",676.56,878.35
"1993-10-23",677.01,878.35
"1993-10-24",677.31,878.25
"1993-10-25",677.31,878.25
"1993-10-26",677.27,878.15
"1993-10-27",677.07,878.15
"1993-10-28",677.16,878.15
"1993-10-29",677.21,878.15
"1993-10-30",677.52,878.15
"1993-10-31",677.47,878.15
"1993-11-01",677.57,878.15
"1993-11-02",677.54,878.15
"1993-11-03",677.46,878.05
"1993-11-04",677.76,878.15
"1993-11-05",677.66,878.05
"1993-11-06",677.62,878.05
"1993-11-07",677.64,878.05
"1993-11-08",677.62,878.05
"1993-11-09",677.9,877.95
"1993-11-10",677.84,877.95
"1993-11-11",677.95,877.95
"1993-11-12",677.99,877.95
"1993-11-13",678.21,877.95
"1993-11-14",678.15,877.95
"1993-11-15",678.09,877.95
"1993-11-16",677.93,877.95
"1993-11-17",678.1,877.95
"1993-11-18",678.09,877.85
"1993-11-19",678.07,877.85
"1993-11-20",678.12,877.85
"1993-11-21",678.19,877.85
"1993-11-22",678.06,877.75
"1993-11-23",677.9,877.75
"1993-11-24",677.85,877.75
"1993-11-25",677.85,877.75
"1993-11-26",678.21,877.65
"1993-11-27",678.07,877.65
"1993-11-28",678.1,877.65
"1993-11-29",678.04,877.65
"1993-11-30",677.85,877.65
"1993-12-01",677.77,877.65
"1993-12-02",677.67,877.65
"1993-12-03",677.86,877.65
"1993-12-04",677.82,877.55
"1993-12-05",677.87,877.55
"1993-12-06",677.65,877.55
"1993-12-07",677.58,877.55
"1993-12-08",677.36,877.55
"1993-12-09",677.6,877.55
"1993-12-10",677.46,877.55
"1993-12-11",677.5,877.45
"1993-12-12",677.61,877.45
"1993-12-13",677.7,877.45
"1993-12-14",677.44,877.44
"1993-12-15",677.35,877.43
"1993-12-16",677.24,877.45
"1993-12-17",677.2,877.4
"1993-12-18",677.21,877.35
"1993-12-19",677.37,877.35
"1993-12-20",677.35,877.35
"1993-12-21",677.42,877.35
"1993-12-22",677.52,877.35
"1993-12-23",677.54,877.35
"1993-12-24",677.54,877.25
"1993-12-25",677.66,877.25
"1993-12-26",677.92,877.35
"1993-12-27",677.87,877.33
"1993-12-28",677.64,877.25
"1993-12-29",677.52,877.25
"1993-12-30",677.48,877.25
"1993-12-31",677.44,877.25
"1994-01-01",677.48,877.25
"1994-01-02",677.56,877.25
"1994-01-03",677.24,877.15
"1994-01-04",677.1,877.15
"1994-01-05",676.9,877.05
"1994-01-06",676.82,877.05
"1994-01-07",676.6,877.05
"1994-01-08",676.42,876.95
"1994-01-09",676.55,876.95
"1994-01-10",676.51,876.95
"1994-01-11",676.06,876.85
"1994-01-12",675.9,876.85
"1994-01-13",675.93,876.85
"1994-01-14",675.97,876.85
"1994-01-15",676.05,876.85
"1994-01-16",676.07,876.85
"1994-01-17",675.89,876.85
"1994-01-18",675.28,876.75
"1994-01-19",674.99,876.75
"1994-01-20",675.07,876.75
"1994-01-21",675.02,876.85
"1994-01-22",675.48,876.95
"1994-01-23",676,876.95
"1994-01-24",676.25,876.85
"1994-01-25",676.46,876.85
"1994-01-26",676.57,876.85
"1994-01-27",676.72,876.85
"1994-01-28",676.62,876.75
"1994-01-29",676.78,876.75
"1994-01-30",676.86,876.75
"1994-01-31",676.8,876.75
"1994-02-01",676.57,876.75
"1994-02-02",676.44,876.75
"1994-02-03",676.34,876.75
"1994-02-04",676.24,876.65
"1994-02-05",676.23,876.65
"1994-02-06",676.07,876.65
"1994-02-07",675.8,876.55
"1994-02-08",675.63,876.55
"1994-02-09",675.4,876.45
"1994-02-10",675.33,876.35
"1994-02-11",675.38,876.35
"1994-02-12",675.66,876.35
"1994-02-13",675.52,876.25
"1994-02-14",675.44,876.15
"1994-02-15",675.27,876.15
"1994-02-16",675.08,876.85
"1994-02-17",674.93,876.05
"1994-02-18",674.76,875.95
"1994-02-19",674.88,875.95
"1994-02-20",674.8,875.91
"1994-02-21",674.62,875.85
"1994-02-22",674.78,875.85
"1994-02-23",674.77,875.75
"1994-02-24",674.76,875.75
"1994-02-25",674.9,875.75
"1994-02-26",674.76,875.65
"1994-02-27",674.94,875.65
"1994-02-28",674.99,875.55
"1994-03-01",675.19,875.55
"1994-03-02",675.37,875.55
"1994-03-03",675.19,875.55
"1994-03-04",675.21,875.45
"1994-03-05",675.2,875.45
"1994-03-06",674.99,875.45
"1994-03-07",674.66,875.45
"1994-03-08",674.45,875.45
"1994-03-09",674.53,875.45
"1994-03-10",674.65,875.45
"1994-03-11",674.59,875.45
"1994-03-12",674.7,875.45
"1994-03-13",674.79,875.45
"1994-03-14",674.93,875.45
"1994-03-15",674.92,875.75
"1994-03-16",675.78,876.05
"1994-03-17",676.48,875.75
"1994-03-18",676.86,875.75
"1994-03-19",676.94,875.75
"1994-03-20",676.96,875.75
"1994-03-21",676.79,875.85
"1994-03-22",676.51,875.85
"1994-03-23",676.39,875.95
"1994-03-24",676.22,875.95
"1994-03-25",676.18,876.05
"1994-03-26",675.74,876.05
"1994-03-27",676.24,876.05
"1994-03-28",676.67,876.15
"1994-03-29",676.72,876.15
"1994-03-30",676.61,876.15
"1994-03-31",676.33,876.25
"1994-04-01",676.13,876.25
"1994-04-02",675.87,876.25
"1994-04-03",675.61,876.35
"1994-04-04",675.6,876.35
"1994-04-05",675.34,876.35
"1994-04-06",675.1,876.35
"1994-04-07",674.87,876.45
"1994-04-08",674.73,876.45
"1994-04-09",674.5,876.45
"1994-04-10",674.26,876.45
"1994-04-11",673.88,876.55
"1994-04-12",673.59,876.45
"1994-04-13",673.56,876.55
"1994-04-14",673.15,876.45
"1994-04-15",672.94,876.45
"1994-04-16",673.23,876.55
"1994-04-17",673.45,876.55
"1994-04-18",673.2,876.45
"1994-04-19",672.97,876.45
"1994-04-20",672.66,876.45
"1994-04-21",672.78,876.45
"1994-04-22",672.52,876.35
"1994-04-23",672.45,876.25
"1994-04-24",672.38,876.25
"1994-04-25",672.03,876.15
"1994-04-26",671.61,876.05
"1994-04-27",671.05,875.95
"1994-04-28",671.22,875.75
"1994-04-29",672.01,875.95
"1994-04-30",672.63,876.25
"1994-05-01",673.44,876.25
"1994-05-02",674.83,876.25
"1994-05-03",675.46,876.25
"1994-05-04",675.69,876.25
"1994-05-05",675.81,876.35
"1994-05-06",675.8,876.35
"1994-05-07",675.91,876.35
"1994-05-08",676.01,876.65
"1994-05-09",676.04,876.75
"1994-05-10",675.77,876.85
"1994-05-11",675.66,876.85
"1994-05-12",675.48,876.95
"1994-05-13",675.92,876.95
"1994-05-14",676.88,877.05
"1994-05-15",677.64,877.15
"1994-05-16",678.25,877.15
"1994-05-17",678.74,877.15
"1994-05-18",679.12,877.25
"1994-05-19",679.15,877.25
"1994-05-20",679.13,877.35
"1994-05-21",678.95,877.35
"1994-05-22",678.73,877.35
"1994-05-23",678.3,877.35
"1994-05-24",677.72,877.35
"1994-05-25",677.29,877.35
"1994-05-26",676.84,877.25
"1994-05-27",676.39,877.15
"1994-05-28",675.78,877.05
"1994-05-29",675.12,876.95
"1994-05-30",673.67,876.85
"1994-05-31",673.81,876.65
"1994-06-01",671.17,876.55
"1994-06-02",670.21,876.45
"1994-06-03",668.74,876.25
"1994-06-04",668.07,876.15
"1994-06-05",667.33,876.05
"1994-06-06",666.36,875.95
"1994-06-07",664.76,875.75
"1994-06-08",663.7,875.55
"1994-06-09",662.25,875.35
"1994-06-10",661.71,875.25
"1994-06-11",662.89,875.15
"1994-06-12",662.95,875.15
"1994-06-13",662.56,874.95
"1994-06-14",663.72,874.93
"1994-06-15",665.13,875.05
"1994-06-16",665.91,875.01
"1994-06-17",666.52,874.95
"1994-06-18",666.8,874.85
"1994-06-19",666.89,874.95
"1994-06-20",667.64,874.95
"1994-06-21",667.85,874.95
"1994-06-22",668.35,874.95
"1994-06-23",668.68,874.95
"1994-06-24",668.56,874.95
"1994-06-25",667.95,874.85
"1994-06-26",667.13,874.85
"1994-06-27",666.32,874.75
"1994-06-28",664.68,874.75
"1994-06-29",663.52,874.65
"1994-06-30",662.68,874.55
"1994-07-01",661.98,874.55
"1994-07-02",661.77,874.45
"1994-07-03",661.56,874.35
"1994-07-04",661.6,874.35
"1994-07-05",661.12,874.25
"1994-07-06",660.46,874.25
"1994-07-07",659.93,874.25
"1994-07-08",659.2,874.25
"1994-07-09",659.03,874.25
"1994-07-10",659.59,874.35
"1994-07-11",659.15,874.35
"1994-07-12",658.5,874.25
"1994-07-13",657.74,874.25
"1994-07-14",657.21,874.45
"1994-07-15",656.89,874.65
"1994-07-16",656.91,874.65
"1994-07-17",656.93,874.65
"1994-07-18",656.41,874.65
"1994-07-19",656.05,874.65
"1994-07-20",655.68,874.65
"1994-07-21",655.09,874.65
"1994-07-22",654.59,874.55
"1994-07-23",654.86,874.55
"1994-07-24",654.79,874.55
"1994-07-25",654.16,874.65
"1994-07-26",653.56,874.65
"1994-07-27",653.1,874.55
"1994-07-28",652.55,874.55
"1994-07-29",652.43,874.65
"1994-07-30",652.7,874.65
"1994-07-31",653.15,874.75
"1994-08-01",652.83,874.85
"1994-08-02",652.51,874.85
"1994-08-03",652.55,874.65
"1994-08-04",652.24,
"1994-08-05",652.74,
"1994-08-06",653.59,
"1994-08-07",653.48,
"1994-08-08",652.59,
"1994-08-09",654.35,
"1994-08-10",656.02,
"1994-08-11",656.82,
"1994-08-12",656.86,
"1994-08-13",657.01,
"1994-08-14",657.06,
"1994-08-15",656.55,
"1994-08-16",657.11,
"1994-08-17",657.29,
"1994-08-18",656.91,
"1994-08-19",656.06,
"1994-08-20",656.14,
"1994-08-21",656.04,
"1994-08-22",656.44,
"1994-08-23",656.04,
"1994-08-24",655.81,
"1994-08-25",655.77,
"1994-08-26",655.51,
"1994-08-27",655.48,
"1994-08-28",655.36,
"1994-08-29",654.82,
"1994-08-30",654.43,
"1994-08-31",655.67,
"1994-09-01",656.4,
"1994-09-02",657.13,
"1994-09-03",657.86,
"1994-09-04",657.95,
"1994-09-05",657.7,
"1994-09-06",656.71,
"1994-09-07",656.07,
"1994-09-08",658.71,
"1994-09-09",660.91,
"1994-09-10",662.27,
"1994-09-11",663.06,
"1994-09-12",663.53,
"1994-09-13",664.1,
"1994-09-14",665.45,
"1994-09-15",666.06,
"1994-09-16",666.82,
"1994-09-17",667.24,
"1994-09-18",667.46,
"1994-09-19",667.24,
"1994-09-20",666.95,
"1994-09-21",666.57,
"1994-09-22",666.37,
"1994-09-23",666.1,
"1994-09-24",665.94,
"1994-09-25",665.58,
"1994-09-26",665.05,
"1994-09-27",664.53,
"1994-09-28",664.26,
"1994-09-29",663.8,
"1994-09-30",663.31,
"1994-10-01",663.37,
"1994-10-02",663.2,
"1994-10-03",662.69,
"1994-10-04",661.87,
"1994-10-05",661.66,
"1994-10-06",661.67,
"1994-10-07",661.6,
"1994-10-08",666.63,
"1994-10-09",668.38,
"1994-10-10",668.92,
"1994-10-11",669.13,
"1994-10-12",669.42,
"1994-10-13",669.51,
"1994-10-14",669.47,
"1994-10-15",670.23,
"1994-10-16",670.74,
"1994-10-17",670.9,
"1994-10-18",671.02,
"1994-10-19",672.24,
"1994-10-20",672.92,
"1994-10-21",673.33,
"1994-10-22",673.65,
"1994-10-23",673.78,
"1994-10-24",673.76,
"1994-10-25",674.12,
"1994-10-26",674.88,
"1994-10-27",675.04,
"1994-10-28",675.2,
"1994-10-29",675.46,
"1994-10-30",675.44,
"1994-10-31",675.43,
"1994-11-01",675.35,
"1994-11-02",675.31,
"1994-11-03",675.15,
"1994-11-04",675.11,
"1994-11-05",675.13,
"1994-11-06",675.27,
"1994-11-07",675.17,
"1994-11-08",674.92,
"1994-11-09",674.76,
"1994-11-10",674.77,
"1994-11-11",674.72,
"1994-11-12",674.72,
"1994-11-13",674.78,
"1994-11-14",674.61,
"1994-11-15",674.48,
"1994-11-16",674.46,
"1994-11-17",674.52,
"1994-11-18",674.32,
"1994-11-19",674.32,
"1994-11-20",674.55,
"1994-11-21",674.34,
"1994-11-22",673.87,
"1994-11-23",673.68,
"1994-11-24",673.94,
"1994-11-25",674.23,
"1994-11-26",674.21,
"1994-11-27",674.28,
"1994-11-28",673.87,
"1994-11-29",673.52,
"1994-11-30",673.2,
"1994-12-01",673.14,
"1994-12-02",673.1,
"1994-12-03",673.51,
"1994-12-04",673.7,
"1994-12-05",673.51,
"1994-12-06",673.36,
"1994-12-07",673.39,
"1994-12-08",673.3,
"1994-12-09",673.3,
"1994-12-10",673.45,
"1994-12-11",673.52,
"1994-12-12",673.47,
"1994-12-13",673.25,
"1994-12-14",673.3,
"1994-12-15",673.37,
"1994-12-16",673.71,
"1994-12-17",673.89,
"1994-12-18",674.06,
"1994-12-19",674.22,
"1994-12-20",674.26,
"1994-12-21",673.97,
"1994-12-22",673.31,
"1994-12-23",673.73,
"1994-12-24",673.87,
"1994-12-25",674,
"1994-12-26",674.32,
"1994-12-27",674.1,
"1994-12-28",674.53,
"1994-12-29",675.15,
"1994-12-30",675.68,
"1994-12-31",676.12,
"1995-01-01",676.35,
"1995-01-02",676.52,
"1995-01-03",676.39,
"1995-01-04",676.36,
"1995-01-05",676.3,877.1
"1995-01-06",676.47,877.05
"1995-01-07",676.24,877.02
"1995-01-08",676.21,877.03
"1995-01-09",675.97,877.03
"1995-01-10",675.93,877.06
"1995-01-11",675.9,877.08
"1995-01-12",675.8,877.11
"1995-01-13",675.9,877.12
"1995-01-14",675.9,877.12
"1995-01-15",675.9,877.13
"1995-01-16",675.9,877.16
"1995-01-17",675.5,877.17
"1995-01-18",675.5,877.19
"1995-01-19",675.2,877.17
"1995-01-20",675.1,877.18
"1995-01-21",675.1,877.19
"1995-01-22",675.2,877.2
"1995-01-23",674.9,877.16
"1995-01-24",674.31,877.18
"1995-01-25",674.69,877.18
"1995-01-26",674.85,877.21
"1995-01-27",674.81,877.21
"1995-01-28",674.75,877.21
"1995-01-29",674.68,877.18
"1995-01-30",674.62,877.17
"1995-01-31",674.41,877.2
"1995-02-01",674.25,877.2
"1995-02-02",674.01,877.19
"1995-02-03",673.83,877.18
"1995-02-04",673.54,877.14
"1995-02-05",673.56,877.14
"1995-02-06",673.1,877.11
"1995-02-07",672.91,877.11
"1995-02-08",672.58,877.08
"1995-02-09",672.7,877.06
"1995-02-10",672.65,877
"1995-02-11",672.27,876.92
"1995-02-12",672.28,876.82
"1995-02-13",672.22,876.77
"1995-02-14",672.36,876.71
"1995-02-15",672.51,876.68
"1995-02-16",672.35,876.63
"1995-02-17",672.07,876.53
"1995-02-18",671.9,876.45
"1995-02-19",671.92,876.36
"1995-02-20",671.68,876.29
"1995-02-21",670.93,876.19
"1995-02-22",670.75,876.18
"1995-02-23",670.48,876.13
"1995-02-24",669.96,876.17
"1995-02-25",670.25,876.18
"1995-02-26",670.98,876.19
"1995-02-27",671.16,876.21
"1995-02-28",671.41,876.28
"1995-03-01",671.45,876.32
"1995-03-02",671.64,876.33
"1995-03-03",671.54,876.35
"1995-03-04",672,876.35
"1995-03-05",671.34,876.35
"1995-03-06",671.68,876.35
"1995-03-07",672.21,876.32
"1995-03-08",672.1,876.3
"1995-03-09",671.97,876.3
"1995-03-10",672.04,876.3
"1995-03-11",672.12,876.27
"1995-03-12",672.09,876.26
"1995-03-13",672.35,876.21
"1995-03-14",672.81,876.08
"1995-03-15",672.99,876.04
"1995-03-16",672.98,876.03
"1995-03-17",672.77,876
"1995-03-18",672.75,875.97
"1995-03-19",672.74,875.95
"1995-03-20",672.41,875.91
"1995-03-21",672.1,875.9
"1995-03-22",671.92,875.87
"1995-03-23",671.64,875.89
"1995-03-24",671.39,875.88
"1995-03-25",671.56,875.85
"1995-03-26",671.48,875.83
"1995-03-27",671.55,875.83
"1995-03-28",671.24,875.82
"1995-03-29",671.42,876.31
"1995-03-30",671.62,876.35
"1995-03-31",671.6,876.45
"1995-04-01",671.85,876.36
"1995-04-02",671.48,876.38
"1995-04-03",671.2,876.4
"1995-04-04",671.54,876.52
"1995-04-05",672.32,876.55
"1995-04-06",672.8,876.55
"1995-04-07",673,876.65
"1995-04-08",673.35,876.6
"1995-04-09",673.31,876.6
"1995-04-10",673.08,876.75
"1995-04-11",673.23,876.72
"1995-04-12",673.18,876.72
"1995-04-13",672.77,876.75
"1995-04-14",672.54,876.73
"1995-04-15",672.53,876.73
"1995-04-16",672.51,876.73
"1995-04-17",672.81,876.78
"1995-04-18",672.23,876.81
"1995-04-19",671.97,876.83
"1995-04-20",671.73,876.83
"1995-04-21",671.05,876.87
"1995-04-22",670.69,876.82
"1995-04-23",670.33,876.78
"1995-04-24",670.08,876.8
"1995-04-25",669.54,876.68
"1995-04-26",668.78,876.65
"1995-04-27",667.78,876.55
"1995-04-28",667.33,876.55
"1995-04-29",666.49,876.44
"1995-04-30",665.7,876.3
"1995-05-01",664.58,876.23
"1995-05-02",663.68,876.13
"1995-05-03",663.12,875.68
"1995-05-04",662.38,875.59
"1995-05-05",661.12,875.43
"1995-05-06",660.49,875.31
"1995-05-07",660.34,875.25
"1995-05-08",661.83,875.19
"1995-05-09",662.83,875.2
"1995-05-10",663.59,875.16
"1995-05-11",663.52,875.11
"1995-05-12",664.05,875.47
"1995-05-13",663.95,875.44
"1995-05-14",663.47,875.33
"1995-05-15",662.69,875.28
"1995-05-16",661.48,875.15
"1995-05-17",660.8,875.04
"1995-05-18",659.57,874.89
"1995-05-19",659.03,874.69
"1995-05-20",658.02,874.55
"1995-05-21",657.35,874.41
"1995-05-22",656.53,874.31
"1995-05-23",656.1,874.23
"1995-05-24",657.35,874.24
"1995-05-25",658.63,874.25
"1995-05-26",659.16,873.86
"1995-05-27",660.75,873.9
"1995-05-28",661.93,873.92
"1995-05-29",662.57,873.93
"1995-05-30",664.84,873.95
"1995-05-31",666.28,873.96
"1995-06-01",667.15,874.37
"1995-06-02",667.51,874.38
"1995-06-03",667.9,873.97
"1995-06-04",668.21,873.96
"1995-06-05",668.17,873.95
"1995-06-06",667.7,873.91
"1995-06-07",667.26,873.86
"1995-06-08",666.87,873.72
"1995-06-09",665.98,873.57
"1995-06-10",664.86,873.43
"1995-06-11",666.19,873.38
"1995-06-12",667.29,873.38
"1995-06-13",667.93,873.35
"1995-06-14",668.38,873.35
"1995-06-15",668.34,873.35
"1995-06-16",668.32,873.36
"1995-06-17",667.89,873.36
"1995-06-18",667.68,873.33
"1995-06-19",667.48,873.34
"1995-06-20",667.19,873.22
"1995-06-21",665.95,873.13
"1995-06-22",664.46,873.02
"1995-06-23",663.19,872.83
"1995-06-24",661.9,872.73
"1995-06-25",661.03,872.56
"1995-06-26",659.94,872.43
"1995-06-27",659.71,872.35
"1995-06-28",659.42,872.17
"1995-06-29",662.85,872.24
"1995-06-30",664.61,872.27
"1995-07-01",665.34,872.24
"1995-07-02",666.08,872.23
"1995-07-03",666.39,872.24
"1995-07-04",667.1,872.28
"1995-07-05",667.57,872.33
"1995-07-06",667.58,872.43
"1995-07-07",667.9,872.48
"1995-07-08",668.17,872.51
"1995-07-09",668.35,872.55
"1995-07-10",668.08,872.58
"1995-07-11",667.32,872.6
"1995-07-12",666.89,872.57
"1995-07-13",666.36,872.58
"1995-07-14",665.67,872.55
"1995-07-15",665.36,872.52
"1995-07-16",664.89,872.49
"1995-07-17",664.15,872.46
"1995-07-18",663.13,872.32
"1995-07-19",662.38,872.22
"1995-07-20",661.53,872.13
"1995-07-21",660.64,872.04
"1995-07-22",660.02,871.99
"1995-07-23",659.53,871.91
"1995-07-24",657.74,871.86
"1995-07-25",657.41,871.74
"1995-07-26",656.73,871.67
"1995-07-27",655.98,871.61
"1995-07-28",655.25,871.5
"1995-07-29",654.79,871.48
"1995-07-30",655.58,871.5
"1995-07-31",656.59,871.52
"1995-08-01",656.83,871.51
"1995-08-02",656.68,871.45
"1995-08-03",657,871.4
"1995-08-04",656.43,871.36
"1995-08-05",655.83,871.33
"1995-08-06",655.3,871.37
"1995-08-07",654.3,871.29
"1995-08-08",654.71,871.29
"1995-08-09",654.24,871.25
"1995-08-10",653.84,871.27
"1995-08-11",653.41,871.23
"1995-08-12",653.35,871.25
"1995-08-13",654.75,871.36
"1995-08-14",654.74,871.42
"1995-08-15",654.53,871.36
"1995-08-16",653.95,871.35
"1995-08-17",653.35,871.32
"1995-08-18",652.56,871.28
"1995-08-19",653.24,871.29
"1995-08-20",653.12,871.3
"1995-08-21",652.12,871.24
"1995-08-22",652.69,871.29
"1995-08-23",652.61,871.31
"1995-08-24",653.97,871.38
"1995-08-25",654.37,871.37
"1995-08-26",654.82,871.42
"1995-08-27",654.65,871.4
"1995-08-28",654.1,871.38
"1995-08-29",654.05,871.31
"1995-08-30",653.85,871.3
"1995-08-31",653.16,871.3
"1995-09-01",653.74,871.47
"1995-09-02",653.55,871.49
"1995-09-03",653.08,871.5
"1995-09-04",652.7,871.5
"1995-09-05",651.69,871.44
"1995-09-06",651.52,871.38
"1995-09-07",651.06,871.34
"1995-09-08",652.55,871.45
"1995-09-09",653.08,871.48
"1995-09-10",653.34,871.51
"1995-09-11",652.88,871.46
"1995-09-12",652.59,871.46
"1995-09-13",652.04,871.4
"1995-09-14",652.63,871.52
"1995-09-15",653.08,871.52
"1995-09-16",653.08,871.57
"1995-09-17",653.08,871.56
"1995-09-18",652.52,871.54
"1995-09-19",652.27,871.49
"1995-09-20",655.45,871.7
"1995-09-21",657.88,871.74
"1995-09-22",659.42,871.9
"1995-09-23",660.06,871.92
"1995-09-24",660.9,871.94
"1995-09-25",661.02,871.96
"1995-09-26",660.89,871.98
"1995-09-27",660.7,872.02
"1995-09-28",660.46,872.07
"1995-09-29",660.04,872.14
"1995-09-30",660.28,872.18
"1995-10-01",660.22,872.22
"1995-10-02",660.11,872.25
"1995-10-03",660.45,872.31
"1995-10-04",660.4,872.35
"1995-10-05",660.14,872.39
"1995-10-06",659.76,872.28
"1995-10-07",659.72,872.31
"1995-10-08",659.66,872.35
"1995-10-09",659.41,872.38
"1995-10-10",658.92,872.38
"1995-10-11",658.7,872.4
"1995-10-12",658.49,872.41
"1995-10-13",658.41,872.42
"1995-10-14",658.26,872.42
"1995-10-15",658.4,872.42
"1995-10-16",658.03,872.48
"1995-10-17",657.73,872.49
"1995-10-18",657.41,872.5
"1995-10-19",657.36,872.52
"1995-10-20",657.16,872.5
"1995-10-21",657.6,872.52
"1995-10-22",657.72,872.53
"1995-10-23",657.36,872.44
"1995-10-24",657.21,872.5
"1995-10-25",657.32,872.56
"1995-10-26",657.36,872.6
"1995-10-27",657.16,872.64
"1995-10-28",657.09,872.64
"1995-10-29",657.28,872.65
"1995-10-30",657.73,872.69
"1995-10-31",658.7,872.79
"1995-11-01",659.35,872.83
"1995-11-02",660.14,872.9
"1995-11-03",660.46,872.91
"1995-11-04",661.25,872.93
"1995-11-05",661.79,872.97
"1995-11-06",661.97,873.01
"1995-11-07",661.96,873.04
"1995-11-08",661.61,873.04
"1995-11-09",661.51,873.08
"1995-11-10",661.55,873.1
"1995-11-11",661.28,873.11
"1995-11-12",661.37,873.13
"1995-11-13",661.26,873.15
"1995-11-14",660.85,873.16
"1995-11-15",660.66,873.16
"1995-11-16",660.64,873.14
"1995-11-17",661.5,873.36
"1995-11-18",662.13,873.43
"1995-11-19",662.97,873.45
"1995-11-20",663.09,873.45
"1995-11-21",662.68,873.46
"1995-11-22",662.77,873.5
"1995-11-23",663.03,873.52
"1995-11-24",663.33,873.54
"1995-11-25",663.31,873.58
"1995-11-26",663.51,873.62
"1995-11-27",663.37,873.67
"1995-11-28",662.95,873.67
"1995-11-29",662.81,873.68
"1995-11-30",662.99,873.71
"1995-12-01",662.83,873.74
"1995-12-02",663,873.75
"1995-12-03",663.18,873.78
"1995-12-04",662.97,873.78
"1995-12-05",662.95,873.8
"1995-12-06",662.78,873.78
"1995-12-07",662.74,873.81
"1995-12-08",662.89,873.84
"1995-12-09",662.96,873.83
"1995-12-10",662.85,873.83
"1995-12-11",662.96,873.87
"1995-12-12",662.84,873.88
"1995-12-13",662.74,873.89
"1995-12-14",662.5,873.89
"1995-12-15",662.4,873.89
"1995-12-16",662.67,873.93
"1995-12-17",663.33,873.97
"1995-12-18",663.43,873.98
"1995-12-19",663.64,873.96
"1995-12-20",663.59,873.98
"1995-12-21",663.8,874
"1995-12-22",663.69,874
"1995-12-23",663.83,873.98
"1995-12-24",664.12,874
"1995-12-25",664.5,874.02
"1995-12-26",664.63,874.03
"1995-12-27",664.44,874.04
"1995-12-28",664.17,874.03
"1995-12-29",664.1,874.05
"1995-12-30",664.41,874.09
"1995-12-31",664.85,874.12
"1996-01-01",664.94,874.15
"1996-01-02",664.78,874.13
"1996-01-03",664.13,874.1
"1996-01-04",664.22,874.12
"1996-01-05",664.02,874.11
"1996-01-06",663.94,874.09
"1996-01-07",663.67,874.05
"1996-01-08",663.28,874.05
"1996-01-09",663.46,874.06
"1996-01-10",663.33,874.07
"1996-01-11",663.23,874.06
"1996-01-12",663.08,874.01
"1996-01-13",663.15,874.01
"1996-01-14",663.17,874.02
"1996-01-15",662.93,874.02
"1996-01-16",662.52,873.98
"1996-01-17",662.54,873.99
"1996-01-18",662.36,874
"1996-01-19",661.59,873.95
"1996-01-20",662.2,873.98
"1996-01-21",661.96,873.94
"1996-01-22",661.71,873.93
"1996-01-23",661.85,873.87
"1996-01-24",661.15,873.75
"1996-01-25",660.95,873.66
"1996-01-26",660.85,873.58
"1996-01-27",660.55,873.45
"1996-01-28",660.62,873.38
"1996-01-29",660.67,873.31
"1996-01-30",659.92,873.21
"1996-01-31",659.62,873.09
"1996-02-01",659.76,873
"1996-02-02",659.78,872.91
"1996-02-03",659.54,872.83
"1996-02-04",659.33,872.74
"1996-02-05",659.2,872.7
"1996-02-06",659.04,873.07
"1996-02-07",658.42,873.04
"1996-02-08",657.92,872.93
"1996-02-09",657.2,872.81
"1996-02-10",656.86,872.71
"1996-02-11",656.4,872.6
"1996-02-12",655.57,872.52
"1996-02-13",655.11,872.44
"1996-02-14",654.94,872.36
"1996-02-15",654.32,872.36
"1996-02-16",653.54,872.07
"1996-02-17",653.69,871.98
"1996-02-18",653.71,871.85
"1996-02-19",652.8,871.75
"1996-02-20",651.94,871.6
"1996-02-21",651.22,871.47
"1996-02-22",650.59,871.35
"1996-02-23",649.91,871.23
"1996-02-24",649.86,871.13
"1996-02-25",650,871.04
"1996-02-26",649.58,870.98
"1996-02-27",649.98,870.98
"1996-02-28",650.12,870.95
"1996-02-29",651.5,870.93
"1996-03-01",652.89,871.01
"1996-03-02",653.65,871.02
"1996-03-03",653.9,871.02
"1996-03-04",653.65,871.02
"1996-03-05",653.86,871.03
"1996-03-06",654.05,871.03
"1996-03-07",653.72,870.99
"1996-03-08",653.72,870.96
"1996-03-09",653.93,870.97
"1996-03-10",654.38,870.98
"1996-03-11",654.05,870.99
"1996-03-12",654.01,870.99
"1996-03-13",653.99,870.96
"1996-03-14",653.47,870.94
"1996-03-15",653.03,870.91
"1996-03-16",652.93,870.9
"1996-03-17",652.97,870.87
"1996-03-18",652.64,870.88
"1996-03-19",652.77,870.87
"1996-03-20",652.55,870.8
"1996-03-21",652.49,870.78
"1996-03-22",652.13,870.75
"1996-03-23",652.15,870.74
"1996-03-24",652.45,870.73
"1996-03-25",651.9,870.73
"1996-03-26",652.44,870.68
"1996-03-27",653.37,870.81
"1996-03-28",653.98,870.84
"1996-03-29",653.83,870.86
"1996-03-30",654.23,870.89
"1996-03-31",653.85,870.86
"1996-04-01",653.22,870.84
"1996-04-02",652.89,870.83
"1996-04-03",652.79,870.74
"1996-04-04",652.52,870.71
"1996-04-05",653.19,870.69
"1996-04-06",654.03,870.7
"1996-04-07",654.53,870.7
"1996-04-08",654.63,870.75
"1996-04-09",653.58,870.75
"1996-04-10",652.71,870.74
"1996-04-11",652.03,870.65
"1996-04-12",652.18,870.6
"1996-04-13",651.65,870.57
"1996-04-14",651.33,870.53
"1996-04-15",650.21,870.46
"1996-04-16",649.97,870.38
"1996-04-17",649.66,870.31
"1996-04-18",648.96,870.2
"1996-04-19",648.06,870.06
"1996-04-20",647.95,869.93
"1996-04-21",647.79,869.82
"1996-04-22",647.23,869.71
"1996-04-23",648.09,869.58
"1996-04-24",647.63,869.45
"1996-04-25",647.33,869.3
"1996-04-26",645.8,869.15
"1996-04-27",645.83,869
"1996-04-28",645.07,868.86
"1996-04-29",644.99,868.75
"1996-04-30",645.87,868.65
"1996-05-01",645.72,868.55
"1996-05-02",645.07,868.41
"1996-05-03",644.01,868.28
"1996-05-04",643.96,868.17
"1996-05-05",643.08,868.07
"1996-05-06",642.01,867.98
"1996-05-07",642.25,867.93
"1996-05-08",642.03,867.82
"1996-05-09",642.82,867.73
"1996-05-10",642.21,867.59
"1996-05-11",642.88,867.43
"1996-05-12",643.86,867.34
"1996-05-13",643.5,867.2
"1996-05-14",642.94,867.06
"1996-05-15",642.11,866.88
"1996-05-16",641.4,866.71
"1996-05-17",639.67,866.53
"1996-05-18",639.45,866.34
"1996-05-19",638.46,866.16
"1996-05-20",637.41,866.01
"1996-05-21",637.56,865.79
"1996-05-22",637.02,865.58
"1996-05-23",636.07,865.38
"1996-05-24",633.37,865.17
"1996-05-25",633.73,864.97
"1996-05-26",634.59,864.75
"1996-05-27",634.97,864.58
"1996-05-28",635.83,864.47
"1996-05-29",635.41,864.33
"1996-05-30",634.3,864.13
"1996-05-31",634.4,863.95
"1996-06-01",634.88,863.81
"1996-06-02",635.78,863.7
"1996-06-03",636.4,863.58
"1996-06-04",636.7,863.49
"1996-06-05",636.62,863.35
"1996-06-06",636.01,863.22
"1996-06-07",634.67,863.06
"1996-06-08",635.8,862.88
"1996-06-09",636.1,862.7
"1996-06-10",635.72,862.55
"1996-06-11",634.45,861.63
"1996-06-12",632.32,861.61
"1996-06-13",631.51,861.43
"1996-06-14",631.66,861.29
"1996-06-15",631.29,861.29
"1996-06-16",629.86,861.01
"1996-06-17",629.57,860.84
"1996-06-18",629.96,860.66
"1996-06-19",629.62,860.46
"1996-06-20",628.81,860.27
"1996-06-21",628.55,860.1
"1996-06-22",628.08,860.43
"1996-06-23",627.46,860.25
"1996-06-24",627.64,860.13
"1996-06-25",628.85,859.98
"1996-06-26",630.13,859.9
"1996-06-27",631.2,859.9
"1996-06-28",631.71,859.8
"1996-06-29",631.57,859.7
"1996-06-30",630.74,859.6
"1996-07-01",630.65,859.55
"1996-07-02",631.02,859.45
"1996-07-03",630.5,859.22
"1996-07-04",630.59,859.2
"1996-07-05",630.95,859.18
"1996-07-06",630.4,859.13
"1996-07-07",628.55,859.13
"1996-07-08",628.81,859.09
"1996-07-09",629.95,859.04
"1996-07-10",630.04,859.15
"1996-07-11",631.4,859.13
"1996-07-12",632.69,859.63
"1996-07-13",632.24,859.69
"1996-07-14",630.77,859.73
"1996-07-15",631.15,859.77
"1996-07-16",632.23,859.78
"1996-07-17",631.47,859.78
"1996-07-18",631.58,859.78
"1996-07-19",631.98,859.78
"1996-07-20",631.46,859.78
"1996-07-21",629.7,859.76
"1996-07-22",629.8,859.73
"1996-07-23",630.73,859.69
"1996-07-24",630.26,859.64
"1996-07-25",630.79,859.63
"1996-07-26",632.64,859.63
"1996-07-27",633.16,859.58
"1996-07-28",632.58,859.58
"1996-07-29",632.68,859.55
"1996-07-30",633.05,859.5
"1996-07-31",632.6,859.46
"1996-08-01",632.86,859.42
"1996-08-02",633.42,859.31
"1996-08-03",633.49,859.29
"1996-08-04",632.07,859.25
"1996-08-05",630.36,859.28
"1996-08-06",631.37,859.23
"1996-08-07",630.9,859.22
"1996-08-08",631.12,859.21
"1996-08-09",631.74,859.21
"1996-08-10",631.34,859.21
"1996-08-11",629.39,859.23
"1996-08-12",629.56,859.23
"1996-08-13",630.85,859.2
"1996-08-14",630.8,859.29
"1996-08-15",631.2,859.29
"1996-08-16",631.55,859.36
"1996-08-17",631.07,859.33
"1996-08-18",629.15,859.3
"1996-08-19",629.3,859.24
"1996-08-20",631.07,859.21
"1996-08-21",630.49,859.25
"1996-08-22",631.8,859.25
"1996-08-23",633.05,859.33
"1996-08-24",633.86,859.36
"1996-08-25",634.94,859.41
"1996-08-26",635.89,859.43
"1996-08-27",636.72,859.46
"1996-08-28",636.98,859.48
"1996-08-29",637.15,859.5
"1996-08-30",638.02,859.56
"1996-08-31",638.96,859.59
"1996-09-01",640.13,859.62
"1996-09-02",640.69,859.62
"1996-09-03",640.43,859.64
"1996-09-04",640.3,859.61
"1996-09-05",640.56,859.72
"1996-09-06",640.84,859.74
"1996-09-07",640.96,859.74
"1996-09-08",640.63,859.77
"1996-09-09",641.2,859.87
"1996-09-10",642.21,859.92
"1996-09-11",641.88,859.98
"1996-09-12",641.52,860.01
"1996-09-13",641.74,860.06
"1996-09-14",642.45,860.09
"1996-09-15",642.95,860.09
"1996-09-16",643.6,860.37
"1996-09-17",643.68,860.46
"1996-09-18",642.95,860.54
"1996-09-19",643.13,860.64
"1996-09-20",643.33,860.74
"1996-09-21",643.82,860.82
"1996-09-22",643.71,860.9
"1996-09-23",643.27,860.97
"1996-09-24",643.31,861.03
"1996-09-25",645.18,861.17
"1996-09-26",646.1,861.26
"1996-09-27",646.08,861.33
"1996-09-28",645.91,861.41
"1996-09-29",645.81,861.48
"1996-09-30",645.58,861.55
"1996-10-01",645.28,861.62
"1996-10-02",644.86,861.69
"1996-10-03",644.29,861.78
"1996-10-04",644.47,861.7
"1996-10-05",644.82,861.85
"1996-10-06",645.06,861.89
"1996-10-07",644.74,861.97
"1996-10-08",644.78,862.03
"1996-10-09",644.27,862.06
"1996-10-10",643.95,862.11
"1996-10-11",644.08,862.16
"1996-10-12",643.8,862.2
"1996-10-13",643.3,862.27
"1996-10-14",643.1,862.33
"1996-10-15",643.4,862.33
"1996-10-16",643.24,862.45
"1996-10-17",643.04,862.49
"1996-10-18",642.91,862.54
"1996-10-19",643.33,862.61
"1996-10-20",642.94,862.66
"1996-10-21",642.64,862.69
"1996-10-22",642.93,862.73
"1996-10-23",642.73,862.77
"1996-10-24",642.89,862.79
"1996-10-25",643.66,862.88
"1996-10-26",643.67,862.92
"1996-10-27",643.19,862.97
"1996-10-28",643.44,863.08
"1996-10-29",643.88,863.17
"1996-10-30",643.37,863.25
"1996-10-31",643.42,863.33
"1996-11-01",643.79,863.4
"1996-11-02",643.94,863.5
"1996-11-03",643.55,863.57
"1996-11-04",643.42,863.65
"1996-11-05",643.78,863.72
"1996-11-06",643.34,863.81
"1996-11-07",643.55,863.89
"1996-11-08",644.25,863.96
"1996-11-09",644.27,864.03
"1996-11-10",643.98,864.1
"1996-11-11",644.15,864.19
"1996-11-12",643.88,864.2
"1996-11-13",643.45,864.31
"1996-11-14",643.57,864.37
"1996-11-15",644.15,864.37
"1996-11-16",644.82,864.61
"1996-11-17",644.82,864.68
"1996-11-18",645.26,864.77
"1996-11-19",645.3,864.87
"1996-11-20",645.28,864.95
"1996-11-21",645.22,865.05
"1996-11-22",645.48,865.11
"1996-11-23",645.92,865.2
"1996-11-24",646.24,865.33
"1996-11-25",646.85,865.42
"1996-11-26",646.58,865.5
"1996-11-27",646.38,865.57
"1996-11-28",647.29,865.7
"1996-11-29",648.38,865.85
"1996-11-30",648.82,865.9
"1996-12-01",648.66,865.99
"1996-12-02",648.67,866.06
"1996-12-03",648.66,866.14
"1996-12-04",648.36,866.25
"1996-12-05",648.94,866.39
"1996-12-06",649.18,866.49
"1996-12-07",649.2,866.52
"1996-12-08",649.09,866.6
"1996-12-09",649.2,866.69
"1996-12-10",649.21,866.77
"1996-12-11",648.86,866.84
"1996-12-12",648.89,866.9
"1996-12-13",648.85,866.96
"1996-12-14",648.94,867.05
"1996-12-15",649.16,867.05
"1996-12-16",650.03,867.24
"1996-12-17",650.6,867.28
"1996-12-18",649.86,867.32
"1996-12-19",649.48,867.44
"1996-12-20",649.32,867.47
"1996-12-21",649.96,867.56
"1996-12-22",650.23,867.65
"1996-12-23",650.31,867.71
"1996-12-24",650.2,867.74
"1996-12-25",650.39,867.85
"1996-12-26",651.08,867.91
"1996-12-27",650.69,867.97
"1996-12-28",650.85,868.03
"1996-12-29",650.62,868.07
"1996-12-30",650.48,868.12
"1996-12-31",650.38,868.18
"1997-01-01",650.74,868.24
"1997-01-02",651.03,868.3
"1997-01-03",650.87,868.37
"1997-01-04",651.04,868.4
"1997-01-05",650.88,868.48
"1997-01-06",650.79,868.46
"1997-01-07",650.71,868.53
"1997-01-08",650.94,868.63
"1997-01-09",651.03,868.67
"1997-01-10",651.02,868.73
"1997-01-11",651.04,868.76
"1997-01-12",650.91,868.79
"1997-01-13",650.54,868.83
"1997-01-14",650.57,868.92
"1997-01-15",650.32,868.96
"1997-01-16",650.19,868.98
"1997-01-17",650.39,869.01
"1997-01-18",650.62,869.07
"1997-01-19",650.59,869.12
"1997-01-20",650.87,869.17
"1997-01-21",650.96,869.23
"1997-01-22",650.95,869.26
"1997-01-23",650.71,869.28
"1997-01-24",650.74,869.3
"1997-01-25",650.57,869.28
"1997-01-26",650.45,869.29
"1997-01-27",650.46,869.3
"1997-01-28",650.19,869.24
"1997-01-29",650.38,869.25
"1997-01-30",650.23,869.26
"1997-01-31",650.17,869.25
"1997-02-01",650.5,869.25
"1997-02-02",649.89,869.22
"1997-02-03",649.38,869.2
"1997-02-04",649.24,869.17
"1997-02-05",648.69,869.07
"1997-02-06",648.83,869.05
"1997-02-07",649.47,869.01
"1997-02-08",649.67,868.92
"1997-02-09",649.89,868.89
"1997-02-10",649.73,868.86
"1997-02-11",649.59,868.81
"1997-02-12",650.02,868.81
"1997-02-13",650.81,868.81
"1997-02-14",651.33,868.76
"1997-02-15",651.65,868.74
"1997-02-16",651.81,868.73
"1997-02-17",651.78,868.72
"1997-02-18",651.75,868.73
"1997-02-19",651.68,868.73
"1997-02-20",652.3,868.75
"1997-02-21",652.9,868.75
"1997-02-22",652.69,868.68
"1997-02-23",653.12,868.68
"1997-02-24",653.21,868.68
"1997-02-25",653.57,868.77
"1997-02-26",653.97,868.78
"1997-02-27",654.26,868.88
"1997-02-28",654.49,868.91
"1997-03-01",654.56,868.92
"1997-03-02",654.57,868.92
"1997-03-03",654.84,868.94
"1997-03-04",655.01,868.96
"1997-03-05",655.12,868.97
"1997-03-06",655.12,868.97
"1997-03-07",655.14,869.02
"1997-03-08",655.29,869.04
"1997-03-09",655.41,869.06
"1997-03-10",655.23,869.07
"1997-03-11",654.96,869.22
"1997-03-12",655.55,869.32
"1997-03-13",656.44,869.36
"1997-03-14",656.74,869.4
"1997-03-15",657.16,869.42
"1997-03-16",657.48,869.49
"1997-03-17",657.93,869.52
"1997-03-18",657.9,869.56
"1997-03-19",657.81,869.64
"1997-03-20",657.91,869.71
"1997-03-21",657.87,869.79
"1997-03-22",657.55,869.8
"1997-03-23",657.41,869.83
"1997-03-24",657.01,869.88
"1997-03-25",657,869.96
"1997-03-26",656.97,870.03
"1997-03-27",656.75,870.12
"1997-03-28",656.99,870.16
"1997-03-29",656.31,870.17
"1997-03-30",656.12,870.25
"1997-03-31",656.49,870.31
"1997-04-01",656.87,870.42
"1997-04-02",657.52,870.48
"1997-04-03",659.2,870.6
"1997-04-04",660.29,870.72
"1997-04-05",661.31,870.8
"1997-04-06",662.14,870.83
"1997-04-07",661.85,870.88
"1997-04-08",662.36,870.92
"1997-04-09",662.8,871
"1997-04-10",662.89,871.09
"1997-04-11",663.25,871.13
"1997-04-12",663.44,871.15
"1997-04-13",663.36,871.2
"1997-04-14",663.19,871.23
"1997-04-15",663,871.29
"1997-04-16",662.6,871.34
"1997-04-17",662.4,871.38
"1997-04-18",662.05,871.49
"1997-04-19",662.8,871.53
"1997-04-20",662.75,871.58
"1997-04-21",661.93,871.62
"1997-04-22",661.55,871.63
"1997-04-23",661.06,871.66
"1997-04-24",660.86,871.72
"1997-04-25",661.25,871.79
"1997-04-26",662.6,871.92
"1997-04-27",663.43,871.98
"1997-04-28",663.59,872.03
"1997-04-29",663.27,872.08
"1997-04-30",662.83,872.1
"1997-05-01",662.58,872.15
"1997-05-02",662.61,872.18
"1997-05-03",662.04,872.11
"1997-05-04",661.61,872.01
"1997-05-05",661.2,872.02
"1997-05-06",660.67,872.05
"1997-05-07",660.8,872.03
"1997-05-08",660.41,871.92
"1997-05-09",660.84,871.92
"1997-05-10",661.54,871.96
"1997-05-11",662.01,872.01
"1997-05-12",661.96,872.04
"1997-05-13",662.12,872.17
"1997-05-14",661.87,872.11
"1997-05-15",661.69,872.07
"1997-05-16",662.4,872.02
"1997-05-17",663.1,872.07
"1997-05-18",663.09,871.98
"1997-05-19",662.59,871.93
"1997-05-20",662.59,872.01
"1997-05-21",663.05,872
"1997-05-22",663.21,872.09
"1997-05-23",663.78,872.17
"1997-05-24",664.57,872.25
"1997-05-25",665.18,872.29
"1997-05-26",665.27,872.32
"1997-05-27",665.05,872.34
"1997-05-28",665.14,872.36
"1997-05-29",665.55,872.4
"1997-05-30",665.6,872.39
"1997-05-31",665.64,872.38
"1997-06-01",665.51,872.35
"1997-06-02",664.88,872.31
"1997-06-03",664.04,872.16
"1997-06-04",662.84,872.05
"1997-06-05",662.11,871.98
"1997-06-06",661.59,870.93
"1997-06-07",662,870.86
"1997-06-08",662.87,870.74
"1997-06-09",663.06,870.8
"1997-06-10",664,870.9
"1997-06-11",664.77,871
"1997-06-12",664.98,870.9
"1997-06-13",665.02,871
"1997-06-14",665.3,871
"1997-06-15",666,871.2
"1997-06-16",666.73,871.2
"1997-06-17",666.87,871.2
"1997-06-18",666.86,871.2
"1997-06-19",666.59,871.3
"1997-06-20",666.3,871.4
"1997-06-21",667.62,871.5
"1997-06-22",671.31,871.7
"1997-06-23",673.64,871.76
"1997-06-24",674.99,871.89
"1997-06-25",675.81,871.99
"1997-06-26",676.39,872.13
"1997-06-27",676.93,872.23
"1997-06-28",677.47,872.33
"1997-06-29",677.76,872.42
"1997-06-30",677.85,872.47
"1997-07-01",677.72,872.53
"1997-07-02",677.45,872.6
"1997-07-03",677.23,872.67
"1997-07-04",677.06,872.73
"1997-07-05",676.96,872.79
"1997-07-06",676.67,872.86
"1997-07-07",676.16,872.9
"1997-07-08",675.47,872.91
"1997-07-09",675.05,872.94
"1997-07-10",674.42,872.94
"1997-07-11",673.91,872.92
"1997-07-12",673.59,872.87
"1997-07-13",673.08,872.88
"1997-07-14",672.47,872.9
"1997-07-15",671.87,872.9
"1997-07-16",671.2,872.9
"1997-07-17",670.31,872.9
"1997-07-18",670.21,872.9
"1997-07-19",669.94,872.9
"1997-07-20",669.55,872.9
"1997-07-21",669.55,873
"1997-07-22",670.06,873.3
"1997-07-23",670.11,873.27
"1997-07-24",669.55,873.32
"1997-07-25",668.9,873.33
"1997-07-26",668.65,873.37
"1997-07-27",668.1,873.38
"1997-07-28",667.8,873.4
"1997-07-29",667.18,873.44
"1997-07-30",667.32,873.47
"1997-07-31",667.47,873.46
"1997-08-01",667.56,873.59
"1997-08-02",667.01,873.63
"1997-08-03",666.86,873.66
"1997-08-04",666.15,873.81
"1997-08-05",666.2,874.18
"1997-08-06",665.7,873.89
"1997-08-07",665.4,879.67
"1997-08-08",666.4,882.31
"1997-08-09",667.4,877.25
"1997-08-10",667.5,874.72
"1997-08-11",665.87,874.74
"1997-08-12",665.18,874.72
"1997-08-13",665.08,874.68
"1997-08-14",664.54,874.76
"1997-08-15",664.02,874.76
"1997-08-16",663.64,874.79
"1997-08-17",663.1,874.82
"1997-08-18",662.8,874.88
"1997-08-19",661.25,874.86
"1997-08-20",661.15,874.94
"1997-08-21",660.61,874.84
"1997-08-22",660.41,874.88
"1997-08-23",660.44,874.96
"1997-08-24",661.5,875.11
"1997-08-25",661.26,875.16
"1997-08-26",661.19,875.25
"1997-08-27",660.86,875.28
"1997-08-28",660.55,875.31
"1997-08-29",660.42,875.31
"1997-08-30",660.2,875.33
"1997-08-31",659.86,875.35
"1997-09-01",659.81,875.36
"1997-09-02",659.2,875.35
"1997-09-03",659.05,875.39
"1997-09-04",660.7,875.51
"1997-09-05",661.43,875.55
"1997-09-06",661.97,875.56
"1997-09-07",662.21,875.58
"1997-09-08",661.7,875.56
"1997-09-09",661.13,875.59
"1997-09-10",662.06,875.57
"1997-09-11",662.25,875.59
"1997-09-12",662.39,875.58
"1997-09-13",662.21,875.61
"1997-09-14",661.9,875.62
"1997-09-15",661.06,875.62
"1997-09-16",660.48,875.61
"1997-09-17",659.95,875.67
"1997-09-18",659.39,875.65
"1997-09-19",659.38,875.64
"1997-09-20",659.61,875.62
"1997-09-21",660.21,875.73
"1997-09-22",661.18,875.84
"1997-09-23",662.12,875.83
"1997-09-24",662.65,875.85
"1997-09-25",662.87,875.84
"1997-09-26",663,875.86
"1997-09-27",663,875.87
"1997-09-28",662.9,875.85
"1997-09-29",662.8,875.78
"1997-09-30",662.08,875.82
"1997-10-01",661.63,875.75
"1997-10-02",661.33,875.78
"1997-10-03",661.03,875.8
"1997-10-04",661.18,875.81
"1997-10-05",661.3,875.85
"1997-10-06",661.68,875.93
"1997-10-07",662.43,876.03
"1997-10-08",663.24,876.07
"1997-10-09",663.83,876.09
"1997-10-10",665.05,876.23
"1997-10-11",666.4,876.35
"1997-10-12",667.31,876.4
"1997-10-13",667.91,876.39
"1997-10-14",668.09,876.37
"1997-10-15",669.2,876.41
"1997-10-16",668.6,876.46
"1997-10-17",668.4,876.49
"1997-10-18",668.4,876.52
"1997-10-19",668.3,876.54
"1997-10-20",668.3,876.54
"1997-10-21",668,876.56
"1997-10-22",667.8,876.62
"1997-10-23",667.8,876.68
"1997-10-24",668,876.7
"1997-10-25",667.9,876.73
"1997-10-26",667.8,876.68
"1997-10-27",667.8,876.7
"1997-10-28",667.5,876.67
"1997-10-29",667.4,876.7
"1997-10-30",667.4,876.7
"1997-10-31",666.5,876.72
"1997-11-01",666.2,876.75
"1997-11-02",666.7,876.7
"1997-11-03",665.99,876.71
"1997-11-04",666.63,876.75
"1997-11-05",666.41,876.77
"1997-11-06",666.25,876.73
"1997-11-07",666.12,876.74
"1997-11-08",666.43,876.77
"1997-11-09",666.62,876.81
"1997-11-10",666.86,876.81
"1997-11-11",667.38,876.85
"1997-11-12",668.07,876.92
"1997-11-13",668.85,876.96
"1997-11-14",668.97,876.96
"1997-11-15",669.41,876.92
"1997-11-16",669.38,876.9
"1997-11-17",669.29,876.95
"1997-11-18",669.25,877.01
"1997-11-19",669.37,877.01
"1997-11-20",669.54,877.05
"1997-11-21",669.76,877.08
"1997-11-22",669.77,877.08
"1997-11-23",669.68,877.06
"1997-11-24",669.42,877.06
"1997-11-25",669.13,877.08
"1997-11-26",669.24,877.11
"1997-11-27",669.43,877.16
"1997-11-28",669.82,877.2
"1997-11-29",669.84,877.19
"1997-11-30",669.85,877.16
"1997-12-01",669.59,877.17
"1997-12-02",669.32,877.2
"1997-12-03",669.45,877.2
"1997-12-04",669.42,877.21
"1997-12-05",669.08,877.23
"1997-12-06",669.27,877.24
"1997-12-07",669.53,877.29
"1997-12-08",669.67,877.31
"1997-12-09",669.54,877.34
"1997-12-10",669.51,877.31
"1997-12-11",669.25,877.29
"1997-12-12",669.1,877.28
"1997-12-13",669.61,877.28
"1997-12-14",669.63,877.3
"1997-12-15",669.49,877.31
"1997-12-16",669.43,877.31
"1997-12-17",669.31,877.33
"1997-12-18",669.22,877.35
"1997-12-19",669.1,877.37
"1997-12-20",669.81,877.41
"1997-12-21",671.09,877.41
"1997-12-22",671.6,877.41
"1997-12-23",671.7,877.46
"1997-12-24",671.9,877.46
"1997-12-25",672,877.46
"1997-12-26",672.2,877.47
"1997-12-27",672.3,877.47
"1997-12-28",672.4,877.51
"1997-12-29",672.4,877.5
"1997-12-30",672,877.52
"1997-12-31",671.46,877.48
"1998-01-01",671.85,877.54
"1998-01-02",672,877.56
"1998-01-03",672.18,877.57
"1998-01-04",672.17,877.57
"1998-01-05",672.23,877.58
"1998-01-06",672.36,877.61
"1998-01-07",673.44,877.61
"1998-01-08",673.95,877.62
"1998-01-09",674.1,877.6
"1998-01-10",674.21,877.55
"1998-01-11",674.37,877.54
"1998-01-12",674.1,877.57
"1998-01-13",673.84,877.6
"1998-01-14",673.85,877.63
"1998-01-15",673.72,877.63
"1998-01-16",673.55,877.54
"1998-01-17",673.4,877.52
"1998-01-18",673.48,877.51
"1998-01-19",673.21,877.47
"1998-01-20",673,877.45
"1998-01-21",672.95,877.46
"1998-01-22",672.73,877.36
"1998-01-23",672.53,877.25
"1998-01-24",672.44,877.18
"1998-01-25",672.47,877.17
"1998-01-26",672.43,877.13
"1998-01-27",672.09,876.98
"1998-01-28",671.75,876.9
"1998-01-29",671.47,876.79
"1998-01-30",671.47,876.7
"1998-01-31",672.61,876.67
"1998-02-01",673.44,876.7
"1998-02-02",673.9,876.68
"1998-02-03",674.07,876.58
"1998-02-04",674.21,876.51
"1998-02-05",674.46,876.49
"1998-02-06",674.53,876.4
"1998-02-07",674.5,876.36
"1998-02-08",674.5,876.35
"1998-02-09",674.5,876.31
"1998-02-10",674.8,876.24
"1998-02-11",674.6,876.19
"1998-02-12",674.1,876.18
"1998-02-13",674.4,876.11
"1998-02-14",674.5,876.08
"1998-02-15",675.1,876.13
"1998-02-16",675.3,876.16
"1998-02-17",675.26,876.16
"1998-02-18",675.58,876.16
"1998-02-19",675.59,876.16
"1998-02-20",675.52,876.16
"1998-02-21",675.86,876.22
"1998-02-22",676.57,876.26
"1998-02-23",676.62,876.26
"1998-02-24",676.58,876.26
"1998-02-25",676.85,876.37
"1998-02-26",677.09,876.37
"1998-02-27",677.4,876.37
"1998-02-28",677.5,876.37
"1998-03-01",677.5,876.34
"1998-03-02",677.6,876.34
"1998-03-03",677.9,876.35
"1998-03-04",677.9,876.38
"1998-03-05",677.9,876.38
"1998-03-06",677.8,876.36
"1998-03-07",677.6,876.41
"1998-03-08",677.4,876.38
"1998-03-09",677.22,876.33
"1998-03-10",677.34,876.28
"1998-03-11",677.18,876.3
"1998-03-12",677.01,876.32
"1998-03-13",677.14,876.35
"1998-03-14",677.52,876.41
"1998-03-15",677.94,876.48
"1998-03-16",679.26,876.57
"1998-03-17",680.02,876.55
"1998-03-18",680.61,876.56
"1998-03-19",681.01,876.55
"1998-03-20",681.3,876.57
"1998-03-21",681.3,876.6
"1998-03-22",681.3,876.62
"1998-03-23",681.3,876.62
"1998-03-24",681.5,876.62
"1998-03-25",680.85,876.65
"1998-03-26",680.93,876.69
"1998-03-27",681.16,876.72
"1998-03-28",680.86,876.74
"1998-03-29",680.84,876.78
"1998-03-30",680.49,876.85
"1998-03-31",680.17,876.82
"1998-04-01",680,876.77
"1998-04-02",679.8,876.79
"1998-04-03",679.47,876.77
"1998-04-04",679.29,876.77
"1998-04-05",678.96,876.78
"1998-04-06",678.44,876.81
"1998-04-07",678.41,876.86
"1998-04-08",677.94,876.83
"1998-04-09",677.59,876.77
"1998-04-10",677.19,876.72
"1998-04-11",676.98,876.68
"1998-04-12",676.84,876.72
"1998-04-13",676.96,876.71
"1998-04-14",676.54,876.7
"1998-04-15",676.03,876.6
"1998-04-16",675.68,876.52
"1998-04-17",675.14,876.33
"1998-04-18",675.54,876.31
"1998-04-19",675.63,876.14
"1998-04-20",674.87,875.97
"1998-04-21",674.23,875.83
"1998-04-22",673.56,875.67
"1998-04-23",672.17,875.57
"1998-04-24",671.61,875.43
"1998-04-25",670.89,875.39
"1998-04-26",670.49,875.23
"1998-04-27",669.88,875.16
"1998-04-28",669.24,875.06
"1998-04-29",668,874.93
"1998-04-30",667.08,874.78
"1998-05-01",665.94,874.63
"1998-05-02",665.19,874.54
"1998-05-03",663.77,874.44
"1998-05-04",662.57,874.3
"1998-05-05",662.33,874.22
"1998-05-06",661.83,874.05
"1998-05-07",661.15,873.85
"1998-05-08",659.96,873.68
"1998-05-09",660.13,873.6
"1998-05-10",659.1,873.48
"1998-05-11",658.48,873.4
"1998-05-12",657.83,873.22
"1998-05-13",657.14,873.08
"1998-05-14",656.68,872.92
"1998-05-15",656.39,872.77
"1998-05-16",655.69,872.61
"1998-05-17",655.77,872.46
"1998-05-18",655.18,872.35
"1998-05-19",654.52,872.21
"1998-05-20",653.8,872.07
"1998-05-21",653.13,871.96
"1998-05-22",652.11,871.87
"1998-05-23",651.95,871.76
"1998-05-24",651.54,871.73
"1998-05-25",651.13,871.67
"1998-05-26",650.83,871.59
"1998-05-27",651.23,871.47
"1998-05-28",651.96,871.27
"1998-05-29",651.75,871.11
"1998-05-30",651.01,870.96
"1998-05-31",650.22,870.85
"1998-06-01",649.19,870.76
"1998-06-02",648.52,870.62
"1998-06-03",647.39,870.48
"1998-06-04",646.91,870.35
"1998-06-05",646.1,870.25
"1998-06-06",646.82,870.14
"1998-06-07",646.41,870.04
"1998-06-08",646.93,870.02
"1998-06-09",646.02,869.89
"1998-06-10",644.98,869.85
"1998-06-11",646.42,870
"1998-06-12",648.06,870.04
"1998-06-13",648.88,870.08
"1998-06-14",649.68,870.1
"1998-06-15",649.43,870.12
"1998-06-16",648.44,870.13
"1998-06-17",647.74,870.14
"1998-06-18",647.13,870.12
"1998-06-19",646.22,870.07
"1998-06-20",645.65,870.02
"1998-06-21",644.95,869.96
"1998-06-22",644.51,869.88
"1998-06-23",642.71,869.79
"1998-06-24",642.19,869.74
"1998-06-25",641.94,869.6
"1998-06-26",641.5,869.44
"1998-06-27",641.85,869.3
"1998-06-28",641.15,869.21
"1998-06-29",642.97,869.16
"1998-06-30",644.37,869.29
"1998-07-01",644.77,869.32
"1998-07-02",645.74,869.37
"1998-07-03",646.63,869.42
"1998-07-04",647.78,869.46
"1998-07-05",648.86,869.53
"1998-07-06",648.61,869.52
"1998-07-07",648.58,869.54
"1998-07-08",647.42,869.54
"1998-07-09",647.61,869.51
"1998-07-10",646.13,869.46
"1998-07-11",646.69,869.42
"1998-07-12",645.53,869.4
"1998-07-13",645.23,869.34
"1998-07-14",645.78,869.37
"1998-07-15",646.39,869.37
"1998-07-16",646.57,869.31
"1998-07-17",644.85,869.22
"1998-07-18",645.38,869.17
"1998-07-19",644.17,869.16
"1998-07-20",643.67,869.12
"1998-07-21",643.79,869.09
"1998-07-22",643.33,869.06
"1998-07-23",643.7,869.04
"1998-07-24",642.27,868.99
"1998-07-25",643.31,868.95
"1998-07-26",642.38,868.95
"1998-07-27",641.32,868.9
"1998-07-28",641.86,868.88
"1998-07-29",642.02,868.82
"1998-07-30",641.89,868.79
"1998-07-31",640.78,868.74
"1998-08-01",641.12,868.74
"1998-08-02",640.02,868.74
"1998-08-03",639.97,868.73
"1998-08-04",640.42,868.71
"1998-08-05",641.66,868.7
"1998-08-06",644.52,868.78
"1998-08-07",646.37,868.85
"1998-08-08",646.86,868.93
"1998-08-09",647.4,868.94
"1998-08-10",646.78,868.87
"1998-08-11",646.63,868.86
"1998-08-12",646.3,868.84
"1998-08-13",646.59,868.83
"1998-08-14",648.5,869
"1998-08-15",649.63,869.1
"1998-08-16",650.76,869.15
"1998-08-17",651.55,869.27
"1998-08-18",652.89,869.54
"1998-08-19",653.73,869.81
"1998-08-20",654.09,870.03
"1998-08-21",653.8,870.29
"1998-08-22",656.1,870.54
"1998-08-23",659.01,871.12
"1998-08-24",660.58,871.68
"1998-08-25",661.4,872.07
"1998-08-26",662.14,872.15
"1998-08-27",662.32,872.15
"1998-08-28",662.29,872.16
"1998-08-29",662.33,872.16
"1998-08-30",662.21,
"1998-08-31",661.83,
"1998-09-01",662.01,873.75
"1998-09-02",662.2,873.89
"1998-09-03",662.09,874.06
"1998-09-04",661.64,874.22
"1998-09-05",661.18,874.37
"1998-09-06",660.8,874.51
"1998-09-07",660.82,874.61
"1998-09-08",660.34,874.7
"1998-09-09",660.75,874.83
"1998-09-10",660.89,874.92
"1998-09-11",661.81,875.1
"1998-09-12",662.83,875.2
"1998-09-13",663.47,875.27
"1998-09-14",663.25,875.32
"1998-09-15",663.37,875.41
"1998-09-16",663.55,875.53
"1998-09-17",664.22,875.67
"1998-09-18",664.49,875.76
"1998-09-19",664.68,875.84
"1998-09-20",664.66,875.93
"1998-09-21",664.17,875.98
"1998-09-22",663.86,876.04
"1998-09-23",663.31,876.09
"1998-09-24",663.14,876.13
"1998-09-25",662.64,876.21
"1998-09-26",662.63,876.27
"1998-09-27",662.55,876.34
"1998-09-28",661.92,876.4
"1998-09-29",661.72,876.41
"1998-09-30",661.54,876.45
"1998-10-01",661.08,876.52
"1998-10-02",660.79,876.64
"1998-10-03",661.23,876.69
"1998-10-04",660.93,876.74
"1998-10-05",660.41,876.79
"1998-10-06",662.3,876.88
"1998-10-07",663.48,876.95
"1998-10-08",664.24,877.01
"1998-10-09",664.46,877.08
"1998-10-10",664.7,877.12
"1998-10-11",664.93,877.16
"1998-10-12",664.69,877.19
"1998-10-13",664.53,877.24
"1998-10-14",664.45,877.28
"1998-10-15",664.35,877.33
"1998-10-16",664.21,877.36
"1998-10-17",669.28,877.43
"1998-10-18",675.75,877.57
"1998-10-19",679.69,877.63
"1998-10-20",681.87,877.69
"1998-10-21",682.88,877.73
"1998-10-22",683.61,877.78
"1998-10-23",684.31,877.84
"1998-10-24",685.1,877.91
"1998-10-25",685.65,877.98
"1998-10-26",685.9,878.02
"1998-10-27",686.24,878.1
"1998-10-28",686.6,878.15
"1998-10-29",686.74,878.21
"1998-10-30",686.68,878.26
"1998-10-31",686.82,878.34
"1998-11-01",687.05,878.38
"1998-11-02",687.45,878.44
"1998-11-03",687.5,878.46
"1998-11-04",687.58,878.41
"1998-11-05",687.8,878.47
"1998-11-06",687.82,878.54
"1998-11-07",688.26,878.63
"1998-11-08",688.3,878.7
"1998-11-09",688.28,878.78
"1998-11-10",688.17,878.79
"1998-11-11",688.07,878.82
"1998-11-12",688.03,878.9
"1998-11-13",688.17,878.95
"1998-11-14",688.41,879.06
"1998-11-15",688.67,879.14
"1998-11-16",688.7,879.18
"1998-11-17",688.61,879.2
"1998-11-18",688.8,879.24
"1998-11-19",688.7,879.33
"1998-11-20",688.64,879.36
"1998-11-21",688.89,879.42
"1998-11-22",688.94,879.48
"1998-11-23",688.61,879.51
"1998-11-24",688.44,879.53
"1998-11-25",688.43,879.56
"1998-11-26",688.19,879.61
"1998-11-27",688.31,879.64
"1998-11-28",688.34,879.71
"1998-11-29",688.36,879.77
"1998-11-30",688.12,879.75
"1998-12-01",687.91,879.78
"1998-12-02",687.88,879.84
"1998-12-03",687.88,879.89
"1998-12-04",687.82,879.9
"1998-12-05",687.88,879.96
"1998-12-06",687.88,880.02
"1998-12-07",687.61,880.05
"1998-12-08",687.4,880
"1998-12-09",687.43,880.05
"1998-12-10",687.39,880.1
"1998-12-11",687.19,880.11
"1998-12-12",687.58,880.15
"1998-12-13",687.59,880.18
"1998-12-14",687.36,880.24
"1998-12-15",687.26,880.29
"1998-12-16",687.27,880.27
"1998-12-17",687.14,880.31
"1998-12-18",687.22,880.35
"1998-12-19",687.32,880.35
"1998-12-20",687.27,880.35
"1998-12-21",687.2,880.39
"1998-12-22",686.91,880.36
"1998-12-23",686.9,880.39
"1998-12-24",686.84,880.39
"1998-12-25",686.97,880.45
"1998-12-26",687.12,880.5
"1998-12-27",687.06,880.57
"1998-12-28",686.89,880.55
"1998-12-29",686.51,880.56
"1998-12-30",686.33,880.57
"1998-12-31",686.25,880.57
"1999-01-01",686.33,880.63
"1999-01-02",686.41,880.64
"1999-01-03",686.18,880.58
"1999-01-04",686.03,880.55
"1999-01-05",685.87,880.62
"1999-01-06",685.79,880.62
"1999-01-07",685.66,880.64
"1999-01-08",685.75,880.66
"1999-01-09",685.71,880.65
"1999-01-10",685.65,880.64
"1999-01-11",685.36,880.69
"1999-01-12",685.35,880.72
"1999-01-13",685.32,880.72
"1999-01-14",685.12,880.67
"1999-01-15",685.1,880.69
"1999-01-16",685.25,880.69
"1999-01-17",685.06,880.72
"1999-01-18",684.79,880.66
"1999-01-19",684.47,880.59
"1999-01-20",684.49,880.61
"1999-01-21",684.54,880.65
"1999-01-22",684.4,880.66
"1999-01-23",684.24,880.57
"1999-01-24",684.15,880.56
"1999-01-25",683.81,880.6
"1999-01-26",683.62,880.54
"1999-01-27",683.68,880.5
"1999-01-28",683.64,880.47
"1999-01-29",683.62,880.45
"1999-01-30",683.6,880.32
"1999-01-31",683.48,880.26
"1999-02-01",683.16,880.27
"1999-02-02",682.78,880.17
"1999-02-03",682.51,880.08
"1999-02-04",682.15,879.95
"1999-02-05",681.83,879.88
"1999-02-06",681.73,879.87
"1999-02-07",681.48,879.81
"1999-02-08",680.86,879.78
"1999-02-09",680.42,879.75
"1999-02-10",680.11,879.72
"1999-02-11",679.9,879.72
"1999-02-12",679.59,879.72
"1999-02-13",679.58,879.57
"1999-02-14",679.39,879.58
"1999-02-15",679.21,879.6
"1999-02-16",678.79,879.58
"1999-02-17",678.65,879.51
"1999-02-18",678.44,879.49
"1999-02-19",677.97,879.46
"1999-02-20",677.86,879.45
"1999-02-21",677.71,879.37
"1999-02-22",677.38,879.43
"1999-02-23",677.37,879.4
"1999-02-24",677.41,879.37
"1999-02-25",677.3,879.41
"1999-02-26",677.26,879.44
"1999-02-27",677.51,879.4
"1999-02-28",677.2,879.35
"1999-03-01",676.8,879.37
"1999-03-02",676.64,879.39
"1999-03-03",676.45,879.27
"1999-03-04",676.39,879.32
"1999-03-05",676.58,879.33
"1999-03-06",676.6,879.28
"1999-03-07",676.63,879.33
"1999-03-08",676.94,879.35
"1999-03-09",676.68,879.29
"1999-03-10",676.47,879.29
"1999-03-11",676.39,879.3
"1999-03-12",676.31,879.32
"1999-03-13",676.88,879.3
"1999-03-14",677.34,879.31
"1999-03-15",677.41,879.32
"1999-03-16",677.2,879.34
"1999-03-17",677.27,879.35
"1999-03-18",677.44,879.34
"1999-03-19",677.77,879.33
"1999-03-20",678.32,879.35
"1999-03-21",678.5,879.34
"1999-03-22",678.26,879.37
"1999-03-23",678.29,879.38
"1999-03-24",678.29,879.36
"1999-03-25",678.35,879.36
"1999-03-26",678.26,879.42
"1999-03-27",678.48,879.57
"1999-03-28",679.33,879.61
"1999-03-29",679.79,879.63
"1999-03-30",679.97,879.71
"1999-03-31",680.15,879.74
"1999-04-01",680.33,879.79
"1999-04-02",680.4,879.8
"1999-04-03",680.59,879.8
"1999-04-04",680.39,879.8
"1999-04-05",680.44,879.86
"1999-04-06",679.83,879.89
"1999-04-07",679.57,879.93
"1999-04-08",679.39,879.97
"1999-04-09",679.09,880
"1999-04-10",678.84,880.02
"1999-04-11",678.51,879.99
"1999-04-12",677.98,879.95
"1999-04-13",677.98,880.02
"1999-04-14",678.2,880.09
"1999-04-15",678.13,880.03
"1999-04-16",677.96,879.96
"1999-04-17",677.96,879.91
"1999-04-18",677.62,879.91
"1999-04-19",677.06,879.89
"1999-04-20",676.57,879.84
"1999-04-21",676.33,879.79
"1999-04-22",676.1,879.72
"1999-04-23",675.63,879.64
"1999-04-24",675.1,879.44
"1999-04-25",675.24,879.43
"1999-04-26",676.03,879.5
"1999-04-27",676.48,879.51
"1999-04-28",676.63,879.53
"1999-04-29",676.66,879.5
"1999-04-30",676.58,879.54
"1999-05-01",676.72,879.58
"1999-05-02",677,879.63
"1999-05-03",677.05,879.68
"1999-05-04",677.34,879.78
"1999-05-05",677.15,879.67
"1999-05-06",676.46,879.48
"1999-05-07",675.72,879.35
"1999-05-08",675.21,879.22
"1999-05-09",674.66,879.17
"1999-05-10",675.08,879.2
"1999-05-11",675.7,879.1
"1999-05-12",676.08,879.12
"1999-05-13",675.85,879.16
"1999-05-14",675.27,879.22
"1999-05-15",674.71,879.23
"1999-05-16",673.99,879.25
"1999-05-17",673.36,879.27
"1999-05-18",673.37,879.25
"1999-05-19",674.06,879.27
"1999-05-20",674.11,879.25
"1999-05-21",673.9,879.14
"1999-05-22",673.72,879.04
"1999-05-23",673.22,878.93
"1999-05-24",672.54,878.9
"1999-05-25",671.63,878.8
"1999-05-26",670.77,878.68
"1999-05-27",670.4,878.6
"1999-05-28",670.24,878.5
"1999-05-29",669.59,878.44
"1999-05-30",669.77,878.39
"1999-05-31",669.27,878.36
"1999-06-01",667.99,878.23
"1999-06-02",666.02,878.07
"1999-06-03",665.41,877.91
"1999-06-04",664.44,877.75
"1999-06-05",664.02,877.63
"1999-06-06",663.14,877.51
"1999-06-07",662.04,877.44
"1999-06-08",660.67,877.28
"1999-06-09",660.31,877.12
"1999-06-10",659.37,876.97
"1999-06-11",658.23,876.82
"1999-06-12",658.07,876.75
"1999-06-13",658.31,876.78
"1999-06-14",659.11,876.85
"1999-06-15",660.19,876.95
"1999-06-16",663.37,876.99
"1999-06-17",664.43,877.01
"1999-06-18",665.05,877.02
"1999-06-19",665.86,877.06
"1999-06-20",667.86,877.27
"1999-06-21",669.77,877.54
"1999-06-22",671.06,877.62
"1999-06-23",672.03,877.67
"1999-06-24",672.81,877.78
"1999-06-25",673.24,877.85
"1999-06-26",673.94,877.87
"1999-06-27",674.36,877.94
"1999-06-28",674.25,878.01
"1999-06-29",673.89,878.07
"1999-06-30",673.84,878.15
"1999-07-01",673.53,878.18
"1999-07-02",673.13,878.21
"1999-07-03",672.83,878.28
"1999-07-04",673.26,878.39
"1999-07-05",673.84,878.46
"1999-07-06",673.92,878.47
"1999-07-07",673.69,878.51
"1999-07-08",673.58,878.57
"1999-07-09",673.25,878.59
"1999-07-10",672.89,878.6
"1999-07-11",673.25,878.84
"1999-07-12",674.14,878.9
"1999-07-13",674.7,878.96
"1999-07-14",674.91,879.01
"1999-07-15",674.63,879.05
"1999-07-16",674.27,879.09
"1999-07-17",673.97,879.15
"1999-07-18",674.28,879.27
"1999-07-19",674.43,879.33
"1999-07-20",674.45,879.38
"1999-07-21",674.35,879.4
"1999-07-22",674.43,879.43
"1999-07-23",674.15,879.45
"1999-07-24",673.75,879.48
"1999-07-25",673.27,879.5
"1999-07-26",672.66,879.53
"1999-07-27",672.12,879.49
"1999-07-28",671.61,879.49
"1999-07-29",670.93,879.5
"1999-07-30",670.35,879.51
"1999-07-31",669.87,879.52
"1999-08-01",669.22,879.51
"1999-08-02",668.6,879.5
"1999-08-03",667.9,879.5
"1999-08-04",667.23,879.49
"1999-08-05",667.89,879.48
"1999-08-06",667.7,879.38
"1999-08-07",667.38,879.46
"1999-08-08",666.76,879.48
"1999-08-09",665.73,879.45
"1999-08-10",665.52,879.45
"1999-08-11",665.01,879.43
"1999-08-12",664.25,879.42
"1999-08-13",663.45,879.42
"1999-08-14",663.29,879.45
"1999-08-15",662.69,879.47
"1999-08-16",661.59,879.37
"1999-08-17",661.05,879.41
"1999-08-18",661.32,879.41
"1999-08-19",661.13,879.41
"1999-08-20",660.51,879.35
"1999-08-21",660.65,879.45
"1999-08-22",660.65,879.47
"1999-08-23",661.68,879.59
"1999-08-24",663.58,879.68
"1999-08-25",664.41,879.71
"1999-08-26",664.33,879.72
"1999-08-27",664.03,879.71
"1999-08-28",663.92,879.72
"1999-08-29",663.39,879.71
"1999-08-30",663.83,879.67
"1999-08-31",663.74,879.65
"1999-09-01",663.4,879.64
"1999-09-02",663.23,879.64
"1999-09-03",662.86,879.63
"1999-09-04",662.84,879.62
"1999-09-05",662.7,879.61
"1999-09-06",663.05,879.6
"1999-09-07",662.72,879.65
"1999-09-08",662.87,879.65
"1999-09-09",663.07,879.64
"1999-09-10",662.82,879.64
"1999-09-11",662.74,879.64
"1999-09-12",662.29,879.61
"1999-09-13",661.72,879.57
"1999-09-14",661.76,879.6
"1999-09-15",661.59,879.58
"1999-09-16",661.32,879.57
"1999-09-17",660.75,879.53
"1999-09-18",660.7,879.52
"1999-09-19",660.54,879.53
"1999-09-20",660.07,879.45
"1999-09-21",659.42,879.47
"1999-09-22",659.57,879.42
"1999-09-23",659.65,879.41
"1999-09-24",659.42,879.43
"1999-09-25",659.48,879.45
"1999-09-26",659.84,879.46
"1999-09-27",659.01,879.39
"1999-09-28",658.98,879.43
"1999-09-29",658.93,879.36
"1999-09-30",659.3,879.41
"1999-10-01",658.88,879.42
"1999-10-02",659.06,879.45
"1999-10-03",658.97,879.42
"1999-10-04",658.46,879.36
"1999-10-05",658.66,879.35
"1999-10-06",658.5,879.32
"1999-10-07",658.44,879.27
"1999-10-08",658.47,879.23
"1999-10-09",658.67,879.24
"1999-10-10",658.3,879.21
"1999-10-11",657.84,879.16
"1999-10-12",657.28,879.13
"1999-10-13",657.29,879.11
"1999-10-14",657.28,879.07
"1999-10-15",656.89,879.1
"1999-10-16",657.52,879.1
"1999-10-17",658.91,879.2
"1999-10-18",660.06,879.2
"1999-10-19",660.85,879.21
"1999-10-20",661.53,879.24
"1999-10-21",662,879.26
"1999-10-22",662.14,879.3
"1999-10-23",662.52,879.22
"1999-10-24",662.36,879.22
"1999-10-25",661.92,879.22
"1999-10-26",662.13,879.2
"1999-10-27",662.09,879.2
"1999-10-28",662.02,879.18
"1999-10-29",662.14,879.18
"1999-10-30",662.67,879.18
"1999-10-31",663.69,879.19
"1999-11-01",663.78,879.19
"1999-11-02",663.54,879.12
"1999-11-03",663.51,879.09
"1999-11-04",663.57,879.15
"1999-11-05",663.18,879.07
"1999-11-06",663.06,879.04
"1999-11-07",663.07,879.02
"1999-11-08",662.64,879.03
"1999-11-09",662.87,879.04
"1999-11-10",662.72,879
"1999-11-11",662.69,878.94
"1999-11-12",662.38,878.9
"1999-11-13",662.61,878.92
"1999-11-14",662.56,878.89
"1999-11-15",662.33,878.84
"1999-11-16",662.21,878.88
"1999-11-17",661.99,878.85
"1999-11-18",662.14,878.86
"1999-11-19",661.94,878.78
"1999-11-20",662.13,878.78
"1999-11-21",662.39,878.78
"1999-11-22",662.32,878.74
"1999-11-23",662.42,878.73
"1999-11-24",662.36,878.7
"1999-11-25",662.88,878.7
"1999-11-26",663.42,878.7
"1999-11-27",663.52,878.6
"1999-11-28",663.53,878.6
"1999-11-29",662.76,878.64
"1999-11-30",662.66,878.63
"1999-12-01",662.67,878.65
"1999-12-02",662.95,878.66
"1999-12-03",662.84,878.66
"1999-12-04",662.94,878.66
"1999-12-05",663.07,878.6
"1999-12-06",662.83,878.57
"1999-12-07",662.76,878.57
"1999-12-08",662.97,878.57
"1999-12-09",662.79,878.57
"1999-12-10",662.91,878.57
"1999-12-11",663.27,878.57
"1999-12-12",664,878.55
"1999-12-13",663.94,878.53
"1999-12-14",663.95,878.56
"1999-12-15",663.79,878.5
"1999-12-16",663.44,878.47
"1999-12-17",663.59,878.47
"1999-12-18",663.7,878.46
"1999-12-19",663.91,878.44
"1999-12-20",663.74,878.41
"1999-12-21",663.73,878.38
"1999-12-22",663.91,878.37
"1999-12-23",664.13,878.36
"1999-12-24",664.15,878.38
"1999-12-25",664.33,878.38
"1999-12-26",664.81,878.39
"1999-12-27",664.87,878.41
"1999-12-28",664.33,878.39
"1999-12-29",664.27,878.42
"1999-12-30",664.06,878.4
"1999-12-31",663.69,878.36
"2000-01-01",663.46,878.33
"2000-01-02",663.9,878.33
"2000-01-03",663.92,878.33
"2000-01-04",663.56,878.24
"2000-01-05",663.44,878.21
"2000-01-06",663.6,878.21
"2000-01-07",663.87,878.19
"2000-01-08",664.57,878.2
"2000-01-09",665.15,878.22
"2000-01-10",664.96,878.19
"2000-01-11",664.91,878.16
"2000-01-12",664.97,878.14
"2000-01-13",664.83,878.09
"2000-01-14",664.64,878.04
"2000-01-15",664.74,878.07
"2000-01-16",664.95,878.03
"2000-01-17",664.79,878.03
"2000-01-18",664.54,878
"2000-01-19",664.67,878.02
"2000-01-20",664.36,877.96
"2000-01-21",664.11,877.92
"2000-01-22",664.51,877.95
"2000-01-23",664.42,877.9
"2000-01-24",663.76,877.83
"2000-01-25",663.74,877.82
"2000-01-26",663.69,877.73
"2000-01-27",663.96,877.68
"2000-01-28",664.21,877.59
"2000-01-29",664.48,877.5
"2000-01-30",664.54,877.45
"2000-01-31",664.37,877.41
"2000-02-01",664.31,877.34
"2000-02-02",664.89,877.24
"2000-02-03",665.57,877.2
"2000-02-04",665.55,877.19
"2000-02-05",665.61,877.11
"2000-02-06",665.67,877.07
"2000-02-07",665.28,876.99
"2000-02-08",664.85,876.94
"2000-02-09",664.6,876.85
"2000-02-10",664.41,876.81
"2000-02-11",663.93,876.72
"2000-02-12",663.8,876.61
"2000-02-13",663.86,876.57
"2000-02-14",663.26,876.45
"2000-02-15",662.97,876.42
"2000-02-16",662.6,876.34
"2000-02-17",662.46,876.27
"2000-02-18",662.28,876.19
"2000-02-19",662.22,876.09
"2000-02-20",662.24,876.03
"2000-02-21",662.01,875.99
"2000-02-22",661.87,875.97
"2000-02-23",662.31,876.04
"2000-02-24",663.01,876.05
"2000-02-25",663.28,876.05
"2000-02-26",662.83,876.05
"2000-02-27",663.05,876.01
"2000-02-28",662.7,876.01
"2000-02-29",662.5,876
"2000-03-01",662.29,875.95
"2000-03-02",662.37,875.97
"2000-03-03",661.9,875.94
"2000-03-04",661.61,875.93
"2000-03-05",661.51,875.89
"2000-03-06",661.17,875.86
"2000-03-07",661,875.87
"2000-03-08",660.94,875.86
"2000-03-09",660.68,875.87
"2000-03-10",660.26,875.86
"2000-03-11",660.09,875.83
"2000-03-12",659.98,875.82
"2000-03-13",659.5,875.83
"2000-03-14",659.73,875.87
"2000-03-15",660.47,875.88
"2000-03-16",660.65,875.85
"2000-03-17",660.62,875.8
"2000-03-18",661.39,875.84
"2000-03-19",661.7,875.78
"2000-03-20",661.46,875.75
"2000-03-21",661.25,875.71
"2000-03-22",661.19,875.63
"2000-03-23",660.91,875.66
"2000-03-24",660.56,875.59
"2000-03-25",660.42,875.6
"2000-03-26",659.81,875.57
"2000-03-27",659.18,875.56
"2000-03-28",658.91,875.42
"2000-03-29",658.85,875.37
"2000-03-30",658.35,875.3
"2000-03-31",658,875.24
"2000-04-01",658.21,875.25
"2000-04-02",659.01,875.22
"2000-04-03",659.57,875.22
"2000-04-04",660.15,875.16
"2000-04-05",660.61,875.09
"2000-04-06",660.79,875.03
"2000-04-07",660.44,874.88
"2000-04-08",659.85,874.8
"2000-04-09",659.94,874.62
"2000-04-10",659.45,874.52
"2000-04-11",659.29,874.37
"2000-04-12",659.32,874.32
"2000-04-13",659.75,874.32
"2000-04-14",659.9,874.31
"2000-04-15",660.16,874.25
"2000-04-16",659.83,874.2
"2000-04-17",659.16,874.13
"2000-04-18",658.84,874.08
"2000-04-19",658.51,874
"2000-04-20",658.12,873.9
"2000-04-21",657.41,873.73
"2000-04-22",656.82,873.65
"2000-04-23",656.8,873.56
"2000-04-24",655.68,873.49
"2000-04-25",654.12,873.3
"2000-04-26",653.06,873.14
"2000-04-27",651.77,872.98
"2000-04-28",650.95,872.81
"2000-04-29",650.16,872.68
"2000-04-30",649.5,872.55
"2000-05-01",650.56,872.52
"2000-05-02",652.76,872.58
"2000-05-03",653.89,872.53
"2000-05-04",654.4,872.52
"2000-05-05",654.72,872.47
"2000-05-06",655.43,872.41
"2000-05-07",655.4,872.35
"2000-05-08",654.7,872.27
"2000-05-09",653.73,872.15
"2000-05-10",652.72,871.98
"2000-05-11",651.43,871.88
"2000-05-12",650.48,871.68
"2000-05-13",650.67,871.59
"2000-05-14",651.73,871.59
"2000-05-15",651.76,871.57
"2000-05-16",650.73,871.47
"2000-05-17",649.23,871.44
"2000-05-18",648.5,871.35
"2000-05-19",648.31,871.24
"2000-05-20",650.25,871.19
"2000-05-21",651.73,871.04
"2000-05-22",651.76,870.93
"2000-05-23",651.14,870.77
"2000-05-24",650.55,870.62
"2000-05-25",649.62,870.46
"2000-05-26",649.01,870.27
"2000-05-27",648.86,870.17
"2000-05-28",649.24,870.15
"2000-05-29",649.8,870.18
"2000-05-30",649.39,870.11
"2000-05-31",648.06,870.01
"2000-06-01",647.23,869.94
"2000-06-02",646.22,869.83
"2000-06-03",646.03,869.77
"2000-06-04",646.22,869.72
"2000-06-05",646.78,869.7
"2000-06-06",647.09,869.64
"2000-06-07",646.38,869.51
"2000-06-08",645.87,869.42
"2000-06-09",647.33,869.3
"2000-06-10",651.07,869.37
"2000-06-11",653.78,869.44
"2000-06-12",655.67,869.49
"2000-06-13",656.72,869.51
"2000-06-14",657.19,869.55
"2000-06-15",657.4,869.59
"2000-06-16",657.56,869.62
"2000-06-17",657.63,869.58
"2000-06-18",657.95,869.69
"2000-06-19",658.29,869.85
"2000-06-20",658.19,869.89
"2000-06-21",657.96,869.91
"2000-06-22",657.46,869.94
"2000-06-23",657.04,869.94
"2000-06-24",656.65,869.98
"2000-06-25",656.71,870.01
"2000-06-26",656.22,870.03
"2000-06-27",655.09,870.04
"2000-06-28",654.33,870.02
"2000-06-29",653.8,870.01
"2000-06-30",653.01,869.95
"2000-07-01",653.05,870
"2000-07-02",653.13,869.89
"2000-07-03",652.45,869.86
"2000-07-04",652.02,869.79
"2000-07-05",651.27,869.76
"2000-07-06",650.47,869.73
"2000-07-07",649.87,869.67
"2000-07-08",649.71,869.64
"2000-07-09",649.47,869.58
"2000-07-10",649.09,869.54
"2000-07-11",647.75,869.5
"2000-07-12",646.81,869.46
"2000-07-13",646.14,869.41
"2000-07-14",645.7,869.32
"2000-07-15",645.87,869.28
"2000-07-16",646.04,869.23
"2000-07-17",645.15,869.15
"2000-07-18",643.73,869.1
"2000-07-19",642.57,868.99
"2000-07-20",642.41,869.01
"2000-07-21",642.19,868.93
"2000-07-22",642.84,868.98
"2000-07-23",643.33,868.98
"2000-07-24",643.63,869.01
"2000-07-25",642.15,869
"2000-07-26",640.52,868.95
"2000-07-27",640,868.93
"2000-07-28",640.5,868.89
"2000-07-29",641.38,868.9
"2000-07-30",642.6,868.9
"2000-07-31",643.23,868.9
"2000-08-01",643.33,868.98
"2000-08-02",643.1,868.99
"2000-08-03",642.4,869
"2000-08-04",642.09,868.9
"2000-08-05",642.68,868.96
"2000-08-06",643.09,868.96
"2000-08-07",642.41,868.9
"2000-08-08",641.44,868.88
"2000-08-09",641.15,868.89
"2000-08-10",640.42,868.87
"2000-08-11",640.28,868.84
"2000-08-12",640.91,868.85
"2000-08-13",641.26,868.82
"2000-08-14",640.37,868.73
"2000-08-15",640.01,868.77
"2000-08-16",639.83,868.74
"2000-08-17",639.39,868.75
"2000-08-18",639,868.7
"2000-08-19",639.94,868.72
"2000-08-20",640.48,868.7
"2000-08-21",639.6,868.66
"2000-08-22",639.7,868.67
"2000-08-23",639.72,868.68
"2000-08-24",639.44,868.66
"2000-08-25",639.48,868.65
"2000-08-26",640.06,868.72
"2000-08-27",640.24,868.74
"2000-08-28",639.36,868.7
"2000-08-29",638.2,868.69
"2000-08-30",637.71,868.62
"2000-08-31",637.4,868.54
"2000-09-01",636.98,868.48
"2000-09-02",637.71,868.48
"2000-09-03",638.25,868.44
"2000-09-04",637.68,868.39
"2000-09-05",636.06,868.36
"2000-09-06",635.6,868.37
"2000-09-07",635.47,868.38
"2000-09-08",635.92,868.32
"2000-09-09",637.44,868.34
"2000-09-10",637.93,868.33
"2000-09-11",637.45,868.32
"2000-09-12",637.43,868.32
"2000-09-13",639.02,868.32
"2000-09-14",640.59,868.29
"2000-09-15",641.71,868.3
"2000-09-16",643.14,868.35
"2000-09-17",643.58,868.33
"2000-09-18",643.21,868.3
"2000-09-19",643,868.27
"2000-09-20",642.6,868.23
"2000-09-21",642.49,868.21
"2000-09-22",642.49,868.18
"2000-09-23",642.5,868.12
"2000-09-24",642.78,868.09
"2000-09-25",643.25,868.18
"2000-09-26",643.71,868.18
"2000-09-27",644.01,868.19
"2000-09-28",644.17,868.19
"2000-09-29",643.83,868.17
"2000-09-30",644.36,868.12
"2000-10-01",644.67,868.1
"2000-10-02",643.64,868.05
"2000-10-03",642.89,868.03
"2000-10-04",642.51,868.02
"2000-10-05",642.2,867.99
"2000-10-06",643.22,867.98
"2000-10-07",644.5,868.04
"2000-10-08",646.02,868.15
"2000-10-09",647.29,868.26
"2000-10-10",648.27,868.31
"2000-10-11",649.12,868.3
"2000-10-12",649.34,868.28
"2000-10-13",649.84,868.3
"2000-10-14",650.16,868.29
"2000-10-15",650.25,868.3
"2000-10-16",649.86,868.3
"2000-10-17",650.04,868.3
"2000-10-18",651.1,868.33
"2000-10-19",651.57,868.3
"2000-10-20",651.79,868.31
"2000-10-21",652.45,868.38
"2000-10-22",653.02,868.39
"2000-10-23",653.48,868.41
"2000-10-24",655.4,868.46
"2000-10-25",656.65,868.47
"2000-10-26",657.45,868.46
"2000-10-27",657.89,868.5
"2000-10-28",658.46,868.55
"2000-10-29",658.92,868.55
"2000-10-30",658.75,868.59
"2000-10-31",658.82,868.64
"2000-11-01",658.96,868.69
"2000-11-02",659.08,868.71
"2000-11-03",663.61,868.91
"2000-11-04",664.66,868.99
"2000-11-05",665.64,869.1
"2000-11-06",667.64,869.28
"2000-11-07",668.99,869.29
"2000-11-08",669.61,869.38
"2000-11-09",670.14,869.4
"2000-11-10",670.56,869.5
"2000-11-11",671.06,869.57
"2000-11-12",671.43,869.65
"2000-11-13",671.29,869.72
"2000-11-14",671.3,869.75
"2000-11-15",671.54,869.88
"2000-11-16",671.74,869.95
"2000-11-17",671.55,870.02
"2000-11-18",672.21,870.15
"2000-11-19",672.88,870.26
"2000-11-20",673.11,870.34
"2000-11-21",673.32,870.4
"2000-11-22",673.65,870.51
"2000-11-23",674.15,870.63
"2000-11-24",675.08,870.7
"2000-11-25",675.78,870.78
"2000-11-26",676.12,870.86
"2000-11-27",676.2,870.95
"2000-11-28",676.21,871.02
"2000-11-29",676.15,871.09
"2000-11-30",676.1,871.17
"2000-12-01",676.2,871.23
"2000-12-02",676.35,871.24
"2000-12-03",676.43,871.27
"2000-12-04",676.41,871.46
"2000-12-05",676.26,871.57
"2000-12-06",676.3,871.67
"2000-12-07",676.15,871.69
"2000-12-08",676.22,871.7
"2000-12-09",676.32,871.77
"2000-12-10",676.38,871.84
"2000-12-11",676.21,871.88
"2000-12-12",675.95,871.94
"2000-12-13",676.08,872.02
"2000-12-14",675.95,872.11
"2000-12-15",676.17,872.2
"2000-12-16",676.43,872.33
"2000-12-17",676.26,872.41
"2000-12-18",676.25,872.53
"2000-12-19",675.91,872.62
"2000-12-20",676.12,872.68
"2000-12-21",675.8,872.69
"2000-12-22",675.63,872.75
"2000-12-23",675.85,872.82
"2000-12-24",676.03,872.88
"2000-12-25",676.14,872.91
"2000-12-26",676.48,873
"2000-12-27",676.46,873.13
"2000-12-28",676.54,873.19
"2000-12-29",676.51,873.22
"2000-12-30",676.6,873.27
"2000-12-31",676.72,873.33
"2001-01-01",676.72,873.38
"2001-01-02",676.59,873.44
"2001-01-03",676.38,873.5
"2001-01-04",676.4,873.53
"2001-01-05",676.45,873.61
"2001-01-06",676.52,873.65
"2001-01-07",676.6,873.66
"2001-01-08",676.37,873.71
"2001-01-09",676.35,873.75
"2001-01-10",676.58,873.88
"2001-01-11",677.36,873.94
"2001-01-12",677.75,874.01
"2001-01-13",678.42,874.04
"2001-01-14",678.7,874.09
"2001-01-15",678.76,874.19
"2001-01-16",678.77,874.25
"2001-01-17",678.9,874.27
"2001-01-18",679.04,874.31
"2001-01-19",679.23,874.33
"2001-01-20",679.46,874.38
"2001-01-21",679.59,874.42
"2001-01-22",679.56,874.46
"2001-01-23",679.71,874.52
"2001-01-24",679.79,874.55
"2001-01-25",679.75,874.62
"2001-01-26",679.83,874.68
"2001-01-27",679.94,874.74
"2001-01-28",680.13,874.83
"2001-01-29",680.24,874.84
"2001-01-30",680.46,874.86
"2001-01-31",680.26,874.86
"2001-02-01",680.44,874.88
"2001-02-02",680.35,874.92
"2001-02-03",680.54,874.95
"2001-02-04",680.68,874.97
"2001-02-05",680.5,875.02
"2001-02-06",680.49,875.05
"2001-02-07",680.36,875.11
"2001-02-08",680.39,875.15
"2001-02-09",680.36,875.17
"2001-02-10",680.42,875.19
"2001-02-11",680.39,875.23
"2001-02-12",680.31,875.26
"2001-02-13",680.35,875.31
"2001-02-14",680.22,875.33
"2001-02-15",680.24,875.4
"2001-02-16",680.07,875.38
"2001-02-17",680.15,875.38
"2001-02-18",680.36,875.38
"2001-02-19",680.36,875.5
"2001-02-20",680.17,875.48
"2001-02-21",680.17,875.5
"2001-02-22",680,875.54
"2001-02-23",680.17,875.56
"2001-02-24",680.35,875.56
"2001-02-25",680.16,875.56
"2001-02-26",679.95,875.65
"2001-02-27",679.86,875.68
"2001-02-28",679.82,875.72
"2001-03-01",680,875.74
"2001-03-02",679.98,875.74
"2001-03-03",680.28,875.8
"2001-03-04",680.48,875.8
"2001-03-05",680.34,875.77
"2001-03-06",680.48,875.8
"2001-03-07",680.49,875.9
"2001-03-08",680.6,875.94
"2001-03-09",680.52,875.93
"2001-03-10",680.69,875.96
"2001-03-11",680.82,875.99
"2001-03-12",680.78,876.01
"2001-03-13",680.75,876
"2001-03-14",680.84,876.08
"2001-03-15",681.3,876.11
"2001-03-16",681.42,876.09
"2001-03-17",681.79,876.12
"2001-03-18",681.81,876.16
"2001-03-19",681.37,876.19
"2001-03-20",681.74,876.22
"2001-03-21",681.76,876.25
"2001-03-22",681.83,876.26
"2001-03-23",681.63,876.3
"2001-03-24",681.86,876.33
"2001-03-25",681.99,876.31
"2001-03-26",681.68,876.35
"2001-03-27",681.68,876.41
"2001-03-28",681.78,876.44
"2001-03-29",681.95,876.44
"2001-03-30",681.89,876.5
"2001-03-31",681.98,876.5
"2001-04-01",681.86,876.5
"2001-04-02",681.74,876.54
"2001-04-03",681.64,876.54
"2001-04-04",681.44,876.58
"2001-04-05",681.5,876.6
"2001-04-06",681.35,876.66
"2001-04-07",681.25,876.68
"2001-04-08",681.17,876.7
"2001-04-09",680.76,876.7
"2001-04-10",680.48,876.71
"2001-04-11",680.25,876.72
"2001-04-12",680.17,876.7
"2001-04-13",679.98,876.6
"2001-04-14",680.05,876.6
"2001-04-15",679.87,876.6
"2001-04-16",679.71,876.57
"2001-04-17",679.42,876.59
"2001-04-18",679.27,876.66
"2001-04-19",679.11,876.68
"2001-04-20",679.09,876.69
"2001-04-21",679.03,876.69
"2001-04-22",678.74,876.68
"2001-04-23",678.74,876.69
"2001-04-24",679.7,876.69
"2001-04-25",680.25,876.7
"2001-04-26",680.74,876.67
"2001-04-27",681.12,876.58
"2001-04-28",681.21,876.47
"2001-04-29",681.21,876.38
"2001-04-30",680.98,876.35
"2001-05-01",680.98,876.28
"2001-05-02",680.84,876.23
"2001-05-03",680.68,876.16
"2001-05-04",680.65,876.13
"2001-05-05",681.18,876.13
"2001-05-06",681.79,876.2
"2001-05-07",682,876.26
"2001-05-08",682.3,876.29
"2001-05-09",682.56,876.33
"2001-05-10",682.79,876.36
"2001-05-11",682.81,876.38
"2001-05-12",682.8,876.39
"2001-05-13",682.82,876.37
"2001-05-14",682.67,876.37
"2001-05-15",682.49,876.34
"2001-05-16",682.16,876.29
"2001-05-17",681.69,876.19
"2001-05-18",681.24,876.1
"2001-05-19",680.89,876.01
"2001-05-20",680.65,875.97
"2001-05-21",680.02,875.95
"2001-05-22",679.49,875.87
"2001-05-23",678.75,875.84
"2001-05-24",677.87,875.78
"2001-05-25",677.28,875.8
"2001-05-26",677,875.82
"2001-05-27",676.4,875.9
"2001-05-28",675.68,875.92
"2001-05-29",674.72,875.92
"2001-05-30",673.8,875.88
"2001-05-31",673.25,875.89
"2001-06-01",673.23,875.85
"2001-06-02",673.09,875.81
"2001-06-03",672.05,875.71
"2001-06-04",671.7,875.62
"2001-06-05",670.71,875.5
"2001-06-06",669.96,875.34
"2001-06-07",669.27,875.16
"2001-06-08",668.68,874.99
"2001-06-09",669.09,874.78
"2001-06-10",668.88,874.68
"2001-06-11",667.69,874.61
"2001-06-12",666.91,874.48
"2001-06-13",665.78,874.4
"2001-06-14",664.68,874.3
"2001-06-15",665.34,874.16
"2001-06-16",666.21,873.98
"2001-06-17",666.96,873.83
"2001-06-18",666.12,873.71
"2001-06-19",665.45,873.58
"2001-06-20",665.13,873.44
"2001-06-21",664.3,873.34
"2001-06-22",663.85,873.25
"2001-06-23",663.86,873.22
"2001-06-24",666,873.2
"2001-06-25",666.91,873.22
"2001-06-26",666.83,873.15
"2001-06-27",666.56,873
"2001-06-28",666.53,872.87
"2001-06-29",666.4,872.82
"2001-06-30",666.56,872.74
"2001-07-01",666.79,872.69
"2001-07-02",667.21,872.88
"2001-07-03",667.63,872.99
"2001-07-04",667.75,873.07
"2001-07-05",667.65,873.13
"2001-07-06",667.09,873.18
"2001-07-07",666.78,873.24
"2001-07-08",666.62,873.28
"2001-07-09",665.9,873.32
"2001-07-10",665.26,873.34
"2001-07-11",664.79,873.34
"2001-07-12",664.33,873.37
"2001-07-13",663.87,873.37
"2001-07-14",663.52,873.41
"2001-07-15",663.24,873.42
"2001-07-16",662.35,873.38
"2001-07-17",661.84,873.39
"2001-07-18",661.33,873.38
"2001-07-19",661,873.33
"2001-07-20",660.59,873.31
"2001-07-21",660.55,873.35
"2001-07-22",660.57,873.36
"2001-07-23",659.16,873.33
"2001-07-24",658.48,873.25
"2001-07-25",658.05,873.23
"2001-07-26",657.99,873.2
"2001-07-27",657.54,873.15
"2001-07-28",657.73,873.19
"2001-07-29",657.53,873.13
"2001-07-30",656.95,873.12
"2001-07-31",656.26,873.11
"2001-08-01",655.79,873.09
"2001-08-02",655.47,873.1
"2001-08-03",655.09,873.08
"2001-08-04",655.75,873.15
"2001-08-05",655.81,873.15
"2001-08-06",655.21,873.12
"2001-08-07",654.38,873.09
"2001-08-08",654.12,873.07
"2001-08-09",654.04,873.07
"2001-08-10",653.62,873.05
"2001-08-11",654.11,873.1
"2001-08-12",653.97,873.05
"2001-08-13",653.09,873.03
"2001-08-14",652.89,873.02
"2001-08-15",653.01,873.01
"2001-08-16",652.75,873.01
"2001-08-17",653.58,873.01
"2001-08-18",653.43,873.05
"2001-08-19",653.43,873.12
"2001-08-20",654.04,873.14
"2001-08-21",654.04,873.12
"2001-08-22",653.81,873.05
"2001-08-23",653.51,873.02
"2001-08-24",652.92,873
"2001-08-25",653.03,872.99
"2001-08-26",653.15,873.08
"2001-08-27",654.86,873.38
"2001-08-28",656.66,873.43
"2001-08-29",659.31,873.47
"2001-08-30",663.02,873.58
"2001-08-31",666.35,873.73
"2001-09-01",669.16,873.77
"2001-09-02",670.44,873.85
"2001-09-03",671.21,873.86
"2001-09-04",671.68,873.89
"2001-09-05",672.39,873.95
"2001-09-06",673.92,874.11
"2001-09-07",674.69,874.17
"2001-09-08",675.49,874.19
"2001-09-09",675.97,874.21
"2001-09-10",676.15,874.22
"2001-09-11",676.2,874.25
"2001-09-12",676.29,874.28
"2001-09-13",676.32,874.3
"2001-09-14",676.18,874.32
"2001-09-15",676.29,874.34
"2001-09-16",676.31,874.35
"2001-09-17",675.97,874.36
"2001-09-18",675.83,874.39
"2001-09-19",675.52,874.4
"2001-09-20",675.25,874.39
"2001-09-21",674.88,874.37
"2001-09-22",675.03,874.54
"2001-09-23",675.54,874.63
"2001-09-24",675.62,874.66
"2001-09-25",675.74,874.68
"2001-09-26",675.73,874.7
"2001-09-27",675.66,874.7
"2001-09-28",675.58,874.7
"2001-09-29",675.45,874.7
"2001-09-30",675.3,874.7
"2001-10-01",674.95,874.74
"2001-10-02",674.8,874.77
"2001-10-03",674.56,874.76
"2001-10-04",674.67,874.78
"2001-10-05",674.67,874.78
"2001-10-06",674.96,874.79
"2001-10-07",674.83,874.79
"2001-10-08",674.53,874.8
"2001-10-09",674.25,874.82
"2001-10-10",674.34,874.84
"2001-10-11",674.32,874.86
"2001-10-12",674.5,874.9
"2001-10-13",675.87,874.93
"2001-10-14",676.78,874.94
"2001-10-15",677.01,874.95
"2001-10-16",676.92,874.93
"2001-10-17",677.11,874.93
"2001-10-18",677.11,874.95
"2001-10-19",676.93,874.96
"2001-10-20",677.03,874.94
"2001-10-21",676.82,874.93
"2001-10-22",676.74,874.93
"2001-10-23",676.39,874.93
"2001-10-24",676.2,874.92
"2001-10-25",675.75,874.87
"2001-10-26",675.56,874.82
"2001-10-27",675.57,874.81
"2001-10-28",675.63,874.8
"2001-10-29",675.42,874.8
"2001-10-30",675.12,874.81
"2001-10-31",675.25,874.81
"2001-11-01",675.29,874.82
"2001-11-02",674.92,874.8
"2001-11-03",675.04,874.75
"2001-11-04",675.02,874.73
"2001-11-05",674.67,874.7
"2001-11-06",674.63,874.67
"2001-11-07",674.55,874.64
"2001-11-08",674.37,874.63
"2001-11-09",674.65,874.62
"2001-11-10",675.3,874.66
"2001-11-11",675.57,874.66
"2001-11-12",675.44,874.65
"2001-11-13",675.26,874.67
"2001-11-14",675.43,874.7
"2001-11-15",676.38,874.79
"2001-11-16",678.87,874.81
"2001-11-17",679.95,874.85
"2001-11-18",680.73,874.9
"2001-11-19",681.15,874.93
"2001-11-20",681.36,875.02
"2001-11-21",681.78,875.09
"2001-11-22",682.1,875.17
"2001-11-23",682.42,875.21
"2001-11-24",682.53,875.24
"2001-11-25",682.56,875.29
"2001-11-26",682.42,875.36
"2001-11-27",682.28,875.4
"2001-11-28",682.17,875.44
"2001-11-29",682.38,875.51
"2001-11-30",682.37,875.57
"2001-12-01",682.62,875.62
"2001-12-02",682.7,875.7
"2001-12-03",682.84,875.77
"2001-12-04",683.14,875.84
"2001-12-05",683.16,875.88
"2001-12-06",683.22,875.95
"2001-12-07",683.33,876.02
"2001-12-08",683.5,876.08
"2001-12-09",683.9,876.14
"2001-12-10",684.07,876.21
"2001-12-11",684.27,876.28
"2001-12-12",684.51,876.33
"2001-12-13",684.66,876.37
"2001-12-14",684.72,876.46
"2001-12-15",684.9,876.52
"2001-12-16",685.34,876.56
"2001-12-17",685.24,876.59
"2001-12-18",685.4,876.65
"2001-12-19",685.31,876.67
"2001-12-20",685.25,876.73
"2001-12-21",685.15,876.8
"2001-12-22",685.36,876.86
"2001-12-23",685.29,876.86
"2001-12-24",685.27,876.91
"2001-12-25",685.28,876.97
"2001-12-26",685.23,877
"2001-12-27",685.22,877.07
"2001-12-28",685.04,877.1
"2001-12-29",684.96,877.13
"2001-12-30",684.92,877.14
"2001-12-31",684.85,877.18
"2002-01-01",684.8,877.2
"2002-01-02",684.68,877.21
"2002-01-03",684.4,877.24
"2002-01-04",684.22,877.3
"2002-01-05",684.51,877.34
"2002-01-06",684.46,877.35
"2002-01-07",684.19,877.37
"2002-01-08",684.02,877.39
"2002-01-09",684,877.44
"2002-01-10",683.98,877.46
"2002-01-11",683.82,877.45
"2002-01-12",683.83,877.47
"2002-01-13",683.75,877.54
"2002-01-14",683.52,877.54
"2002-01-15",683.35,877.54
"2002-01-16",683.2,877.56
"2002-01-17",683.14,877.58
"2002-01-18",683.07,877.6
"2002-01-19",683.17,877.61
"2002-01-20",683.14,877.63
"2002-01-21",682.97,877.63
"2002-01-22",682.7,877.65
"2002-01-23",682.78,877.67
"2002-01-24",682.65,877.67
"2002-01-25",682.56,877.59
"2002-01-26",682.77,877.61
"2002-01-27",682.86,877.63
"2002-01-28",682.55,877.65
"2002-01-29",682.35,877.66
"2002-01-30",682.21,877.64
"2002-01-31",682.25,877.65
"2002-02-01",682.05,877.58
"2002-02-02",682.27,877.55
"2002-02-03",682.19,877.54
"2002-02-04",682.03,877.51
"2002-02-05",682.06,877.51
"2002-02-06",682.2,877.5
"2002-02-07",682.16,877.42
"2002-02-08",681.99,877.39
"2002-02-09",682.14,877.39
"2002-02-10",681.88,877.3
"2002-02-11",681.58,877.27
"2002-02-12",681.48,877.28
"2002-02-13",681.18,877.22
"2002-02-14",680.83,877.13
"2002-02-15",680.71,877.07
"2002-02-16",680.65,876.97
"2002-02-17",680.4,876.94
"2002-02-18",680.27,876.93
"2002-02-19",680.24,876.91
"2002-02-20",679.79,876.83
"2002-02-21",679.48,876.79
"2002-02-22",679.26,876.69
"2002-02-23",679.27,876.65
"2002-02-24",679.07,876.56
"2002-02-25",678.64,876.5
"2002-02-26",678.34,876.38
"2002-02-27",678.25,876.34
"2002-02-28",678.36,876.4
"2002-03-01",678.5,876.36
"2002-03-02",678.75,876.37
"2002-03-03",678.76,876.28
"2002-03-04",678.32,876.29
"2002-03-05",678.25,876.33
"2002-03-06",678.12,876.34
"2002-03-07",678.01,876.34
"2002-03-08",678.05,876.31
"2002-03-09",678.08,876.29
"2002-03-10",678.03,876.31
"2002-03-11",677.83,876.36
"2002-03-12",677.81,876.36
"2002-03-13",677.38,876.34
"2002-03-14",676.99,876.34
"2002-03-15",676.53,876.3
"2002-03-16",676.33,876.29
"2002-03-17",676.42,876.28
"2002-03-18",676.03,876.33
"2002-03-19",676.01,876.38
"2002-03-20",676.46,876.43
"2002-03-21",676.56,876.46
"2002-03-22",676.53,876.5
"2002-03-23",677,876.55
"2002-03-24",677.12,876.59
"2002-03-25",676.77,876.61
"2002-03-26",676.88,876.59
"2002-03-27",676.74,876.63
"2002-03-28",676.75,876.67
"2002-03-29",676.46,876.71
"2002-03-30",676.81,876.74
"2002-03-31",676.91,876.73
"2002-04-01",676.9,876.74
"2002-04-02",676.57,876.74
"2002-04-03",676.27,876.65
"2002-04-04",676.41,876.66
"2002-04-05",676.42,876.65
"2002-04-06",676.62,876.71
"2002-04-07",677.29,876.78
"2002-04-08",677.66,876.81
"2002-04-09",677.98,876.8
"2002-04-10",678.21,876.81
"2002-04-11",678.51,876.85
"2002-04-12",678.45,876.86
"2002-04-13",678.48,876.87
"2002-04-14",678.46,876.96
"2002-04-15",678.19,877
"2002-04-16",677.82,877.09
"2002-04-17",678.49,877.12
"2002-04-18",678.51,877.14
"2002-04-19",678.64,877.15
"2002-04-20",678.56,877.2
"2002-04-21",678.49,877.19
"2002-04-22",677.98,877.24
"2002-04-23",677.69,877.22
"2002-04-24",677.37,877.24
"2002-04-25",677.02,877.22
"2002-04-26",677.08,877.21
"2002-04-27",676.96,877.22
"2002-04-28",676.64,877.15
"2002-04-29",675.82,877.1
"2002-04-30",675.3,877.04
"2002-05-01",674.65,876.93
"2002-05-02",673.81,876.68
"2002-05-03",672.95,876.49
"2002-05-04",672.56,876.35
"2002-05-05",672.06,876.25
"2002-05-06",671.01,876.14
"2002-05-07",670.36,876
"2002-05-08",669.74,875.87
"2002-05-09",668.96,875.72
"2002-05-10",668.09,875.61
"2002-05-11",667.68,875.45
"2002-05-12",666.9,875.29
"2002-05-13",666.36,875.17
"2002-05-14",666.74,875.01
"2002-05-15",666.36,874.89
"2002-05-16",665.76,874.78
"2002-05-17",665.91,874.75
"2002-05-18",667.21,874.79
"2002-05-19",667.7,874.81
"2002-05-20",667.49,874.85
"2002-05-21",667.22,874.81
"2002-05-22",666.8,874.78
"2002-05-23",665.94,874.67
"2002-05-24",665.02,874.57
"2002-05-25",664.78,874.46
"2002-05-26",665.58,874.33
"2002-05-27",666.4,874.24
"2002-05-28",666.34,874.16
"2002-05-29",666.58,874.09
"2002-05-30",666.14,873.98
"2002-05-31",665.76,873.8
"2002-06-01",665.08,873.68
"2002-06-02",664.64,873.56
"2002-06-03",663.88,873.44
"2002-06-04",663.19,873.3
"2002-06-05",661.96,873.11
"2002-06-06",661.7,873.03
"2002-06-07",660.67,872.95
"2002-06-08",660.21,872.93
"2002-06-09",660.01,872.81
"2002-06-10",659.72,872.71
"2002-06-11",659,872.57
"2002-06-12",658.17,872.44
"2002-06-13",657.16,872.39
"2002-06-14",656.32,872.22
"2002-06-15",656,872.17
"2002-06-16",655.97,872.09
"2002-06-17",655.58,871.97
"2002-06-18",654.59,871.86
"2002-06-19",653.5,871.76
"2002-06-20",652.37,871.63
"2002-06-21",651.9,871.52
"2002-06-22",651.68,871.45
"2002-06-23",651.96,871.36
"2002-06-24",650.89,871.26
"2002-06-25",650.28,871.13
"2002-06-26",649.95,871.08
"2002-06-27",651,871.03
"2002-06-28",651.44,871.02
"2002-06-29",652.96,871.06
"2002-06-30",655.94,871.07
"2002-07-01",661.23,871.08
"2002-07-02",667.69,871.83
"2002-07-03",672.56,872.43
"2002-07-04",676.18,873.22
"2002-07-05",679.9,873.53
"2002-07-06",682.27,
"2002-07-07",683.39,
"2002-07-08",683.87,
"2002-07-09",684.94,875.33
"2002-07-10",685.74,875.54
"2002-07-11",686.29,875.72
"2002-07-12",687.05,875.9
"2002-07-13",687.41,876.05
"2002-07-14",687.99,876.26
"2002-07-15",688.23,876.43
"2002-07-16",688.64,876.54
"2002-07-17",689.19,876.63
"2002-07-18",689.76,876.72
"2002-07-19",689.95,876.83
"2002-07-20",690.35,876.9
"2002-07-21",690.43,877
"2002-07-22",690.49,877.09
"2002-07-23",690.22,877.15
"2002-07-24",690.04,877.21
"2002-07-25",689.77,877.29
"2002-07-26",689.61,877.37
"2002-07-27",689.47,877.44
"2002-07-28",689.32,877.52
"2002-07-29",688.78,877.57
"2002-07-30",688.22,877.69
"2002-07-31",687.89,877.78
"2002-08-01",687.65,877.85
"2002-08-02",687.07,877.93
"2002-08-03",686.88,877.96
"2002-08-04",686.74,878.02
"2002-08-05",686.13,878.07
"2002-08-06",685.74,878.12
"2002-08-07",685.39,878.29
"2002-08-08",685,878.31
"2002-08-09",685.16,878.36
"2002-08-10",685.3,878.44
"2002-08-11",685.5,878.55
"2002-08-12",685.24,878.59
"2002-08-13",685.08,878.57
"2002-08-14",684.6,878.61
"2002-08-15",684.41,878.64
"2002-08-16",684.07,878.74
"2002-08-17",683.82,878.75
"2002-08-18",683.61,878.79
"2002-08-19",682.94,878.81
"2002-08-20",682.58,878.82
"2002-08-21",682.38,878.83
"2002-08-22",682,878.85
"2002-08-23",681.61,878.83
"2002-08-24",681.6,878.55
"2002-08-25",681.3,878.57
"2002-08-26",680.77,878.61
"2002-08-27",680.33,878.61
"2002-08-28",679.92,878.57
"2002-08-29",680.14,878.7
"2002-08-30",680.78,878.68
"2002-08-31",681.3,878.65
"2002-09-01",681.62,878.71
"2002-09-02",681.59,878.72
"2002-09-03",681.25,878.69
"2002-09-04",681.21,878.72
"2002-09-05",681.12,878.74
"2002-09-06",680.75,878.69
"2002-09-07",681.6,878.78
"2002-09-08",682.8,878.9
"2002-09-09",684.22,879.2
"2002-09-10",685.4,879.23
"2002-09-11",685.98,879.26
"2002-09-12",686.69,879.28
"2002-09-13",687.09,879.29
"2002-09-14",687.37,879.33
"2002-09-15",687.67,879.34
"2002-09-16",687.73,879.33
"2002-09-17",688.12,879.41
"2002-09-18",688.3,879.45
"2002-09-19",688.36,879.49
"2002-09-20",689.07,879.49
"2002-09-21",689.34,879.44
"2002-09-22",689.44,879.47
"2002-09-23",689.1,879.43
"2002-09-24",688.92,879.45
"2002-09-25",688.85,879.7
"2002-09-26",688.65,879.72
"2002-09-27",688.23,879.72
"2002-09-28",687.99,879.71
"2002-09-29",687.78,879.71
"2002-09-30",687.41,879.73
"2002-10-01",687.08,879.74
"2002-10-02",687.04,879.75
"2002-10-03",686.72,879.75
"2002-10-04",686.63,879.71
"2002-10-05",686.48,879.7
"2002-10-06",686.47,879.72
"2002-10-07",686.08,879.7
"2002-10-08",686.32,879.8
"2002-10-09",687.24,879.92
"2002-10-10",687.87,880.01
"2002-10-11",688.5,880.05
"2002-10-12",688.86,880.13
"2002-10-13",689.06,880.13
"2002-10-14",689.36,880.16
"2002-10-15",689.36,880.21
"2002-10-16",689.58,880.25
"2002-10-17",689.35,880.26
"2002-10-18",689.29,880.33
"2002-10-19",689.53,880.38
"2002-10-20",689.46,880.4
"2002-10-21",689.29,880.4
"2002-10-22",689.41,880.54
"2002-10-23",690,880.75
"2002-10-24",691.69,881.23
"2002-10-25",693.23,881.38
"2002-10-26",694.09,881.5
"2002-10-27",694.94,881.57
"2002-10-28",695.22,881.66
"2002-10-29",695.76,881.72
"2002-10-30",695.72,881.75
"2002-10-31",695.86,881.78
"2002-11-01",696.01,881.84
"2002-11-02",696.07,881.92
"2002-11-03",696.44,882.02
"2002-11-04",696.34,882.05
"2002-11-05",697.1,882.16
"2002-11-06",697.34,882.11
"2002-11-07",697.61,882.18
"2002-11-08",697.68,882.2
"2002-11-09",697.86,882.2
"2002-11-10",697.91,882.3
"2002-11-11",697.68,882.3
"2002-11-12",697.42,882.4
"2002-11-13",697.16,882.4
"2002-11-14",697.22,882.52
"2002-11-15",696.86,882.54
"2002-11-16",696.8,882.5
"2002-11-17",696.7,882.59
"2002-11-18",696.37,882.61
"2002-11-19",696.17,882.59
"2002-11-20",695.94,882.67
"2002-11-21",695.79,882.68
"2002-11-22",695.51,882.69
"2002-11-23",695.37,882.74
"2002-11-24",695.26,882.78
"2002-11-25",694.85,882.79
"2002-11-26",694.76,882.79
"2002-11-27",694.76,882.77
"2002-11-28",694.61,882.79
"2002-11-29",694.84,882.84
"2002-11-30",694.84,882.88
"2002-12-01",694.65,882.83
"2002-12-02",694.7,882.89
"2002-12-03",694.51,882.92
"2002-12-04",694.62,882.99
"2002-12-05",694.77,882.91
"2002-12-06",694.47,882.9
"2002-12-07",694.5,882.97
"2002-12-08",694.66,883.01
"2002-12-09",694.52,883.01
"2002-12-10",694.89,883.03
"2002-12-11",695.03,883.05
"2002-12-12",695.22,883.06
"2002-12-13",695.33,883.03
"2002-12-14",695.46,883.04
"2002-12-15",695.61,883.07
"2002-12-16",695.48,883.14
"2002-12-17",695.41,883.19
"2002-12-18",695.36,883.2
"2002-12-19",695.22,883.11
"2002-12-20",695.08,883.07
"2002-12-21",695.18,883.15
"2002-12-22",695.01,883.14
"2002-12-23",694.98,883.21
"2002-12-24",694.91,883.12
"2002-12-25",694.89,883.1
"2002-12-26",695.05,883.12
"2002-12-27",694.89,883.12
"2002-12-28",694.79,883.12
"2002-12-29",694.8,883.18
"2002-12-30",694.86,883.24
"2002-12-31",694.56,883.2
"2003-01-01",694.75,883.21
"2003-01-02",694.64,883.09
"2003-01-03",694.41,883.1
"2003-01-04",694.35,883.13
"2003-01-05",694.43,883.13
"2003-01-06",694.06,883.1
"2003-01-07",693.85,883.04
"2003-01-08",693.98,883.12
"2003-01-09",694.01,883.13
"2003-01-10",693.74,883.11
"2003-01-11",693.87,883.17
"2003-01-12",693.99,883.21
"2003-01-13",693.92,883.2
"2003-01-14",694.07,883.16
"2003-01-15",693.93,883.24
"2003-01-16",694.04,883.23
"2003-01-17",693.85,883.19
"2003-01-18",694.03,883.2
"2003-01-19",693.98,883.22
"2003-01-20",693.99,883.24
"2003-01-21",693.75,883.27
"2003-01-22",693.72,883.22
"2003-01-23",693.62,883.15
"2003-01-24",693.47,883.17
"2003-01-25",693.68,883.2
"2003-01-26",693.79,883.2
"2003-01-27",693.69,883.17
"2003-01-28",693.63,883.23
"2003-01-29",693.49,883.2
"2003-01-30",693.29,883.16
"2003-01-31",693.5,883.16
"2003-02-01",693.39,883.12
"2003-02-02",693.34,883.14
"2003-02-03",693.26,883.15
"2003-02-04",692.99,883.03
"2003-02-05",693.17,883.03
"2003-02-06",693.25,883
"2003-02-07",692.94,882.85
"2003-02-08",693.23,882.86
"2003-02-09",693.29,882.84
"2003-02-10",693.15,882.83
"2003-02-11",692.86,882.85
"2003-02-12",692.57,882.77
"2003-02-13",692.74,882.78
"2003-02-14",692.88,882.79
"2003-02-15",692.96,882.77
"2003-02-16",692.69,882.62
"2003-02-17",692.58,882.6
"2003-02-18",692.46,882.59
"2003-02-19",692.47,882.54
"2003-02-20",692.61,882.52
"2003-02-21",692.7,882.56
"2003-02-22",693.08,882.52
"2003-02-23",693.38,882.5
"2003-02-24",693.25,882.43
"2003-02-25",693.14,882.43
"2003-02-26",693.13,882.47
"2003-02-27",693.19,882.47
"2003-02-28",693.3,882.48
"2003-03-01",693.47,882.48
"2003-03-02",693.33,882.48
"2003-03-03",693.33,882.48
"2003-03-04",693.48,882.48
"2003-03-05",693.5,882.48
"2003-03-06",693.43,882.52
"2003-03-07",693.22,882.51
"2003-03-08",693.3,882.5
"2003-03-09",693.27,882.48
"2003-03-10",693.06,882.46
"2003-03-11",693.04,882.49
"2003-03-12",692.96,882.47
"2003-03-13",693.05,882.46
"2003-03-14",692.83,882.37
"2003-03-15",692.75,882.37
"2003-03-16",692.91,882.35
"2003-03-17",692.81,882.33
"2003-03-18",692.69,882.36
"2003-03-19",692.6,882.34
"2003-03-20",692.33,882.29
"2003-03-21",692.21,882.27
"2003-03-22",692.16,882.24
"2003-03-23",692.33,882.22
"2003-03-24",692.16,882.22
"2003-03-25",692.15,882.23
"2003-03-26",692.14,882.19
"2003-03-27",692.1,882.2
"2003-03-28",691.8,882.16
"2003-03-29",691.76,882.02
"2003-03-30",691.8,882.01
"2003-03-31",691.47,881.99
"2003-04-01",691.22,882.61
"2003-04-02",690.85,881.96
"2003-04-03",690.77,881.94
"2003-04-04",690.62,881.91
"2003-04-05",690.41,881.85
"2003-04-06",690.44,881.82
"2003-04-07",689.91,881.77
"2003-04-08",689.79,881.72
"2003-04-09",689.71,881.67
"2003-04-10",689.55,881.65
"2003-04-11",689.39,881.63
"2003-04-12",689.13,881.56
"2003-04-13",688.85,881.49
"2003-04-14",688.29,881.42
"2003-04-15",688.13,881.39
"2003-04-16",688.09,881.35
"2003-04-17",687.85,881.26
"2003-04-18",687.59,881.18
"2003-04-19",687.44,881.09
"2003-04-20",687.64,881.01
"2003-04-21",687.77,881.01
"2003-04-22",687.56,880.99
"2003-04-23",687.56,880.99
"2003-04-24",687.69,881
"2003-04-25",687.27,880.9
"2003-04-26",686.6,880.78
"2003-04-27",686,880.71
"2003-04-28",685.23,880.62
"2003-04-29",684.56,880.59
"2003-04-30",684.39,880.55
"2003-05-01",683.84,880.5
"2003-05-02",683.15,880.4
"2003-05-03",682.87,880.4
"2003-05-04",682.99,880.4
"2003-05-05",682.5,880.3
"2003-05-06",682.09,880.2
"2003-05-07",682.02,880.1
"2003-05-08",681.86,880.1
"2003-05-09",681.64,879.98
"2003-05-10",681.27,880
"2003-05-11",681.1,879.9
"2003-05-12",680.94,879.8
"2003-05-13",680.55,879.69
"2003-05-14",680.25,879.62
"2003-05-15",679.71,879.56
"2003-05-16",678.93,879.49
"2003-05-17",678.28,879.38
"2003-05-18",677.84,879.28
"2003-05-19",676.98,879.13
"2003-05-20",676.17,879.01
"2003-05-21",675.7,878.81
"2003-05-22",675.36,878.79
"2003-05-23",675.11,878.69
"2003-05-24",674.76,878.61
"2003-05-25",674.42,878.54
"2003-05-26",674.09,878.52
"2003-05-27",674.15,878.52
"2003-05-28",674.1,878.5
"2003-05-29",673.65,878.5
"2003-05-30",672.96,878.5
"2003-05-31",672.53,878.5
"2003-06-01",672.25,878.43
"2003-06-02",671.57,878.34
"2003-06-03",672.39,878.26
"2003-06-04",673.7,878.17
"2003-06-05",675.05,878.13
"2003-06-06",676.02,878.13
"2003-06-07",676.92,878.11
"2003-06-08",677.33,878.1
"2003-06-09",677.44,878.06
"2003-06-10",677.74,878.21
"2003-06-11",678.39,878.23
"2003-06-12",678.97,878.25
"2003-06-13",679.06,878.28
"2003-06-14",679.97,878.33
"2003-06-15",680.87,878.43
"2003-06-16",681.34,878.46
"2003-06-17",681.52,878.49
"2003-06-18",681.7,878.53
"2003-06-19",681.69,878.54
"2003-06-20",681.53,878.56
"2003-06-21",681.34,878.58
"2003-06-22",681.13,878.61
"2003-06-23",680.49,878.61
"2003-06-24",679.8,878.58
"2003-06-25",679.15,878.56
"2003-06-26",678.38,878.5
"2003-06-27",677.89,878.4
"2003-06-28",677.48,878.32
"2003-06-29",677.16,878.16
"2003-06-30",676.65,878.07
"2003-07-01",676.13,878
"2003-07-02",676.06,877.96
"2003-07-03",676.58,877.95
"2003-07-04",677.71,877.88
"2003-07-05",679.38,878.24
"2003-07-06",680.32,878.35
"2003-07-07",680.97,878.37
"2003-07-08",681.91,878.41
"2003-07-09",682.52,878.46
"2003-07-10",683.07,878.49
"2003-07-11",683.3,878.52
"2003-07-12",683.36,878.57
"2003-07-13",683.46,878.6
"2003-07-14",683.19,878.63
"2003-07-15",683.06,878.71
"2003-07-16",683.51,878.91
"2003-07-17",684.01,878.93
"2003-07-18",684.35,878.92
"2003-07-19",684.52,878.96
"2003-07-20",684.53,879.05
"2003-07-21",684.31,879.08
"2003-07-22",683.97,879.1
"2003-07-23",683.74,879.08
"2003-07-24",683.57,879.08
"2003-07-25",683.23,879.09
"2003-07-26",683.06,879.11
"2003-07-27",682.78,879.11
"2003-07-28",682.96,879.15
"2003-07-29",682.92,879.17
"2003-07-30",682.63,879.15
"2003-07-31",682.09,879.12
"2003-08-01",681.6,879.09
"2003-08-02",681.12,879.08
"2003-08-03",680.92,879.04
"2003-08-04",680.46,879.02
"2003-08-05",680.18,879.01
"2003-08-06",679.92,878.98
"2003-08-07",679.44,878.97
"2003-08-08",678.65,878.92
"2003-08-09",678.88,878.94
"2003-08-10",678.93,878.93
"2003-08-11",678.78,878.89
"2003-08-12",679.43,878.9
"2003-08-13",679.66,878.94
"2003-08-14",680,878.95
"2003-08-15",680.26,878.97
"2003-08-16",680.37,878.97
"2003-08-17",680.48,878.99
"2003-08-18",679.99,878.96
"2003-08-19",679.5,878.94
"2003-08-20",678.9,878.92
"2003-08-21",678.42,878.91
"2003-08-22",678,878.91
"2003-08-23",678.03,878.91
"2003-08-24",678.39,878.92
"2003-08-25",678.47,878.99
"2003-08-26",678.19,879.04
"2003-08-27",677.86,879.01
"2003-08-28",677.43,879
"2003-08-29",677.15,878.99
"2003-08-30",677.1,878.96
"2003-08-31",677.45,878.96
"2003-09-01",677.8,878.96
"2003-09-02",677.99,878.94
"2003-09-03",678.24,878.95
"2003-09-04",678.74,878.98
"2003-09-05",679.34,879.03
"2003-09-06",680.01,879.02
"2003-09-07",680.17,878.99
"2003-09-08",680.14,878.96
"2003-09-09",680.1,878.97
"2003-09-10",679.78,878.97
"2003-09-11",679.58,878.97
"2003-09-12",680.86,879.06
"2003-09-13",681.6,879.07
"2003-09-14",681.91,879.07
"2003-09-15",682,879.08
"2003-09-16",682.12,879.11
"2003-09-17",681.99,879.13
"2003-09-18",682.32,879.15
"2003-09-19",682.74,879.17
"2003-09-20",683.16,879.21
"2003-09-21",683.79,879.25
"2003-09-22",684.15,879.28
"2003-09-23",684.4,879.29
"2003-09-24",684.53,879.3
"2003-09-25",684.55,879.3
"2003-09-26",684.53,879.43
"2003-09-27",684.67,879.42
"2003-09-28",684.48,879.41
"2003-09-29",684.2,879.39
"2003-09-30",683.94,879.4
"2003-10-01",683.7,879.4
"2003-10-02",683.55,879.4
"2003-10-03",683.32,879.4
"2003-10-04",683.3,879.4
"2003-10-05",683.1,879.5
"2003-10-06",682.82,879.5
"2003-10-07",682.89,879.48
"2003-10-08",682.74,879.55
"2003-10-09",682.92,879.59
"2003-10-10",683.16,879.6
"2003-10-11",683.29,879.63
"2003-10-12",683.79,879.7
"2003-10-13",684,879.72
"2003-10-14",684.15,879.73
"2003-10-15",684.21,879.72
"2003-10-16",684.26,879.7
"2003-10-17",684.16,879.7
"2003-10-18",684.1,879.69
"2003-10-19",684.13,879.7
"2003-10-20",683.8,879.69
"2003-10-21",683.74,879.71
"2003-10-22",683.47,879.74
"2003-10-23",683.34,879.75
"2003-10-24",683.14,879.76
"2003-10-25",683.04,879.78
"2003-10-26",682.98,879.78
"2003-10-27",683.03,879.82
"2003-10-28",683.08,879.84
"2003-10-29",682.96,879.85
"2003-10-30",682.83,879.84
"2003-10-31",682.58,879.83
"2003-11-01",682.55,879.83
"2003-11-02",682.58,879.85
"2003-11-03",682.45,879.94
"2003-11-04",682.4,879.94
"2003-11-05",682.19,879.95
"2003-11-06",682.01,879.95
"2003-11-07",681.91,879.97
"2003-11-08",682.2,879.98
"2003-11-09",682.38,880
"2003-11-10",682.21,880.04
"2003-11-11",682.23,880.06
"2003-11-12",682.14,880.09
"2003-11-13",681.93,880.05
"2003-11-14",681.91,880.11
"2003-11-15",682.02,880.13
"2003-11-16",682.1,880.14
"2003-11-17",681.91,880.18
"2003-11-18",682.08,880.17
"2003-11-19",681.88,880.12
"2003-11-20",681.95,880.17
"2003-11-21",681.84,880.18
"2003-11-22",681.91,880.2
"2003-11-23",681.75,880.24
"2003-11-24",681.39,880.2
"2003-11-25",681.44,880.22
"2003-11-26",681.46,880.23
"2003-11-27",681.42,880.21
"2003-11-28",681.29,880.19
"2003-11-29",681.21,880.24
"2003-11-30",681.36,880.27
"2003-12-01",681,880.26
"2003-12-02",680.93,880.23
"2003-12-03",680.99,880.25
"2003-12-04",680.83,880.24
"2003-12-05",680.48,880.22
"2003-12-06",680.6,880.2
"2003-12-07",680.85,880.19
"2003-12-08",680.64,880.18
"2003-12-09",680.41,880.17
"2003-12-10",680.19,880.14
"2003-12-11",680.25,880.15
"2003-12-12",680.18,880.17
"2003-12-13",680.37,880.17
"2003-12-14",680.5,880.16
"2003-12-15",680.39,880.21
"2003-12-16",680.17,880.13
"2003-12-17",679.94,880.03
"2003-12-18",679.94,880.02
"2003-12-19",679.81,880.06
"2003-12-20",679.88,880.07
"2003-12-21",679.95,880.08
"2003-12-22",679.83,880.1
"2003-12-23",679.48,880.05
"2003-12-24",679.45,880.06
"2003-12-25",679.6,880.11
"2003-12-26",679.83,880.12
"2003-12-27",679.86,880.14
"2003-12-28",679.86,880.11
"2003-12-29",679.61,880.09
"2003-12-30",679.24,880.1
"2003-12-31",679.16,880.1
"2004-01-01",679.19,880.1
"2004-01-02",679.44,880.09
"2004-01-03",679.42,880.12
"2004-01-04",679.27,880.12
"2004-01-05",678.96,880.11
"2004-01-06",678.86,880.03
"2004-01-07",678.9,880.07
"2004-01-08",679.08,880.08
"2004-01-09",679.04,880
"2004-01-10",678.98,879.96
"2004-01-11",679,879.94
"2004-01-12",678.84,879.98
"2004-01-13",678.71,879.97
"2004-01-14",678.77,880
"2004-01-15",679.03,880.03
"2004-01-16",679.5,880.09
"2004-01-17",680.3,880.09
"2004-01-18",680.55,880.06
"2004-01-19",680.75,880.05
"2004-01-20",680.63,880.07
"2004-01-21",680.68,880.05
"2004-01-22",680.63,880.04
"2004-01-23",680.52,880.08
"2004-01-24",680.8,880.14
"2004-01-25",681.18,880.16
"2004-01-26",680.94,880.13
"2004-01-27",680.76,880.09
"2004-01-28",680.63,880.09
"2004-01-29",680.72,880.13
"2004-01-30",680.76,880.12
"2004-01-31",681.03,880.14
"2004-02-01",681.24,880.12
"2004-02-02",680.96,880.08
"2004-02-03",680.79,880.05
"2004-02-04",681.03,880.11
"2004-02-05",681.06,880.09
"2004-02-06",680.79,880.05
"2004-02-07",680.81,880.03
"2004-02-08",680.87,880.05
"2004-02-09",680.81,880.05
"2004-02-10",680.63,880.02
"2004-02-11",681.01,879.99
"2004-02-12",680.85,879.87
"2004-02-13",680.76,879.81
"2004-02-14",681.05,879.78
"2004-02-15",681.07,879.73
"2004-02-16",680.9,879.67
"2004-02-17",680.76,879.62
"2004-02-18",680.58,879.53
"2004-02-19",680.6,879.48
"2004-02-20",680.6,879.45
"2004-02-21",680.48,879.35
"2004-02-22",680.48,879.32
"2004-02-23",680.53,879.32
"2004-02-24",680.55,879.36
"2004-02-25",681.01,879.35
"2004-02-26",681.11,879.3
"2004-02-27",681.23,879.27
"2004-02-28",681.48,879.27
"2004-02-29",681.57,879.28
"2004-03-01",681.43,879.27
"2004-03-02",681.21,879.27
"2004-03-03",681.22,879.3
"2004-03-04",681.14,879.33
"2004-03-05",681.45,879.31
"2004-03-06",681.4,879.3
"2004-03-07",681.56,879.29
"2004-03-08",681.24,879.27
"2004-03-09",681.26,879.24
"2004-03-10",681.04,879.28
"2004-03-11",680.99,879.28
"2004-03-12",680.79,879.32
"2004-03-13",681.26,879.44
"2004-03-14",681.58,879.46
"2004-03-15",681.86,879.53
"2004-03-16",682.01,879.54
"2004-03-17",682.07,879.55
"2004-03-18",682.15,879.55
"2004-03-19",682.07,879.56
"2004-03-20",682.21,879.59
"2004-03-21",682.43,879.62
"2004-03-22",682.36,879.63
"2004-03-23",682.19,879.67
"2004-03-24",682.16,879.71
"2004-03-25",682.13,879.77
"2004-03-26",682.16,879.77
"2004-03-27",682.05,879.81
"2004-03-28",682.13,879.84
"2004-03-29",681.77,879.88
"2004-03-30",681.86,879.92
"2004-03-31",681.79,879.97
"2004-04-01",681.64,880
"2004-04-02",681.45,880.05
"2004-04-03",681.98,880.12
"2004-04-04",682.43,880.3
"2004-04-05",682.96,880.31
"2004-04-06",683.38,880.35
"2004-04-07",683.74,880.36
"2004-04-08",683.76,880.43
"2004-04-09",684.15,880.46
"2004-04-10",684.33,880.54
"2004-04-11",684.78,880.66
"2004-04-12",685.04,880.7
"2004-04-13",685.02,880.75
"2004-04-14",685.09,880.81
"2004-04-15",685.17,880.86
"2004-04-16",685.19,880.9
"2004-04-17",685.05,880.93
"2004-04-18",684.93,880.97
"2004-04-19",684.73,881.01
"2004-04-20",684.67,881.07
"2004-04-21",684.4,881.11
"2004-04-22",684.38,881.13
"2004-04-23",684.27,881.2
"2004-04-24",684.76,881.23
"2004-04-25",685.53,881.26
"2004-04-26",685.95,881.29
"2004-04-27",686.19,881.35
"2004-04-28",686.4,881.45
"2004-04-29",686.67,881.5
"2004-04-30",686.75,881.57
"2004-05-01",686.96,881.61
"2004-05-02",687.38,881.63
"2004-05-03",687.57,881.71
"2004-05-04",687.5,881.69
"2004-05-05",687.51,881.85
"2004-05-06",687.36,881.9
"2004-05-07",687.34,881.92
"2004-05-08",687.55,881.92
"2004-05-09",688.02,881.98
"2004-05-10",688.08,881.98
"2004-05-11",687.89,882
"2004-05-12",688.09,882
"2004-05-13",688.18,882.04
"2004-05-14",688.24,882.02
"2004-05-15",688.57,882
"2004-05-16",688.61,881.97
"2004-05-17",688.32,881.99
"2004-05-18",688.14,881.96
"2004-05-19",687.68,881.91
"2004-05-20",687.24,881.83
"2004-05-21",686.57,881.78
"2004-05-22",686.14,881.71
"2004-05-23",685.69,881.64
"2004-05-24",684.75,881.63
"2004-05-25",684.34,881.6
"2004-05-26",683.6,881.54
"2004-05-27",682.91,881.49
"2004-05-28",682.2,881.4
"2004-05-29",681.75,881.36
"2004-05-30",681.43,881.32
"2004-05-31",681.12,881.27
"2004-06-01",679.96,881.2
"2004-06-02",679.17,881
"2004-06-03",678.19,880.9
"2004-06-04",678.18,880.7
"2004-06-05",678.22,880.6
"2004-06-06",678.08,880.5
"2004-06-07",677.57,880.5
"2004-06-08",678.55,880.5
"2004-06-09",681.17,880.5
"2004-06-10",682.84,880.5
"2004-06-11",683.85,880.4
"2004-06-12",684.6,880.5
"2004-06-13",685.5,880.5
"2004-06-14",685.78,880.5
"2004-06-15",685.99,880.4
"2004-06-16",685.8,880.4
"2004-06-17",685.64,880.35
"2004-06-18",685.5,880.29
"2004-06-19",684.91,880.21
"2004-06-20",684.57,880.14
"2004-06-21",684.39,880.1
"2004-06-22",684.22,880.1
"2004-06-23",684.68,880.1
"2004-06-24",685.11,880.1
"2004-06-25",685.32,880.2
"2004-06-26",685.92,880.3
"2004-06-27",686.2,880.4
"2004-06-28",686.61,880.5
"2004-06-29",687.55,880.7
"2004-06-30",689,880.7
"2004-07-01",690,880.81
"2004-07-02",690.68,880.9
"2004-07-03",691.36,880.99
"2004-07-04",691.83,881.06
"2004-07-05",692.11,881.14
"2004-07-06",691.95,881.21
"2004-07-07",691.66,881.29
"2004-07-08",691.38,881.36
"2004-07-09",691.19,881.41
"2004-07-10",690.78,881.47
"2004-07-11",690.89,881.53
"2004-07-12",690.87,881.56
"2004-07-13",690.78,881.6
"2004-07-14",690.24,881.59
"2004-07-15",689.7,881.55
"2004-07-16",689.51,881.62
"2004-07-17",688.97,881.58
"2004-07-18",688.75,881.55
"2004-07-19",688.29,881.55
"2004-07-20",687.66,881.55
"2004-07-21",687.15,881.52
"2004-07-22",686.76,881.51
"2004-07-23",686.46,881.52
"2004-07-24",686.9,881.56
"2004-07-25",687.11,881.56
"2004-07-26",686.99,881.57
"2004-07-27",687.01,881.58
"2004-07-28",686.86,881.59
"2004-07-29",686.43,881.6
"2004-07-30",686.29,881.72
"2004-07-31",686.51,881.74
"2004-08-01",686.35,881.76
"2004-08-02",685.87,881.77
"2004-08-03",685.77,881.63
"2004-08-04",685.29,881.66
"2004-08-05",684.97,881.62
"2004-08-06",684.58,881.56
"2004-08-07",685.06,881.57
"2004-08-08",685.36,881.57
"2004-08-09",685.53,881.61
"2004-08-10",685.33,881.71
"2004-08-11",685.3,881.72
"2004-08-12",685.12,881.73
"2004-08-13",684.86,881.74
"2004-08-14",684.72,881.77
"2004-08-15",684.58,881.78
"2004-08-16",683.87,881.86
"2004-08-17",683.82,881.96
"2004-08-18",683.4,881.99
"2004-08-19",683.53,882
"2004-08-20",683.38,881.98
"2004-08-21",683.11,882.01
"2004-08-22",683.05,882.11
"2004-08-23",683.61,882.16
"2004-08-24",684.13,882.19
"2004-08-25",684.49,882.17
"2004-08-26",684.51,882.17
"2004-08-27",684.58,882.15
"2004-08-28",684.18,882.15
"2004-08-29",684.25,882.23
"2004-08-30",684.18,882.24
"2004-08-31",683.91,882.41
"2004-09-01",683.98,882.58
"2004-09-02",684.32,882.64
"2004-09-03",684.31,882.63
"2004-09-04",684.49,882.62
"2004-09-05",685.06,882.65
"2004-09-06",685.22,882.71
"2004-09-07",685.38,882.73
"2004-09-08",685.45,882.76
"2004-09-09",685.36,882.78
"2004-09-10",685.17,882.81
"2004-09-11",685.19,882.85
"2004-09-12",684.99,882.89
"2004-09-13",684.41,882.91
"2004-09-14",684.73,882.94
"2004-09-15",685.03,882.96
"2004-09-16",685.23,882.97
"2004-09-17",685.15,882.98
"2004-09-18",684.98,882.99
"2004-09-19",684.85,883.01
"2004-09-20",684.46,883.02
"2004-09-21",684.18,883
"2004-09-22",684.23,882.96
"2004-09-23",684.24,882.96
"2004-09-24",684.5,883
"2004-09-25",684.52,883
"2004-09-26",684.96,883.1
"2004-09-27",684.58,883.1
"2004-09-28",684.24,883.1
"2004-09-29",684.3,883.1
"2004-09-30",684.1,883.1
"2004-10-01",683.86,883.1
"2004-10-02",684.58,883.1
"2004-10-03",685.77,883.1
"2004-10-04",686.31,883.1
"2004-10-05",686.56,883.1
"2004-10-06",686.94,883.2
"2004-10-07",687.06,883.2
"2004-10-08",687.3,883.2
"2004-10-09",687.49,883.2
"2004-10-10",687.49,883.2
"2004-10-11",687.38,883.2
"2004-10-12",687.12,883.2
"2004-10-13",686.97,883.2
"2004-10-14",687.02,883.2
"2004-10-15",687.28,883.2
"2004-10-16",687.52,883.2
"2004-10-17",687.58,883.2
"2004-10-18",687.25,883.2
"2004-10-19",687.07,883.2
"2004-10-20",686.94,883.2
"2004-10-21",686.7,883.2
"2004-10-22",686.04,883.2
"2004-10-23",685.94,883.2
"2004-10-24",686.84,883.2
"2004-10-25",687.92,883.2
"2004-10-26",688.68,883.2
"2004-10-27",688.95,883.2
"2004-10-28",689.29,883.2
"2004-10-29",689.33,883.2
"2004-10-30",689.44,883.2
"2004-10-31",689.8,883.2
"2004-11-01",690.19,883.3
"2004-11-02",690.96,883.2
"2004-11-03",691.75,883.3
"2004-11-04",692.08,883.3
"2004-11-05",692.17,883.3
"2004-11-06",691.73,883.3
"2004-11-07",691.81,883.3
"2004-11-08",691.36,883.3
"2004-11-09",691.15,883.3
"2004-11-10",691.07,883.3
"2004-11-11",690.79,883.2
"2004-11-12",690.5,883.2
"2004-11-13",690.5,883.2
"2004-11-14",690.8,883.3
"2004-11-15",691.03,883.5
"2004-11-16",691.22,883.8
"2004-11-17",693.1,883.8
"2004-11-18",694.17,883.8
"2004-11-19",695.21,883.8
"2004-11-20",695.69,883.8
"2004-11-21",696.29,883.8
"2004-11-22",698.59,883.9
"2004-11-23",700.2,884
"2004-11-24",700.97,883.9
"2004-11-25",701.42,884
"2004-11-26",701.75,884
"2004-11-27",701.98,884
"2004-11-28",702.09,884.1
"2004-11-29",701.87,884.1
"2004-11-30",701.64,884.1
"2004-12-01",701.65,884.2
"2004-12-02",701.68,884.2
"2004-12-03",701.54,884.3
"2004-12-04",701.56,884.3
"2004-12-05",701.57,884.4
"2004-12-06",701.28,884.4
"2004-12-07",701.09,884.4
"2004-12-08",701.09,884.5
"2004-12-09",701.02,884.5
"2004-12-10",700.65,884.5
"2004-12-11",700.63,884.5
"2004-12-12",700.61,884.6
"2004-12-13",700.03,884.5
"2004-12-14",699.78,884.5
"2004-12-15",699.45,884.6
"2004-12-16",699.42,884.7
"2004-12-17",699.29,884.7
"2004-12-18",699.2,884.7
"2004-12-19",698.83,884.7
"2004-12-20",698.83,884.8
"2004-12-21",698.7,884.8
"2004-12-22",698.39,884.8
"2004-12-23",698.15,884.8
"2004-12-24",698.22,884.8
"2004-12-25",698.06,884.8
"2004-12-26",698.08,884.8
"2004-12-27",697.9,884.8
"2004-12-28",697.77,884.8
"2004-12-29",697.57,884.9
"2004-12-30",697.35,884.9
"2004-12-31",697.28,884.9
"2005-01-01",697.33,884.93
"2005-01-02",697.29,884.94
"2005-01-03",697.02,884.95
"2005-01-04",697.03,884.98
"2005-01-05",697.04,884.98
"2005-01-06",696.99,884.98
"2005-01-07",696.95,885
"2005-01-08",696.89,884.93
"2005-01-09",696.96,884.96
"2005-01-10",696.68,885.02
"2005-01-11",696.62,885.03
"2005-01-12",696.55,885.08
"2005-01-13",696.38,884.98
"2005-01-14",696.17,884.94
"2005-01-15",696.23,884.94
"2005-01-16",696.16,884.93
"2005-01-17",696.11,884.93
"2005-01-18",695.71,884.98
"2005-01-19",695.78,884.97
"2005-01-20",695.8,885
"2005-01-21",695.69,885.01
"2005-01-22",695.61,884.98
"2005-01-23",695.42,884.9
"2005-01-24",695.28,884.95
"2005-01-25",695.04,884.96
"2005-01-26",694.71,884.95
"2005-01-27",694.58,885.05
"2005-01-28",695.01,885.05
"2005-01-29",695.56,885.04
"2005-01-30",695.61,885.05
"2005-01-31",695.54,885.04
"2005-02-01",695.62,885.06
"2005-02-02",695.92,885.03
"2005-02-03",695.92,885.02
"2005-02-04",695.9,885.07
"2005-02-05",696.17,885.1
"2005-02-06",696.35,885.13
"2005-02-07",696.76,885.11
"2005-02-08",697.31,885.14
"2005-02-09",697.65,885.12
"2005-02-10",697.78,885.07
"2005-02-11",698,885.1
"2005-02-12",698.31,885.18
"2005-02-13",698.66,885.18
"2005-02-14",698.29,885.15
"2005-02-15",698.31,885.16
"2005-02-16",698.08,885.16
"2005-02-17",698.05,885.13
"2005-02-18",697.38,885.15
"2005-02-19",697.3,885.18
"2005-02-20",697.28,885.19
"2005-02-21",697.05,885.19
"2005-02-22",696.64,885.19
"2005-02-23",696.59,885.22
"2005-02-24",696.6,885.34
"2005-02-25",696.84,885.26
"2005-02-26",696.89,885.34
"2005-02-27",697.11,885.33
"2005-02-28",697.07,885.3
"2005-03-01",697.11,885.31
"2005-03-02",697.21,885.32
"2005-03-03",697.38,885.32
"2005-03-04",697.47,885.32
"2005-03-05",697.35,885.49
"2005-03-06",697.95,885.53
"2005-03-07",698.1,885.54
"2005-03-08",698.5,885.5
"2005-03-09",698.55,885.5
"2005-03-10",699.33,885.54
"2005-03-11",699.22,885.5
"2005-03-12",699.51,885.57
"2005-03-13",699.58,885.58
"2005-03-14",699.5,885.55
"2005-03-15",699.38,885.59
"2005-03-16",699.56,885.55
"2005-03-17",699.61,885.58
"2005-03-18",699.76,885.58
"2005-03-19",699.73,885.56
"2005-03-20",699.75,885.58
"2005-03-21",699.44,885.59
"2005-03-22",699.3,885.54
"2005-03-23",699.09,885.54
"2005-03-24",698.89,885.53
"2005-03-25",698.72,885.49
"2005-03-26",698.55,885.52
"2005-03-27",698.67,885.5
"2005-03-28",698.72,885.53
"2005-03-29",698.65,885.56
"2005-03-30",698.39,885.55
"2005-03-31",698.1,885.5
"2005-04-01",697.77,885.4
"2005-04-02",697.64,885.34
"2005-04-03",697.46,885.35
"2005-04-04",697.11,885.35
"2005-04-05",697,885.32
"2005-04-06",696.74,885.23
"2005-04-07",696.45,885.19
"2005-04-08",695.99,885.19
"2005-04-09",696.13,885.2
"2005-04-10",695.93,885.16
"2005-04-11",695.65,885.16
"2005-04-12",695.18,885.1
"2005-04-13",694.81,885.02
"2005-04-14",694.48,884.9
"2005-04-15",694.15,884.83
"2005-04-16",694.15,884.79
"2005-04-17",694.01,884.78
"2005-04-18",693.88,884.81
"2005-04-19",693.92,884.79
"2005-04-20",693.92,884.74
"2005-04-21",693.76,884.71
"2005-04-22",693.53,884.68
"2005-04-23",693.34,884.57
"2005-04-24",693.14,884.55
"2005-04-25",692.63,884.57
"2005-04-26",692.34,884.51
"2005-04-27",691.55,884.44
"2005-04-28",690.94,884.37
"2005-04-29",690.24,884.24
"2005-04-30",689.62,884.12
"2005-05-01",689.77,884.03
"2005-05-02",689.54,884.02
"2005-05-03",689.22,884
"2005-05-04",689.25,883.97
"2005-05-05",689.28,883.93
"2005-05-06",688.85,883.88
"2005-05-07",688.61,883.88
"2005-05-08",688.92,883.84
"2005-05-09",689.36,883.8
"2005-05-10",689.82,883.69
"2005-05-11",689.95,883.69
"2005-05-12",689.98,883.61
"2005-05-13",689.91,883.55
"2005-05-14",689.96,883.49
"2005-05-15",689.87,883.49
"2005-05-16",689.93,883.55
"2005-05-17",690.47,883.63
"2005-05-18",690.36,883.56
"2005-05-19",690.54,883.55
"2005-05-20",690.32,883.54
"2005-05-21",690.02,883.48
"2005-05-22",689.71,883.44
"2005-05-23",689.19,883.39
"2005-05-24",688.69,883.33
"2005-05-25",688.2,883.25
"2005-05-26",687.71,883.09
"2005-05-27",688.04,883.03
"2005-05-28",688.17,883.07
"2005-05-29",689.22,883.1
"2005-05-30",689.8,883.08
"2005-05-31",690.14,883.05
"2005-06-01",690.48,883.05
"2005-06-02",690.94,883.05
"2005-06-03",690.99,883.07
"2005-06-04",691.24,883.08
"2005-06-05",691.4,883.07
"2005-06-06",691.03,883.03
"2005-06-07",690.85,883.02
"2005-06-08",690.43,882.93
"2005-06-09",690.02,882.8
"2005-06-10",689.46,882.74
"2005-06-11",689.22,882.76
"2005-06-12",688.61,882.68
"2005-06-13",687.81,882.65
"2005-06-14",687.27,882.56
"2005-06-15",686.62,882.42
"2005-06-16",686.03,882.33
"2005-06-17",685.31,882.2
"2005-06-18",684.69,882.08
"2005-06-19",684.15,882.04
"2005-06-20",683.53,881.98
"2005-06-21",682.75,881.86
"2005-06-22",682.25,881.79
"2005-06-23",681.62,881.74
"2005-06-24",680.83,881.65
"2005-06-25",680.62,881.62
"2005-06-26",680.38,881.55
"2005-06-27",680,881.52
"2005-06-28",679.71,881.3
"2005-06-29",679.31,881.34
"2005-06-30",678.95,881.27
"2005-07-01",678.54,881.21
"2005-07-02",678.17,881.12
"2005-07-03",678.05,881.15
"2005-07-04",677.81,881.05
"2005-07-05",677.47,881
"2005-07-06",677.01,880.96
"2005-07-07",676.7,880.9
"2005-07-08",676.39,880.78
"2005-07-09",676.17,880.71
"2005-07-10",676.15,880.69
"2005-07-11",675.94,880.59
"2005-07-12",675.49,880.51
"2005-07-13",675.36,880.44
"2005-07-14",675.48,880.44
"2005-07-15",675.9,880.43
"2005-07-16",677.43,880.46
"2005-07-17",678.55,880.51
"2005-07-18",679.38,880.52
"2005-07-19",680.1,880.49
"2005-07-20",680.62,880.46
"2005-07-21",681.24,880.42
"2005-07-22",681.46,880.34
"2005-07-23",681.63,880.31
"2005-07-24",681.81,880.26
"2005-07-25",681.75,880.25
"2005-07-26",681.41,880.22
"2005-07-27",681.27,880.19
"2005-07-28",681.45,880.36
"2005-07-29",681.64,880.37
"2005-07-30",681.83,880.4
"2005-07-31",681.89,880.42
"2005-08-01",681.56,880.45
"2005-08-02",681.04,880.45
"2005-08-03",680.89,880.47
"2005-08-04",680.35,880.49
"2005-08-05",680.04,880.48
"2005-08-06",680.17,880.5
"2005-08-07",679.98,880.51
"2005-08-08",679.46,880.51
"2005-08-09",678.94,880.52
"2005-08-10",679.95,880.65
"2005-08-11",680.52,880.69
"2005-08-12",680.8,880.73
"2005-08-13",681.05,880.76
"2005-08-14",681.59,880.77
"2005-08-15",681.48,880.8
"2005-08-16",681.25,880.83
"2005-08-17",681.15,880.85
"2005-08-18",680.9,880.89
"2005-08-19",680.53,880.87
"2005-08-20",680.51,880.89
"2005-08-21",680.34,880.88
"2005-08-22",679.86,880.87
"2005-08-23",679.57,880.89
"2005-08-24",679.22,880.87
"2005-08-25",678.76,880.88
"2005-08-26",678.27,880.85
"2005-08-27",678.13,880.9
"2005-08-28",678,880.95
"2005-08-29",677.61,880.98
"2005-08-30",677.67,880.96
"2005-08-31",677.38,880.95
"2005-09-01",677.19,880.93
"2005-09-02",677.48,880.88
"2005-09-03",678.21,880.94
"2005-09-04",678.79,880.96
"2005-09-05",678.81,880.92
"2005-09-06",678.47,880.88
"2005-09-07",678.76,880.89
"2005-09-08",678.89,880.89
"2005-09-09",678.83,880.92
"2005-09-10",679.07,880.95
"2005-09-11",679.98,880.93
"2005-09-12",680.75,881
"2005-09-13",681.24,880.97
"2005-09-14",681.52,880.96
"2005-09-15",681.54,880.96
"2005-09-16",681.36,880.91
"2005-09-17",680.64,880.9
"2005-09-18",680.2,880.9
"2005-09-19",679.6,880.87
"2005-09-20",679.05,880.85
"2005-09-21",678.77,880.81
"2005-09-22",678.88,880.8
"2005-09-23",678.72,880.82
"2005-09-24",679.28,880.81
"2005-09-25",678.81,880.79
"2005-09-26",677.69,880.78
"2005-09-27",676.9,880.76
"2005-09-28",676.39,880.67
"2005-09-29",675.97,880.67
"2005-09-30",676.3,880.67
"2005-10-01",676.25,880.71
"2005-10-02",676.08,880.71
"2005-10-03",675.84,880.78
"2005-10-04",676,880.82
"2005-10-05",676.08,880.86
"2005-10-06",676.08,880.86
"2005-10-07",676.53,880.9
"2005-10-08",676.99,880.91
"2005-10-09",677.26,880.93
"2005-10-10",677.15,880.98
"2005-10-11",677.86,881.03
"2005-10-12",678.19,881.03
"2005-10-13",678.64,881.14
"2005-10-14",678.83,881.14
"2005-10-15",679.06,881.13
"2005-10-16",679.1,881.14
"2005-10-17",678.81,881.15
"2005-10-18",678.86,881.15
"2005-10-19",678.9,881.16
"2005-10-20",678.77,881.15
"2005-10-21",678.3,881.13
"2005-10-22",678.26,881.13
"2005-10-23",678.63,881.13
"2005-10-24",678.21,881.12
"2005-10-25",678.43,881.13
"2005-10-26",678.41,881.12
"2005-10-27",678.31,881.15
"2005-10-28",678.48,881.15
"2005-10-29",678.8,881.16
"2005-10-30",678.86,881.17
"2005-10-31",678.68,881.19
"2005-11-01",678.85,881.16
"2005-11-02",678.91,881.16
"2005-11-03",678.79,881.17
"2005-11-04",678.68,881.19
"2005-11-05",678.8,881.2
"2005-11-06",678.67,881.15
"2005-11-07",678.14,881.15
"2005-11-08",678,881.17
"2005-11-09",678.04,881.17
"2005-11-10",677.95,881.14
"2005-11-11",678.03,881.14
"2005-11-12",678.11,881.16
"2005-11-13",678.06,881.15
"2005-11-14",677.88,881.16
"2005-11-15",677.74,881.16
"2005-11-16",677.77,881.11
"2005-11-17",677.99,881.13
"2005-11-18",678,881.11
"2005-11-19",678.31,881.12
"2005-11-20",678.23,881.07
"2005-11-21",677.93,881.08
"2005-11-22",677.87,881.08
"2005-11-23",677.75,881.07
"2005-11-24",677.71,881.07
"2005-11-25",678.02,881.07
"2005-11-26",678.17,881.12
"2005-11-27",678.69,881.16
"2005-11-28",678.37,881.11
"2005-11-29",678.21,881.07
"2005-11-30",678.45,881.1
"2005-12-01",678.26,881.07
"2005-12-02",678.29,881.07
"2005-12-03",678.33,881.08
"2005-12-04",678.71,881.07
"2005-12-05",678.3,881.03
"2005-12-06",678.27,881.04
"2005-12-07",678.35,881.02
"2005-12-08",678.56,880.98
"2005-12-09",678.59,880.98
"2005-12-10",678.77,880.99
"2005-12-11",678.72,880.98
"2005-12-12",678.52,880.99
"2005-12-13",679.01,881.03
"2005-12-14",679.29,881.01
"2005-12-15",679.3,880.96
"2005-12-16",679.19,880.95
"2005-12-17",679.46,880.96
"2005-12-18",679.63,880.95
"2005-12-19",679.53,880.99
"2005-12-20",679.43,881.01
"2005-12-21",679.34,880.92
"2005-12-22",679.24,880.94
"2005-12-23",679.18,880.95
"2005-12-24",679.19,880.98
"2005-12-25",679.25,881.01
"2005-12-26",679.28,881
"2005-12-27",679.04,880.98
"2005-12-28",678.8,881
"2005-12-29",678.59,880.9
"2005-12-30",678.34,880.9
"2005-12-31",678.13,880.9
"2006-01-01",678.15,880.88
"2006-01-02",678.14,880.85
"2006-01-03",677.76,880.81
"2006-01-04",677.13,880.81
"2006-01-05",677.09,880.78
"2006-01-06",676.94,880.77
"2006-01-07",677.17,880.77
"2006-01-08",676.98,880.75
"2006-01-09",676.45,880.71
"2006-01-10",676.39,880.66
"2006-01-11",676.3,880.68
"2006-01-12",676.49,880.7
"2006-01-13",676.27,880.65
"2006-01-14",676.43,880.64
"2006-01-15",676.6,880.67
"2006-01-16",676.69,880.68
"2006-01-17",676.39,880.64
"2006-01-18",676.46,880.62
"2006-01-19",676.47,880.61
"2006-01-20",676.65,880.61
"2006-01-21",676.35,880.6
"2006-01-22",676.93,880.59
"2006-01-23",676.94,880.56
"2006-01-24",676.75,880.52
"2006-01-25",676.84,880.5
"2006-01-26",676.79,880.48
"2006-01-27",676.56,880.47
"2006-01-28",676.9,880.47
"2006-01-29",677.12,880.45
"2006-01-30",676.91,880.43
"2006-01-31",676.94,880.37
"2006-02-01",676.48,880.34
"2006-02-02",676.63,880.32
"2006-02-03",676.28,880.24
"2006-02-04",676.34,880.19
"2006-02-05",676.09,880.14
"2006-02-06",675.68,880.1
"2006-02-07",675.55,880.04
"2006-02-08",675.35,879.97
"2006-02-09",675.15,879.93
"2006-02-10",674.91,879.86
"2006-02-11",675.06,879.76
"2006-02-12",675.02,879.76
"2006-02-13",674.8,879.75
"2006-02-14",674.71,879.75
"2006-02-15",674.2,879.7
"2006-02-16",673.68,879.67
"2006-02-17",673.5,879.64
"2006-02-18",673.72,879.65
"2006-02-19",674.04,879.66
"2006-02-20",674.13,879.64
"2006-02-21",674.15,879.66
"2006-02-22",674.3,879.59
"2006-02-23",674.14,879.52
"2006-02-24",674.01,879.5
"2006-02-25",674.06,879.46
"2006-02-26",674.24,879.39
"2006-02-27",673.97,879.35
"2006-02-28",673.74,879.36
"2006-03-01",673.46,879.31
"2006-03-02",672.99,879.26
"2006-03-03",672.26,879.18
"2006-03-04",672.13,879.1
"2006-03-05",672,879.07
"2006-03-06",671.22,878.99
"2006-03-07",670.75,878.95
"2006-03-08",670.77,878.9
"2006-03-09",670.61,878.84
"2006-03-10",669.9,878.79
"2006-03-11",669.86,878.73
"2006-03-12",669.25,878.65
"2006-03-13",668.42,878.62
"2006-03-14",667.9,878.54
"2006-03-15",667.56,878.49
"2006-03-16",667.77,878.5
"2006-03-17",667.57,878.45
"2006-03-18",667.82,878.47
"2006-03-19",667.93,878.48
"2006-03-20",669.02,878.52
"2006-03-21",669.95,878.51
"2006-03-22",670.47,878.5
"2006-03-23",670.73,878.49
"2006-03-24",670.88,878.48
"2006-03-25",671.38,878.5
"2006-03-26",671.36,878.49
"2006-03-27",671.09,878.5
"2006-03-28",671.81,878.53
"2006-03-29",672.31,878.54
"2006-03-30",672.62,878.54
"2006-03-31",672.39,878.52
"2006-04-01",672.22,878.48
"2006-04-02",671.88,878.42
"2006-04-03",671.14,878.36
"2006-04-04",670.91,878.29
"2006-04-05",670.47,878.24
"2006-04-06",670.11,878.19
"2006-04-07",669.72,878.15
"2006-04-08",669.27,878.12
"2006-04-09",668.87,878.04
"2006-04-10",668.21,877.96
"2006-04-11",667.7,877.86
"2006-04-12",667.28,877.75
"2006-04-13",666.76,877.67
"2006-04-14",666.26,877.62
"2006-04-15",665.67,877.54
"2006-04-16",665.3,877.45
"2006-04-17",664.71,877.36
"2006-04-18",663.71,877.26
"2006-04-19",663.19,877.15
"2006-04-20",662.74,877.08
"2006-04-21",664.09,877.04
"2006-04-22",664.94,876.97
"2006-04-23",664.95,876.93
"2006-04-24",664.56,876.89
"2006-04-25",664.46,876.86
"2006-04-26",664.67,876.8
"2006-04-27",664.37,876.71
"2006-04-28",664.44,876.66
"2006-04-29",665.17,876.67
"2006-04-30",665.93,876.53
"2006-05-01",665.39,876.47
"2006-05-02",664.58,876.4
"2006-05-03",664.7,876.35
"2006-05-04",664.67,876.31
"2006-05-05",666.75,876.24
"2006-05-06",668.98,876.23
"2006-05-07",670.12,876.17
"2006-05-08",670.03,876.1
"2006-05-09",670.38,876.01
"2006-05-10",669.91,875.88
"2006-05-11",669.35,875.73
"2006-05-12",668.86,875.61
"2006-05-13",668.25,875.48
"2006-05-14",667.47,875.36
"2006-05-15",667.38,875.3
"2006-05-16",666.44,875.18
"2006-05-17",665.06,875.06
"2006-05-18",664.09,874.95
"2006-05-19",663.47,874.84
"2006-05-20",662.27,874.71
"2006-05-21",661.68,874.59
"2006-05-22",660.51,874.47
"2006-05-23",659.53,874.37
"2006-05-24",658.67,874.23
"2006-05-25",657.89,874.08
"2006-05-26",657.22,873.94
"2006-05-27",656.64,873.83
"2006-05-28",658.06,873.8
"2006-05-29",658.9,873.78
"2006-05-30",659.35,873.66
"2006-05-31",659.56,873.61
"2006-06-01",659.75,873.61
"2006-06-02",660.12,873.62
"2006-06-03",660.08,873.56
"2006-06-04",659.44,873.53
"2006-06-05",658.45,873.46
"2006-06-06",657.36,873.31
"2006-06-07",657.11,873.16
"2006-06-08",656.28,873.03
"2006-06-09",655.46,872.89
"2006-06-10",655.12,872.78
"2006-06-11",654.84,872.66
"2006-06-12",653.99,872.56
"2006-06-13",653.33,872.44
"2006-06-14",652.27,872.31
"2006-06-15",651.64,872.17
"2006-06-16",651.46,872.05
"2006-06-17",652.91,871.99
"2006-06-18",655.3,871.96
"2006-06-19",655.63,871.84
"2006-06-20",655.89,871.69
"2006-06-21",655.91,871.55
"2006-06-22",655.01,871.4
"2006-06-23",654.26,871.27
"2006-06-24",653.64,871.17
"2006-06-25",653.47,871.1
"2006-06-26",653.05,871.03
"2006-06-27",652.31,870.94
"2006-06-28",651.68,870.84
"2006-06-29",650.98,870.73
"2006-06-30",650.4,870.66
"2006-07-01",652.04,870.67
"2006-07-02",653.55,870.68
"2006-07-03",654.55,870.67
"2006-07-04",654.88,870.62
"2006-07-05",655.59,870.66
"2006-07-06",655.9,870.62
"2006-07-07",656.45,870.56
"2006-07-08",656.85,870.49
"2006-07-09",656.76,870.44
"2006-07-10",655.92,870.38
"2006-07-11",654.97,870.34
"2006-07-12",653.76,870.26
"2006-07-13",652.77,870.19
"2006-07-14",652.15,870.16
"2006-07-15",652.36,870.1
"2006-07-16",652.28,870.06
"2006-07-17",651.51,870.01
"2006-07-18",650.15,869.94
"2006-07-19",649.47,869.82
"2006-07-20",649.79,869.75
"2006-07-21",650.27,869.65
"2006-07-22",650.95,869.65
"2006-07-23",652.22,869.66
"2006-07-24",651.64,869.68
"2006-07-25",651.28,869.62
"2006-07-26",651.2,869.59
"2006-07-27",650.81,869.56
"2006-07-28",650.46,869.53
"2006-07-29",650.96,869.55
"2006-07-30",651.52,869.49
"2006-07-31",650.98,869.47
"2006-08-01",649.88,869.46
"2006-08-02",649.2,869.46
"2006-08-03",649.07,869.5
"2006-08-04",648.68,869.43
"2006-08-05",649.7,869.44
"2006-08-06",650.36,869.43
"2006-08-07",650.93,869.41
"2006-08-08",650.67,869.44
"2006-08-09",649.99,869.4
"2006-08-10",649.85,869.39
"2006-08-11",648.99,869.32
"2006-08-12",649.57,869.33
"2006-08-13",649.96,869.34
"2006-08-14",649.28,869.35
"2006-08-15",648.51,869.31
"2006-08-16",647.79,869.28
"2006-08-17",647.76,869.26
"2006-08-18",647.56,869.21
"2006-08-19",648.41,869.24
"2006-08-20",649.2,869.23
"2006-08-21",648.16,869.2
"2006-08-22",648.64,869.21
"2006-08-23",648.57,869.16
"2006-08-24",648.62,869.15
"2006-08-25",648.5,869.11
"2006-08-26",649.3,869.13
"2006-08-27",649.76,869.1
"2006-08-28",649.29,869.03
"2006-08-29",648.78,869.04
"2006-08-30",649.13,869.03
"2006-08-31",648.98,869.03
"2006-09-01",648.6,869.01
"2006-09-02",649.37,869
"2006-09-03",650.06,868.97
"2006-09-04",649.89,868.95
"2006-09-05",650.98,868.96
"2006-09-06",652.56,868.99
"2006-09-07",653,869
"2006-09-08",653.17,868.97
"2006-09-09",654.53,868.99
"2006-09-10",655.23,868.99
"2006-09-11",655.34,869.09
"2006-09-12",656.82,869.1
"2006-09-13",657.37,869.09
"2006-09-14",657.61,869.1
"2006-09-15",657.93,869.1
"2006-09-16",658.28,869.1
"2006-09-17",659,869.22
"2006-09-18",660.13,869.21
"2006-09-19",660.45,869.22
"2006-09-20",660.64,869.23
"2006-09-21",660.63,869.23
"2006-09-22",660.43,869.24
"2006-09-23",660.57,869.24
"2006-09-24",661.2,869.27
"2006-09-25",660.86,869.27
"2006-09-26",660.57,869.27
"2006-09-27",660.11,869.21
"2006-09-28",659.91,869.2
"2006-09-29",659.84,869.18
"2006-09-30",659.99,869.15
"2006-10-01",660.16,869.08
"2006-10-02",659.51,869.04
"2006-10-03",658.54,869.02
"2006-10-04",658.58,869
"2006-10-05",658.18,869
"2006-10-06",657.92,868.96
"2006-10-07",658.4,868.99
"2006-10-08",658.65,868.98
"2006-10-09",657.55,868.96
"2006-10-10",657.21,868.99
"2006-10-11",658.19,869
"2006-10-12",658.61,869
"2006-10-13",658.78,869.01
"2006-10-14",659.26,869.02
"2006-10-15",660.1,869.05
"2006-10-16",659.83,869.06
"2006-10-17",660.05,869.05
"2006-10-18",659.71,869.03
"2006-10-19",660.51,869.02
"2006-10-20",661.08,869
"2006-10-21",661.57,868.99
"2006-10-22",661.24,868.94
"2006-10-23",660.98,868.92
"2006-10-24",660.67,868.93
"2006-10-25",660.77,868.99
"2006-10-26",661.62,869
"2006-10-27",662.06,869.02
"2006-10-28",662.3,869
"2006-10-29",662.47,869.01
"2006-10-30",661.83,869
"2006-10-31",661.5,868.99
"2006-11-01",661.64,868.96
"2006-11-02",661.64,868.94
"2006-11-03",662.06,868.98
"2006-11-04",662.83,868.97
"2006-11-05",663.36,869
"2006-11-06",663.23,868.94
"2006-11-07",663.83,868.95
"2006-11-08",664.21,868.93
"2006-11-09",664.33,868.91
"2006-11-10",664.07,868.88
"2006-11-11",664.28,868.85
"2006-11-12",664.6,868.85
"2006-11-13",664.1,868.84
"2006-11-14",664.04,868.84
"2006-11-15",663.99,868.84
"2006-11-16",663.92,868.81
"2006-11-17",663.82,868.8
"2006-11-18",663.97,868.81
"2006-11-19",664.04,868.78
"2006-11-20",663.66,868.74
"2006-11-21",663.42,868.73
"2006-11-22",663.46,868.72
"2006-11-23",663.4,868.71
"2006-11-24",663.92,868.73
"2006-11-25",664.21,868.74
"2006-11-26",664.26,868.74
"2006-11-27",663.88,868.73
"2006-11-28",663.53,868.72
"2006-11-29",663.52,868.73
"2006-11-30",663.6,868.74
"2006-12-01",663.91,868.7
"2006-12-02",664.41,868.69
"2006-12-03",664.68,868.69
"2006-12-04",664.33,868.7
"2006-12-05",664.35,868.7
"2006-12-06",664.35,868.69
"2006-12-07",664.2,868.68
"2006-12-08",664.27,868.68
"2006-12-09",664.79,868.66
"2006-12-10",665.06,868.67
"2006-12-11",664.98,868.71
"2006-12-12",665.01,868.69
"2006-12-13",664.5,868.68
"2006-12-14",663.92,868.65
"2006-12-15",663.8,868.63
"2006-12-16",663.77,868.63
"2006-12-17",663.87,868.63
"2006-12-18",663.5,868.62
"2006-12-19",663.2,868.65
"2006-12-20",663.46,868.65
"2006-12-21",663.35,868.6
"2006-12-22",663.28,868.61
"2006-12-23",663.28,868.63
"2006-12-24",664.48,868.64
"2006-12-25",665.2,868.64
"2006-12-26",665.59,868.63
"2006-12-27",665.44,868.63
"2006-12-28",665.41,868.63
"2006-12-29",665.39,868.63
"2006-12-30",665.63,868.63
"2006-12-31",666.04,868.63
"2007-01-01",666.1,868.63
"2007-01-02",666,868.62
"2007-01-03",665.84,868.71
"2007-01-04",666.96,868.77
"2007-01-05",667.88,868.74
"2007-01-06",668.43,868.74
"2007-01-07",668.64,868.74
"2007-01-08",667.93,868.73
"2007-01-09",667.7,868.72
"2007-01-10",667.51,868.72
"2007-01-11",667.63,868.71
"2007-01-12",667.51,868.73
"2007-01-13",667.77,868.73
"2007-01-14",668.26,868.73
"2007-01-15",668.45,868.72
"2007-01-16",668.84,868.78
"2007-01-17",669.54,868.81
"2007-01-18",669.89,868.8
"2007-01-19",670.41,868.79
"2007-01-20",671.07,868.79
"2007-01-21",671.41,868.79
"2007-01-22",671.16,868.79
"2007-01-23",670.59,868.82
"2007-01-24",670.49,868.88
"2007-01-25",671.05,868.88
"2007-01-26",671.61,868.86
"2007-01-27",672.09,868.9
"2007-01-28",671.88,868.9
"2007-01-29",671.49,868.86
"2007-01-30",671.57,868.87
"2007-01-31",671.51,868.9
"2007-02-01",671.3,868.89
"2007-02-02",671.01,868.88
"2007-02-03",670.92,868.86
"2007-02-04",670.75,868.86
"2007-02-05",670.1,868.82
"2007-02-06",669.79,868.83
"2007-02-07",670.01,868.84
"2007-02-08",669.75,868.84
"2007-02-09",669.79,868.87
"2007-02-10",669.86,868.84
"2007-02-11",669.91,868.85
"2007-02-12",669.82,868.84
"2007-02-13",669.44,868.84
"2007-02-14",669.11,868.8
"2007-02-15",668.88,868.79
"2007-02-16",668.82,868.77
"2007-02-17",668.96,868.75
"2007-02-18",668.7,868.71
"2007-02-19",668.12,868.68
"2007-02-20",667.71,868.64
"2007-02-21",667.06,868.6
"2007-02-22",666.66,868.56
"2007-02-23",666.3,868.54
"2007-02-24",666.69,868.54
"2007-02-25",666.18,868.5
"2007-02-26",665.62,868.44
"2007-02-27",665.31,868.44
"2007-02-28",664.99,868.36
"2007-03-01",664.99,868.32
"2007-03-02",664.54,868.27
"2007-03-03",664.38,868.22
"2007-03-04",664.23,868.19
"2007-03-05",663.51,868.15
"2007-03-06",663.27,868.08
"2007-03-07",662.87,868.04
"2007-03-08",662.43,867.97
"2007-03-09",661.97,867.93
"2007-03-10",662.07,867.88
"2007-03-11",661.91,867.88
"2007-03-12",664.33,867.94
"2007-03-13",667.14,867.93
"2007-03-14",668.98,867.93
"2007-03-15",669.99,867.91
"2007-03-16",670.6,867.88
"2007-03-17",671.17,867.88
"2007-03-18",671.64,867.92
"2007-03-19",671.58,867.86
"2007-03-20",671.75,867.85
"2007-03-21",671.97,867.84
"2007-03-22",671.92,867.83
"2007-03-23",671.86,867.83
"2007-03-24",671.97,867.83
"2007-03-25",671.97,867.83
"2007-03-26",671.83,867.85
"2007-03-27",672.81,867.85
"2007-03-28",673.27,867.86
"2007-03-29",673.43,867.89
"2007-03-30",674.04,867.94
"2007-03-31",675.17,867.98
"2007-04-01",675.76,868
"2007-04-02",675.92,868.03
"2007-04-03",676.25,868.07
"2007-04-04",676.27,868.11
"2007-04-05",676.33,868.15
"2007-04-06",676.27,868.19
"2007-04-07",676.28,868.25
"2007-04-08",676.8,868.31
"2007-04-09",676.94,868.37
"2007-04-10",677.28,868.43
"2007-04-11",677.33,868.47
"2007-04-12",677.34,868.51
"2007-04-13",677.31,868.55
"2007-04-14",677.55,868.6
"2007-04-15",677.66,868.59
"2007-04-16",677.29,868.6
"2007-04-17",677.61,868.61
"2007-04-18",677.8,868.59
"2007-04-19",677.44,868.52
"2007-04-20",677.3,868.49
"2007-04-21",677.3,868.45
"2007-04-22",677.33,868.41
"2007-04-23",677.29,868.4
"2007-04-24",676.94,868.4
"2007-04-25",677.54,868.51
"2007-04-26",677.91,868.51
"2007-04-27",678.12,868.55
"2007-04-28",678.23,868.57
"2007-04-29",678.02,868.6
"2007-04-30",678.24,868.7
"2007-05-01",678.97,868.7
"2007-05-02",679.51,868.82
"2007-05-03",679.91,868.93
"2007-05-04",680.02,868.98
"2007-05-05",680.27,869.03
"2007-05-06",680.45,869.08
"2007-05-07",680.12,869.13
"2007-05-08",679.95,869.32
"2007-05-09",679.48,869.4
"2007-05-10",679.52,869.54
"2007-05-11",679.41,869.58
"2007-05-12",679.44,869.63
"2007-05-13",679.16,869.68
"2007-05-14",678.72,869.71
"2007-05-15",678.28,869.75
"2007-05-16",677.97,869.75
"2007-05-17",677.68,869.69
"2007-05-18",677.27,869.69
"2007-05-19",676.89,869.69
"2007-05-20",676.71,869.7
"2007-05-21",676.3,869.86
"2007-05-22",676.33,869.9
"2007-05-23",676.28,869.95
"2007-05-24",675.89,869.99
"2007-05-25",676.39,870.2
"2007-05-26",677.15,870.24
"2007-05-27",678.27,870.35
"2007-05-28",679.02,870.39
"2007-05-29",679.32,870.48
"2007-05-30",679.54,870.54
"2007-05-31",679.55,870.61
"2007-06-01",679.5,870.67
"2007-06-02",679.53,870.71
"2007-06-03",679.48,870.76
"2007-06-04",679.6,870.82
"2007-06-05",679.69,870.94
"2007-06-06",679.59,871.01
"2007-06-07",679.38,871.01
"2007-06-08",679.08,871.06
"2007-06-09",678.7,871.11
"2007-06-10",678.44,871.14
"2007-06-11",677.9,871.16
"2007-06-12",677.02,871.15
"2007-06-13",675.77,871.12
"2007-06-14",675.01,871.04
"2007-06-15",674.16,870.97
"2007-06-16",674.38,871.06
"2007-06-17",675.63,871.09
"2007-06-18",676.09,871.13
"2007-06-19",676.35,871.16
"2007-06-20",677.64,871.33
"2007-06-21",678.55,871.39
"2007-06-22",679.4,871.44
"2007-06-23",680.06,871.51
"2007-06-24",680.56,871.57
"2007-06-25",680.75,871.63
"2007-06-26",681.02,871.69
"2007-06-27",681,871.84
"2007-06-28",681.84,871.91
"2007-06-29",683.61,871.97
"2007-06-30",684.37,872.04
"2007-07-01",685.13,872.1
"2007-07-02",685.42,872.16
"2007-07-03",685.97,872.3
"2007-07-04",686.59,872.34
"2007-07-05",687,872.41
"2007-07-06",687.67,872.49
"2007-07-07",688.41,872.6
"2007-07-08",689.36,872.68
"2007-07-09",689.53,872.74
"2007-07-10",689.37,872.79
"2007-07-11",689.59,872.85
"2007-07-12",689.62,872.91
"2007-07-13",689.49,872.99
"2007-07-14",689.39,873.08
"2007-07-15",689.92,873.14
"2007-07-16",690.25,873.19
"2007-07-17",690.31,873.33
"2007-07-18",690.76,873.44
"2007-07-19",691.15,873.5
"2007-07-20",691.2,873.57
"2007-07-21",692.46,873.84
"2007-07-22",693.5,874.28
"2007-07-23",694.1,874.66
"2007-07-24",694.82,874.98
"2007-07-25",696.35,875.36
"2007-07-26",697.77,875.63
"2007-07-27",698.48,875.84
"2007-07-28",699.09,876.22
"2007-07-29",699.42,876.62
"2007-07-30",699.56,876.83
"2007-07-31",699.44,876.93
"2007-08-01",699.39,877.03
"2007-08-02",698.99,877.14
"2007-08-03",698.72,877.26
"2007-08-04",698.94,877.4
"2007-08-05",699.19,877.53
"2007-08-06",698.64,877.65
"2007-08-07",698.37,877.75
"2007-08-08",697.93,877.85
"2007-08-09",697.42,877.95
"2007-08-10",697.16,878.05
"2007-08-11",696.66,878.15
"2007-08-12",696.4,878.22
"2007-08-13",695.93,878.31
"2007-08-14",695.33,878.41
"2007-08-15",694.85,878.5
"2007-08-16",695.77,878.65
"2007-08-17",698.32,878.75
"2007-08-18",699.1,878.83
"2007-08-19",699.88,878.9
"2007-08-20",699.77,878.97
"2007-08-21",699.93,879.04
"2007-08-22",699.99,879.13
"2007-08-23",700.13,879.19
"2007-08-24",700.14,879.25
"2007-08-25",700.23,879.31
"2007-08-26",700.14,879.38
"2007-08-27",699.79,879.46
"2007-08-28",699.82,879.54
"2007-08-29",699.31,879.61
"2007-08-30",699.33,879.69
"2007-08-31",699.49,879.81
"2007-09-01",700.15,879.89
"2007-09-02",700.11,879.96
"2007-09-03",700.23,880.05
"2007-09-04",700.13,880.31
"2007-09-05",700.25,880.34
"2007-09-06",700.45,880.4
"2007-09-07",700.72,880.48
"2007-09-08",700.64,880.54
"2007-09-09",700.6,880.59
"2007-09-10",700.23,880.67
"2007-09-11",700.03,880.72
"2007-09-12",700.46,880.78
"2007-09-13",700.37,880.84
"2007-09-14",699.71,880.89
"2007-09-15",699.74,880.93
"2007-09-16",699.75,881
"2007-09-17",699.45,881.08
"2007-09-18",699.26,881.14
"2007-09-19",698.49,881.19
"2007-09-20",698.24,881.24
"2007-09-21",697.78,881.29
"2007-09-22",697.83,881.33
"2007-09-23",697.44,881.38
"2007-09-24",697,881.46
"2007-09-25",696.59,881.49
"2007-09-26",696.38,881.52
"2007-09-27",696.27,881.57
"2007-09-28",695.85,881.59
"2007-09-29",695.83,881.63
"2007-09-30",695.9,881.66
"2007-10-01",695.6,881.68
"2007-10-02",695.48,881.75
"2007-10-03",695.25,881.78
"2007-10-04",695.23,881.81
"2007-10-05",694.97,881.83
"2007-10-06",694.98,881.86
"2007-10-07",694.76,881.88
"2007-10-08",694.44,881.9
"2007-10-09",694.35,881.9
"2007-10-10",694.26,881.98
"2007-10-11",694.15,882.01
"2007-10-12",693.83,882.01
"2007-10-13",693.91,882.05
"2007-10-14",693.93,882.06
"2007-10-15",693.65,882.1
"2007-10-16",693.51,882.1
"2007-10-17",693.71,882.13
"2007-10-18",693.39,882.14
"2007-10-19",693.17,882.06
"2007-10-20",693.22,882.12
"2007-10-21",693.27,882.17
"2007-10-22",692.78,882.17
"2007-10-23",693.18,882.13
"2007-10-24",693.18,882.18
"2007-10-25",693.03,882.19
"2007-10-26",692.98,882.19
"2007-10-27",692.99,882.17
"2007-10-28",692.89,882.16
"2007-10-29",692.62,882.2
"2007-10-30",692.29,882.22
"2007-10-31",692.35,882.21
"2007-11-01",692.27,882.18
"2007-11-02",692.21,882.22
"2007-11-03",692.09,882.24
"2007-11-04",692.17,882.24
"2007-11-05",691.76,882.27
"2007-11-06",691.92,882.23
"2007-11-07",691.88,882.21
"2007-11-08",692.08,882.3
"2007-11-09",691.72,882.28
"2007-11-10",691.87,882.31
"2007-11-11",691.86,882.32
"2007-11-12",691.52,882.29
"2007-11-13",691.76,882.28
"2007-11-14",691.58,882.33
"2007-11-15",691.26,882.22
"2007-11-16",691.2,882.28
"2007-11-17",691.41,882.34
"2007-11-18",691.64,882.33
"2007-11-19",691.46,882.34
"2007-11-20",691.29,882.36
"2007-11-21",691.14,882.39
"2007-11-22",690.9,882.31
"2007-11-23",691.21,882.38
"2007-11-24",691.54,882.43
"2007-11-25",691.82,882.43
"2007-11-26",691.66,882.42
"2007-11-27",691.54,882.38
"2007-11-28",691.47,882.41
"2007-11-29",691.43,882.4
"2007-11-30",691.24,882.44
"2007-12-01",691.37,882.48
"2007-12-02",691.4,882.5
"2007-12-03",690.97,882.41
"2007-12-04",691.03,882.49
"2007-12-05",691.02,882.53
"2007-12-06",690.78,882.49
"2007-12-07",690.61,882.51
"2007-12-08",690.82,882.52
"2007-12-09",690.85,882.54
"2007-12-10",690.7,882.57
"2007-12-11",690.74,882.6
"2007-12-12",690.64,882.57
"2007-12-13",690.81,882.62
"2007-12-14",690.84,882.66
"2007-12-15",691.04,882.68
"2007-12-16",691.03,882.64
"2007-12-17",690.85,882.66
"2007-12-18",690.75,882.71
"2007-12-19",690.58,882.71
"2007-12-20",690.6,882.71
"2007-12-21",690.34,882.71
"2007-12-22",690.59,882.71
"2007-12-23",690.41,882.64
"2007-12-24",690.38,882.66
"2007-12-25",690.36,882.71
"2007-12-26",690.49,882.73
"2007-12-27",690.27,882.71
"2007-12-28",690.17,882.64
"2007-12-29",689.94,882.66
"2007-12-30",689.75,882.64
"2007-12-31",689.6,882.65
"2008-01-01",689.19,882.51
"2008-01-02",689.1,882.54
"2008-01-03",688.98,882.59
"2008-01-04",688.88,882.6
"2008-01-05",688.99,882.65
"2008-01-06",689.04,882.64
"2008-01-07",688.66,882.63
"2008-01-08",688.57,882.61
"2008-01-09",688.5,882.58
"2008-01-10",688.62,882.62
"2008-01-11",688.54,882.6
"2008-01-12",688.68,882.62
"2008-01-13",688.65,882.56
"2008-01-14",688.35,882.56
"2008-01-15",688.37,882.6
"2008-01-16",688.72,882.64
"2008-01-17",688.51,882.58
"2008-01-18",688.57,882.59
"2008-01-19",688.75,882.58
"2008-01-20",688.74,882.57
"2008-01-21",688.76,882.62
"2008-01-22",688.68,882.64
"2008-01-23",688.64,882.6
"2008-01-24",688.75,882.59
"2008-01-25",688.67,882.58
"2008-01-26",688.89,882.6
"2008-01-27",688.79,882.6
"2008-01-28",688.53,882.6
"2008-01-29",688.51,882.64
"2008-01-30",688.32,882.56
"2008-01-31",688.2,882.57
"2008-02-01",687.92,882.49
"2008-02-02",688.14,882.53
"2008-02-03",687.94,882.48
"2008-02-04",687.66,882.45
"2008-02-05",687.49,882.43
"2008-02-06",687.26,882.27
"2008-02-07",687.15,882.24
"2008-02-08",686.94,882.2
"2008-02-09",686.74,882.15
"2008-02-10",686.37,881.99
"2008-02-11",685.97,882.02
"2008-02-12",685.89,881.94
"2008-02-13",685.73,881.82
"2008-02-14",685.34,881.79
"2008-02-15",685.24,881.75
"2008-02-16",685.57,881.75
"2008-02-17",685.83,881.72
"2008-02-18",685.64,881.64
"2008-02-19",685.2,881.59
"2008-02-20",685.08,881.61
"2008-02-21",684.87,881.54
"2008-02-22",684.55,881.41
"2008-02-23",684.56,881.47
"2008-02-24",684.39,881.4
"2008-02-25",683.9,881.44
"2008-02-26",683.42,881.36
"2008-02-27",683.46,881.32
"2008-02-28",683.47,881.37
"2008-02-29",683.2,881.32
"2008-03-01",683.24,881.25
"2008-03-02",683.4,881.27
"2008-03-03",683.16,881.23
"2008-03-04",683.3,881.3
"2008-03-05",683.23,881.3
"2008-03-06",683.14,881.26
"2008-03-07",683.41,881.19
"2008-03-08",683.74,881.19
"2008-03-09",683.79,881.17
"2008-03-10",683.89,881.15
"2008-03-11",684.29,881.17
"2008-03-12",684.71,881.17
"2008-03-13",684.95,881.24
"2008-03-14",684.76,881.16
"2008-03-15",684.5,881.14
"2008-03-16",684.29,881.11
"2008-03-17",684.31,881.13
"2008-03-18",684.79,881.16
"2008-03-19",684.88,881.1
"2008-03-20",684.79,881.08
"2008-03-21",684.67,881.1
"2008-03-22",684.77,881.06
"2008-03-23",684.57,881.08
"2008-03-24",684.53,881.07
"2008-03-25",684.15,881.06
"2008-03-26",684.08,880.99
"2008-03-27",683.89,880.98
"2008-03-28",683.44,880.92
"2008-03-29",683.58,880.92
"2008-03-30",683.83,880.87
"2008-03-31",683.92,880.84
"2008-04-01",684,880.78
"2008-04-02",683.89,880.71
"2008-04-03",683.95,880.7
"2008-04-04",683.98,880.67
"2008-04-05",683.98,880.59
"2008-04-06",683.85,880.58
"2008-04-07",683.29,880.55
"2008-04-08",682.58,880.53
"2008-04-09",682.23,880.48
"2008-04-10",682.2,880.43
"2008-04-11",681.77,880.31
"2008-04-12",681.14,880.23
"2008-04-13",680.88,880.14
"2008-04-14",680.13,880.04
"2008-04-15",679.59,879.95
"2008-04-16",678.99,879.87
"2008-04-17",678.91,879.83
"2008-04-18",679.18,879.69
"2008-04-19",679.72,879.62
"2008-04-20",680.05,879.59
"2008-04-21",679.76,879.52
"2008-04-22",679.66,879.47
"2008-04-23",679.53,879.37
"2008-04-24",679.4,879.33
"2008-04-25",679.39,879.24
"2008-04-26",679.59,879.21
"2008-04-27",680.02,879.16
"2008-04-28",679.94,879.14
"2008-04-29",679.85,879.14
"2008-04-30",679.38,879.07
"2008-05-01",678.8,879
"2008-05-02",678.3,878.86
"2008-05-03",677.58,878.77
"2008-05-04",677.1,878.7
"2008-05-05",676.81,878.63
"2008-05-06",676.61,878.61
"2008-05-07",676.27,878.56
"2008-05-08",675.51,878.42
"2008-05-09",674.69,878.3
"2008-05-10",674.16,878.25
"2008-05-11",673.6,878.19
"2008-05-12",673.09,878.11
"2008-05-13",672.88,878.14
"2008-05-14",672.99,878.09
"2008-05-15",673.57,878.11
"2008-05-16",673.87,878.15
"2008-05-17",674.39,878.19
"2008-05-18",674.55,878.22
"2008-05-19",673.92,878.27
"2008-05-20",673.02,878.28
"2008-05-21",672.5,878.27
"2008-05-22",672.11,878.21
"2008-05-23",672.22,878.1
"2008-05-24",672.45,878.06
"2008-05-25",672.33,877.96
"2008-05-26",672.27,877.91
"2008-05-27",671.83,877.76
"2008-05-28",671.16,877.6
"2008-05-29",670.6,877.45
"2008-05-30",669.82,877.32
"2008-05-31",669.55,877.23
"2008-06-01",669.07,877.13
"2008-06-02",667.89,877.04
"2008-06-03",667.1,876.84
"2008-06-04",666.45,876.67
"2008-06-05",665.62,876.51
"2008-06-06",665.31,876.39
"2008-06-07",665.03,876.39
"2008-06-08",665.11,876.31
"2008-06-09",664.42,876.22
"2008-06-10",663.2,876.01
"2008-06-11",662.63,875.9
"2008-06-12",661.81,875.76
"2008-06-13",661.13,875.72
"2008-06-14",660.8,875.69
"2008-06-15",660.47,875.61
"2008-06-16",659.92,875.51
"2008-06-17",659.13,875.43
"2008-06-18",658.86,875.3
"2008-06-19",657.96,875.14
"2008-06-20",657.79,874.97
"2008-06-21",658.12,874.91
"2008-06-22",658.87,874.83
"2008-06-23",658.52,874.77
"2008-06-24",657.89,874.59
"2008-06-25",657.62,874.47
"2008-06-26",657.54,874.38
"2008-06-27",657.32,874.28
"2008-06-28",657.56,874.23
"2008-06-29",657.77,874.17
"2008-06-30",657.45,874.14
"2008-07-01",658.39,874.15
"2008-07-02",659.65,874.19
"2008-07-03",661.01,874.25
"2008-07-04",662.61,874.25
"2008-07-05",663.69,874.24
"2008-07-06",664.64,874.26
"2008-07-07",665.67,874.26
"2008-07-08",667.2,874.28
"2008-07-09",668.2,874.27
"2008-07-10",668.77,874.28
"2008-07-11",668.96,874.27
"2008-07-12",669.29,874.29
"2008-07-13",669.54,874.33
"2008-07-14",669.07,874.3
"2008-07-15",668.66,874.27
"2008-07-16",668.35,874.26
"2008-07-17",667.86,874.21
"2008-07-18",667.5,874.16
"2008-07-19",667,874.16
"2008-07-20",666.7,874.14
"2008-07-21",666.25,874.12
"2008-07-22",665.79,874.16
"2008-07-23",666.34,874.18
"2008-07-24",668.45,874.28
"2008-07-25",669.56,874.3
"2008-07-26",670.27,874.29
"2008-07-27",670.92,874.27
"2008-07-28",670.8,874.23
"2008-07-29",670.21,874.18
"2008-07-30",670.09,874.17
"2008-07-31",669.61,874.13
"2008-08-01",669.37,874.04
"2008-08-02",669,874.07
"2008-08-03",669.13,874.05
"2008-08-04",668.36,874.04
"2008-08-05",667.96,874.04
"2008-08-06",668.29,874.04
"2008-08-07",667.89,874.03
"2008-08-08",667.39,873.95
"2008-08-09",667.15,873.9
"2008-08-10",666.87,873.9
"2008-08-11",666.07,873.88
"2008-08-12",666.68,874
"2008-08-13",667.86,874
"2008-08-14",668.18,874.16
"2008-08-15",668.26,874.21
"2008-08-16",668.86,874.22
"2008-08-17",669.44,874.57
"2008-08-18",670.38,874.58
"2008-08-19",671.52,874.52
"2008-08-20",672.55,874.51
"2008-08-21",673.17,874.47
"2008-08-22",673.37,874.51
"2008-08-23",673.86,874.74
"2008-08-24",674.34,874.76
"2008-08-25",674.61,874.76
"2008-08-26",675.09,874.77
"2008-08-27",675.47,874.78
"2008-08-28",675.69,874.8
"2008-08-29",675.69,874.83
"2008-08-30",675.91,874.86
"2008-08-31",676.14,874.87
"2008-09-01",675.85,874.84
"2008-09-02",675.14,874.83
"2008-09-03",674.78,874.84
"2008-09-04",674.33,874.88
"2008-09-05",673.96,874.88
"2008-09-06",673.97,874.88
"2008-09-07",673.27,874.86
"2008-09-08",673.17,874.87
"2008-09-09",673.47,874.85
"2008-09-10",673.75,874.96
"2008-09-11",673.86,874.95
"2008-09-12",673.96,874.98
"2008-09-13",674.11,874.98
"2008-09-14",673.42,874.94
"2008-09-15",672.76,874.95
"2008-09-16",672.6,874.97
"2008-09-17",672.46,874.97
"2008-09-18",672.2,874.97
"2008-09-19",672.21,874.99
"2008-09-20",672.04,874.99
"2008-09-21",671.62,874.98
"2008-09-22",671.03,874.93
"2008-09-23",670.42,874.92
"2008-09-24",670.5,874.89
"2008-09-25",670.52,874.89
"2008-09-26",670.3,874.87
"2008-09-27",670.28,874.88
"2008-09-28",670.15,874.86
"2008-09-29",669.37,874.82
"2008-09-30",669,874.79
"2008-10-01",668.84,874.78
"2008-10-02",668.69,874.76
"2008-10-03",668.32,874.71
"2008-10-04",668.46,874.7
"2008-10-05",668.43,874.68
"2008-10-06",667.86,874.67
"2008-10-07",667.86,874.67
"2008-10-08",667.71,874.62
"2008-10-09",667.61,874.59
"2008-10-10",667.44,874.57
"2008-10-11",667.56,874.58
"2008-10-12",667.65,874.57
"2008-10-13",667.47,874.58
"2008-10-14",667.89,874.57
"2008-10-15",668.28,874.56
"2008-10-16",668.73,874.55
"2008-10-17",668.9,874.56
"2008-10-18",669.45,874.53
"2008-10-19",669.1,874.5
"2008-10-20",668.7,874.47
"2008-10-21",668.66,874.47
"2008-10-22",668.68,874.48
"2008-10-23",668.61,874.47
"2008-10-24",668.52,874.48
"2008-10-25",668.72,874.48
"2008-10-26",668.68,874.46
"2008-10-27",668.13,874.41
"2008-10-28",668.02,874.42
"2008-10-29",668.16,874.27
"2008-10-30",668.03,874.27
"2008-10-31",667.8,874.23
"2008-11-01",668.14,874.23
"2008-11-02",668.22,874.25
"2008-11-03",667.84,874.22
"2008-11-04",667.77,874.17
"2008-11-05",667.82,874.16
"2008-11-06",667.69,874.13
"2008-11-07",667.77,874.07
"2008-11-08",667.94,874.05
"2008-11-09",668.2,874.05
"2008-11-10",667.95,874.1
"2008-11-11",668.07,874.07
"2008-11-12",667.7,874.05
"2008-11-13",667.67,874.02
"2008-11-14",667.61,874.01
"2008-11-15",667.53,873.96
"2008-11-16",667.9,873.95
"2008-11-17",667.71,873.93
"2008-11-18",667.61,873.92
"2008-11-19",667.37,873.91
"2008-11-20",667.53,873.89
"2008-11-21",667.25,873.87
"2008-11-22",667.85,873.88
"2008-11-23",668.19,873.88
"2008-11-24",668,873.87
"2008-11-25",667.65,873.85
"2008-11-26",667.65,873.85
"2008-11-27",667.92,873.84
"2008-11-28",668.11,873.84
"2008-11-29",668.33,873.83
"2008-11-30",668.59,873.82
"2008-12-01",668.13,873.79
"2008-12-02",667.94,873.79
"2008-12-03",668.11,873.79
"2008-12-04",668.02,873.77
"2008-12-05",668.2,873.75
"2008-12-06",668.73,873.74
"2008-12-07",668.85,873.71
"2008-12-08",668.66,873.7
"2008-12-09",668.65,873.71
"2008-12-10",668.65,873.67
"2008-12-11",669.01,873.65
"2008-12-12",668.99,873.65
"2008-12-13",669.29,873.64
"2008-12-14",669.69,873.64
"2008-12-15",669.11,873.62
"2008-12-16",669.36,873.6
"2008-12-17",669.57,873.6
"2008-12-18",669.82,873.58
"2008-12-19",669.81,873.56
"2008-12-20",670.17,873.54
"2008-12-21",670.4,873.53
"2008-12-22",670.41,873.49
"2008-12-23",670.62,873.5
"2008-12-24",670.32,873.52
"2008-12-25",670.45,873.49
"2008-12-26",670.53,873.49
"2008-12-27",670.43,873.47
"2008-12-28",670.21,873.46
"2008-12-29",669.89,873.42
"2008-12-30",669.62,873.38
"2008-12-31",669.51,873.37
"2009-01-01",669.72,873.35
"2009-01-02",669.49,873.34
"2009-01-03",669.92,873.32
"2009-01-04",669.8,873.28
"2009-01-05",669.54,873.26
"2009-01-06",669.63,873.25
"2009-01-07",669.83,873.23
"2009-01-08",669.98,873.2
"2009-01-09",669.74,873.17
"2009-01-10",669.56,873.15
"2009-01-11",670.02,873.13
"2009-01-12",669.86,873.1
"2009-01-13",669.66,873.1
"2009-01-14",669.72,873.09
"2009-01-15",669.53,873.08
"2009-01-16",669.39,873.05
"2009-01-17",669.8,873.03
"2009-01-18",670.02,873.02
"2009-01-19",669.71,872.99
"2009-01-20",669.38,872.96
"2009-01-21",669.25,872.96
"2009-01-22",669.36,872.92
"2009-01-23",669.19,872.89
"2009-01-24",669.24,872.86
"2009-01-25",669.44,872.8
"2009-01-26",669.11,872.74
"2009-01-27",668.95,872.66
"2009-01-28",668.89,872.57
"2009-01-29",668.97,872.47
"2009-01-30",668.77,872.38
"2009-01-31",669.03,872.31
"2009-02-01",669.2,872.24
"2009-02-02",668.63,872.18
"2009-02-03",668.5,872.13
"2009-02-04",668.15,872.07
"2009-02-05",667.82,871.99
"2009-02-06",667.21,871.95
"2009-02-07",667.42,871.93
"2009-02-08",667.51,871.9
"2009-02-09",667.32,871.89
"2009-02-10",667.26,871.83
"2009-02-11",667.26,871.8
"2009-02-12",666.78,871.73
"2009-02-13",666.39,871.68
"2009-02-14",666.56,871.6
"2009-02-15",666.48,871.52
"2009-02-16",665.8,871.45
"2009-02-17",665.44,871.41
"2009-02-18",665.74,871.35
"2009-02-19",665.33,871.25
"2009-02-20",665.01,871.19
"2009-02-21",665.34,871.15
"2009-02-22",665.24,871.1
"2009-02-23",664.76,871.01
"2009-02-24",664.61,870.95
"2009-02-25",664.59,870.89
"2009-02-26",664.04,870.83
"2009-02-27",663.68,870.76
"2009-02-28",663.66,870.7
"2009-03-01",664.13,870.66
"2009-03-02",663.7,870.59
"2009-03-03",663.76,870.52
"2009-03-04",663.26,870.44
"2009-03-05",663.07,870.33
"2009-03-06",662.71,870.23
"2009-03-07",662.95,870.16
"2009-03-08",662.96,870.1
"2009-03-09",662.67,870.05
"2009-03-10",662.57,870
"2009-03-11",663.02,870.02
"2009-03-12",665.22,870.15
"2009-03-13",666.42,870.14
"2009-03-14",667.28,870.13
"2009-03-15",668.04,870.11
"2009-03-16",667.83,870.09
"2009-03-17",667.78,870.09
"2009-03-18",667.57,870.09
"2009-03-19",667.35,870.02
"2009-03-20",666.87,870
"2009-03-21",666.65,869.98
"2009-03-22",666.52,869.96
"2009-03-23",666.01,869.94
"2009-03-24",665.91,869.93
"2009-03-25",665.65,869.92
"2009-03-26",665.43,870.02
"2009-03-27",665.81,870.04
"2009-03-28",666.15,870.01
"2009-03-29",666.12,869.99
"2009-03-30",665.55,870
"2009-03-31",665.03,869.98
"2009-04-01",664.88,869.95
"2009-04-02",664.72,869.92
"2009-04-03",664.41,869.89
"2009-04-04",664.14,869.85
"2009-04-05",663.19,869.78
"2009-04-06",662.21,869.73
"2009-04-07",661.97,869.67
"2009-04-08",661.44,869.6
"2009-04-09",660.82,869.55
"2009-04-10",660.04,869.51
"2009-04-11",660.6,869.48
"2009-04-12",661.61,869.5
"2009-04-13",661.78,869.5
"2009-04-14",660.97,869.44
"2009-04-15",660.39,869.39
"2009-04-16",660.11,869.39
"2009-04-17",661.25,869.4
"2009-04-18",662.65,869.4
"2009-04-19",663.24,869.38
"2009-04-20",663.02,869.34
"2009-04-21",662.55,869.31
"2009-04-22",661.66,869.24
"2009-04-23",660.86,869.14
"2009-04-24",659.95,869.05
"2009-04-25",659.76,868.97
"2009-04-26",659.77,868.85
"2009-04-27",659.35,868.77
"2009-04-28",659.8,868.7
"2009-04-29",660.24,868.63
"2009-04-30",660.28,868.58
"2009-05-01",660.15,868.5
"2009-05-02",659.83,868.43
"2009-05-03",659.67,868.37
"2009-05-04",658.37,868.27
"2009-05-05",657.56,868.2
"2009-05-06",657.16,868.12
"2009-05-07",655.91,868.04
"2009-05-08",655.06,867.96
"2009-05-09",654.6,867.86
"2009-05-10",654.27,867.74
"2009-05-11",653.55,867.6
"2009-05-12",652.22,867.44
"2009-05-13",651.48,867.32
"2009-05-14",651.03,867.2
"2009-05-15",650.4,867.12
"2009-05-16",651.32,867.06
"2009-05-17",652.97,867.01
"2009-05-18",653.44,866.87
"2009-05-19",653.88,866.72
"2009-05-20",653.94,866.6
"2009-05-21",653.99,866.46
"2009-05-22",653.71,866.36
"2009-05-23",654.46,866.25
"2009-05-24",655.84,866.15
"2009-05-25",656.44,866.05
"2009-05-26",657.19,865.95
"2009-05-27",657.59,865.92
"2009-05-28",657.79,865.91
"2009-05-29",657.51,865.84
"2009-05-30",657.5,865.8
"2009-05-31",657.4,865.76
"2009-06-01",656.68,865.71
"2009-06-02",655.81,865.67
"2009-06-03",655.53,865.61
"2009-06-04",655.86,865.52
"2009-06-05",655.88,865.44
"2009-06-06",655.81,865.32
"2009-06-07",655.84,865.2
"2009-06-08",655.17,865.09
"2009-06-09",653.98,864.98
"2009-06-10",652.2,864.87
"2009-06-11",651.55,864.72
"2009-06-12",651.14,864.59
"2009-06-13",650.13,864.46
"2009-06-14",649.94,864.34
"2009-06-15",648.69,864.21
"2009-06-16",647.19,864.08
"2009-06-17",646.21,863.92
"2009-06-18",645.78,863.75
"2009-06-19",645.51,863.6
"2009-06-20",645.49,863.44
"2009-06-21",645.58,863.3
"2009-06-22",645.08,863.21
"2009-06-23",643.42,863.05
"2009-06-24",642.73,862.93
"2009-06-25",641.97,862.82
"2009-06-26",641.4,862.72
"2009-06-27",642.13,862.67
"2009-06-28",642.73,862.6
"2009-06-29",642.21,862.53
"2009-06-30",640.89,862.46
"2009-07-01",640.86,862.39
"2009-07-02",640.32,862.31
"2009-07-03",640.73,862.24
"2009-07-04",641.67,862.17
"2009-07-05",642.72,862.13
"2009-07-06",642.07,862.05
"2009-07-07",642.67,862.02
"2009-07-08",643.31,862
"2009-07-09",643.76,861.92
"2009-07-10",643.64,861.84
"2009-07-11",644.55,861.8
"2009-07-12",645.38,861.76
"2009-07-13",644.87,861.71
"2009-07-14",643.81,861.65
"2009-07-15",643.43,861.57
"2009-07-16",642.88,861.5
"2009-07-17",643,861.41
"2009-07-18",644.28,861.42
"2009-07-19",645.49,861.4
"2009-07-20",645.23,861.37
"2009-07-21",644.99,861.32
"2009-07-22",644.3,861.27
"2009-07-23",643.92,861.24
"2009-07-24",643.36,861.19
"2009-07-25",644.29,861.17
"2009-07-26",644.95,861.13
"2009-07-27",644.36,861.07
"2009-07-28",643.35,861.02
"2009-07-29",642.67,861.01
"2009-07-30",643,860.94
"2009-07-31",643.78,861.04
"2009-08-01",644.9,861.06
"2009-08-02",645.45,861.07
"2009-08-03",644.76,860.98
"2009-08-04",643.72,860.97
"2009-08-05",643.39,860.92
"2009-08-06",643.57,860.87
"2009-08-07",643.19,860.8
"2009-08-08",643.48,860.76
"2009-08-09",644.41,860.73
"2009-08-10",643.95,860.72
"2009-08-11",642.65,860.67
"2009-08-12",642.34,860.62
"2009-08-13",643.69,860.61
"2009-08-14",643.81,860.58
"2009-08-15",644.43,860.6
"2009-08-16",645.03,860.56
"2009-08-17",644.43,860.55
"2009-08-18",643.07,860.52
"2009-08-19",643.15,860.49
"2009-08-20",643.16,860.48
"2009-08-21",642.83,860.45
"2009-08-22",643.72,860.43
"2009-08-23",645.02,860.4
"2009-08-24",643.96,860.39
"2009-08-25",643.19,860.39
"2009-08-26",642.62,860.3
"2009-08-27",642.57,860.29
"2009-08-28",644.13,860.28
"2009-08-29",645.02,860.29
"2009-08-30",645.6,860.3
"2009-08-31",644.13,860.24
"2009-09-01",643.1,860.23
"2009-09-02",642.69,860.21
"2009-09-03",642.99,860.19
"2009-09-04",642.9,860.15
"2009-09-05",644.22,860.21
"2009-09-06",645.9,860.24
"2009-09-07",645.71,860.24
"2009-09-08",644.83,860.24
"2009-09-09",645.78,860.28
"2009-09-10",648.54,860.42
"2009-09-11",651.26,860.61
"2009-09-12",653.25,860.74
"2009-09-13",654.44,860.76
"2009-09-14",653.85,860.79
"2009-09-15",653.76,860.83
"2009-09-16",653.34,860.85
"2009-09-17",652.82,860.88
"2009-09-18",652.66,860.88
"2009-09-19",652.84,860.91
"2009-09-20",652.87,860.93
"2009-09-21",652.3,860.96
"2009-09-22",652.24,861.03
"2009-09-23",652.93,861.13
"2009-09-24",653.42,861.15
"2009-09-25",653.87,861.16
"2009-09-26",653.59,861.13
"2009-09-27",653.42,861.15
"2009-09-28",652.58,861.16
"2009-09-29",651.96,861.2
"2009-09-30",651.67,861.22
"2009-10-01",651.36,861.23
"2009-10-02",651.44,861.23
"2009-10-03",651.66,861.26
"2009-10-04",656.04,861.26
"2009-10-05",658.61,861.25
"2009-10-06",659.53,861.24
"2009-10-07",659.81,861.23
"2009-10-08",659.73,861.2
"2009-10-09",660.89,861.26
"2009-10-10",661.99,861.27
"2009-10-11",662.62,861.29
"2009-10-12",662.76,861.31
"2009-10-13",662.64,861.32
"2009-10-14",662.9,861.33
"2009-10-15",662.8,861.34
"2009-10-16",662.45,861.35
"2009-10-17",662.63,861.33
"2009-10-18",662.55,861.34
"2009-10-19",662.12,861.34
"2009-10-20",661.57,861.34
"2009-10-21",661.34,861.35
"2009-10-22",664,861.44
"2009-10-23",664.9,861.44
"2009-10-24",665.8,861.46
"2009-10-25",666.63,861.48
"2009-10-26",667.24,861.58
"2009-10-27",668.38,861.63
"2009-10-28",668.96,861.64
"2009-10-29",669.31,861.65
"2009-10-30",669.52,861.66
"2009-10-31",669.66,861.67
"2009-11-01",669.85,861.67
"2009-11-02",669.34,861.68
"2009-11-03",669.04,861.67
"2009-11-04",668.5,861.67
"2009-11-05",668.11,861.68
"2009-11-06",667.93,861.69
"2009-11-07",668.16,861.7
"2009-11-08",668.28,861.73
"2009-11-09",668.37,861.75
"2009-11-10",668.27,861.74
"2009-11-11",667.99,861.75
"2009-11-12",667.88,861.75
"2009-11-13",667.97,861.76
"2009-11-14",667.98,861.77
"2009-11-15",667.87,861.76
"2009-11-16",667.39,861.76
"2009-11-17",667.36,861.77
"2009-11-18",667.2,861.76
"2009-11-19",666.94,861.75
"2009-11-20",668.52,861.83
"2009-11-21",669.86,861.87
"2009-11-22",670.52,861.87
"2009-11-23",670.79,861.9
"2009-11-24",670.67,861.89
"2009-11-25",670.43,861.89
"2009-11-26",670.16,861.9
"2009-11-27",670.47,861.92
"2009-11-28",670.69,861.94
"2009-11-29",670.93,861.96
"2009-11-30",670.42,861.98
"2009-12-01",670.38,862.02
"2009-12-02",670.76,862.04
"2009-12-03",670.87,862.04
"2009-12-04",670.79,862.02
"2009-12-05",671.23,862.05
"2009-12-06",671.14,862.07
"2009-12-07",670.81,862.08
"2009-12-08",670.82,862.11
"2009-12-09",670.71,862.1
"2009-12-10",670.62,862.1
"2009-12-11",670.46,862.11
"2009-12-12",670.8,862.13
"2009-12-13",670.82,862.14
"2009-12-14",670.44,862.16
"2009-12-15",670.06,862.16
"2009-12-16",669.72,862.17
"2009-12-17",669.89,862.19
"2009-12-18",669.9,862.21
"2009-12-19",670.21,862.19
"2009-12-20",670.19,862.19
"2009-12-21",670.1,862.2
"2009-12-22",670.09,862.22
"2009-12-23",670.13,862.23
"2009-12-24",670.15,862.24
"2009-12-25",670.21,862.23
"2009-12-26",670.58,862.24
"2009-12-27",670.39,862.24
"2009-12-28",670.07,862.24
"2009-12-29",669.94,862.26
"2009-12-30",670.13,862.26
"2009-12-31",670.22,862.24
"2010-01-01",670.1,862.23
"2010-01-02",670.34,862.24
"2010-01-03",670.3,862.25
"2010-01-04",669.89,862.25
"2010-01-05",669.62,862.25
"2010-01-06",669.58,862.25
"2010-01-07",669.42,862.25
"2010-01-08",668.85,862.23
"2010-01-09",668.85,862.21
"2010-01-10",668.25,862.19
"2010-01-11",667.96,862.2
"2010-01-12",667.77,862.2
"2010-01-13",667.94,862.24
"2010-01-14",668.3,862.26
"2010-01-15",671.01,862.33
"2010-01-16",672.64,862.4
"2010-01-17",673.61,862.41
"2010-01-18",674.11,862.42
"2010-01-19",674.97,862.44
"2010-01-20",675.71,862.45
"2010-01-21",676.04,862.46
"2010-01-22",676.08,862.49
"2010-01-23",676.26,862.5
"2010-01-24",676,862.5
"2010-01-25",675.62,862.5
"2010-01-26",675.3,862.53
"2010-01-27",675.21,862.51
"2010-01-28",675.06,862.58
"2010-01-29",675.27,862.61
"2010-01-30",675.73,862.6
"2010-01-31",675.83,862.61
"2010-02-01",675.62,862.62
"2010-02-02",675.76,862.62
"2010-02-03",676.24,862.78
"2010-02-04",677.77,862.85
"2010-02-05",678.65,862.86
"2010-02-06",679.24,862.88
"2010-02-07",679.78,862.93
"2010-02-08",680.17,862.96
"2010-02-09",680.16,862.97
"2010-02-10",680.32,863.02
"2010-02-11",680.58,863.1
"2010-02-12",681.06,863.16
"2010-02-13",681.26,863.2
"2010-02-14",681.61,863.25
"2010-02-15",681.52,863.28
"2010-02-16",681.31,863.33
"2010-02-17",681.27,863.38
"2010-02-18",681.36,863.44
"2010-02-19",681.65,863.51
"2010-02-20",682.11,863.57
"2010-02-21",682.46,863.64
"2010-02-22",682.31,863.7
"2010-02-23",682.25,863.75
"2010-02-24",682.46,863.82
"2010-02-25",682.53,863.89
"2010-02-26",682.58,863.94
"2010-02-27",682.49,863.99
"2010-02-28",682.5,864.07
"2010-03-01",682.49,864.12
"2010-03-02",682.36,864.18
"2010-03-03",681.67,864.23
"2010-03-04",681.22,864.27
"2010-03-05",680.89,864.33
"2010-03-06",680.77,864.4
"2010-03-07",680.75,864.45
"2010-03-08",680.52,864.52
"2010-03-09",680.62,864.61
"2010-03-10",680.37,864.66
"2010-03-11",680.13,864.7
"2010-03-12",679.73,864.73
"2010-03-13",679.81,864.82
"2010-03-14",679.81,864.84
"2010-03-15",679.25,864.85
"2010-03-16",679.21,864.88
"2010-03-17",679.29,864.95
"2010-03-18",679.53,864.99
"2010-03-19",679.38,865.04
"2010-03-20",679.46,865.06
"2010-03-21",679.66,865.11
"2010-03-22",679.64,865.13
"2010-03-23",679.81,865.16
"2010-03-24",679.49,865.19
"2010-03-25",679.6,865.19
"2010-03-26",679.68,865.22
"2010-03-27",679.99,865.23
"2010-03-28",679.67,865.23
"2010-03-29",679.09,865.25
"2010-03-30",678.88,865.29
"2010-03-31",678.67,865.29
"2010-04-01",678.36,865.3
"2010-04-02",678.16,865.3
"2010-04-03",677.98,865.29
"2010-04-04",677.64,865.31
"2010-04-05",677.41,865.31
"2010-04-06",677.26,865.33
"2010-04-07",677.3,865.34
"2010-04-08",676.99,865.31
"2010-04-09",676.88,865.3
"2010-04-10",676.73,865.28
"2010-04-11",676.6,865.25
"2010-04-12",676.45,865.26
"2010-04-13",676.36,865.28
"2010-04-14",676.43,865.3
"2010-04-15",676.81,865.4
"2010-04-16",677.59,865.43
"2010-04-17",678.8,865.46
"2010-04-18",680.05,865.49
"2010-04-19",680.82,865.53
"2010-04-20",681.66,865.54
"2010-04-21",681.91,865.57
"2010-04-22",682.22,865.64
"2010-04-23",682.51,865.69
"2010-04-24",682.73,865.81
"2010-04-25",682.65,865.86
"2010-04-26",682.4,865.92
"2010-04-27",682.07,865.97
"2010-04-28",681.85,866.04
"2010-04-29",681.44,866.12
"2010-04-30",681.15,866.17
"2010-05-01",680.8,866.22
"2010-05-02",680.71,866.24
"2010-05-03",680.14,866.27
"2010-05-04",679.49,866.27
"2010-05-05",679.13,866.27
"2010-05-06",678.33,866.26
"2010-05-07",677.35,866.21
"2010-05-08",676.54,866.16
"2010-05-09",676.39,866.11
"2010-05-10",675.97,866.06
"2010-05-11",675.28,866.06
"2010-05-12",674.77,866.06
"2010-05-13",674.32,866.07
"2010-05-14",675.53,866.11
"2010-05-15",678.38,866.18
"2010-05-16",679.42,866.26
"2010-05-17",680.04,866.34
"2010-05-18",681.14,866.52
"2010-05-19",681.73,866.57
"2010-05-20",682.16,866.62
"2010-05-21",682.5,866.69
"2010-05-22",682.49,866.75
"2010-05-23",682.65,866.8
"2010-05-24",682.32,866.85
"2010-05-25",682.28,866.92
"2010-05-26",682.35,866.95
"2010-05-27",682.23,866.97
"2010-05-28",681.8,866.97
"2010-05-29",681.57,866.98
"2010-05-30",681.16,866.98
"2010-05-31",680.64,866.96
"2010-06-01",679.72,866.94
"2010-06-02",679.07,866.92
"2010-06-03",679.13,866.91
"2010-06-04",679.43,866.86
"2010-06-05",679.34,866.77
"2010-06-06",679.16,866.69
"2010-06-07",678.74,866.61
"2010-06-08",678.32,866.54
"2010-06-09",678.67,866.49
"2010-06-10",678.99,866.43
"2010-06-11",678.82,866.39
"2010-06-12",678.71,866.35
"2010-06-13",678.5,866.29
"2010-06-14",677.98,866.24
"2010-06-15",677.3,866.17
"2010-06-16",676.66,866.08
"2010-06-17",676.16,865.98
"2010-06-18",675.71,865.92
"2010-06-19",675.42,865.82
"2010-06-20",675.2,865.74
"2010-06-21",674.74,865.7
"2010-06-22",673.76,865.62
"2010-06-23",673.16,865.49
"2010-06-24",672.65,865.38
"2010-06-25",672.09,865.27
"2010-06-26",671.81,865.17
"2010-06-27",671.57,865.07
"2010-06-28",670.94,864.96
"2010-06-29",672.21,865.03
"2010-06-30",673.1,865.04
"2010-07-01",674.03,865.1
"2010-07-02",675.11,865.29
"2010-07-03",676.16,865.36
"2010-07-04",676.71,865.42
"2010-07-05",677.03,865.47
"2010-07-06",677.12,865.51
"2010-07-07",676.77,865.56
"2010-07-08",676.7,865.63
"2010-07-09",677.03,865.72
"2010-07-10",677.39,865.79
"2010-07-11",677.58,865.86
"2010-07-12",677.2,865.9
"2010-07-13",676.78,865.94
"2010-07-14",676.45,865.97
"2010-07-15",675.76,865.99
"2010-07-16",675.38,866.01
"2010-07-17",674.9,866.03
"2010-07-18",674.78,866.04
"2010-07-19",673.92,866.04
"2010-07-20",673.35,866.02
"2010-07-21",672.73,865.96
"2010-07-22",672.9,865.9
"2010-07-23",673.16,865.9
"2010-07-24",673.03,865.88
"2010-07-25",672.98,865.83
"2010-07-26",672.39,865.8
"2010-07-27",672.95,865.81
"2010-07-28",673.47,865.82
"2010-07-29",673.85,865.84
"2010-07-30",673.89,865.85
"2010-07-31",674.1,865.83
"2010-08-01",673.89,865.79
"2010-08-02",672.99,865.73
"2010-08-03",672.5,865.68
"2010-08-04",671.85,865.58
"2010-08-05",671.21,865.53
"2010-08-06",670.8,865.47
"2010-08-07",670.53,865.44
"2010-08-08",670.28,865.42
"2010-08-09",669.84,865.37
"2010-08-10",669.04,865.34
"2010-08-11",668.64,865.3
"2010-08-12",668.33,865.27
"2010-08-13",667.8,865.21
"2010-08-14",668.16,865.2
"2010-08-15",668.24,865.19
"2010-08-16",667.56,865.13
"2010-08-17",667.38,865.11
"2010-08-18",667.11,865.1
"2010-08-19",667.15,865.11
"2010-08-20",667.32,865.08
"2010-08-21",667.55,865.06
"2010-08-22",668.02,865.06
"2010-08-23",667.47,865.06
"2010-08-24",667.85,865.05
"2010-08-25",668.27,865.14
"2010-08-26",668.15,865.17
"2010-08-27",668.23,865.2
"2010-08-28",668.23,865.21
"2010-08-29",668.27,865.23
"2010-08-30",668.03,865.23
"2010-08-31",668.15,865.22
"2010-09-01",667.75,865.19
"2010-09-02",667.74,865.23
"2010-09-03",669.71,865.39
"2010-09-04",670.6,865.45
"2010-09-05",671.33,865.49
"2010-09-06",671.65,865.52
"2010-09-07",673.75,865.62
"2010-09-08",676.62,865.67
"2010-09-09",678.84,865.71
"2010-09-10",679.35,865.75
"2010-09-11",679.74,865.79
"2010-09-12",680.33,865.81
"2010-09-13",680.2,865.82
"2010-09-14",680.26,865.85
"2010-09-15",680.23,865.86
"2010-09-16",680.22,865.86
"2010-09-17",680.24,865.84
"2010-09-18",680.69,865.92
"2010-09-19",681.12,865.93
"2010-09-20",681.3,865.96
"2010-09-21",681.28,866
"2010-09-22",681.34,866.07
"2010-09-23",681.24,866.11
"2010-09-24",681.12,866.13
"2010-09-25",681.25,866.17
"2010-09-26",681.25,866.19
"2010-09-27",680.86,866.22
"2010-09-28",680.86,866.25
"2010-09-29",680.44,866.28
"2010-09-30",680.24,866.29
"2010-10-01",679.73,866.28
"2010-10-02",679.66,866.25
"2010-10-03",679.46,866.26
"2010-10-04",678.86,866.21
"2010-10-05",678.75,866.21
"2010-10-06",678.53,866.24
"2010-10-07",678.22,866.24
"2010-10-08",677.9,866.23
"2010-10-09",677.75,866.21
"2010-10-10",677.78,866.21
"2010-10-11",677.51,866.23
"2010-10-12",677.33,866.22
"2010-10-13",677.09,866.21
"2010-10-14",676.86,866.2
"2010-10-15",676.88,866.19
"2010-10-16",676.73,866.21
"2010-10-17",676.9,866.21
"2010-10-18",676.59,866.2
"2010-10-19",676.4,866.2
"2010-10-20",676.21,866.17
"2010-10-21",676.09,866.17
"2010-10-22",675.9,866.17
"2010-10-23",676.16,866.18
"2010-10-24",676.38,866.17
"2010-10-25",675.99,866.2
"2010-10-26",675.79,866.18
"2010-10-27",675.44,866.14
"2010-10-28",675.21,866.11
"2010-10-29",675.33,866.11
"2010-10-30",675.37,866.13
"2010-10-31",675.51,866.15
"2010-11-01",675.44,866.16
"2010-11-02",675.2,866.17
"2010-11-03",675.51,866.17
"2010-11-04",675.59,866.13
"2010-11-05",675.42,866.12
"2010-11-06",675.52,866.11
"2010-11-07",675.73,866.11
"2010-11-08",675.39,866.09
"2010-11-09",675.29,866.07
"2010-11-10",674.95,866.06
"2010-11-11",674.83,866.02
"2010-11-12",674.66,866.01
"2010-11-13",675.06,865.98
"2010-11-14",675.21,865.97
"2010-11-15",675.04,865.97
"2010-11-16",674.85,865.95
"2010-11-17",674.74,865.93
"2010-11-18",674.5,865.92
"2010-11-19",674.27,865.85
"2010-11-20",674.52,865.87
"2010-11-21",674.71,865.84
"2010-11-22",674.44,865.8
"2010-11-23",674.1,865.73
"2010-11-24",674.24,865.73
"2010-11-25",674.12,865.7
"2010-11-26",674.19,865.68
"2010-11-27",674.32,865.65
"2010-11-28",674.61,865.68
"2010-11-29",674.39,865.68
"2010-11-30",673.9,865.61
"2010-12-01",674.04,865.58
"2010-12-02",674.03,865.55
"2010-12-03",673.88,865.53
"2010-12-04",673.91,865.5
"2010-12-05",673.93,865.5
"2010-12-06",673.47,865.45
"2010-12-07",673.49,865.42
"2010-12-08",673.24,865.39
"2010-12-09",672.93,865.36
"2010-12-10",672.56,865.34
"2010-12-11",672.62,865.33
"2010-12-12",672.5,865.26
"2010-12-13",671.98,865.21
"2010-12-14",672.1,865.13
"2010-12-15",671.68,865.08
"2010-12-16",671.44,865.02
"2010-12-17",671.05,864.94
"2010-12-18",671.09,864.85
"2010-12-19",671.08,864.79
"2010-12-20",670.85,864.71
"2010-12-21",670.38,864.64
"2010-12-22",670.13,864.59
"2010-12-23",670.01,864.54
"2010-12-24",670.02,864.52
"2010-12-25",670.79,864.49
"2010-12-26",671.18,864.45
"2010-12-27",671.25,864.43
"2010-12-28",671.21,864.4
"2010-12-29",671.55,864.39
"2010-12-30",671.84,864.37
"2010-12-31",671.45,864.35
"2011-01-01",671.45,864.3
"2011-01-02",671.58,864.28
"2011-01-03",671.31,864.26
"2011-01-04",671.26,864.21
"2011-01-05",671.38,864.21
"2011-01-06",671.19,864.21
"2011-01-07",671.1,864.2
"2011-01-08",671.35,864.21
"2011-01-09",672.13,864.23
"2011-01-10",672.56,864.23
"2011-01-11",673.17,864.2
"2011-01-12",672.92,864.16
"2011-01-13",673.15,864.17
"2011-01-14",673.07,864.18
"2011-01-15",673.46,864.2
"2011-01-16",674.13,864.23
"2011-01-17",674.31,864.24
"2011-01-18",674.55,864.25
"2011-01-19",674.45,864.25
"2011-01-20",674.55,864.27
"2011-01-21",674.29,864.25
"2011-01-22",674.51,864.25
"2011-01-23",674.48,864.28
"2011-01-24",674.33,864.26
"2011-01-25",673.94,864.23
"2011-01-26",673.7,864.2
"2011-01-27",673.37,864.15
"2011-01-28",673.16,864.1
"2011-01-29",673.27,864.05
"2011-01-30",673.44,864.01
"2011-01-31",672.68,863.94
"2011-02-01",672.53,863.92
"2011-02-02",672.31,863.86
"2011-02-03",672.29,863.79
"2011-02-04",671.99,863.76
"2011-02-05",671.12,863.7
"2011-02-06",671.76,863.69
"2011-02-07",671.83,863.67
"2011-02-08",671.83,863.7
"2011-02-09",671.99,863.7
"2011-02-10",671.85,863.64
"2011-02-11",671.74,863.61
"2011-02-12",671.81,863.58
"2011-02-13",671.78,863.52
"2011-02-14",671.74,863.48
"2011-02-15",671.6,863.43
"2011-02-16",671.27,863.32
"2011-02-17",671.51,863.21
"2011-02-18",671.19,863.13
"2011-02-19",671.41,863.09
"2011-02-20",671.69,863.04
"2011-02-21",671.33,862.97
"2011-02-22",671.11,862.92
"2011-02-23",670.87,862.85
"2011-02-24",670.84,862.79
"2011-02-25",670.74,862.73
"2011-02-26",670.58,862.65
"2011-02-27",670.63,862.57
"2011-02-28",670.23,862.52
"2011-03-01",670.04,862.45
"2011-03-02",669.57,862.42
"2011-03-03",669.34,862.38
"2011-03-04",669.19,862.35
"2011-03-05",669.24,862.29
"2011-03-06",669.36,862.26
"2011-03-07",669.15,862.21
"2011-03-08",668.97,862.11
"2011-03-09",668.62,862.08
"2011-03-10",668,862.01
"2011-03-11",667.78,861.92
"2011-03-12",667.97,861.8
"2011-03-13",667.66,861.72
"2011-03-14",667.11,861.66
"2011-03-15",666.78,861.59
"2011-03-16",666.18,861.51
"2011-03-17",665.72,861.45
"2011-03-18",665.13,861.36
"2011-03-19",664.76,861.3
"2011-03-20",664.55,861.28
"2011-03-21",663.96,861.24
"2011-03-22",663.4,861.18
"2011-03-23",662.71,861.12
"2011-03-24",662.37,861.04
"2011-03-25",662.06,861
"2011-03-26",662.78,860.97
"2011-03-27",662.68,860.86
"2011-03-28",662.18,860.73
"2011-03-29",662.4,860.67
"2011-03-30",663.13,860.62
"2011-03-31",663.23,860.54
"2011-04-01",663.11,860.44
"2011-04-02",663.03,860.32
"2011-04-03",663.12,860.19
"2011-04-04",662.66,860.05
"2011-04-05",662.45,859.92
"2011-04-06",662.21,859.78
"2011-04-07",661.88,859.64
"2011-04-08",661.44,859.55
"2011-04-09",661.15,859.49
"2011-04-10",661.03,859.4
"2011-04-11",660.24,859.28
"2011-04-12",659.7,859.15
"2011-04-13",659.42,859.03
"2011-04-14",659.48,858.91
"2011-04-15",659.32,858.78
"2011-04-16",659.19,858.68
"2011-04-17",659.32,858.57
"2011-04-18",658.84,858.42
"2011-04-19",658.02,858.27
"2011-04-20",657.31,858.12
"2011-04-21",657.23,857.99
"2011-04-22",656.98,857.89
"2011-04-23",657.05,857.72
"2011-04-24",657.1,857.61
"2011-04-25",657.06,857.54
"2011-04-26",656.17,857.43
"2011-04-27",655.64,857.27
"2011-04-28",654.88,857.1
"2011-04-29",654.31,856.94
"2011-04-30",654.86,856.82
"2011-05-01",655.33,856.68
"2011-05-02",654.94,856.56
"2011-05-03",654.81,856.47
"2011-05-04",654.21,856.34
"2011-05-05",653.33,856.18
"2011-05-06",653.18,856.04
"2011-05-07",653.04,855.95
"2011-05-08",653.18,855.94
"2011-05-09",652.51,855.92
"2011-05-10",651.6,855.87
"2011-05-11",651.3,855.84
"2011-05-12",652.79,855.91
"2011-05-13",654.23,855.95
"2011-05-14",655.24,855.97
"2011-05-15",656.13,855.99
"2011-05-16",655.96,855.99
"2011-05-17",655.39,856.01
"2011-05-18",654.81,855.99
"2011-05-19",654.53,855.92
"2011-05-20",654.62,855.87
"2011-05-21",654.67,855.73
"2011-05-22",654.71,855.61
"2011-05-23",653.82,855.47
"2011-05-24",652.82,855.33
"2011-05-25",651.88,855.17
"2011-05-26",651.28,854.98
"2011-05-27",650.21,854.77
"2011-05-28",650.46,854.59
"2011-05-29",650.42,854.39
"2011-05-30",649.6,854.21
"2011-05-31",647.89,854.01
"2011-06-01",647,853.81
"2011-06-02",646.63,853.63
"2011-06-03",646.38,853.44
"2011-06-04",646.25,853.27
"2011-06-05",646.66,853.08
"2011-06-06",645.71,852.85
"2011-06-07",644.33,852.62
"2011-06-08",643.53,852.36
"2011-06-09",642.97,852.12
"2011-06-10",642.6,851.9
"2011-06-11",643.39,851.73
"2011-06-12",643.77,851.55
"2011-06-13",642.7,851.32
"2011-06-14",641.88,851.11
"2011-06-15",640.84,850.9
"2011-06-16",640.46,850.72
"2011-06-17",640.29,850.5
"2011-06-18",640.96,850.27
"2011-06-19",641.15,850.09
"2011-06-20",640.03,849.96
"2011-06-21",639.84,849.83
"2011-06-22",643.02,849.76
"2011-06-23",644.56,849.85
"2011-06-24",645.28,849.89
"2011-06-25",645.6,849.92
"2011-06-26",646.57,849.92
"2011-06-27",646.17,849.89
"2011-06-28",645.14,849.79
"2011-06-29",644.69,849.62
"2011-06-30",644.71,849.42
"2011-07-01",644.54,849.27
"2011-07-02",645.21,849.22
"2011-07-03",645.59,849.17
"2011-07-04",644.85,849.15
"2011-07-05",643.97,849.04
"2011-07-06",643.65,848.96
"2011-07-07",643.56,848.84
"2011-07-08",643.31,848.67
"2011-07-09",643.92,848.53
"2011-07-10",644.44,848.37
"2011-07-11",644.37,848.28
"2011-07-12",643.66,848.26
"2011-07-13",643.25,848.28
"2011-07-14",642.97,848.23
"2011-07-15",642.59,848.14
"2011-07-16",643.14,848.1
"2011-07-17",643.88,848.01
"2011-07-18",643.31,847.97
"2011-07-19",642.88,847.9
"2011-07-20",644.09,847.9
"2011-07-21",644.1,847.88
"2011-07-22",643.59,847.85
"2011-07-23",644.38,847.99
"2011-07-24",644.39,848.06
"2011-07-25",643.54,848.13
"2011-07-26",643.24,848.16
"2011-07-27",643.02,848.18
"2011-07-28",643.02,848.26
"2011-07-29",643.17,848.29
"2011-07-30",644.26,848.33
"2011-07-31",645.11,848.27
"2011-08-01",644.41,848.17
"2011-08-02",643.09,848.1
"2011-08-03",642.4,848.07
"2011-08-04",642.15,848
"2011-08-05",642.03,848
"2011-08-06",642.6,848.07
"2011-08-07",643.41,848.13
"2011-08-08",642.99,848.13
"2011-08-09",641.97,848.09
"2011-08-10",641.46,848.13
"2011-08-11",641.9,848.13
"2011-08-12",642.02,848.07
"2011-08-13",642.64,848.13
"2011-08-14",643.44,848.14
"2011-08-15",642.73,848.14
"2011-08-16",642.02,848.12
"2011-08-17",641.53,848.1
"2011-08-18",641.49,848.07
"2011-08-19",641.31,848.04
"2011-08-20",642.19,848.1
"2011-08-21",642.8,848.09
"2011-08-22",642.18,848.1
"2011-08-23",641.08,848.07
"2011-08-24",640.97,848.04
"2011-08-25",641.12,847.92
"2011-08-26",641.89,847.9
"2011-08-27",642.44,847.93
"2011-08-28",643.1,847.92
"2011-08-29",642.11,847.89
"2011-08-30",641.48,847.81
"2011-08-31",641.08,847.83
"2011-09-01",641.04,847.83
"2011-09-02",641.07,847.78
"2011-09-03",642.11,847.82
"2011-09-04",642.8,847.85
"2011-09-05",642.6,847.83
"2011-09-06",641.29,847.75
"2011-09-07",640.96,847.77
"2011-09-08",641.16,847.71
"2011-09-09",640.95,847.69
"2011-09-10",641.82,847.68
"2011-09-11",642.2,847.62
"2011-09-12",641.57,847.66
"2011-09-13",640.34,847.6
"2011-09-14",640.59,847.58
"2011-09-15",640.47,847.55
"2011-09-16",642.31,847.58
"2011-09-17",643.64,847.61
"2011-09-18",644.8,847.64
"2011-09-19",645.72,847.64
"2011-09-20",645.95,847.62
"2011-09-21",645.99,847.61
"2011-09-22",645.68,847.6
"2011-09-23",645.69,847.55
"2011-09-24",645.63,847.57
"2011-09-25",646.09,847.57
"2011-09-26",645.05,847.56
"2011-09-27",644.15,847.46
"2011-09-28",644.11,847.47
"2011-09-29",643.65,847.46
"2011-09-30",644.15,847.47
"2011-10-01",644.91,847.52
"2011-10-02",645.54,847.52
"2011-10-03",644.95,847.47
"2011-10-04",644.22,847.41
"2011-10-05",643.99,847.43
"2011-10-06",643.99,847.39
"2011-10-07",644.34,847.38
"2011-10-08",645.34,847.44
"2011-10-09",649.59,847.59
"2011-10-10",650.53,847.63
"2011-10-11",651.46,847.72
"2011-10-12",651.78,847.78
"2011-10-13",652,847.82
"2011-10-14",651.85,847.88
"2011-10-15",652.3,847.93
"2011-10-16",652.7,847.94
"2011-10-17",652.12,847.97
"2011-10-18",651.42,847.96
"2011-10-19",651.06,847.99
"2011-10-20",651.01,848.01
"2011-10-21",651.05,848.03
"2011-10-22",651.33,848.05
"2011-10-23",651.71,848.07
"2011-10-24",650.95,848.03
"2011-10-25",650.23,847.99
"2011-10-26",650.19,848
"2011-10-27",650.12,847.98
"2011-10-28",649.22,847.95
"2011-10-29",649.7,847.95
"2011-10-30",650,847.95
"2011-10-31",649.26,847.91
"2011-11-01",648.76,847.88
"2011-11-02",648.2,847.87
"2011-11-03",647.63,847.8
"2011-11-04",647.38,847.8
"2011-11-05",648.36,847.84
"2011-11-06",648.37,847.82
"2011-11-07",647.8,847.79
"2011-11-08",647.11,847.75
"2011-11-09",647.19,847.74
"2011-11-10",646.79,847.66
"2011-11-11",646.87,847.67
"2011-11-12",647.38,847.72
"2011-11-13",647.73,847.71
"2011-11-14",647.18,847.7
"2011-11-15",647.33,847.78
"2011-11-16",647.71,847.81
"2011-11-17",647.72,847.8
"2011-11-18",648.13,847.85
"2011-11-19",648.57,847.88
"2011-11-20",648.79,847.89
"2011-11-21",648.43,847.89
"2011-11-22",648.24,847.88
"2011-11-23",648.02,847.87
"2011-11-24",648.25,847.89
"2011-11-25",648.46,847.9
"2011-11-26",649.27,847.95
"2011-11-27",650.66,847.96
"2011-11-28",650.41,847.97
"2011-11-29",650.24,847.95
"2011-11-30",649.86,847.92
"2011-12-01",649.73,847.92
"2011-12-02",649.81,847.9
"2011-12-03",650.63,847.93
"2011-12-04",650.97,847.94
"2011-12-05",651.04,847.93
"2011-12-06",650.98,847.92
"2011-12-07",650.82,847.9
"2011-12-08",650.66,847.89
"2011-12-09",650.43,847.88
"2011-12-10",650.68,847.89
"2011-12-11",651.54,847.9
"2011-12-12",651.67,847.93
"2011-12-13",651.56,847.95
"2011-12-14",651.54,847.93
"2011-12-15",651.7,847.95
"2011-12-16",651.95,847.93
"2011-12-17",652.16,847.92
"2011-12-18",652.49,847.88
"2011-12-19",652.36,847.91
"2011-12-20",652.46,847.94
"2011-12-21",652.76,847.93
"2011-12-22",653.21,847.98
"2011-12-23",653.65,847.95
"2011-12-24",654.54,847.96
"2011-12-25",654.85,847.96
"2011-12-26",654.44,847.97
"2011-12-27",654.61,847.95
"2011-12-28",654.25,847.96
"2011-12-29",654.22,847.96
"2011-12-30",653.93,847.94
"2011-12-31",654.04,847.93
"2012-01-01",653.82,847.93
"2012-01-02",653.41,847.92
"2012-01-03",652.93,847.89
"2012-01-04",653.12,847.92
"2012-01-05",652.99,847.9
"2012-01-06",652.63,847.9
"2012-01-07",653.1,847.88
"2012-01-08",653.19,847.88
"2012-01-09",652.9,847.86
"2012-01-10",652.84,847.87
"2012-01-11",652.68,847.98
"2012-01-12",652.44,847.98
"2012-01-13",652.12,847.97
"2012-01-14",652.2,847.97
"2012-01-15",652.53,847.96
"2012-01-16",652.54,847.94
"2012-01-17",652.07,847.98
"2012-01-18",651.88,847.94
"2012-01-19",651.99,847.98
"2012-01-20",651.97,847.95
"2012-01-21",652.52,847.92
"2012-01-22",652.88,847.92
"2012-01-23",652.32,847.85
"2012-01-24",652.46,847.85
"2012-01-25",655.71,847.85
"2012-01-26",656.79,847.89
"2012-01-27",657.18,847.89
"2012-01-28",657.44,847.88
"2012-01-29",657.55,847.85
"2012-01-30",657.15,847.86
"2012-01-31",657.53,847.88
"2012-02-01",657.72,847.86
"2012-02-02",657.94,847.8
"2012-02-03",658.15,847.79
"2012-02-04",659.8,847.75
"2012-02-05",661.29,847.75
"2012-02-06",661.12,847.76
"2012-02-07",661.38,847.73
"2012-02-08",661.09,847.72
"2012-02-09",660.95,847.73
"2012-02-10",661.1,847.73
"2012-02-11",661.24,847.67
"2012-02-12",661.13,
"2012-02-13",661.04,847.7
"2012-02-14",661.08,847.71
"2012-02-15",661.14,847.68
"2012-02-16",661.11,847.62
"2012-02-17",661.06,847.62
"2012-02-18",662.85,847.67
"2012-02-19",664,847.71
"2012-02-20",664.56,847.71
"2012-02-21",664.78,847.67
"2012-02-22",664.89,847.64
"2012-02-23",664.94,847.64
"2012-02-24",664.78,847.56
"2012-02-25",664.73,847.53
"2012-02-26",664.47,847.54
"2012-02-27",663.85,847.49
"2012-02-28",664.06,847.49
"2012-02-29",663.95,847.46
"2012-03-01",663.69,847.46
"2012-03-02",663.55,847.44
"2012-03-03",663.63,847.37
"2012-03-04",663.48,847.36
"2012-03-05",662.63,847.33
"2012-03-06",662.45,847.3
"2012-03-07",661.97,847.29
"2012-03-08",661.91,847.26
"2012-03-09",661.7,847.18
"2012-03-10",662.27,847.22
"2012-03-11",662.91,847.22
"2012-03-12",663,847.2
"2012-03-13",663.09,847.17
"2012-03-14",662.95,847.13
"2012-03-15",663.04,847.07
"2012-03-16",662.85,847.01
"2012-03-17",663.01,846.99
"2012-03-18",663.16,846.99
"2012-03-19",662.94,846.99
"2012-03-20",664.51,847.04
"2012-03-21",665.08,847.08
"2012-03-22",665.8,847.09
"2012-03-23",666.15,847.07
"2012-03-24",666.57,847.08
"2012-03-25",666.51,847.05
"2012-03-26",666.21,847.02
"2012-03-27",665.84,847.01
"2012-03-28",665.85,847.04
"2012-03-29",666.01,847.1
"2012-03-30",666.26,847.1
"2012-03-31",666.13,847.1
"2012-04-01",666.07,847.11
"2012-04-02",665.62,847.27
"2012-04-03",665.09,847.22
"2012-04-04",664.88,847.16
"2012-04-05",664.31,847.08
"2012-04-06",663.64,846.96
"2012-04-07",662.98,846.87
"2012-04-08",662.31,846.8
"2012-04-09",661.87,846.77
"2012-04-10",661.21,846.7
"2012-04-11",660.63,846.61
"2012-04-12",660.19,846.49
"2012-04-13",660.27,846.33
"2012-04-14",660.18,846.2
"2012-04-15",660.25,846.17
"2012-04-16",659.52,846.1
"2012-04-17",658.32,846.02
"2012-04-18",657.14,845.9
"2012-04-19",656.09,845.67
"2012-04-20",655.16,845.39
"2012-04-21",655.16,845.16
"2012-04-22",654.76,845.01
"2012-04-23",653.36,844.91
"2012-04-24",652.56,844.87
"2012-04-25",651.37,844.67
"2012-04-26",650.52,844.45
"2012-04-27",649.9,844.27
"2012-04-28",649.85,844.11
"2012-04-29",650.2,843.94
"2012-04-30",649.11,843.79
"2012-05-01",648.32,843.7
"2012-05-02",647.52,843.76
"2012-05-03",647.2,843.82
"2012-05-04",646.57,843.78
"2012-05-05",646.85,843.74
"2012-05-06",648.48,843.77
"2012-05-07",649.4,843.75
"2012-05-08",651.05,843.82
"2012-05-09",652.24,844.01
"2012-05-10",653.7,844.14
"2012-05-11",655.34,844.3
"2012-05-12",656.32,844.44
"2012-05-13",657,844.64
"2012-05-14",657.14,844.89
"2012-05-15",659.68,845.11
"2012-05-16",661.61,845.34
"2012-05-17",661.86,845.56
"2012-05-18",661.94,845.73
"2012-05-19",662.43,845.86
"2012-05-20",662.72,845.89
"2012-05-21",662.08,845.82
"2012-05-22",661.32,845.82
"2012-05-23",660.56,845.81
"2012-05-24",659.63,845.69
"2012-05-25",658.91,845.46
"2012-05-26",657.85,845.28
"2012-05-27",657.63,845.08
"2012-05-28",656.66,844.93
"2012-05-29",655,844.82
"2012-05-30",654.03,844.67
"2012-05-31",653.26,844.46
"2012-06-01",652.85,844.18
"2012-06-02",652.94,843.96
"2012-06-03",652.54,843.79
"2012-06-04",651.86,843.68
"2012-06-05",650.77,843.55
"2012-06-06",650.38,843.35
"2012-06-07",649.59,843.26
"2012-06-08",649.73,843.1
"2012-06-09",649.91,842.99
"2012-06-10",650.01,842.94
"2012-06-11",649.14,842.91
"2012-06-12",647.52,842.83
"2012-06-13",647.21,842.64
"2012-06-14",646,842.47
"2012-06-15",645.42,842.24
"2012-06-16",645.58,842.04
"2012-06-17",645.96,841.96
"2012-06-18",645.45,841.89
"2012-06-19",645.18,841.8
"2012-06-20",644.57,841.61
"2012-06-21",644.64,841.48
"2012-06-22",644.59,841.25
"2012-06-23",644.83,841.08
"2012-06-24",644.91,840.97
"2012-06-25",643.96,840.98
"2012-06-26",642.75,840.92
"2012-06-27",641.88,840.8
"2012-06-28",641.22,840.72
"2012-06-29",641.51,840.61
"2012-06-30",642.19,840.48
"2012-07-01",643.49,840.48
"2012-07-02",644.13,840.44
"2012-07-03",644.49,840.34
"2012-07-04",644.39,840.25
"2012-07-05",644.27,840.13
"2012-07-06",643.94,840.12
"2012-07-07",644.3,840.25
"2012-07-08",644.65,840.34
"2012-07-09",644.7,840.47
"2012-07-10",644.69,840.52
"2012-07-11",646.78,840.65
"2012-07-12",647.42,840.75
"2012-07-13",647.71,840.79
"2012-07-14",648.55,840.95
"2012-07-15",648.99,841.17
"2012-07-16",648.79,841.35
"2012-07-17",648.21,841.46
"2012-07-18",647.57,841.48
"2012-07-19",647.55,841.51
"2012-07-20",647.67,841.56
"2012-07-21",648.12,841.65
"2012-07-22",648.18,841.73
"2012-07-23",647.28,841.76
"2012-07-24",645.83,841.78
"2012-07-25",645.35,841.75
"2012-07-26",644.84,841.72
"2012-07-27",644.17,841.63
"2012-07-28",644.44,841.55
"2012-07-29",644.83,841.59
"2012-07-30",644.04,841.64
"2012-07-31",642.69,841.64
"2012-08-01",641.99,841.68
"2012-08-02",641.48,841.69
"2012-08-03",640.86,841.68
"2012-08-04",641.96,841.75
"2012-08-05",642.15,841.81
"2012-08-06",641.46,841.89
"2012-08-07",640.35,841.92
"2012-08-08",639.85,841.95
"2012-08-09",639.55,841.99
"2012-08-10",639.22,842.04
"2012-08-11",639.98,842.06
"2012-08-12",640.39,842.08
"2012-08-13",639.81,842.13
"2012-08-14",638.63,842.13
"2012-08-15",637.96,842.13
"2012-08-16",637.77,842.14
"2012-08-17",637.59,842.15
"2012-08-18",638.43,842.22
"2012-08-19",641.97,842.31
"2012-08-20",642.74,842.4
"2012-08-21",642.72,842.43
"2012-08-22",642.78,842.41
"2012-08-23",642.87,842.44
"2012-08-24",642.51,842.46
"2012-08-25",643.16,842.49
"2012-08-26",643.9,842.49
"2012-08-27",642.8,842.5
"2012-08-28",642.11,842.53
"2012-08-29",641.47,842.53
"2012-08-30",640.92,842.53
"2012-08-31",640.77,842.49
"2012-09-01",641.29,842.49
"2012-09-02",641.55,842.53
"2012-09-03",640.92,842.54
"2012-09-04",639.61,842.54
"2012-09-05",639.64,842.54
"2012-09-06",639.3,842.54
"2012-09-07",638.94,842.54
"2012-09-08",639.18,842.56
"2012-09-09",639.73,842.55
"2012-09-10",639.26,842.58
"2012-09-11",638.14,842.58
"2012-09-12",637.84,842.6
"2012-09-13",638.08,842.62
"2012-09-14",642.61,842.79
"2012-09-15",643.65,842.93
"2012-09-16",646.42,843.08
"2012-09-17",648.03,843.18
"2012-09-18",648.26,843.2
"2012-09-19",647.96,843.25
"2012-09-20",647.53,843.27
"2012-09-21",647.41,843.31
"2012-09-22",647.8,843.34
"2012-09-23",648.18,843.35
"2012-09-24",647.24,843.42
"2012-09-25",645.97,843.43
"2012-09-26",645.57,843.43
"2012-09-27",645.23,843.42
"2012-09-28",645.74,843.47
"2012-09-29",649.56,843.74
"2012-09-30",651.31,843.83
"2012-10-01",651.05,843.83
"2012-10-02",651.29,843.83
"2012-10-03",651.26,843.83
"2012-10-04",651.31,843.82
"2012-10-05",650.99,843.85
"2012-10-06",651.66,843.87
"2012-10-07",651.62,843.87
"2012-10-08",651.52,843.91
"2012-10-09",650.86,843.92
"2012-10-10",650.32,843.9
"2012-10-11",649.98,843.89
"2012-10-12",649.85,843.88
"2012-10-13",649.93,843.89
"2012-10-14",650.07,843.87
"2012-10-15",649.89,843.85
"2012-10-16",649.28,843.88
"2012-10-17",649.08,843.87
"2012-10-18",648.18,843.8
"2012-10-19",647.61,843.69
"2012-10-20",648.05,843.7
"2012-10-21",647.88,843.68
"2012-10-22",647.03,843.66
"2012-10-23",646.29,843.63
"2012-10-24",645.66,843.61
"2012-10-25",645.43,843.6
"2012-10-26",646.36,843.55
"2012-10-27",647.54,843.56
"2012-10-28",648.08,843.59
"2012-10-29",647.5,843.67
"2012-10-30",646.85,843.74
"2012-10-31",646.9,843.72
"2012-11-01",646.47,843.68
"2012-11-02",646.33,843.61
"2012-11-03",647.17,843.59
"2012-11-04",648.17,843.56
"2012-11-05",648.1,843.53
"2012-11-06",647.72,843.48
"2012-11-07",647.54,843.39
"2012-11-08",647.57,843.37
"2012-11-09",647.49,843.36
"2012-11-10",648.11,843.37
"2012-11-11",648.42,843.37
"2012-11-12",647.76,843.25
"2012-11-13",647.83,843.25
"2012-11-14",647.93,843.26
"2012-11-15",648.1,843.25
"2012-11-16",648.1,843.2
"2012-11-17",648.82,843.18
"2012-11-18",649.04,843.19
"2012-11-19",648.34,843.18
"2012-11-20",647.83,843.18
"2012-11-21",647.48,843.18
"2012-11-22",648.49,843.18
"2012-11-23",648.68,843.18
"2012-11-24",648.95,843.18
"2012-11-25",649.25,843.22
"2012-11-26",648.93,843.18
"2012-11-27",648.69,843.14
"2012-11-28",649.2,843.09
"2012-11-29",649.5,843.09
"2012-11-30",649.8,843.09
"2012-12-01",650.62,843.05
"2012-12-02",650.87,843.05
"2012-12-03",650.56,843.05
"2012-12-04",650.12,843
"2012-12-05",650.28,843
"2012-12-06",650.5,843
"2012-12-07",650.6,843
"2012-12-08",651.18,842.96
"2012-12-09",651.63,842.96
"2012-12-10",651.33,842.91
"2012-12-11",650.94,842.91
"2012-12-12",650.99,842.87
"2012-12-13",651.04,842.82
"2012-12-14",651.15,842.82
"2012-12-15",651.91,842.82
"2012-12-16",652.32,842.78
"2012-12-17",651.75,842.73
"2012-12-18",651.26,842.73
"2012-12-19",650.98,842.6
"2012-12-20",650.41,842.37
"2012-12-21",650.33,842.15
"2012-12-22",651.15,842.01
"2012-12-23",651.4,841.88
"2012-12-24",651.3,841.75
"2012-12-25",651.1,841.75
"2012-12-26",651.18,841.66
"2012-12-27",651.04,841.66
"2012-12-28",651,841.57
"2012-12-29",650.68,841.3
"2012-12-30",651.16,841.07
"2012-12-31",651.14,840.98
"2013-01-01",651.49,840.94
"2013-01-02",651.41,840.94
"2013-01-03",651.03,840.94
"2013-01-04",651.15,840.91
"2013-01-05",651.84,840.96
"2013-01-06",651.87,840.96
"2013-01-07",651.45,841.05
"2013-01-08",651.77,841.09
"2013-01-09",654.25,841.18
"2013-01-10",654.89,841.23
"2013-01-11",655.65,841.32
"2013-01-12",656.23,841.36
"2013-01-13",656.35,841.32
"2013-01-14",655.97,841.36
"2013-01-15",655.69,841.36
"2013-01-16",655.55,841.36
"2013-01-17",655.39,841.36
"2013-01-18",655.22,841.4
"2013-01-19",655.84,841.4
"2013-01-20",655.73,841.4
"2013-01-21",655.37,841.4
"2013-01-22",654.72,841.4
"2013-01-23",654.69,841.4
"2013-01-24",654.61,841.4
"2013-01-25",654.49,841.4
"2013-01-26",654.82,841.36
"2013-01-27",655.02,841.36
"2013-01-28",654.55,841.36
"2013-01-29",654.39,841.36
"2013-01-30",654.29,841.27
"2013-01-31",653.9,841.23
"2013-02-01",654.01,841.22
"2013-02-02",654.43,841.22
"2013-02-03",654.25,841.22
"2013-02-04",653.92,841.22
"2013-02-05",653.84,841.17
"2013-02-06",653.54,841.09
"2013-02-07",653.73,841.04
"2013-02-08",653.64,841
"2013-02-09",653.99,841.04
"2013-02-10",654.41,841.04
"2013-02-11",653.87,841
"2013-02-12",653.73,841
"2013-02-13",653.39,840.91
"2013-02-14",653.1,840.86
"2013-02-15",652.99,840.77
"2013-02-16",653.23,840.59
"2013-02-17",653.28,840.55
"2013-02-18",652.83,840.5
"2013-02-19",652.21,840.41
"2013-02-20",652.37,840.46
"2013-02-21",652.4,840.41
"2013-02-22",651.91,840.28
"2013-02-23",652.01,840.19
"2013-02-24",651.95,840.19
"2013-02-25",651.41,840.14
"2013-02-26",651.06,840.05
"2013-02-27",650.78,840.05
"2013-02-28",650.68,839.97
"2013-03-01",650.61,839.92
"2013-03-02",650.68,839.83
"2013-03-03",650.67,839.65
"2013-03-04",650.19,839.52
"2013-03-05",649.18,839.43
"2013-03-06",649.01,839.29
"2013-03-07",648.88,839.29
"2013-03-08",648.96,839.25
"2013-03-09",649.58,839.2
"2013-03-10",650.6,839.16
"2013-03-11",650.57,839.16
"2013-03-12",650.32,839.16
"2013-03-13",649.86,839.02
"2013-03-14",649.28,838.93
"2013-03-15",649.25,838.85
"2013-03-16",649.3,838.76
"2013-03-17",649.44,838.67
"2013-03-18",648.69,838.62
"2013-03-19",647.82,838.48
"2013-03-20",647.49,838.44
"2013-03-21",647.63,838.39
"2013-03-22",647.42,838.3
"2013-03-23",647.22,838.12
"2013-03-24",647.34,838.08
"2013-03-25",646.74,837.99
"2013-03-26",646.28,837.94
"2013-03-27",645.63,837.81
"2013-03-28",645.24,837.73
"2013-03-29",645.53,837.63
"2013-03-30",645.75,837.59
"2013-03-31",646.11,837.56
"2013-04-01",646.23,837.59
"2013-04-02",645.8,837.54
"2013-04-03",647.02,837.46
"2013-04-04",647.86,837.5
"2013-04-05",648.42,837.5
"2013-04-06",648.89,837.49
"2013-04-07",649.59,837.52
"2013-04-08",649,837.55
"2013-04-09",648.93,837.61
"2013-04-10",648.55,837.61
"2013-04-11",648.75,837.52
"2013-04-12",648.75,837.43
"2013-04-13",648.83,837.25
"2013-04-14",648.96,837.11
"2013-04-15",647.99,836.98
"2013-04-16",647.2,836.84
"2013-04-17",646.88,836.71
"2013-04-18",646.9,836.62
"2013-04-19",646.93,836.49
"2013-04-20",647.17,836.35
"2013-04-21",647.45,836.26
"2013-04-22",646.64,836.13
"2013-04-23",645.96,835.99
"2013-04-24",645.6,835.86
"2013-04-25",645.68,835.99
"2013-04-26",645.65,836.13
"2013-04-27",645.79,836.22
"2013-04-28",645.71,836.31
"2013-04-29",646.12,836.31
"2013-04-30",647.63,836.26
"2013-05-01",648.04,836.22
"2013-05-02",648.24,836.13
"2013-05-03",649.13,836.05
"2013-05-04",649.86,836.05
"2013-05-05",649.89,835.96
"2013-05-06",649.22,835.78
"2013-05-07",648.48,835.65
"2013-05-08",647.69,835.43
"2013-05-09",647.42,835.29
"2013-05-10",647.69,835.2
"2013-05-11",648.51,
"2013-05-12",648.73,
"2013-05-13",648.41,
"2013-05-14",647.58,
"2013-05-15",647.6,
"2013-05-16",646.97,834.99
"2013-05-17",646.22,834.95
"2013-05-18",645.62,834.72
"2013-05-19",645.34,834.45
"2013-05-20",644.14,834.27
"2013-05-21",642.89,834.23
"2013-05-22",642.08,834.05
"2013-05-23",641.24,833.92
"2013-05-24",641.9,834.27
"2013-05-25",649.37,835.04
"2013-05-26",654.44,835.17
"2013-05-27",656.56,835.22
"2013-05-28",657.91,835.13
"2013-05-29",658.39,835.1
"2013-05-30",658.21,835.14
"2013-05-31",657.1,835.14
"2013-06-01",656.72,835.19
"2013-06-02",656.39,835.19
"2013-06-03",656.17,835.17
"2013-06-04",655.76,835.08
"2013-06-05",654.94,834.81
"2013-06-06",653.98,834.45
"2013-06-07",653.39,834.05
"2013-06-08",653.7,833.96
"2013-06-09",654.04,834.05
"2013-06-10",653.49,834.14
"2013-06-11",652.4,834.19
"2013-06-12",652.47,834.14
"2013-06-13",652.87,834.1
"2013-06-14",653.46,834.05
"2013-06-15",654.03,836.47
"2013-06-16",654.54,837.14
"2013-06-17",654.18,837.1
"2013-06-18",653.6,836.69
"2013-06-19",653.08,836.24
"2013-06-20",652.32,836.1
"2013-06-21",651.85,836.15
"2013-06-22",651.81,836.19
"2013-06-23",651.34,836.24
"2013-06-24",650.18,836.19
"2013-06-25",648.1,836.15
"2013-06-26",646.75,836.06
"2013-06-27",646,835.97
"2013-06-28",644.65,835.88
"2013-06-29",644.36,835.79
"2013-06-30",644.64,835.83
"2013-07-01",645.28,835.92
"2013-07-02",644.8,835.93
"2013-07-03",644.22,835.89
"2013-07-04",643.47,835.8
"2013-07-05",642.92,835.84
"2013-07-06",643.06,835.93
"2013-07-07",643.05,836.02
"2013-07-08",642.83,836.11
"2013-07-09",642.43,836.11
"2013-07-10",641.37,836.06
"2013-07-11",640.65,835.97
"2013-07-12",639.8,835.89
"2013-07-13",639.84,835.89
"2013-07-14",640.37,835.89
"2013-07-15",640.24,835.93
"2013-07-16",640.99,836.02
"2013-07-17",641.62,836.02
"2013-07-18",642.22,836.06
"2013-07-19",642.41,836.11
"2013-07-20",642.84,836.15
"2013-07-21",642.94,836.29
"2013-07-22",642.43,836.33
"2013-07-23",641.55,836.33
"2013-07-24",640.59,836.24
"2013-07-25",639.95,836.15
"2013-07-26",639.21,836.06
"2013-07-27",639.44,836.06
"2013-07-28",640.17,836.11
"2013-07-29",639.5,836.11
"2013-07-30",637.81,836.02
"2013-07-31",637.52,835.93
"2013-08-01",637.05,835.98
"2013-08-02",636.48,835.98
"2013-08-03",636.66,835.98
"2013-08-04",637.28,836.02
"2013-08-05",636.58,836.07
"2013-08-06",635.21,836.07
"2013-08-07",634.74,836.02
"2013-08-08",634.48,836.02
"2013-08-09",633.93,835.89
"2013-08-10",634.62,835.84
"2013-08-11",635.79,835.84
"2013-08-12",635.78,835.89
"2013-08-13",634.84,835.89
"2013-08-14",633.89,835.89
"2013-08-15",633.74,835.84
"2013-08-16",633.51,835.84
"2013-08-17",634.03,835.84
"2013-08-18",634.67,835.84
"2013-08-19",634.13,835.84
"2013-08-20",633.26,835.89
"2013-08-21",632.79,835.89
"2013-08-22",633.16,835.93
"2013-08-23",632.74,835.98
"2013-08-24",633.09,836.02
"2013-08-25",634.04,836.02
"2013-08-26",633.34,836.07
"2013-08-27",633.73,836.07
"2013-08-28",633.57,836.11
"2013-08-29",632.86,836.16
"2013-08-30",632.26,836.2
"2013-08-31",633.07,836.2
"2013-09-01",633.78,836.25
"2013-09-02",633.51,836.25
"2013-09-03",631.72,836.25
"2013-09-04",631.45,836.25
"2013-09-05",632.01,836.25
"2013-09-06",632.15,836.29
"2013-09-07",632.77,836.29
"2013-09-08",633.64,836.29
"2013-09-09",633.33,836.29
"2013-09-10",632.91,836.34
"2013-09-11",633.11,836.38
"2013-09-12",633.6,836.43
"2013-09-13",633.6,836.43
"2013-09-14",634.47,836.47
"2013-09-15",634.86,836.47
"2013-09-16",634.76,836.47
"2013-09-17",635.34,836.47
"2013-09-18",635.07,836.47
"2013-09-19",635.09,836.47
"2013-09-20",635.49,836.47
"2013-09-21",637.01,836.56
"2013-09-22",637.38,836.61
"2013-09-23",637.05,836.65
"2013-09-24",636.05,836.64
"2013-09-25",635.31,836.64
"2013-09-26",634.78,836.69
"2013-09-27",634.78,836.64
"2013-09-28",635.07,836.69
"2013-09-29",637.51,836.78
"2013-09-30",638.46,836.78
"2013-10-01",638.91,836.78
"2013-10-02",638.7,836.78
"2013-10-03",638.54,836.78
"2013-10-04",638.02,836.75
"2013-10-05",638.12,836.75
"2013-10-06",638.36,836.7
"2013-10-07",638.12,836.7
"2013-10-08",637.18,836.7
"2013-10-09",637.02,836.7
"2013-10-10",636.35,836.66
"2013-10-11",636.58,836.66
"2013-10-12",637.1,836.61
"2013-10-13",637.19,836.84
"2013-10-14",638.09,837.19
"2013-10-15",638.33,837.24
"2013-10-16",638.8,837.28
"2013-10-17",639.7,837.33
"2013-10-18",640,837.37
"2013-10-19",640.26,837.28
"2013-10-20",640.66,837.24
"2013-10-21",640,837.24
"2013-10-22",639.2,837.15
"2013-10-23",639.04,837.15
"2013-10-24",638.38,837.1
"2013-10-25",638.14,837.06
"2013-10-26",638.42,837.06
"2013-10-27",638.79,837.06
"2013-10-28",638.18,837.2
"2013-10-29",637.46,837.2
"2013-10-30",637.85,837.2
"2013-10-31",639.82,837.15
"2013-11-01",641.15,837.15
"2013-11-02",641.82,837.06
"2013-11-03",642.86,837.11
"2013-11-04",642.34,837.11
"2013-11-05",642.21,837.06
"2013-11-06",641.87,837.02
"2013-11-07",641.68,836.97
"2013-11-08",641.7,836.83
"2013-11-09",642.18,836.83
"2013-11-10",642,836.83
"2013-11-11",641.9,836.78
"2013-11-12",640.93,836.74
"2013-11-13",640.81,836.7
"2013-11-14",640.89,836.74
"2013-11-15",640.77,836.74
"2013-11-16",640.95,836.7
"2013-11-17",641.06,836.65
"2013-11-18",640.45,836.61
"2013-11-19",639.82,836.56
"2013-11-20",639.42,836.47
"2013-11-21",639.12,836.47
"2013-11-22",639.25,836.43
"2013-11-23",640.18,836.47
"2013-11-24",640.41,836.56
"2013-11-25",640.81,836.7
"2013-11-26",641.11,836.74
"2013-11-27",641.32,836.83
"2013-11-28",641.52,836.83
"2013-11-29",641.5,836.87
"2013-11-30",641.8,836.87
"2013-12-01",642.01,836.92
"2013-12-02",641.68,837
"2013-12-03",641.46,837
"2013-12-04",640.74,836.95
"2013-12-05",640.49,836.95
"2013-12-06",640.28,836.91
"2013-12-07",640.45,836.86
"2013-12-08",640.58,836.91
"2013-12-09",640.28,836.91
"2013-12-10",639.8,836.82
"2013-12-11",639.77,836.82
"2013-12-12",639.5,836.77
"2013-12-13",639.52,836.82
"2013-12-14",640.06,836.82
"2013-12-15",639.94,836.77
"2013-12-16",639.56,836.77
"2013-12-17",639.26,836.77
"2013-12-18",638.86,836.77
"2013-12-19",638.89,836.73
"2013-12-20",639.07,836.68
"2013-12-21",639.36,836.68
"2013-12-22",639.47,836.59
"2013-12-23",639.08,836.51
"2013-12-24",638.74,836.55
"2013-12-25",639.24,836.55
"2013-12-26",639.22,836.51
"2013-12-27",638.86,836.51
"2013-12-28",639.61,836.6
"2013-12-29",639.72,836.59
"2013-12-30",639.74,836.52
"2013-12-31",640.07,836.46
"2014-01-01",640.69,836.46
"2014-01-02",640.87,836.49
"2014-01-03",640.99,836.54
"2014-01-04",641.71,836.58
"2014-01-05",642.07,836.58
"2014-01-06",641.55,836.49
"2014-01-07",642.04,836.63
"2014-01-08",642.57,836.63
"2014-01-09",642.75,836.58
"2014-01-10",643,
"2014-01-11",643.39,
"2014-01-12",643.86,
"2014-01-13",643.57,
"2014-01-14",643.48,
"2014-01-15",642.91,
"2014-01-16",642.96,
"2014-01-17",643.21,
"2014-01-18",643.59,
"2014-01-19",643.52,
"2014-01-20",643.53,
"2014-01-21",642.69,
"2014-01-22",643.17,
"2014-01-23",643.16,
"2014-01-24",642.85,
"2014-01-25",643.21,
"2014-01-26",643.59,
"2014-01-27",643.3,
"2014-01-28",643.02,
"2014-01-29",642.89,
"2014-01-30",642.63,
"2014-01-31",643.26,836.08
"2014-02-01",643.49,836.13
"2014-02-02",643.29,836.08
"2014-02-03",643.31,836.06
"2014-02-04",643.3,836.03
"2014-02-05",643.35,835.96
"2014-02-06",643.21,835.91
"2014-02-07",643.51,835.92
"2014-02-08",643.83,835.9
"2014-02-09",644.28,835.91
"2014-02-10",643.8,835.87
"2014-02-11",643.71,835.84
"2014-02-12",643.47,835.86
"2014-02-13",643.54,835.81
"2014-02-14",643.64,835.67
"2014-02-15",643.14,835.37
"2014-02-16",643.01,835.35
"2014-02-17",642.89,835.28
"2014-02-18",642.13,835.27
"2014-02-19",642.26,835.2
"2014-02-20",642.06,835.09
"2014-02-21",641.4,834.99
"2014-02-22",641.81,834.97
"2014-02-23",642.15,834.91
"2014-02-24",641.06,834.85
"2014-02-25",640.61,834.83
"2014-02-26",640.8,834.79
"2014-02-27",641.42,834.81
"2014-02-28",641.36,834.83
"2014-03-01",641.61,834.81
"2014-03-02",641.94,834.83
"2014-03-03",641.71,834.78
"2014-03-04",640.97,834.66
"2014-03-05",641.6,834.65
"2014-03-06",641.43,834.55
"2014-03-07",640.89,834.55
"2014-03-08",641.39,834.52
"2014-03-09",642,834.51
"2014-03-10",642.47,834.56
"2014-03-11",643.01,834.62
"2014-03-12",642.59,834.56
"2014-03-13",642.54,834.46
"2014-03-14",642.79,834.43
"2014-03-15",643.09,834.35
"2014-03-16",643,834.27
"2014-03-17",642.64,834.26
"2014-03-18",642.14,834.23
"2014-03-19",641.55,834.09
"2014-03-20",641.19,833.97
"2014-03-21",640.72,833.94
"2014-03-22",641.08,833.91
"2014-03-23",641.51,833.88
"2014-03-24",641.4,833.85
"2014-03-25",641.45,833.76
"2014-03-26",641.17,833.59
"2014-03-27",641.8,833.45
"2014-03-28",642.12,833.35
"2014-03-29",642.07,833.31
"2014-03-30",641.95,833.33
"2014-03-31",641.64,833.46
"2014-04-01",640.6,833.32
"2014-04-02",639.89,833.11
"2014-04-03",639.69,833.01
"2014-04-04",638.95,832.85
"2014-04-05",639.3,832.96
"2014-04-06",640.13,833.01
"2014-04-07",640.07,832.99
"2014-04-08",639.9,832.96
"2014-04-09",639.53,832.96
"2014-04-10",639.09,832.94
"2014-04-11",638.79,832.83
"2014-04-12",638.67,832.77
"2014-04-13",638.85,832.76
"2014-04-14",638.51,832.73
"2014-04-15",638.7,832.77
"2014-04-16",639.27,832.85
"2014-04-17",638.29,832.85
"2014-04-18",639.07,832.82
"2014-04-19",639.47,832.77
"2014-04-20",639.71,832.78
"2014-04-21",640.07,832.79
"2014-04-22",639.36,832.73
"2014-04-23",638.72,832.61
"2014-04-24",637.98,832.49
"2014-04-25",637.21,832.36
"2014-04-26",637.46,832.09
"2014-04-27",637.64,831.93
"2014-04-28",636.51,831.79
"2014-04-29",635.28,831.62
"2014-04-30",634.22,831.43
"2014-05-01",633.45,831.26
"2014-05-02",633.38,831.13
"2014-05-03",633.7,830.96
"2014-05-04",633.71,830.88
"2014-05-05",632.98,830.79
"2014-05-06",632.1,830.75
"2014-05-07",631.67,830.64
"2014-05-08",631.84,830.5
"2014-05-09",632.48,830.36
"2014-05-10",633.27,830.35
"2014-05-11",633.81,830.44
"2014-05-12",633.77,830.48
"2014-05-13",635.43,830.5
"2014-05-14",637.04,830.55
"2014-05-15",637.54,830.56
"2014-05-16",637.43,830.52
"2014-05-17",638.08,830.43
"2014-05-18",638.29,830.28
"2014-05-19",637.73,830.08
"2014-05-20",636.74,829.97
"2014-05-21",636.02,829.9
"2014-05-22",635.19,829.79
"2014-05-23",634.82,829.64
"2014-05-24",635.61,829.58
"2014-05-25",636.38,829.55
"2014-05-26",637.94,830
"2014-05-27",640.25,830.65
"2014-05-28",641.49,830.81
"2014-05-29",642.19,830.84
"2014-05-30",642.65,830.84
"2014-05-31",642.91,830.85
"2014-06-01",643.53,830.84
"2014-06-02",642.86,830.83
"2014-06-03",641.77,830.78
"2014-06-04",641.35,830.58
"2014-06-05",640.62,830.34
"2014-06-06",639.9,830.17
"2014-06-07",639.5,829.96
"2014-06-08",639.59,829.77
"2014-06-09",640.34,829.69
"2014-06-10",641.09,829.58
"2014-06-11",641.34,829.39
"2014-06-12",640.75,829.2
"2014-06-13",640.44,829.16
"2014-06-14",641.06,829.28
"2014-06-15",641.61,829.34
"2014-06-16",640.77,829.35
"2014-06-17",639.6,829.35
"2014-06-18",638.72,829.3
"2014-06-19",637.76,829.17
"2014-06-20",637.39,829.05
"2014-06-21",636.93,829.03
"2014-06-22",637.29,829.05
"2014-06-23",636.94,829.05
"2014-06-24",636.18,828.97
"2014-06-25",638,828.9
"2014-06-26",639.44,828.86
"2014-06-27",639.62,828.84
"2014-06-28",639.81,828.75
"2014-06-29",639.91,828.66
"2014-06-30",638.9,828.7
"2014-07-01",637.63,828.58
"2014-07-02",636.47,828.43
"2014-07-03",635.74,828.21
"2014-07-04",635.35,828.05
"2014-07-05",636,827.98
"2014-07-06",636.21,827.95
"2014-07-07",635.71,827.86
"2014-07-08",634.49,827.74
"2014-07-09",633.88,827.65
"2014-07-10",633.38,827.51
"2014-07-11",633.05,827.41
"2014-07-12",633.15,827.55
"2014-07-13",633.41,827.67
"2014-07-14",632.92,827.73
"2014-07-15",631.74,827.74
"2014-07-16",632.24,827.69
"2014-07-17",632.19,827.59
"2014-07-18",635.96,827.78
"2014-07-19",637.6,827.9
"2014-07-20",638.78,827.9
"2014-07-21",639.12,827.91
"2014-07-22",638.87,827.91
"2014-07-23",637.95,827.89
"2014-07-24",636.82,827.86
"2014-07-25",636.49,827.78
"2014-07-26",635.91,827.7
"2014-07-27",635.64,827.6
"2014-07-28",635.14,827.4
"2014-07-29",634.52,827.29
"2014-07-30",634.08,827.15
"2014-07-31",633.84,826.99
"2014-08-01",632.46,826.83
"2014-08-02",632.1,826.75
"2014-08-03",632.35,826.71
"2014-08-04",631.68,826.66
"2014-08-05",630.3,826.6
"2014-08-06",629.66,826.48
"2014-08-07",628.84,826.36
"2014-08-08",628.9,826.24
"2014-08-09",629.04,826.19
"2014-08-10",629.47,826.12
"2014-08-11",628.91,826.07
"2014-08-12",628.03,825.98
"2014-08-13",628.64,825.91
"2014-08-14",628.92,825.83
"2014-08-15",628.39,825.76
"2014-08-16",628.85,825.71
"2014-08-17",629.22,825.71
"2014-08-18",628.9,825.7
"2014-08-19",627.84,825.74
"2014-08-20",627.4,825.83
"2014-08-21",627.22,825.91
"2014-08-22",627.13,825.99
"2014-08-23",627.74,826.07
"2014-08-24",628.22,826.11
"2014-08-25",627.18,826.12
"2014-08-26",626.55,826.09
"2014-08-27",626.93,826.04
"2014-08-28",626.09,826.04
"2014-08-29",626.04,826.02
"2014-08-30",626.74,825.97
"2014-08-31",627.15,825.95
"2014-09-01",627.27,825.94
"2014-09-02",626.04,825.9
"2014-09-03",625.9,825.87
"2014-09-04",626.84,825.9
"2014-09-05",627.47,825.92
"2014-09-06",628.58,825.97
"2014-09-07",629.13,826.03
"2014-09-08",628.87,826.07
"2014-09-09",627.97,826.1
"2014-09-10",627.93,826.1
"2014-09-11",627.29,826.09
"2014-09-12",627.54,826.07
"2014-09-13",628.94,826.07
"2014-09-14",629.98,826.08
"2014-09-15",629.24,826.09
"2014-09-16",628.59,826.09
"2014-09-17",628.76,826.1
"2014-09-18",629.02,826.09
"2014-09-19",629.78,826.09
"2014-09-20",630,826.16
"2014-09-21",630.55,826.2
"2014-09-22",630.04,826.22
"2014-09-23",629.06,826.22
"2014-09-24",628.86,826.19
"2014-09-25",628.44,826.17
"2014-09-26",628.99,826.15
"2014-09-27",630.53,826.22
"2014-09-28",631.61,826.32
"2014-09-29",631.34,826.41
"2014-09-30",630.8,826.46
"2014-10-01",630.63,826.49
"2014-10-02",630.71,826.51
"2014-10-03",630.3,826.5
"2014-10-04",630.87,826.5
"2014-10-05",631.31,826.52
"2014-10-06",630.69,826.49
"2014-10-07",629.92,826.44
"2014-10-08",629.31,826.39
"2014-10-09",629.1,826.35
"2014-10-10",628.89,826.32
"2014-10-11",630.28,826.28
"2014-10-12",631.7,826.26
"2014-10-13",631.76,826.26
"2014-10-14",630.79,826.18
"2014-10-15",630.58,826.15
"2014-10-16",630.47,826.14
"2014-10-17",630.3,826.1
"2014-10-18",630.64,826.06
"2014-10-19",631.38,826.05
"2014-10-20",630.98,826.04
"2014-10-21",630.1,826.01
"2014-10-22",629.89,825.97
"2014-10-23",629.33,825.93
"2014-10-24",629.59,825.89
"2014-10-25",630.16,825.82
"2014-10-26",630.65,825.8
"2014-10-27",630.41,825.8
"2014-10-28",629.47,825.79
"2014-10-29",629.51,825.75
"2014-10-30",629,825.71
"2014-10-31",629.9,825.74
"2014-11-01",631.27,825.72
"2014-11-02",631.93,825.74
"2014-11-03",631.73,825.71
"2014-11-04",631.49,825.75
"2014-11-05",635.34,825.72
"2014-11-06",637.29,825.84
"2014-11-07",637.94,825.98
"2014-11-08",638.81,826.04
"2014-11-09",639.03,826.06
"2014-11-10",638.68,826.11
"2014-11-11",638.3,826.11
"2014-11-12",637.91,826.05
"2014-11-13",637.76,826.03
"2014-11-14",637.8,826.05
"2014-11-15",638.43,826.09
"2014-11-16",638.82,826.1
"2014-11-17",638.15,826.01
"2014-11-18",637.39,825.96
"2014-11-19",636.53,825.95
"2014-11-20",636.08,825.92
"2014-11-21",635.98,825.88
"2014-11-22",636.9,825.87
"2014-11-23",638.62,825.87
"2014-11-24",638.36,825.8
"2014-11-25",637.92,825.72
"2014-11-26",637.68,825.66
"2014-11-27",637.36,825.58
"2014-11-28",637.88,825.58
"2014-11-29",637.62,825.57
"2014-11-30",637.63,825.54
"2014-12-01",636.74,825.49
"2014-12-02",636.45,825.42
"2014-12-03",636.49,825.33
"2014-12-04",636.22,825.19
"2014-12-05",635.77,825.11
"2014-12-06",635.75,825.02
"2014-12-07",635.81,824.91
"2014-12-08",635.36,824.88
"2014-12-09",634.94,824.86
"2014-12-10",634.85,824.85
"2014-12-11",634.78,824.84
"2014-12-12",635.29,824.83
"2014-12-13",635.63,824.86
"2014-12-14",635.77,824.9
"2014-12-15",635.21,824.88
"2014-12-16",634.52,824.83
"2014-12-17",634.64,824.83
"2014-12-18",634.54,824.83
"2014-12-19",634.63,824.8
"2014-12-20",634.85,824.71
"2014-12-21",634.94,824.68
"2014-12-22",635.18,824.66
"2014-12-23",634.6,824.62
"2014-12-24",634.28,824.5
"2014-12-25",634.41,824.45
"2014-12-26",634.48,824.43
"2014-12-27",634.18,824.38
"2014-12-28",634.05,824.38
"2014-12-29",634.41,824.36
"2014-12-30",634.13,824.32
"2014-12-31",633.79,824.27
"2015-01-01",634.04,824.29
"2015-01-02",634.41,824.29
"2015-01-03",634.73,824.31
"2015-01-04",634.93,824.27
"2015-01-05",634.73,824.3
"2015-01-06",636.23,824.26
"2015-01-07",636.78,824.26
"2015-01-08",637.59,824.27
"2015-01-09",638.09,824.28
"2015-01-10",638.68,824.29
"2015-01-11",639.62,824.32
"2015-01-12",639.48,824.33
"2015-01-13",639.33,824.31
"2015-01-14",639.5,824.34
"2015-01-15",639.93,824.34
"2015-01-16",639.76,824.33
"2015-01-17",640.14,824.34
"2015-01-18",640.27,824.32
"2015-01-19",640.34,824.35
"2015-01-20",639.97,824.34
"2015-01-21",639.85,824.33
"2015-01-22",642.18,824.33
"2015-01-23",643.58,824.35
"2015-01-24",644.47,824.44
"2015-01-25",644.78,824.46
"2015-01-26",644.71,824.45
"2015-01-27",644.46,824.47
"2015-01-28",644.46,824.46
"2015-01-29",644.62,824.47
"2015-01-30",644.55,824.46
"2015-01-31",645.13,824.52
"2015-02-01",645.67,824.53
"2015-02-02",645.37,824.52
"2015-02-03",645.18,824.49
"2015-02-04",645.54,824.51
"2015-02-05",645.7,824.49
"2015-02-06",645.7,824.49
"2015-02-07",646.05,824.53
"2015-02-08",646.45,824.56
"2015-02-09",645.68,824.53
"2015-02-10",645.67,824.48
"2015-02-11",645.58,824.47
"2015-02-12",645.16,824.42
"2015-02-13",644.83,824.42
"2015-02-14",645.28,824.43
"2015-02-15",645.4,824.46
"2015-02-16",645.55,824.45
"2015-02-17",645,824.4
"2015-02-18",645.02,824.37
"2015-02-19",644.81,824.35
"2015-02-20",644.4,824.34
"2015-02-21",644.8,824.31
"2015-02-22",644.68,824.25
"2015-02-23",644.33,824.22
"2015-02-24",644.17,824.25
"2015-02-25",644.37,824.26
"2015-02-26",644.02,824.21
"2015-02-27",643.95,824.2
"2015-02-28",644.25,824.22
"2015-03-01",644.37,824.22
"2015-03-02",644.17,824.2
"2015-03-03",644.28,824.19
"2015-03-04",644.53,824.17
"2015-03-05",644.19,824.15
"2015-03-06",643.98,824.17
"2015-03-07",644.23,824.17
"2015-03-08",644.64,824.19
"2015-03-09",645.43,824.2
"2015-03-10",646.14,824.15
"2015-03-11",646.18,824.15
"2015-03-12",646.16,824.13
"2015-03-13",646.18,824.1
"2015-03-14",646.23,824.08
"2015-03-15",646.05,824.05
"2015-03-16",645.76,824.04
"2015-03-17",645.16,824.03
"2015-03-18",645.5,824.04
"2015-03-19",645.7,823.99
"2015-03-20",645.41,823.97
"2015-03-21",646.71,824.02
"2015-03-22",647.94,824.08
"2015-03-23",647.88,824.07
"2015-03-24",647.67,824.09
"2015-03-25",647.59,824.13
"2015-03-26",647.56,824.11
"2015-03-27",647.41,824.13
"2015-03-28",647.31,824.18
"2015-03-29",647.27,824.18
"2015-03-30",646.74,824.16
"2015-03-31",646.26,824.11
"2015-04-01",646.22,824.1
"2015-04-02",645.99,824.01
"2015-04-03",645.58,823.91
"2015-04-04",645.44,823.81
"2015-04-05",645.74,823.81
"2015-04-06",645.67,823.79
"2015-04-07",644.7,823.74
"2015-04-08",644.33,823.7
"2015-04-09",644.07,823.63
"2015-04-10",644.32,823.61
"2015-04-11",645.12,823.68
"2015-04-12",645.69,823.73
"2015-04-13",646.3,824.03
"2015-04-14",646.37,824.09
"2015-04-15",646.87,824.1
"2015-04-16",646.74,824.09
"2015-04-17",646.79,824.09
"2015-04-18",647.24,824.12
"2015-04-19",647.45,824.11
"2015-04-20",646.7,824.07
"2015-04-21",646.31,824.06
"2015-04-22",646.54,824.03
"2015-04-23",647.23,824.01
"2015-04-24",649.58,824.03
"2015-04-25",652.01,824.66
"2015-04-26",653.75,824.84
"2015-04-27",653.61,824.82
"2015-04-28",653.22,824.72
"2015-04-29",652.55,824.67
"2015-04-30",651.92,824.66
"2015-05-01",651.17,824.62
"2015-05-02",650.9,824.49
"2015-05-03",650.91,824.47
"2015-05-04",650.25,824.43
"2015-05-05",649.73,824.44
"2015-05-06",649.19,824.43
"2015-05-07",649.05,824.41
"2015-05-08",648.77,824.38
"2015-05-09",648.8,824.37
"2015-05-10",648.42,824.34
"2015-05-11",648.11,824.34
"2015-05-12",647.52,824.32
"2015-05-13",647.71,824.52
"2015-05-14",648.82,824.73
"2015-05-15",650.1,826.38
"2015-05-16",651.36,827.26
"2015-05-17",652.78,828.52
"2015-05-18",653.92,829.35
"2015-05-19",654.61,830.02
"2015-05-20",655.06,830.72
"2015-05-21",655.24,831.81
"2015-05-22",655.87,832.37
"2015-05-23",656.85,833.12
"2015-05-24",660.29,836.81
"2015-05-25",661.69,837.72
"2015-05-26",662.24,837.7
"2015-05-27",662.63,837.86
"2015-05-28",662.93,838.15
"2015-05-29",663.39,838.86
"2015-05-30",664.07,839.48
"2015-05-31",665.33,840.36
"2015-06-01",665.9,840.87
"2015-06-02",665.68,841.33
"2015-06-03",665.57,841.66
"2015-06-04",665.23,841.88
"2015-06-05",665.12,842.09
"2015-06-06",665.07,842.2
"2015-06-07",664.93,842.32
"2015-06-08",664.39,842.44
"2015-06-09",664.78,842.56
"2015-06-10",664.58,842.66
"2015-06-11",664.38,844
"2015-06-12",664.17,844.12
"2015-06-13",663.84,844.26
"2015-06-14",664.28,844.54
"2015-06-15",665.21,844.92
"2015-06-16",665.82,844.81
"2015-06-17",666.14,844.99
"2015-06-18",667.83,845.16
"2015-06-19",668.79,845.36
"2015-06-20",669.88,845.57
"2015-06-21",670.97,845.78
"2015-06-22",671.91,845.97
"2015-06-23",672.54,846.08
"2015-06-24",672.92,846.31
"2015-06-25",673.03,846.44
"2015-06-26",672.02,846.57
"2015-06-27",671.66,846.74
"2015-06-28",671.56,846.92
"2015-06-29",671.36,848.04
"2015-06-30",670.36,848.23
"2015-07-01",670.34,848.51
"2015-07-02",670.48,848.8
"2015-07-03",670.58,847.19
"2015-07-04",670.35,847.34
"2015-07-05",670.25,847.48
"2015-07-06",669.89,848.08
"2015-07-07",668.78,848.2
"2015-07-08",668.25,848.47
"2015-07-09",667.38,848.58
"2015-07-10",667.42,848.62
"2015-07-11",667.14,848.04
"2015-07-12",667.09,848.17
"2015-07-13",666.57,848.8
"2015-07-14",666.04,848.89
"2015-07-15",665.56,848.91
"2015-07-16",664.91,849.04
"2015-07-17",664.18,849.17
"2015-07-18",663.62,848.66
"2015-07-19",663.65,848.74
"2015-07-20",663.13,849.51
"2015-07-21",662.3,849.55
"2015-07-22",661.57,849.64
"2015-07-23",660.67,849.68
"2015-07-24",660.06,849.03
"2015-07-25",659.64,849.13
"2015-07-26",659.79,849.91
"2015-07-27",658.99,849.87
"2015-07-28",657.85,849.93
"2015-07-29",657.43,849.92
"2015-07-30",656.66,850.12
"2015-07-31",655.59,850.05
"2015-08-01",654.96,849.58
"2015-08-02",655.33,849.65
"2015-08-03",654.41,850.28
"2015-08-04",653.07,850.4
"2015-08-05",651.98,850.41
"2015-08-06",651.42,850.45
"2015-08-07",650.63,850.49
"2015-08-08",650.89,850.53
"2015-08-09",651.23,850.57
"2015-08-10",650.39,850.67
"2015-08-11",649.16,850.7
"2015-08-12",648.11,850.73
"2015-08-13",648.21,850.78
"2015-08-14",648.44,850.83
"2015-08-15",648.77,850.88
"2015-08-16",649.68,850.91
"2015-08-17",649.4,850.95
"2015-08-18",648.47,850.96
"2015-08-19",647.92,850.98
"2015-08-20",647.73,850.98
"2015-08-21",648.51,851.03
"2015-08-22",649.07,851.07
"2015-08-23",649.54,851.11
"2015-08-24",648.53,851.13
"2015-08-25",647.61,851.14
"2015-08-26",647.14,851.12
"2015-08-27",646.35,851.14
"2015-08-28",645.9,851.17
"2015-08-29",646.56,851.19
"2015-08-30",647.5,851.22
"2015-08-31",646.64,851.24
"2015-09-01",646.02,851.22
"2015-09-02",645.6,851.22
"2015-09-03",645.64,851.24
"2015-09-04",644.87,851.23
"2015-09-05",645.79,851.21
"2015-09-06",646.22,851.2
"2015-09-07",646.32,851.21
"2015-09-08",644.9,851.24
"2015-09-09",643.89,851.26
"2015-09-10",644.77,851.28
"2015-09-11",646.45,851.28
"2015-09-12",647.15,851.28
"2015-09-13",647.52,851.31
"2015-09-14",647.12,851.33
"2015-09-15",646.31,851.32
"2015-09-16",646.06,851.31
"2015-09-17",646.48,851.34
"2015-09-18",646.11,851.36
"2015-09-19",646.48,851.38
"2015-09-20",646.93,851.39
"2015-09-21",646.29,851.4
"2015-09-22",646.51,851.4
"2015-09-23",646.33,851.4
"2015-09-24",646.09,851.4
"2015-09-25",646.27,851.41
"2015-09-26",647.71,851.44
"2015-09-27",648.56,851.47
"2015-09-28",648.2,851.49
"2015-09-29",647.35,851.48
"2015-09-30",646.53,851.47
"2015-10-01",645.25,851.46
"2015-10-02",644.97,851.44
"2015-10-03",645.53,851.45
"2015-10-04",646.22,851.45
"2015-10-05",645.4,851.44
"2015-10-06",644.51,851.44
"2015-10-07",644.23,851.46
"2015-10-08",644.04,851.49
"2015-10-09",644.32,851.82
"2015-10-10",645.23,851.99
"2015-10-11",645.86,852.14
"2015-10-12",645.29,852.27
"2015-10-13",643.95,852.37
"2015-10-14",643.42,852.48
"2015-10-15",643.08,852.59
"2015-10-16",642.82,852.67
"2015-10-17",643.59,852.78
"2015-10-18",643.99,852.88
"2015-10-19",643.51,852.98
"2015-10-20",642.72,853.09
"2015-10-21",643.11,853.18
"2015-10-22",643.85,853.28
"2015-10-23",644.9,853.38
"2015-10-24",648.28,853.48
"2015-10-25",651.05,853.57
"2015-10-26",651.5,853.67
"2015-10-27",651.62,853.76
"2015-10-28",651.68,853.83
"2015-10-29",651.44,853.97
"2015-10-30",654.43,854.07
"2015-10-31",657.34,854.15
"2015-11-01",658.46,854.23
"2015-11-02",659.01,854.31
"2015-11-03",659.67,854.38
"2015-11-04",660.32,854.46
"2015-11-05",660.57,854.53
"2015-11-06",660.71,854.62
"2015-11-07",661.42,854.74
"2015-11-08",661.98,854.85
"2015-11-09",661.81,854.95
"2015-11-10",661.21,855.06
"2015-11-11",661.21,855.15
"2015-11-12",660.93,855.2
"2015-11-13",660.81,855.28
"2015-11-14",661.07,855.38
"2015-11-15",661.33,855.5
"2015-11-16",661.37,855.65
"2015-11-17",661.5,855.71
"2015-11-18",661.29,855.78
"2015-11-19",661.18,855.84
"2015-11-20",661.12,855.94
"2015-11-21",661.5,855.97
"2015-11-22",661.58,856.07
"2015-11-23",661.25,856.15
"2015-11-24",660.99,856.25
"2015-11-25",660.69,856.33
"2015-11-26",660.62,856.41
"2015-11-27",661.1,856.48
"2015-11-28",663.3,856.57
"2015-11-29",664.36,856.67
"2015-11-30",664.78,856.76
"2015-12-01",665.24,856.84
"2015-12-02",665.07,856.88
"2015-12-03",664.94,856.95
"2015-12-04",665.09,857.02
"2015-12-05",665.35,857.11
"2015-12-06",665.52,857.2
"2015-12-07",665.22,857.29
"2015-12-08",665.21,857.4
"2015-12-09",665.07,857.48
"2015-12-10",665.45,857.58
"2015-12-11",666.17,857.66
"2015-12-12",665.81,857.77
"2015-12-13",666.21,857.84
"2015-12-14",666.37,857.93
"2015-12-15",666.48,858.01
"2015-12-16",666.44,858.06
"2015-12-17",666.14,858.1
"2015-12-18",666.04,858.15
"2015-12-19",666.24,858.23
"2015-12-20",666.4,858.35
"2015-12-21",666.55,858.43
"2015-12-22",666.48,858.55
"2015-12-23",666.18,858.61
"2015-12-24",666,858.65
"2015-12-25",666.25,858.73
"2015-12-26",666.73,858.84
"2015-12-27",666.76,858.87
"2015-12-28",666.71,858.92
"2015-12-29",666.68,858.97
"2015-12-30",666.91,858.99
"2015-12-31",666.7,859.04
"2016-01-01",666.39,859.11
"2016-01-02",666.7,859.19
"2016-01-03",667.7,859.27
"2016-01-04",667.56,859.35
"2016-01-05",667.55,859.43
"2016-01-06",667.81,859.53
"2016-01-07",668.25,859.62
"2016-01-08",668.14,859.69
"2016-01-09",668.02,859.71
"2016-01-10",668.19,859.76
"2016-01-11",667.94,859.83
"2016-01-12",667.67,859.9
"2016-01-13",667.41,859.99
"2016-01-14",667.66,860.09
"2016-01-15",667.82,860.17
"2016-01-16",667.69,860.21
"2016-01-17",667.83,860.24
"2016-01-18",667.4,860.28
"2016-01-19",667.08,860.35
"2016-01-20",666.76,860.44
"2016-01-21",666.76,860.49
"2016-01-22",666.41,860.52
"2016-01-23",666.51,860.59
"2016-01-24",666.83,860.68
"2016-01-25",666.33,860.73
"2016-01-26",666.01,860.78
"2016-01-27",666.07,860.81
"2016-01-28",666.05,860.86
"2016-01-29",666.21,860.94
"2016-01-30",666.5,861.02
"2016-01-31",666.37,861.07
"2016-02-01",665.83,861.11
"2016-02-02",665.54,861.14
"2016-02-03",665.28,861.1
"2016-02-04",664.98,861.2
"2016-02-05",664.81,861.26
"2016-02-06",664.99,861.31
"2016-02-07",665,861.38
"2016-02-08",664.61,861.41
"2016-02-09",664.12,861.46
"2016-02-10",663.89,861.51
"2016-02-11",663.65,861.56
"2016-02-12",663.31,861.61
"2016-02-13",663.31,861.67
"2016-02-14",663.41,861.75
"2016-02-15",663.29,861.77
"2016-02-16",662.71,861.76
"2016-02-17",662.29,861.71
"2016-02-18",661.97,861.71
"2016-02-19",661.65,861.68
"2016-02-20",661.84,861.74
"2016-02-21",662.07,861.78
"2016-02-22",662,861.87
"2016-02-23",662.51,861.93
"2016-02-24",663.06,861.94
"2016-02-25",663.49,861.96
"2016-02-26",663.38,862.01
"2016-02-27",663.79,862.12
"2016-02-28",664.27,862.19
"2016-02-29",663.86,862.24
"2016-03-01",663.41,862.26
"2016-03-02",663.08,862.29
"2016-03-03",662.88,862.32
"2016-03-04",662.77,862.35
"2016-03-05",662.73,862.38
"2016-03-06",662.91,862.45
"2016-03-07",662.75,862.55
"2016-03-08",662.67,862.63
"2016-03-09",663.5,862.67
"2016-03-10",664.37,862.69
"2016-03-11",665.11,862.76
"2016-03-12",666.14,862.86
"2016-03-13",666.79,862.92
"2016-03-14",666.61,862.94
"2016-03-15",666.41,863.02
"2016-03-16",666.04,863.07
"2016-03-17",665.9,863.1
"2016-03-18",665.96,863.18
"2016-03-19",666.04,863.18
"2016-03-20",666.08,863.21
"2016-03-21",665.74,863.22
"2016-03-22",665.39,863.33
"2016-03-23",665.33,863.34
"2016-03-24",665.44,863.43
"2016-03-25",665.36,863.49
"2016-03-26",665.6,863.53
"2016-03-27",665.74,863.54
"2016-03-28",665.52,863.57
"2016-03-29",665.15,863.62
"2016-03-30",665,863.63
"2016-03-31",665.02,863.71
"2016-04-01",664.37,863.71
"2016-04-02",664.53,863.66
"2016-04-03",664.11,863.7
"2016-04-04",663.5,863.69
"2016-04-05",662.8,863.68
"2016-04-06",662.56,863.71
"2016-04-07",662.05,863.72
"2016-04-08",661.68,863.79
"2016-04-09",661.82,863.77
"2016-04-10",661.86,863.83
"2016-04-11",661.9,863.87
"2016-04-12",661.36,863.89
"2016-04-13",662.41,863.91
"2016-04-14",663.21,863.98
"2016-04-15",663.64,864.09
"2016-04-16",664.3,864.14
"2016-04-17",664.7,864.16
"2016-04-18",665.47,864.18
"2016-04-19",666.79,864.2
"2016-04-20",667.45,864.26
"2016-04-21",667.95,864.3
"2016-04-22",668.7,864.33
"2016-04-23",669.25,864.37
"2016-04-24",669.93,864.43
"2016-04-25",669.87,864.47
"2016-04-26",669.65,864.45
"2016-04-27",669.62,864.45
"2016-04-28",669.92,864.42
"2016-04-29",670,864.48
"2016-04-30",670.49,864.65
"2016-05-01",671.05,864.68
"2016-05-02",670.96,864.68
"2016-05-03",670.73,864.69
"2016-05-04",670.28,864.76
"2016-05-05",669.83,864.75
"2016-05-06",668.95,864.74
"2016-05-07",668.64,864.68
"2016-05-08",668.55,864.72
"2016-05-09",668.33,864.73
"2016-05-10",667.72,864.69
"2016-05-11",668.7,864.61
"2016-05-12",669.6,864.56
"2016-05-13",670.3,864.61
"2016-05-14",670.95,864.63
"2016-05-15",671.53,864.73
"2016-05-16",672.61,864.79
"2016-05-17",673.22,864.82
"2016-05-18",674.6,864.83
"2016-05-19",676.61,864.89
"2016-05-20",677.76,865.07
"2016-05-21",678.1,865.16
"2016-05-22",678.74,865.24
"2016-05-23",678.62,865.27
"2016-05-24",678.72,865.31
"2016-05-25",678.78,865.32
"2016-05-26",678.49,865.43
"2016-05-27",678.51,865.49
"2016-05-28",678.43,865.51
"2016-05-29",678.69,865.66
"2016-05-30",679.36,865.77
"2016-05-31",679.94,865.86
"2016-06-01",680.67,865.93
"2016-06-02",682.56,866.21
"2016-06-03",683.42,866.36
"2016-06-04",684.43,866.48
"2016-06-05",685.01,866.59
"2016-06-06",685.49,866.65
"2016-06-07",685.44,866.65
"2016-06-08",685.39,866.71
"2016-06-09",685.37,866.75
"2016-06-10",685.28,866.9
"2016-06-11",684.79,866.96
"2016-06-12",684.79,867.03
"2016-06-13",684.44,867.06
"2016-06-14",683.65,867.08
"2016-06-15",683.21,867.03
"2016-06-16",682.49,867
"2016-06-17",681.62,866.97
"2016-06-18",681.01,867
"2016-06-19",680.55,867.11
"2016-06-20",679.95,867.11
"2016-06-21",679.12,867.14
"2016-06-22",678.21,867.14
"2016-06-23",677.57,867.16
"2016-06-24",676.72,867.12
"2016-06-25",676.32,867.1
"2016-06-26",676.63,867.11
"2016-06-27",676.57,867.16
"2016-06-28",675.78,867.2
"2016-06-29",675.47,867.22
"2016-06-30",674.99,867.22
"2016-07-01",674.31,867.18
"2016-07-02",673.99,867.21
"2016-07-03",674.05,867.31
"2016-07-04",673.74,867.33
"2016-07-05",672.72,867.32
"2016-07-06",671.84,867.29
"2016-07-07",671.13,867.2
"2016-07-08",670.67,867.07
"2016-07-09",670.38,867.05
"2016-07-10",670.23,867.28
"2016-07-11",669.85,867.11
"2016-07-12",668.67,867.16
"2016-07-13",668.22,867.07
"2016-07-14",667.35,867.1
"2016-07-15",666.6,867.17
"2016-07-16",666.1,867.1
"2016-07-17",666.35,867.12
"2016-07-18",665.64,867.09
"2016-07-19",664.59,867.12
"2016-07-20",664.05,867.22
"2016-07-21",663.46,867.17
"2016-07-22",663.2,867.18
"2016-07-23",663.08,867.19
"2016-07-24",663.44,867.27
"2016-07-25",662.67,867.24
"2016-07-26",663.26,867.19
"2016-07-27",663.86,867.17
"2016-07-28",665.43,867.23
"2016-07-29",665.67,867.16
"2016-07-30",666.08,867.26
"2016-07-31",666.82,867.31
"2016-08-01",666.49,867.33
"2016-08-02",665.61,867.34
"2016-08-03",664.92,867.35
"2016-08-04",664.4,867.35
"2016-08-05",663.69,867.32
"2016-08-06",663.92,867.3
"2016-08-07",663.93,867.34
"2016-08-08",663.52,867.32
"2016-08-09",661.94,867.34
"2016-08-10",661.56,867.34
"2016-08-11",660.92,867.36
"2016-08-12",660.54,867.36
"2016-08-13",661.22,867.4
"2016-08-14",662.58,867.41
"2016-08-15",664.24,867.46
"2016-08-16",665.67,867.49
"2016-08-17",667.44,867.59
"2016-08-18",668.16,867.65
"2016-08-19",669,867.73
"2016-08-20",669.67,867.88
"2016-08-21",671.43,868
"2016-08-22",672.91,868.11
"2016-08-23",673.83,868.13
"2016-08-24",674.32,868.24
"2016-08-25",674.56,868.31
"2016-08-26",674.77,868.4
"2016-08-27",674.87,868.48
"2016-08-28",675.34,868.55
"2016-08-29",675.15,868.58
"2016-08-30",675.3,868.63
"2016-08-31",675.13,868.73
"2016-09-01",675.26,868.81
"2016-09-02",675.04,868.87
"2016-09-03",675.42,868.93
"2016-09-04",675.75,869
"2016-09-05",676.04,869.04
"2016-09-06",675.46,869.08
"2016-09-07",675.56,869.1
"2016-09-08",675.15,869.15
"2016-09-09",674.7,869.2
"2016-09-10",674.66,869.25
"2016-09-11",674.97,869.28
"2016-09-12",675.23,869.34
"2016-09-13",674.86,869.38
"2016-09-14",674.89,869.52
"2016-09-15",674.84,869.55
"2016-09-16",674.54,869.65
"2016-09-17",674.66,869.72
"2016-09-18",674.75,869.75
"2016-09-19",674.28,869.78
"2016-09-20",673.44,869.83
"2016-09-21",673.48,869.89
"2016-09-22",673.26,869.92
"2016-09-23",673.27,870.02
"2016-09-24",673.39,870.08
"2016-09-25",674.15,870.16
"2016-09-26",676.29,870.24
"2016-09-27",677.56,870.26
"2016-09-28",678.1,870.36
"2016-09-29",678.08,870.38
"2016-09-30",678.05,870.49
"2016-10-01",678.15,870.57
"2016-10-02",678.43,870.65
"2016-10-03",678.2,870.71
"2016-10-04",677.72,870.75
"2016-10-05",677.31,870.8
"2016-10-06",676.68,870.83
"2016-10-07",676.38,870.87
"2016-10-08",676.61,870.94
"2016-10-09",676.79,870.98
"2016-10-10",676.8,871.02
"2016-10-11",676.27,871.08
"2016-10-12",676.06,871.12
"2016-10-13",675.92,871.19
"2016-10-14",675.66,871.24
"2016-10-15",675.85,871.28
"2016-10-16",675.99,871.29
"2016-10-17",675.78,871.34
"2016-10-18",675.39,871.39
"2016-10-19",675.12,871.38
"2016-10-20",674.99,871.38
"2016-10-21",674.75,871.38
"2016-10-22",674.92,871.44
"2016-10-23",675.49,871.49
"2016-10-24",675.21,871.51
"2016-10-25",674.99,871.5
"2016-10-26",674.79,871.53
"2016-10-27",674.44,871.55
"2016-10-28",674.54,871.65
"2016-10-29",674.63,871.72
"2016-10-30",674.53,871.74
"2016-10-31",674.6,871.75
"2016-11-01",674.45,871.79
"2016-11-02",674.81,871.83
"2016-11-03",675.28,871.89
"2016-11-04",675.65,871.96
"2016-11-05",675.95,872.02
"2016-11-06",676.48,872.09
"2016-11-07",676.5,872.12
"2016-11-08",676.78,872.16
"2016-11-09",678.09,872.18
"2016-11-10",678.8,872.2
"2016-11-11",679.46,872.26
"2016-11-12",680.11,872.29
"2016-11-13",680.62,872.34
"2016-11-14",680.6,872.38
"2016-11-15",680.62,872.44
"2016-11-16",680.63,872.44
"2016-11-17",680.73,872.47
"2016-11-18",680.64,872.47
"2016-11-19",680.57,872.44
"2016-11-20",680.79,872.53
"2016-11-21",680.65,872.57
"2016-11-22",680.53,872.6
"2016-11-23",680.31,872.59
"2016-11-24",680.04,872.57
"2016-11-25",680.13,872.58
"2016-11-26",680.23,872.63
"2016-11-27",680.44,872.69
"2016-11-28",680.49,872.77
"2016-11-29",680.1,872.8
"2016-11-30",679.98,872.75
"2016-12-01",679.42,872.78
"2016-12-02",679.49,872.83
"2016-12-03",681.65,872.95
"2016-12-04",683.26,873.04
"2016-12-05",684.69,873.13
"2016-12-06",685.39,873.3
"2016-12-07",686.05,873.27
"2016-12-08",686.27,873.29
"2016-12-09",686.62,873.36
"2016-12-10",687.17,873.46
"2016-12-11",687.51,873.55
"2016-12-12",687.43,873.59
"2016-12-13",687.26,873.63
"2016-12-14",687.02,873.64
"2016-12-15",686.85,873.67
"2016-12-16",686.74,873.82
"2016-12-17",686.91,873.89
"2016-12-18",686.75,873.81
"2016-12-19",686.4,873.78
"2016-12-20",686.36,873.88
"2016-12-21",686.03,873.91
"2016-12-22",685.96,873.98
"2016-12-23",685.72,874.06
"2016-12-24",685.89,874.1
"2016-12-25",686.01,874.16
"2016-12-26",685.84,874.15
"2016-12-27",685.63,874.13
"2016-12-28",685.61,874.18
"2016-12-29",685.48,874.22
"2016-12-30",685.27,874.29
"2016-12-31",685.35,874.39
"2017-01-01",685.41,874.42
"2017-01-02",685.51,874.44
"2017-01-03",685.12,874.44
"2017-01-04",684.81,874.47
"2017-01-05",684.62,874.54
"2017-01-06",684.37,874.51
"2017-01-07",683.95,874.44
"2017-01-08",683.88,874.53
"2017-01-09",683.66,874.58
"2017-01-10",683.66,874.62
"2017-01-11",683.67,874.65
"2017-01-12",683.52,874.66
"2017-01-13",683.39,874.63
"2017-01-14",683.33,874.65
"2017-01-15",683.59,874.78
"2017-01-16",683.99,874.8
"2017-01-17",684.46,874.83
"2017-01-18",684.89,874.86
"2017-01-19",685.35,874.93
"2017-01-20",685.59,874.97
"2017-01-21",685.89,875.03
"2017-01-22",685.97,875
"2017-01-23",685.98,875.09
"2017-01-24",685.87,875.12
"2017-01-25",685.63,875.1
"2017-01-26",685.32,875.06
"2017-01-27",685.18,875.08
"2017-01-28",685.27,875.09
"2017-01-29",685.3,875.11
"2017-01-30",685.06,875.18
"2017-01-31",684.86,875.21
"2017-02-01",684.68,875.24
"2017-02-02",684.3,875.21
"2017-02-03",684.1,875.21
"2017-02-04",684.39,875.24
"2017-02-05",684.52,875.28
"2017-02-06",684.42,875.33
"2017-02-07",684.2,875.34
"2017-02-08",684.04,875.36
"2017-02-09",683.55,875.31
"2017-02-10",683.55,875.37
"2017-02-11",683.42,875.4
"2017-02-12",683.47,875.42
"2017-02-13",683.34,875.47
"2017-02-14",683.41,875.48
"2017-02-15",683.65,875.5
"2017-02-16",684.17,875.53
"2017-02-17",684.17,875.58
"2017-02-18",684.41,875.56
"2017-02-19",684.41,875.58
"2017-02-20",685.15,875.59
"2017-02-21",686.04,875.63
"2017-02-22",686.45,875.66
"2017-02-23",686.99,875.69
"2017-02-24",687.19,875.67
"2017-02-25",687.17,875.66
"2017-02-26",687.33,875.73
"2017-02-27",687.18,875.73
"2017-02-28",686.94,875.75
"2017-03-01",686.66,875.74
"2017-03-02",686.55,875.72
"2017-03-03",686.15,875.75
"2017-03-04",686.27,875.86
"2017-03-05",686.64,875.91
"2017-03-06",686.83,875.96
"2017-03-07",686.62,875.93
"2017-03-08",686.54,875.94
"2017-03-09",686.6,875.97
"2017-03-10",686.58,875.96
"2017-03-11",686.63,876
"2017-03-12",686.68,876
"2017-03-13",686.71,876.03
"2017-03-14",686.35,876.02
"2017-03-15",686.48,876.05
"2017-03-16",686.32,876.04
"2017-03-17",686.02,876.05
"2017-03-18",685.91,876.02
"2017-03-19",685.74,876.02
"2017-03-20",685.55,876.06
"2017-03-21",685.11,876.06
"2017-03-22",685.01,876.02
"2017-03-23",684.71,876.05
"2017-03-24",684.09,876.06
"2017-03-25",683.65,876.05
"2017-03-26",683.39,876.07
"2017-03-27",682.74,876.05
"2017-03-28",682.28,876.08
"2017-03-29",682.15,876.08
"2017-03-30",682.23,876.09
"2017-03-31",682.31,876.12
"2017-04-01",682.23,876.11
"2017-04-02",682.41,876.16
"2017-04-03",682.21,876.19
"2017-04-04",682.3,876.21
"2017-04-05",682.07,876.19
"2017-04-06",681.81,876.23
"2017-04-07",681.65,876.24
"2017-04-08",681.58,876.28
"2017-04-09",681.65,876.32
"2017-04-10",681.31,876.32
"2017-04-11",681.27,876.33
"2017-04-12",681.37,876.4
"2017-04-13",681.56,876.42
"2017-04-14",681.63,876.48
"2017-04-15",681.35,876.51
"2017-04-16",681.55,876.53
"2017-04-17",681.43,876.58
"2017-04-18",681.32,876.61
"2017-04-19",681.04,876.64
"2017-04-20",681.15,876.67
"2017-04-21",680.88,876.71
"2017-04-22",680.49,876.71
"2017-04-23",680.62,876.71
"2017-04-24",680.05,876.75
"2017-04-25",679.32,876.78
"2017-04-26",679.02,876.78
"2017-04-27",678.32,876.72
"2017-04-28",678.15,876.73
"2017-04-29",677.51,876.74
"2017-04-30",677.59,876.67
"2017-05-01",677.19,876.66
"2017-05-02",676.39,876.62
"2017-05-03",675.93,876.56
"2017-05-04",675.48,876.46
"2017-05-05",674.82,876.45
"2017-05-06",674.56,876.41
"2017-05-07",674.42,876.38
"2017-05-08",673.6,876.35
"2017-05-09",673.18,876.33
"2017-05-10",672.88,876.27
"2017-05-11",673.01,876.22
"2017-05-12",672.61,876.17
"2017-05-13",672.29,876.11
"2017-05-14",672.24,876.09
"2017-05-15",671.75,876.07
"2017-05-16",671.11,876.05
"2017-05-17",671.14,876.04
"2017-05-18",671.11,876
"2017-05-19",670.91,875.97
"2017-05-20",670.83,876
"2017-05-21",671.35,876.04
"2017-05-22",671.97,876.14
"2017-05-23",672,876.15
"2017-05-24",671.88,876.2
"2017-05-25",671.49,876.21
"2017-05-26",671.28,876.19
"2017-05-27",671.05,876.22
"2017-05-28",671.37,876.24
"2017-05-29",671.56,876.23
"2017-05-30",670.94,876.22
"2017-05-31",671.85,876.23
"2017-06-01",672.65,876.26
"2017-06-02",673.09,876.26
"2017-06-03",673.72,876.3
"2017-06-04",674.14,876.33
"2017-06-05",674.16,876.33
"2017-06-06",674.16,876.29
"2017-06-07",673.98,876.29
"2017-06-08",673.9,876.28
"2017-06-09",673.5,876.26
"2017-06-10",673.01,876.24
"2017-06-11",672.76,876.21
"2017-06-12",672.13,876.14
"2017-06-13",670.95,876.11
"2017-06-14",669.96,876.04
"2017-06-15",669.09,875.95
"2017-06-16",668.13,875.86
"2017-06-17",667.59,875.81
"2017-06-18",667.26,875.72
"2017-06-19",666.68,875.57
"2017-06-20",665.73,875.53
"2017-06-21",665.15,875.47
"2017-06-22",664.34,875.43
"2017-06-23",663.56,875.34
"2017-06-24",662.97,875.26
"2017-06-25",663.73,875.22
"2017-06-26",664.17,875.2
"2017-06-27",664.15,875.23
"2017-06-28",664.53,875.23
"2017-06-29",664.67,875.19
"2017-06-30",663.89,875.1
"2017-07-01",663.48,875.02
"2017-07-02",663.73,874.98
"2017-07-03",663.41,874.93
"2017-07-04",662.25,874.87
"2017-07-05",661.53,874.79
"2017-07-06",660.62,874.73
"2017-07-07",660.2,874.63
"2017-07-08",659.87,874.58
"2017-07-09",659.95,874.56
"2017-07-10",659.33,874.53
"2017-07-11",658.47,874.47
"2017-07-12",658.3,874.41
"2017-07-13",658.11,874.35
"2017-07-14",657.81,874.34
"2017-07-15",658.11,874.31
"2017-07-16",659.32,874.29
"2017-07-17",659.1,874.28
"2017-07-18",658.36,874.29
"2017-07-19",657.74,874.27
"2017-07-20",656.63,874.24
"2017-07-21",656.72,874.16
"2017-07-22",656.45,874.08
"2017-07-23",657.05,874.05
"2017-07-24",656.34,874
"2017-07-25",655.16,873.98
"2017-07-26",654.54,873.89
"2017-07-27",654.25,873.89
"2017-07-28",653.93,873.88
"2017-07-29",653.95,873.86
"2017-07-30",654.4,873.85
"2017-07-31",653.77,873.8
"2017-08-01",652.95,873.78
"2017-08-02",652.85,873.73
"2017-08-03",653.45,873.72
"2017-08-04",653.93,873.64
"2017-08-05",654.25,873.6
"2017-08-06",654.8,873.64
"2017-08-07",656.86,873.66
"2017-08-08",658.8,873.69
"2017-08-09",659.37,873.68
"2017-08-10",660,873.63
"2017-08-11",660.27,873.61
"2017-08-12",660.64,873.54
"2017-08-13",661.08,873.54
"2017-08-14",660.61,873.5
"2017-08-15",660.13,873.49
"2017-08-16",659.28,873.48
"2017-08-17",658.85,873.44
"2017-08-18",658.37,873.44
"2017-08-19",658.78,873.41
"2017-08-20",658.94,873.42
"2017-08-21",658.42,873.37
"2017-08-22",657.89,873.35
"2017-08-23",657.47,873.36
"2017-08-24",657.6,873.38
"2017-08-25",659.36,873.4
"2017-08-26",661.47,873.43
"2017-08-27",663.54,873.46
"2017-08-28",664.41,873.45
"2017-08-29",664.95,873.41
"2017-08-30",664.98,873.39
"2017-08-31",664.71,873.3
"2017-09-01",663.39,873.33
"2017-09-02",663.15,873.35
"2017-09-03",663.03,873.32
"2017-09-04",662.62,873.32
"2017-09-05",661.5,873.3
"2017-09-06",661.08,873.21
"2017-09-07",660.96,873.24
"2017-09-08",660.11,873.4
"2017-09-09",660.67,873.24
"2017-09-10",660.58,873.2
"2017-09-11",660.31,873.18
"2017-09-12",659.45,873.19
"2017-09-13",659.12,873.18
"2017-09-14",658.69,873.12
"2017-09-15",658.43,873.05
"2017-09-16",658.73,873.13
"2017-09-17",658.98,873.1
"2017-09-18",658.58,873.11
"2017-09-19",657.81,873.09
"2017-09-20",657.47,873.13
"2017-09-21",656.96,873.15
"2017-09-22",656.93,873.12
"2017-09-23",658.02,873.1
"2017-09-24",658.61,873.1
"2017-09-25",658.45,873.11
"2017-09-26",659.78,873.22
"2017-09-27",661,873.49
"2017-09-28",662.66,873.77
"2017-09-29",663.71,873.75
"2017-09-30",664.63,873.88
"2017-10-01",665.53,873.96
"2017-10-02",665.43,874.05
"2017-10-03",665.11,874.08
"2017-10-04",665.39,874.1
"2017-10-05",665.6,874.16
"2017-10-06",665.56,874.22
"2017-10-07",666.08,874.27
"2017-10-08",666.19,874.33
"2017-10-09",666.11,874.36
"2017-10-10",665.12,874.34
"2017-10-11",665.27,874.35
"2017-10-12",665.27,874.4
"2017-10-13",664.77,874.42
"2017-10-14",664.84,874.44
"2017-10-15",665.12,874.47
"2017-10-16",664.6,874.47
"2017-10-17",663.99,874.5
"2017-10-18",663.72,874.64
"2017-10-19",663.6,874.55
"2017-10-20",663.25,874.58
"2017-10-21",663.7,874.6
"2017-10-22",663.89,874.57
"2017-10-23",663.39,874.55
"2017-10-24",662.89,874.56
"2017-10-25",662.64,874.61
"2017-10-26",662.36,874.66
"2017-10-27",662.21,874.66
"2017-10-28",662.33,874.67
"2017-10-29",662.99,874.64
"2017-10-30",662.41,874.65
"2017-10-31",662.07,874.68
"2017-11-01",662.51,874.69
"2017-11-02",662.43,874.69
"2017-11-03",662.4,874.68
"2017-11-04",662.56,874.68
"2017-11-05",662.76,874.69
"2017-11-06",662.22,874.69
"2017-11-07",661.9,874.67
"2017-11-08",661.67,874.68
"2017-11-09",661.88,874.68
"2017-11-10",662.04,874.71
"2017-11-11",662.29,874.74
"2017-11-12",662.8,874.75
"2017-11-13",662.78,874.76
"2017-11-14",662.74,874.8
"2017-11-15",662.69,874.82
"2017-11-16",662.69,874.82
"2017-11-17",662.59,874.85
"2017-11-18",662.82,874.86
"2017-11-19",662.75,874.82
"2017-11-20",662.9,874.87
"2017-11-21",662.58,874.88
"2017-11-22",662.2,874.82
"2017-11-23",662.04,874.85
"2017-11-24",662.44,874.88
"2017-11-25",662.53,874.89
"2017-11-26",662.5,874.85
"2017-11-27",662.1,874.87
"2017-11-28",661.67,874.88
"2017-11-29",661.36,874.85
"2017-11-30",661.43,874.86
"2017-12-01",661.09,874.87
"2017-12-02",661.26,874.89
"2017-12-03",661.62,874.92
"2017-12-04",661.4,874.94
"2017-12-05",661.36,874.92
"2017-12-06",661.67,874.88
"2017-12-07",663.4,874.97
"2017-12-08",663.79,875.01
"2017-12-09",664.47,875.01
"2017-12-10",664.95,875.01
"2017-12-11",664.93,875.03
"2017-12-12",664.63,875.02
"2017-12-13",664.63,875.08
"2017-12-14",664.55,875.09
"2017-12-15",664.31,875.05
"2017-12-16",664.96,875.11
"2017-12-17",665.81,875.11
"2017-12-18",665.78,875.12
"2017-12-19",666.11,875.14
"2017-12-20",666.53,875.16
"2017-12-21",666.87,875.18
"2017-12-22",666.65,875.19
"2017-12-23",666.77,875.18
"2017-12-24",666.83,875.19
"2017-12-25",666.75,875.22
"2017-12-26",666.78,875.23
"2017-12-27",666.65,875.21
"2017-12-28",666.3,875.21
"2017-12-29",666.24,875.22
"2017-12-30",666.46,875.25
"2017-12-31",666.1,875.26
"2018-01-01",665.94,875.18
"2018-01-02",665.62,875.21
"2018-01-03",665.09,875.2
"2018-01-04",664.44,875.2
"2018-01-05",664.79,875.15
"2018-01-06",664.84,875.18
"2018-01-07",665.14,875.19
"2018-01-08",664.83,875.17
"2018-01-09",664.77,875.23
"2018-01-10",664.69,875.25
"2018-01-11",664.93,875.24
"2018-01-12",664.31,875.15
"2018-01-13",664.66,875.13
"2018-01-14",664.61,875.16
"2018-01-15",664.38,875.19
"2018-01-16",664.18,875.15
"2018-01-17",663.43,875.12
"2018-01-18",663.47,875.18
"2018-01-19",663.93,875.18
"2018-01-20",664.19,875.2
"2018-01-21",664.69,875.23
"2018-01-22",664.44,875.2
"2018-01-23",664.1,875.16
"2018-01-24",663.78,875.11
"2018-01-25",663.83,875.12
"2018-01-26",663.77,875.14
"2018-01-27",664.07,875.16
"2018-01-28",664.14,875.14
"2018-01-29",663.88,875.11
"2018-01-30",663.47,875.11
"2018-01-31",663.63,875.15
"2018-02-01",663.38,875.15
"2018-02-02",663.96,875.1
"2018-02-03",664.13,875.17
"2018-02-04",664.85,875.17
"2018-02-05",664.22,875.12
"2018-02-06",664.15,875.12
"2018-02-07",664.25,875.06
"2018-02-08",664.39,875.03
"2018-02-09",664.46,875.07
"2018-02-10",664.84,875.09
"2018-02-11",665.05,875.09
"2018-02-12",664.8,875.02
"2018-02-13",664.62,875
"2018-02-14",664.41,874.98
"2018-02-15",664.44,874.99
"2018-02-16",664.83,874.97
"2018-02-17",664.88,874.97
"2018-02-18",664.86,874.97
"2018-02-19",664.6,874.98
"2018-02-20",664.43,874.97
"2018-02-21",664.61,874.94
"2018-02-22",664.92,874.92
"2018-02-23",665.58,874.92
"2018-02-24",666.39,874.94
"2018-02-25",666.85,874.93
"2018-02-26",666.71,874.89
"2018-02-27",666.87,874.9
"2018-02-28",666.85,874.92
"2018-03-01",666.85,874.9
"2018-03-02",666.4,874.83
"2018-03-03",666.75,874.82
"2018-03-04",667.05,874.83
"2018-03-05",667.04,874.81
"2018-03-06",666.62,874.77
"2018-03-07",666.37,874.73
"2018-03-08",666.22,874.72
"2018-03-09",665.91,874.72
"2018-03-10",665.98,874.72
"2018-03-11",665.97,874.7
"2018-03-12",665.49,874.63
"2018-03-13",664.96,874.62
"2018-03-14",664.86,874.57
"2018-03-15",664.3,874.57
"2018-03-16",664.49,874.54
"2018-03-17",663.92,874.48
"2018-03-18",663.99,874.45
"2018-03-19",663.47,874.4
"2018-03-20",662.97,874.33
"2018-03-21",662.63,874.22
"2018-03-22",662.01,874.12
"2018-03-23",661.97,874.07
"2018-03-24",661.88,874.04
"2018-03-25",662.08,874.03
"2018-03-26",661.49,874.01
"2018-03-27",661.12,873.98
"2018-03-28",664.38,873.99
"2018-03-29",666.55,873.98
"2018-03-30",667.27,873.92
"2018-03-31",668.02,873.87
"2018-04-01",668.67,873.86
"2018-04-02",668.65,873.83
"2018-04-03",668.41,873.84
"2018-04-04",668.04,873.68
"2018-04-05",668,873.61
"2018-04-06",667.68,873.54
"2018-04-07",667.76,873.48
"2018-04-08",668.11,873.42
"2018-04-09",667.56,873.35
"2018-04-10",667.04,873.33
"2018-04-11",666.59,873.31
"2018-04-12",666.29,873.27
"2018-04-13",665.92,873.23
"2018-04-14",665.76,873.13
"2018-04-15",665.83,873.03
"2018-04-16",665.1,872.96
"2018-04-17",664.29,872.92
"2018-04-18",663.93,872.86
"2018-04-19",663.06,872.74
"2018-04-20",662.63,872.69
"2018-04-21",663.28,872.66
"2018-04-22",663.25,872.62
"2018-04-23",662.45,872.56
"2018-04-24",661.45,872.52
"2018-04-25",660.76,872.45
"2018-04-26",661.25,872.4
"2018-04-27",661.48,872.34
"2018-04-28",661.59,872.25
"2018-04-29",661.89,872.17
"2018-04-30",661.22,872.15
"2018-05-01",661.12,872.14
"2018-05-02",661.01,872.08
"2018-05-03",660.74,871.98
"2018-05-04",661.04,871.95
"2018-05-05",662.37,871.95
"2018-05-06",662.85,871.96
"2018-05-07",662.89,871.92
"2018-05-08",662.35,871.91
"2018-05-09",662.16,871.86
"2018-05-10",661.75,871.81
"2018-05-11",661.1,871.75
"2018-05-12",661.02,871.7
"2018-05-13",660.69,871.64
"2018-05-14",660.14,871.58
"2018-05-15",660.21,871.5
"2018-05-16",659.57,871.38
"2018-05-17",659.48,871.26
"2018-05-18",658.53,871.16
"2018-05-19",657.57,871.06
"2018-05-20",657.55,871.01
"2018-05-21",657.91,871.01
"2018-05-22",658.21,871
"2018-05-23",658.12,870.95
"2018-05-24",657.9,870.92
"2018-05-25",657.87,870.86
"2018-05-26",657.42,870.82
"2018-05-27",657.54,870.75
"2018-05-28",656.74,870.67
"2018-05-29",654.99,870.54
"2018-05-30",653.96,870.48
"2018-05-31",653.35,870.36
"2018-06-01",652.34,870.24
"2018-06-02",652.12,870.12
"2018-06-03",651.9,870.02
"2018-06-04",650.95,869.9
"2018-06-05",649.51,869.86
"2018-06-06",648.64,869.75
"2018-06-07",647.84,869.59
"2018-06-08",646.98,869.45
"2018-06-09",647.06,869.29
"2018-06-10",647.31,869.18
"2018-06-11",646.83,869.06
"2018-06-12",645.05,868.96
"2018-06-13",644.93,868.83
"2018-06-14",645.07,868.76
"2018-06-15",645.07,868.62
"2018-06-16",646.07,868.51
"2018-06-17",646.88,868.4
"2018-06-18",647.15,868.29
"2018-06-19",647.31,868.19
"2018-06-20",648.06,868.06
"2018-06-21",647.38,868.02
"2018-06-22",646.55,867.8
"2018-06-23",646.31,867.67
"2018-06-24",646.44,867.59
"2018-06-25",645.26,867.49
"2018-06-26",644.1,867.38
"2018-06-27",643.39,867.26
"2018-06-28",642.72,867.22
"2018-06-29",642.4,867.16
"2018-06-30",642.77,867.04
"2018-07-01",643.37,866.96
"2018-07-02",642.61,866.87
"2018-07-03",641.21,866.78
"2018-07-04",641.08,866.63
"2018-07-05",643.1,866.55
"2018-07-06",645.03,866.5
"2018-07-07",647.1,866.46
"2018-07-08",648.43,866.44
"2018-07-09",650.96,866.46
"2018-07-10",653.59,866.5
"2018-07-11",654.39,866.51
"2018-07-12",654.97,866.49
"2018-07-13",655.11,866.4
"2018-07-14",655.17,866.35
"2018-07-15",655.13,866.3
"2018-07-16",654.42,866.26
"2018-07-17",653.25,866.21
"2018-07-18",652.19,866.13
"2018-07-19",651.54,866.07
"2018-07-20",650.61,865.99
"2018-07-21",650.33,865.92
"2018-07-22",650.51,865.82
"2018-07-23",649.85,865.7
"2018-07-24",649.23,865.6
"2018-07-25",648.72,865.51
"2018-07-26",646.55,865.39
"2018-07-27",646.4,865.29
"2018-07-28",646.89,865.2
"2018-07-29",647.37,865.12
"2018-07-30",646.75,865.06
"2018-07-31",644.73,864.96
"2018-08-01",644.67,864.89
"2018-08-02",644.2,864.85
"2018-08-03",643.38,864.77
"2018-08-04",643.75,864.66
"2018-08-05",644.37,864.59
"2018-08-06",643.58,864.54
"2018-08-07",642.93,864.51
"2018-08-08",642,864.45
"2018-08-09",641.77,864.39
"2018-08-10",641.14,864.32
"2018-08-11",642.39,864.33
"2018-08-12",643.83,864.35
"2018-08-13",644.87,864.38
"2018-08-14",645.47,864.41
"2018-08-15",645.34,864.43
"2018-08-16",645.12,864.45
"2018-08-17",645.07,864.46
"2018-08-18",645.4,864.5
"2018-08-19",645.75,864.52
"2018-08-20",645.24,864.53
"2018-08-21",643.93,864.56
"2018-08-22",643.36,864.55
"2018-08-23",643.27,864.56
"2018-08-24",642.78,864.58
"2018-08-25",643,864.58
"2018-08-26",643.08,864.59
"2018-08-27",642.65,864.61
"2018-08-28",641.41,864.62
"2018-08-29",641.12,864.62
"2018-08-30",640.87,864.61
"2018-08-31",640.64,864.61
"2018-09-01",641.54,864.63
"2018-09-02",642.36,864.64
"2018-09-03",642.3,864.69
"2018-09-04",648.29,864.87
"2018-09-05",651.28,864.95
"2018-09-06",652.51,865.03
"2018-09-07",654.39,865.15
"2018-09-08",655.77,865.34
"2018-09-09",658.48,865.7
"2018-09-10",660.71,866.04
"2018-09-11",662.52,866.33
"2018-09-12",663.61,866.58
"2018-09-13",664.44,866.84
"2018-09-14",665.53,867.08
"2018-09-15",667.08,867.36
"2018-09-16",668.53,867.74
"2018-09-17",669.74,868.04
"2018-09-18",670.65,868.34
"2018-09-19",671.32,868.62
"2018-09-20",671.8,868.88
"2018-09-21",672.3,869.13
"2018-09-22",673.74,869.34
"2018-09-23",674.79,869.47
"2018-09-24",675.39,869.57
"2018-09-25",675.63,869.67
"2018-09-26",676.13,869.78
"2018-09-27",676.56,869.91
"2018-09-28",676.63,870.02
"2018-09-29",676.77,870.13
"2018-09-30",677.04,870.25
"2018-10-01",676.88,870.36
"2018-10-02",676.7,870.47
"2018-10-03",676.81,870.6
"2018-10-04",676.67,870.68
"2018-10-05",676.46,870.81
"2018-10-06",676.49,870.91
"2018-10-07",676.57,871.02
"2018-10-08",676.51,871.13
"2018-10-09",676.63,871.26
"2018-10-10",677.01,871.37
"2018-10-11",677.01,871.48
"2018-10-12",677.41,871.63
"2018-10-13",677.63,871.76
"2018-10-14",677.85,871.87
"2018-10-15",677.8,871.97
"2018-10-16",678.55,872.12
"2018-10-17",679.02,872.27
"2018-10-18",679.45,872.43
"2018-10-19",679.99,872.59
"2018-10-20",680.55,872.73
"2018-10-21",680.85,872.88
"2018-10-22",681.14,873.03
"2018-10-23",681.33,873.19
"2018-10-24",681.54,873.37
"2018-10-25",682.06,873.5
"2018-10-26",682.47,873.63
"2018-10-27",682.88,873.76
"2018-10-28",683.17,873.88
"2018-10-29",683.27,874.02
"2018-10-30",683.24,874.16
"2018-10-31",683.37,874.28
"2018-11-01",683.57,874.37
"2018-11-02",683.84,874.54
"2018-11-03",684.23,874.65
"2018-11-04",684.44,874.76
"2018-11-05",684.41,874.88
"2018-11-06",684.24,874.98
"2018-11-07",684.15,875.07
"2018-11-08",684.21,875.15
"2018-11-09",684.31,875.2
"2018-11-10",684.89,875.34
"2018-11-11",685.27,875.47
"2018-11-12",685.38,875.5
"2018-11-13",685.4,875.54
"2018-11-14",685.19,875.66
"2018-11-15",685.36,875.76
"2018-11-16",685.27,875.86
"2018-11-17",685.38,875.95
"2018-11-18",685.57,876.02
"2018-11-19",685.4,876.08
"2018-11-20",685.16,876.15
"2018-11-21",685.15,876.22
"2018-11-22",685.16,876.35
"2018-11-23",685.28,876.45
"2018-11-24",685.54,876.55
"2018-11-25",685.35,876.57
"2018-11-26",685.04,876.6
"2018-11-27",684.82,876.71
"2018-11-28",684.89,876.8
"2018-11-29",684.99,876.88
"2018-11-30",684.57,876.98
"2018-12-01",684.81,877.04
"2018-12-02",684.65,877.09
"2018-12-03",684.42,877.11
"2018-12-04",683.94,877.11
"2018-12-05",683.87,877.2
"2018-12-06",683.98,877.27
"2018-12-07",684.25,877.4
"2018-12-08",684.74,877.44
"2018-12-09",685.44,877.49
"2018-12-10",685.53,877.54
"2018-12-11",685.54,877.64
"2018-12-12",685.74,877.75
"2018-12-13",686,877.78
"2018-12-14",685.94,877.8
"2018-12-15",686.07,877.86
"2018-12-16",686.01,877.92
"2018-12-17",685.88,877.99
"2018-12-18",685.66,878.09
"2018-12-19",685.87,878.14
"2018-12-20",685.73,878.15
"2018-12-21",685.6,878.24
"2018-12-22",685.63,878.28
"2018-12-23",685.74,878.29
"2018-12-24",685.58,878.38
"2018-12-25",685.69,878.45
"2018-12-26",685.71,878.54
"2018-12-27",685.71,878.54
"2018-12-28",685.78,878.54
"2018-12-29",685.93,878.6
"2018-12-30",686.11,878.71
"2018-12-31",686.42,878.71
"2019-01-01",686.2,878.74
"2019-01-02",686.32,878.79
"2019-01-03",686.5,878.84
"2019-01-04",686.72,878.93
"2019-01-05",686.63,878.98
"2019-01-06",686.9,879.04
"2019-01-07",686.75,879.05
"2019-01-08",686.64,879.07
"2019-01-09",686.73,879.09
"2019-01-10",686.62,879.17
"2019-01-11",686.56,879.26
"2019-01-12",686.88,879.26
"2019-01-13",687.01,879.26
"2019-01-14",686.78,879.31
"2019-01-15",686.85,879.36
"2019-01-16",686.8,879.4
"2019-01-17",686.73,879.45
"2019-01-18",686.73,879.55
"2019-01-19",686.9,879.52
"2019-01-20",686.85,879.54
"2019-01-21",686.88,879.63
"2019-01-22",686.65,879.66
"2019-01-23",686.46,879.63
"2019-01-24",686.48,879.65
"2019-01-25",686.44,879.66
"2019-01-26",686.66,879.72
"2019-01-27",686.6,879.76
"2019-01-28",686.55,879.79
"2019-01-29",686.41,879.75
"2019-01-30",686.53,879.79
"2019-01-31",686.26,879.83
"2019-02-01",686.18,879.87
"2019-02-02",686.29,879.9
"2019-02-03",686.4,879.95
"2019-02-04",686.34,879.98
"2019-02-05",686.25,879.98
"2019-02-06",686.13,879.98
"2019-02-07",685.83,879.98
"2019-02-08",685.58,879.9
"2019-02-09",685.65,880
"2019-02-10",685.82,880.1
"2019-02-11",685.57,880.11
"2019-02-12",685.47,880.08
"2019-02-13",685.35,880.13
"2019-02-14",685.44,880.17
"2019-02-15",685.24,880.25
"2019-02-16",685.24,880.23
"2019-02-17",685.28,880.24
"2019-02-18",685,880.19
"2019-02-19",684.73,880.26
"2019-02-20",684.84,880.25
"2019-02-21",684.78,880.26
"2019-02-22",684.52,880.25
"2019-02-23",684.58,880.26
"2019-02-24",684.45,880.16
"2019-02-25",684.18,880.2
"2019-02-26",684.07,880.21
"2019-02-27",683.88,880.24
"2019-02-28",683.71,880.26
"2019-03-01",683.65,880.27
"2019-03-02",683.64,880.28
"2019-03-03",684.21,880.29
"2019-03-04",684.02,880.25
"2019-03-05",684.17,880.23
"2019-03-06",684.15,880.3
"2019-03-07",684.57,880.36
"2019-03-08",684.81,880.39
"2019-03-09",685.07,880.41
"2019-03-10",685.01,880.37
"2019-03-11",684.89,880.36
"2019-03-12",684.91,880.45
"2019-03-13",684.99,880.47
"2019-03-14",684.91,880.43
"2019-03-15",684.36,880.34
"2019-03-16",684.44,880.36
"2019-03-17",684.6,880.38
"2019-03-18",684.34,880.39
"2019-03-19",683.9,880.38
"2019-03-20",683.78,880.38
"2019-03-21",683.41,880.36
"2019-03-22",683.48,880.36
"2019-03-23",683.1,880.34
"2019-03-24",682.99,880.3
"2019-03-25",682.59,880.28
"2019-03-26",681.98,880.24
"2019-03-27",681.25,880.21
"2019-03-28",680.59,880.21
"2019-03-29",680.26,880.26
"2019-03-30",680,880.2
"2019-03-31",679.93,880.09
"2019-04-01",679.52,880.08
"2019-04-02",679.08,880.07
"2019-04-03",678.68,880.1
"2019-04-04",678.58,880.11
"2019-04-05",678.62,880.07
"2019-04-06",678.8,880.06
"2019-04-07",679.17,880.06
"2019-04-08",679.66,880.02
"2019-04-09",679.91,880.02
"2019-04-10",680.14,880.09
"2019-04-11",680.07,880.07
"2019-04-12",679.87,880.01
"2019-04-13",680.26,880.05
"2019-04-14",680.6,879.97
"2019-04-15",680.38,880.16
"2019-04-16",680.13,879.97
"2019-04-17",680.11,880
"2019-04-18",680.39,880.01
"2019-04-19",680.72,879.99
"2019-04-20",680.9,880.03
"2019-04-21",681.03,880.08
"2019-04-22",681.14,880.07
"2019-04-23",680.74,880.11
"2019-04-24",680.85,880.16
"2019-04-25",680.97,880.17
"2019-04-26",680.99,880.16
"2019-04-27",681.18,880.22
"2019-04-28",681.12,880.22
"2019-04-29",680.99,880.22
"2019-04-30",680.77,880.29
"2019-05-01",680.68,880.23
"2019-05-02",680.73,880.23
"2019-05-03",680.84,880.3
"2019-05-04",682.02,880.34
"2019-05-05",682.39,880.37
"2019-05-06",682.78,880.4
"2019-05-07",683.02,880.43
"2019-05-08",683.39,880.46
"2019-05-09",683.53,880.46
"2019-05-10",683.81,880.46
"2019-05-11",684.21,880.52
"2019-05-12",684.61,880.53
"2019-05-13",684.41,880.52
"2019-05-14",684.61,880.53
"2019-05-15",684.42,880.51
"2019-05-16",684.39,880.51
"2019-05-17",684.18,880.53
"2019-05-18",684.24,880.56
"2019-05-19",684.28,880.53
"2019-05-20",684,880.56
"2019-05-21",683.63,880.57
"2019-05-22",683.26,880.5
"2019-05-23",682.6,880.41
"2019-05-24",681.89,880.35
"2019-05-25",681.64,880.34
"2019-05-26",681.53,880.32
"2019-05-27",681.38,880.33
"2019-05-28",680.74,880.33
"2019-05-29",680.43,880.28
"2019-05-30",680,880.17
"2019-05-31",679.9,880.1
"2019-06-01",679.92,880.07
"2019-06-02",679.98,880.03
"2019-06-03",679.77,880
"2019-06-04",679.37,880.06
"2019-06-05",679.95,880.1
"2019-06-06",680.73,880.12
"2019-06-07",681.07,880.16
"2019-06-08",681.43,880.18
"2019-06-09",681.71,880.2
"2019-06-10",681.47,880.23
"2019-06-11",681.65,880.38
"2019-06-12",681.58,880.42
"2019-06-13",681.46,880.46
"2019-06-14",681.22,880.49
"2019-06-15",680.63,880.55
"2019-06-16",680.49,880.6
"2019-06-17",680.54,880.58
"2019-06-18",680.81,880.61
"2019-06-19",681.05,880.62
"2019-06-20",680.81,880.57
"2019-06-21",680.58,880.47
"2019-06-22",680.39,880.42
"2019-06-23",680.7,880.41
"2019-06-24",680.86,880.4
"2019-06-25",681.32,880.39
"2019-06-26",681.63,880.38
"2019-06-27",682.07,880.38
"2019-06-28",682.36,880.36
"2019-06-29",682.49,880.35
"2019-06-30",683.2,880.35
"2019-07-01",683.66,880.35
"2019-07-02",683.88,880.31
"2019-07-03",683.99,880.26
"2019-07-04",684.13,880.23
"2019-07-05",684.07,880.16
"2019-07-06",683.79,880.12
"2019-07-07",683.65,880.11
"2019-07-08",683.2,880.08
"2019-07-09",682.58,880.05
"2019-07-10",681.92,879.97
"2019-07-11",681.18,879.98
"2019-07-12",680.71,879.9
"2019-07-13",680.25,879.87
"2019-07-14",680.1,879.83
"2019-07-15",679.83,879.75
"2019-07-16",679.35,879.73
"2019-07-17",678.82,879.69
"2019-07-18",678.34,879.65
"2019-07-19",677.82,879.6
"2019-07-20",677.39,879.52
"2019-07-21",677.1,879.46
"2019-07-22",676.56,879.39
"2019-07-23",675.88,879.34
"2019-07-24",675.47,879.27
"2019-07-25",674.83,879.18
"2019-07-26",674.57,879.08
"2019-07-27",674.18,879.02
"2019-07-28",674.05,879.02
"2019-07-29",673.71,878.99
"2019-07-30",673.03,878.93
"2019-07-31",672.65,878.88
"2019-08-01",672.24,878.82
"2019-08-02",671.58,878.78
"2019-08-03",671.61,878.74
"2019-08-04",671.57,878.71
"2019-08-05",671.34,878.66
"2019-08-06",670.53,878.61
"2019-08-07",669.93,878.57
"2019-08-08",669.48,878.54
"2019-08-09",668.86,878.45
"2019-08-10",668.77,878.41
"2019-08-11",669.1,878.36
"2019-08-12",668.67,878.32
"2019-08-13",667.8,878.28
"2019-08-14",667.47,878.23
"2019-08-15",667.12,878.2
"2019-08-16",667.2,878.19
"2019-08-17",667.28,878.15
"2019-08-18",667.22,878.16
"2019-08-19",666.89,878.12
"2019-08-20",666.4,878.11
"2019-08-21",666.07,878.12
"2019-08-22",665.76,878.16
"2019-08-23",665.66,878.14
"2019-08-24",665.95,878.19
"2019-08-25",666.68,878.26
"2019-08-26",666.68,878.3
"2019-08-27",666.13,878.28
"2019-08-28",665.79,878.3
"2019-08-29",665.52,878.32
"2019-08-30",665.39,878.33
"2019-08-31",665.57,878.34
"2019-09-01",665.64,878.35
"2019-09-02",665.95,878.39
"2019-09-03",665.3,878.4
"2019-09-04",665.04,878.4
"2019-09-05",664.94,878.39
"2019-09-06",664.8,878.39
"2019-09-07",665.05,878.4
"2019-09-08",665.31,878.39
"2019-09-09",665.42,878.42
"2019-09-10",665.11,878.44
"2019-09-11",665.58,878.5
"2019-09-12",666.38,878.46
"2019-09-13",666.43,878.46
"2019-09-14",666.34,878.47
"2019-09-15",667.01,878.48
"2019-09-16",666.52,878.49
"2019-09-17",665.94,878.59
"2019-09-18",665.86,878.53
"2019-09-19",665.73,878.51
"2019-09-20",666.24,878.5
"2019-09-21",666.77,878.49
"2019-09-22",667.5,878.5
"2019-09-23",667.08,878.51
"2019-09-24",666.39,878.53
"2019-09-25",666.37,878.52
"2019-09-26",665.85,878.53
"2019-09-27",665.96,878.53
"2019-09-28",666.2,878.51
"2019-09-29",666.71,878.51
"2019-09-30",666.4,878.53
"2019-10-01",666.26,878.52
"2019-10-02",666.08,878.5
"2019-10-03",665.88,878.54
"2019-10-04",665.97,878.54
"2019-10-05",666.2,878.53
"2019-10-06",666.77,878.55
"2019-10-07",666.1,878.51
"2019-10-08",665.57,878.51
"2019-10-09",665.82,878.57
"2019-10-10",665.88,878.58
"2019-10-11",665.9,878.57
"2019-10-12",666.53,878.57
"2019-10-13",667.18,878.58
"2019-10-14",667,878.59
"2019-10-15",666.5,878.58
"2019-10-16",667.44,878.62
"2019-10-17",668.19,878.66
"2019-10-18",668.41,878.7
"2019-10-19",669.01,878.73
"2019-10-20",669.37,878.76
"2019-10-21",669.34,878.76
"2019-10-22",669.27,878.73
"2019-10-23",668.95,878.77
"2019-10-24",669.01,878.8
"2019-10-25",671.94,878.81
"2019-10-26",673.01,878.83
"2019-10-27",673.56,878.83
"2019-10-28",673.68,878.86
"2019-10-29",673.72,878.89
"2019-10-30",674.07,878.89
"2019-10-31",674.13,878.87
"2019-11-01",674.09,878.92
"2019-11-02",674.25,878.98
"2019-11-03",674.46,878.94
"2019-11-04",674.32,878.96
"2019-11-05",673.89,878.94
"2019-11-06",673.54,878.97
"2019-11-07",673.54,878.97
"2019-11-08",673.86,878.96
"2019-11-09",674.36,879
"2019-11-10",674.4,879.04
"2019-11-11",674.13,879.04
"2019-11-12",674,879
"2019-11-13",674.04,879.06
"2019-11-14",673.91,879.06
"2019-11-15",673.68,879.05
"2019-11-16",673.78,879.08
"2019-11-17",673.79,879.11
"2019-11-18",673.58,879.11
"2019-11-19",673.21,879.09
"2019-11-20",673.11,879.12
"2019-11-21",673.1,879.12
"2019-11-22",672.86,879.11
"2019-11-23",673.1,879.09
"2019-11-24",673.26,879.09
"2019-11-25",673.09,879.12
"2019-11-26",672.86,879.15
"2019-11-27",672.59,879.1
"2019-11-28",672.59,879.11
"2019-11-29",672.97,879.15
"2019-11-30",673.28,879.17
"2019-12-01",673.22,879.14
"2019-12-02",672.92,879.11
"2019-12-03",672.78,879.15
"2019-12-04",672.69,879.13
"2019-12-05",672.62,879.13
"2019-12-06",672.39,879.1
"2019-12-07",672.36,879.07
"2019-12-08",672.64,879.1
"2019-12-09",672.23,879.12
"2019-12-10",672.24,879.09
"2019-12-11",672.21,879.03
"2019-12-12",672.26,879.07
"2019-12-13",672.33,879.09
"2019-12-14",672.45,879.11
"2019-12-15",672.42,879.11
"2019-12-16",672.14,879.1
"2019-12-17",672,879.01
"2019-12-18",671.66,879
"2019-12-19",671.8,879.02
"2019-12-20",671.56,879.02
"2019-12-21",672,879.01
"2019-12-22",672.21,879.03
"2019-12-23",672.1,879.05
"2019-12-24",672,879.07
"2019-12-25",672.3,879.08
"2019-12-26",672.48,879.07
"2019-12-27",672.39,879.08
"2019-12-28",672.21,879.11
"2019-12-29",672.55,879.09
"2019-12-30",672.07,879.04
"2019-12-31",671.81,878.98
"2020-01-01",671.94,879.04
"2020-01-02",672.13,879.06
"2020-01-03",671.81,879.01
"2020-01-04",671.69,878.94
"2020-01-05",671.66,878.94
"2020-01-06",671.55,878.95
"2020-01-07",671.2,878.92
"2020-01-08",670.95,878.92
"2020-01-09",670.74,878.94
"2020-01-10",670.92,878.97
"2020-01-11",671.02,878.9
"2020-01-12",671.49,878.89
"2020-01-13",671.4,878.88
"2020-01-14",671.57,878.89
"2020-01-15",671.63,878.88
"2020-01-16",671.51,878.85
"2020-01-17",671.74,878.89
"2020-01-18",672.35,878.9
"2020-01-19",672.41,878.84
"2020-01-20",672.34,878.82
"2020-01-21",672.25,878.85
"2020-01-22",672.48,878.92
"2020-01-23",673,878.91
"2020-01-24",672.93,878.86
"2020-01-25",673.21,878.89
"2020-01-26",673.45,878.9
"2020-01-27",673.07,878.9
"2020-01-28",672.95,878.88
"2020-01-29",673.13,878.81
"2020-01-30",673.01,878.8
"2020-01-31",673.09,878.77
"2020-02-01",672.9,878.72
"2020-02-02",672.99,878.75
"2020-02-03",672.87,878.77
"2020-02-04",672.64,878.74
"2020-02-05",672.6,878.73
"2020-02-06",672.6,878.72
"2020-02-07",672.35,878.72
"2020-02-08",672.47,878.69
"2020-02-09",672.44,878.7
"2020-02-10",672.37,878.67
"2020-02-11",672.39,878.65
"2020-02-12",672.97,878.66
"2020-02-13",673.21,878.58
"2020-02-14",673.47,878.52
"2020-02-15",673.82,878.54
"2020-02-16",673.95,878.54
"2020-02-17",673.94,878.56
"2020-02-18",673.72,878.51
"2020-02-19",673.48,878.5
"2020-02-20",673.42,878.51
"2020-02-21",673.51,878.47
"2020-02-22",673.69,878.5
"2020-02-23",673.78,878.5
"2020-02-24",673.51,878.54
"2020-02-25",673.46,878.54
"2020-02-26",673.11,878.46
"2020-02-27",673.01,878.45
"2020-02-28",672.81,878.44
"2020-02-29",672.75,878.42
"2020-03-01",672.66,878.45
"2020-03-02",672.59,878.42
"2020-03-03",672.39,878.41
"2020-03-04",672.34,878.43
"2020-03-05",672.25,878.35
"2020-03-06",672.52,878.27
"2020-03-07",672.51,878.24
"2020-03-08",672.57,878.21
"2020-03-09",672.32,878.19
"2020-03-10",672.26,878.16
"2020-03-11",672.09,878.17
"2020-03-12",671.99,878.15
"2020-03-13",671.55,878.13
"2020-03-14",671.32,878.1
"2020-03-15",671.36,878.04
"2020-03-16",671.38,878.02
"2020-03-17",671.02,877.99
"2020-03-18",670.66,877.95
"2020-03-19",670.53,877.98
"2020-03-20",670.64,877.93
"2020-03-21",671.2,877.89
"2020-03-22",671.71,877.93
"2020-03-23",671.81,877.94
"2020-03-24",672.02,877.94
"2020-03-25",672.02,877.91
"2020-03-26",671.79,877.91
"2020-03-27",671.57,877.89
"2020-03-28",671.36,877.86
"2020-03-29",671.21,877.78
"2020-03-30",671.08,877.76
"2020-03-31",671.02,877.72
"2020-04-01",670.57,877.63
"2020-04-02",670.31,877.57
"2020-04-03",670.76,877.57
"2020-04-04",671.87,877.63
"2020-04-05",672.71,877.64
"2020-04-06",673.02,877.64
"2020-04-07",673.26,877.66
"2020-04-08",673.53,877.66
"2020-04-09",673.45,877.66
"2020-04-10",673.48,877.64
"2020-04-11",673.6,877.71
"2020-04-12",673.97,877.73
"2020-04-13",673.65,877.68
"2020-04-14",673.35,877.65
"2020-04-15",673.1,877.65
"2020-04-16",672.85,877.62
"2020-04-17",672.8,877.65
"2020-04-18",672.83,877.67
"2020-04-19",673.04,877.69
"2020-04-20",672.25,877.63
"2020-04-21",671.51,877.61
"2020-04-22",671.3,877.57
"2020-04-23",670.84,877.52
"2020-04-24",670,877.45
"2020-04-25",669.05,877.25
"2020-04-26",668.45,877.13
"2020-04-27",667.47,877.08
"2020-04-28",666.8,877.06
"2020-04-29",666.95,877.06
"2020-04-30",666.51,876.97
"2020-05-01",665.55,876.94
"2020-05-02",665.33,876.85
"2020-05-03",664.95,876.79
"2020-05-04",664.27,876.75
"2020-05-05",663.28,876.69
"2020-05-06",662.32,876.59
"2020-05-07",661.58,876.5
"2020-05-08",661.48,876.49
"2020-05-09",661.15,876.41
"2020-05-10",661.27,876.38
"2020-05-11",660.78,876.34
"2020-05-12",660.14,876.3
"2020-05-13",661.2,876.25
"2020-05-14",661.86,876.2
"2020-05-15",662.26,876.14
"2020-05-16",663.83,876.15
"2020-05-17",665.11,876.15
"2020-05-18",665.14,876.16
"2020-05-19",665.44,876.16
"2020-05-20",665.18,876.1
"2020-05-21",664.69,876.05
"2020-05-22",665.03,875.98
"2020-05-23",664.75,875.97
"2020-05-24",664.98,876.01
"2020-05-25",666.91,876.04
"2020-05-26",668.22,876.11
"2020-05-27",669.03,876.13
"2020-05-28",670,876.14
"2020-05-29",670.72,876.13
"2020-05-30",671.63,876.13
"2020-05-31",672.09,876.14
"2020-06-01",672.19,876.16
"2020-06-02",672.17,876.15
"2020-06-03",672.27,876.09
"2020-06-04",672.23,876.07
"2020-06-05",671.98,876.02
"2020-06-06",671.63,875.91
"2020-06-07",671.2,875.85
"2020-06-08",670.49,875.79
"2020-06-09",669.14,875.71
"2020-06-10",668.17,875.54
"2020-06-11",666.91,875.49
"2020-06-12",665.82,875.34
"2020-06-13",665.27,875.2
"2020-06-14",664.94,875.15
"2020-06-15",664.18,875.07
"2020-06-16",663.22,874.98
"2020-06-17",662.9,874.91
"2020-06-18",662.16,874.86
"2020-06-19",661.79,874.84
"2020-06-20",661.61,874.82
"2020-06-21",661.61,874.75
"2020-06-22",661.04,874.71
"2020-06-23",660.4,874.76
"2020-06-24",660.99,874.71
"2020-06-25",660.79,874.63
"2020-06-26",660.66,874.59
"2020-06-27",661.58,874.53
"2020-06-28",662.28,874.46
"2020-06-29",662.01,874.43
"2020-06-30",661.45,874.35
"2020-07-01",660.83,874.29
"2020-07-02",660.35,874.18
"2020-07-03",659.6,874.13
"2020-07-04",659.63,874
"2020-07-05",660.27,873.91
"2020-07-06",659.81,873.82
"2020-07-07",659.14,873.73
"2020-07-08",658.62,873.62
"2020-07-09",658.14,873.53
"2020-07-10",657.38,873.5
"2020-07-11",657.25,873.39
"2020-07-12",657.68,873.32
"2020-07-13",657.06,873.23
"2020-07-14",656.07,873.05
"2020-07-15",655.29,872.93
"2020-07-16",654.84,872.74
"2020-07-17",654.33,872.72
"2020-07-18",654.76,872.65
"2020-07-19",655.43,872.62
"2020-07-20",655.03,872.53
"2020-07-21",654.3,872.49
"2020-07-22",653.69,872.41
"2020-07-23",653.81,872.33
"2020-07-24",653.63,872.23
"2020-07-25",654.9,872.17
"2020-07-26",656.14,872.16
"2020-07-27",656.62,872.14
"2020-07-28",656.6,872.11
"2020-07-29",656.24,872.07
"2020-07-30",656.27,872.02
"2020-07-31",655.94,871.97
"2020-08-01",656.57,871.92
"2020-08-02",657.41,871.87
"2020-08-03",657.27,871.83
"2020-08-04",658.14,871.76
"2020-08-05",658.14,871.71
"2020-08-06",657.91,871.64
"2020-08-07",657.59,871.59
"2020-08-08",657.87,871.51
"2020-08-09",658.14,871.44
"2020-08-10",657.76,871.39
"2020-08-11",656.69,871.32
"2020-08-12",656.22,871.26
"2020-08-13",655.72,871.19
"2020-08-14",655.26,871.13
"2020-08-15",655.43,871.06
"2020-08-16",655.96,871.01
"2020-08-17",655.65,870.94
"2020-08-18",655.02,870.9
"2020-08-19",655.27,870.85
"2020-08-20",655.07,870.8
"2020-08-21",654.66,870.77
"2020-08-22",656.01,870.75
"2020-08-23",657.03,870.71
"2020-08-24",656.95,870.69
"2020-08-25",656.51,870.65
"2020-08-26",656.23,870.61
"2020-08-27",655.89,870.56
"2020-08-28",655.32,870.49
"2020-08-29",655.3,870.46
"2020-08-30",656.07,870.43
"2020-08-31",655.51,870.39
"2020-09-01",654.59,870.36
"2020-09-02",654.88,870.34
"2020-09-03",655.04,870.3
"2020-09-04",656.45,870.27
"2020-09-05",657.51,870.25
"2020-09-06",658.49,870.28
"2020-09-07",658.62,870.28
"2020-09-08",658.69,870.28
"2020-09-09",660.17,870.27
"2020-09-10",662.17,870.26
"2020-09-11",662.95,870.25
"2020-09-12",663.82,870.26
"2020-09-13",664.44,870.26
"2020-09-14",664.41,870.26
"2020-09-15",663.74,870.25
"2020-09-16",663.73,870.24
"2020-09-17",663.52,870.23
"2020-09-18",663.58,870.26
"2020-09-19",663.56,870.25
"2020-09-20",664.23,870.25
"2020-09-21",663.74,870.23
"2020-09-22",664.16,870.22
"2020-09-23",664.13,870.21
"2020-09-24",663.97,870.2
"2020-09-25",663.6,870.19
"2020-09-26",663.64,870.19
"2020-09-27",663.72,870.18
"2020-09-28",663.28,870.16
"2020-09-29",662.72,870.11
"2020-09-30",662.61,870.1
"2020-10-01",661.96,870.08
"2020-10-02",661.54,870.05
"2020-10-03",661.64,870.02
"2020-10-04",661.82,870
"2020-10-05",661.51,869.95
"2020-10-06",660.69,869.91
"2020-10-07",660.42,869.89
"2020-10-08",660.3,869.86
"2020-10-09",660.59,869.83
"2020-10-10",660.5,869.83
"2020-10-11",660.83,869.78
"2020-10-12",660.32,869.76
"2020-10-13",659.2,869.71
"2020-10-14",658.92,869.67
"2020-10-15",658.48,869.65
"2020-10-16",658.48,869.61
"2020-10-17",659.38,869.59
"2020-10-18",660.19,869.56
"2020-10-19",660.05,869.54
"2020-10-20",659.59,869.51
"2020-10-21",659.27,869.48
"2020-10-22",659.23,869.43
"2020-10-23",658.82,869.42
"2020-10-24",659.6,869.38
"2020-10-25",660.25,869.38
"2020-10-26",660.12,869.36
"2020-10-27",660.17,869.35
"2020-10-28",660.59,869.36
"2020-10-29",660.32,869.3
"2020-10-30",660.17,869.26
"2020-10-31",660.42,869.24
"2020-11-01",660.9,869.21
"2020-11-02",659.58,869.16
"2020-11-03",658.69,869.12
"2020-11-04",659.06,869.08
"2020-11-05",659.06,869.06
"2020-11-06",658.66,869.04
"2020-11-07",658.93,869
"2020-11-08",659.31,868.98
"2020-11-09",659.2,868.96
"2020-11-10",658.88,868.94
"2020-11-11",659.1,868.91
"2020-11-12",658.89,868.88
"2020-11-13",658.92,868.85
"2020-11-14",659.65,868.8
"2020-11-15",659.8,868.78
"2020-11-16",659.55,868.74
"2020-11-17",658.86,868.7
"2020-11-18",658.95,868.67
"2020-11-19",658.59,868.65
"2020-11-20",658.62,868.61
"2020-11-21",658.75,868.57
"2020-11-22",659.39,868.54
"2020-11-23",658.98,868.52
"2020-11-24",658.99,868.52
"2020-11-25",659,868.51
"2020-11-26",659.12,868.47
"2020-11-27",659.56,868.45
"2020-11-28",660.77,868.47
"2020-11-29",661.66,868.48
"2020-11-30",661.47,868.46
"2020-12-01",661.8,868.47
"2020-12-02",661.87,868.45
"2020-12-03",661.65,868.42
"2020-12-04",661.78,868.4
"2020-12-05",662.19,868.39
"2020-12-06",662.56,868.38
"2020-12-07",662.13,868.37
"2020-12-08",661.24,868.36
"2020-12-09",660.44,868.33
"2020-12-10",660.35,868.32
"2020-12-11",660.11,868.3
"2020-12-12",660.53,868.27
"2020-12-13",661.32,868.27
"2020-12-14",661.33,868.23
"2020-12-15",661.61,868.22
"2020-12-16",661.37,868.19
"2020-12-17",661.61,868.15
"2020-12-18",661.9,868.1
"2020-12-19",662.41,868.04
"2020-12-20",662.61,867.97
"2020-12-21",662.42,867.92
"2020-12-22",662.15,867.88
"2020-12-23",662.22,867.85
"2020-12-24",661.99,867.81
"2020-12-25",662.45,867.76
"2020-12-26",662.99,867.75
"2020-12-27",663.3,867.74
"2020-12-28",663,867.7
"2020-12-29",662.93,867.68
"2020-12-30",662.85,867.68
"2020-12-31",663.32,867.77
"2021-01-01",663.78,867.79
"2021-01-02",663.88,867.78
"2021-01-03",664.03,867.78
"2021-01-04",663.86,867.78
"2021-01-05",663.82,867.76
"2021-01-06",663.74,867.74
"2021-01-07",663.76,867.72
"2021-01-08",663.48,867.69
"2021-01-09",663.67,867.68
"2021-01-10",664.44,867.68
"2021-01-11",664.54,867.66
"2021-01-12",664.74,867.64
"2021-01-13",664.85,867.64
"2021-01-14",664.99,867.65
"2021-01-15",665.18,867.63
"2021-01-16",665.11,867.62
"2021-01-17",665.29,867.61
"2021-01-18",665.2,867.59
"2021-01-19",664.68,867.58
"2021-01-20",665.14,867.57
"2021-01-21",665.23,867.58
"2021-01-22",665.19,867.58
"2021-01-23",665.44,867.57
"2021-01-24",665.77,867.61
"2021-01-25",665.88,867.62
"2021-01-26",665.75,867.61
"2021-01-27",665.25,867.59
"2021-01-28",664.93,867.52
"2021-01-29",665.25,867.5
"2021-01-30",665.49,867.51
"2021-01-31",665.08,867.49
"2021-02-01",664.45,867.46
"2021-02-02",664.02,867.46
"2021-02-03",664.12,867.46
"2021-02-04",664.07,867.43
"2021-02-05",663.85,867.41
"2021-02-06",663.95,867.39
"2021-02-07",664.07,867.36
"2021-02-08",663.67,867.34
"2021-02-09",663.42,867.31
"2021-02-10",663.35,867.3
"2021-02-11",664.12,867.31
"2021-02-12",664.76,867.32
"2021-02-13",665.17,867.31
"2021-02-14",665.21,867.3
"2021-02-15",664.94,867.3
"2021-02-16",662.36,867.17
"2021-02-17",659.12,867.15
"2021-02-18",655.67,867.02
"2021-02-19",652.21,867.01
"2021-02-20",654.06,867.05
"2021-02-21",655.66,867.06
"2021-02-22",656.13,867.09
"2021-02-23",657.06,867.12
"2021-02-24",658.22,867.09
"2021-02-25",659.14,867.13
"2021-02-26",659.8,867.16
"2021-02-27",660.66,867.18
"2021-02-28",661.04,867.18
"2021-03-01",660.9,867.17
"2021-03-02",661.06,867.16
"2021-03-03",661.28,867.16
"2021-03-04",661.13,867.17
"2021-03-05",661.23,867.16
"2021-03-06",661.22,867.14
"2021-03-07",661.16,867.12
"2021-03-08",660.93,867.08
"2021-03-09",660.65,867.07
"2021-03-10",660.2,867.06
"2021-03-11",660.17,867.04
"2021-03-12",660.58,867.01
"2021-03-13",660.66,866.98
"2021-03-14",661.46,866.95
"2021-03-15",661.28,866.91
"2021-03-16",661.01,866.89
"2021-03-17",660.64,866.88
"2021-03-18",659.87,866.83
"2021-03-19",659.25,866.78
"2021-03-20",659.23,866.74
"2021-03-21",659.17,866.71
"2021-03-22",658.66,866.69
"2021-03-23",659.05,866.67
"2021-03-24",659.23,866.62
"2021-03-25",659.41,866.59
"2021-03-26",659.02,866.55
"2021-03-27",658.83,866.51
"2021-03-28",658.89,866.46
"2021-03-29",658.66,866.4
"2021-03-30",658.15,866.35
"2021-03-31",657.41,866.26
"2021-04-01",656.68,866.16
"2021-04-02",656.01,866.06
"2021-04-03",655.74,865.97
"2021-04-04",655.88,865.91
"2021-04-05",655.65,865.87
"2021-04-06",654.64,865.83
"2021-04-07",653.91,865.76
"2021-04-08",653,865.69
"2021-04-09",651.79,865.61
"2021-04-10",651.44,865.52
"2021-04-11",651.19,865.4
"2021-04-12",650.25,865.31
"2021-04-13",649.39,865.2
"2021-04-14",648.95,865.1
"2021-04-15",648.86,865
"2021-04-16",649.2,864.95
"2021-04-17",649.78,864.89
"2021-04-18",650.05,864.81
"2021-04-19",649.52,864.76
"2021-04-20",648.79,864.72
"2021-04-21",647.77,864.65
"2021-04-22",647.79,864.56
"2021-04-23",648.67,864.5
"2021-04-24",649.32,864.45
"2021-04-25",649.39,864.38
"2021-04-26",648.78,864.33
"2021-04-27",649.17,864.3
"2021-04-28",649.75,864.25
"2021-04-29",654.05,864.2
"2021-04-30",656.36,864.21
"2021-05-01",660.5,864.34
"2021-05-02",663.28,864.47
"2021-05-03",663.92,864.58
"2021-05-04",664.77,864.61
"2021-05-05",665.15,864.56
"2021-05-06",665.43,864.58
"2021-05-07",665.22,864.6
"2021-05-08",665.6,864.63
"2021-05-09",665.69,864.65
"2021-05-10",665.35,864.66
"2021-05-11",665.24,864.88
"2021-05-12",665.6,864.96
"2021-05-13",665.62,865.01
"2021-05-14",665.65,865.04
"2021-05-15",666.15,865.3
"2021-05-16",666.69,865.59
"2021-05-17",666.86,865.65
"2021-05-18",666.17,865.69
"2021-05-19",666.01,865.72
"2021-05-20",666.21,865.75
"2021-05-21",665.99,865.75
"2021-05-22",666.29,865.78
"2021-05-23",666.53,865.82
"2021-05-24",666.96,865.83
"2021-05-25",667.43,865.83
"2021-05-26",666.76,865.8
"2021-05-27",666.18,865.81
"2021-05-28",666.09,865.8
"2021-05-29",667.42,865.81
"2021-05-30",668.27,865.84
"2021-05-31",668.8,865.86
"2021-06-01",669.15,865.89
"2021-06-02",669.37,865.93
"2021-06-03",669.24,865.93
"2021-06-04",669.68,865.97
"2021-06-05",670.35,866
"2021-06-06",671.14,866.02
"2021-06-07",671.27,866.04
"2021-06-08",671.1,866.04
"2021-06-09",671.15,866.05
"2021-06-10",670.77,866.07
"2021-06-11",670.91,866.07
"2021-06-12",670.54,866.05
"2021-06-13",670.22,866.02
"2021-06-14",669.45,865.94
"2021-06-15",668.36,865.83
"2021-06-16",667.61,865.75
"2021-06-17",666.61,865.64
"2021-06-18",665.93,865.52
"2021-06-19",665.45,865.42
"2021-06-20",665.04,865.35
"2021-06-21",664.61,865.3
"2021-06-22",663.62,865.2
"2021-06-23",663.47,865.08
"2021-06-24",662.71,864.94
"2021-06-25",661.72,864.82
"2021-06-26",661.46,864.73
"2021-06-27",661.06,864.66
"2021-06-28",661.15,864.61
"2021-06-29",660.92,864.55
"2021-06-30",661.17,864.5
"2021-07-01",661.32,864.46
"2021-07-02",660.96,864.39
"2021-07-03",660.75,864.34
"2021-07-04",661.33,864.29
"2021-07-05",661.47,864.26
"2021-07-06",663.67,864.23
"2021-07-07",665.27,864.21
"2021-07-08",666.2,864.16
"2021-07-09",667.08,864.12
"2021-07-10",668.9,864.12
"2021-07-11",670.23,864.13
"2021-07-12",670.57,864.12
"2021-07-13",670.62,864.09
"2021-07-14",671.15,864.07
"2021-07-15",671.06,864.03
"2021-07-16",670.91,863.95
"2021-07-17",670.79,863.9
"2021-07-18",670.84,863.86
"2021-07-19",670.42,863.82
"2021-07-20",670.34,863.79
"2021-07-21",670.39,863.74
"2021-07-22",670.09,863.68
"2021-07-23",670.21,863.65
"2021-07-24",670.4,863.61
"2021-07-25",670.42,863.58
"2021-07-26",669.78,863.55
"2021-07-27",668.99,863.46
"2021-07-28",668.35,863.36
"2021-07-29",667.43,863.43
"2021-07-30",666.6,863.16
"2021-07-31",666.11,863.08
"2021-08-01",665.92,863.02
"2021-08-02",665.59,863.03
"2021-08-03",665.98,863.08
"2021-08-04",666.45,863.09
"2021-08-05",666.52,863.13
"2021-08-06",667.18,863.25
"2021-08-07",667.37,863.24
"2021-08-08",667.7,863.27
"2021-08-09",667.38,863.27
"2021-08-10",666.74,863.26
"2021-08-11",666.13,863.29
"2021-08-12",665.56,863.31
"2021-08-13",665.01,863.29
"2021-08-14",664.62,863.29
"2021-08-15",664.7,863.23
"2021-08-16",664.63,863.2
"2021-08-17",664.01,863.17
"2021-08-18",663.39,863.15
"2021-08-19",663.15,863.14
"2021-08-20",662.23,863.12
"2021-08-21",661.78,863.1
"2021-08-22",661.59,863.06
"2021-08-23",660.92,863.02
"2021-08-24",660.06,862.98
"2021-08-25",659.32,862.94
"2021-08-26",659.03,862.9
"2021-08-27",658.54,862.87
"2021-08-28",659.39,862.84
"2021-08-29",660.46,862.8
"2021-08-30",660.2,862.77
"2021-08-31",660.25,862.75
"2021-09-01",660.1,862.73
"2021-09-02",659.44,862.69
"2021-09-03",658.7,862.65
"2021-09-04",659.49,862.61
"2021-09-05",659.9,862.58
"2021-09-06",659.8,862.56
"2021-09-07",660.06,862.57
"2021-09-08",660.24,862.53
"2021-09-09",659.76,862.5
"2021-09-10",659.6,862.47
"2021-09-11",659.72,862.44
"2021-09-12",660.14,862.4
"2021-09-13",659.99,862.38
"2021-09-14",659.9,862.36
"2021-09-15",659.75,862.34
"2021-09-16",659.28,862.31
"2021-09-17",658.8,862.28
"2021-09-18",658.76,862.25
"2021-09-19",659.43,862.24
"2021-09-20",658.84,862.22
"2021-09-21",658.2,862.19
"2021-09-22",658.02,862.17
"2021-09-23",657.7,862.15
"2021-09-24",657.62,862.13
"2021-09-25",657.99,862.11
"2021-09-26",658.12,862.08
"2021-09-27",657.61,862.04
"2021-09-28",656.7,862.02
"2021-09-29",658.06,862
"2021-09-30",658.75,861.99
"2021-10-01",659.41,862.01
"2021-10-02",659.79,862.04
"2021-10-03",660.31,862.06
"2021-10-04",660.3,862.06
"2021-10-05",659.86,862.06
"2021-10-06",659.61,862.06
"2021-10-07",659.16,862.05
"2021-10-08",658.74,862.05
"2021-10-09",658.69,862.05
"2021-10-10",659.17,862.05
"2021-10-11",658.87,862.04
"2021-10-12",659.11,862.03
"2021-10-13",659.22,862.03
"2021-10-14",662.82,862.03
"2021-10-15",664.13,862.03
"2021-10-16",664.71,862
"2021-10-17",665.53,862
"2021-10-18",665.95,862.01
"2021-10-19",665.76,862.02
"2021-10-20",665.73,862
"2021-10-21",665.72,861.98
"2021-10-22",665.65,861.97
"2021-10-23",666.15,861.97
"2021-10-24",666.23,861.96
"2021-10-25",665.99,861.94
"2021-10-26",665.65,861.91
"2021-10-27",666.02,861.91
"2021-10-28",666.62,861.88
"2021-10-29",666.84,861.86
"2021-10-30",666.88,861.88
"2021-10-31",666.92,861.87
"2021-11-01",666.82,861.84
"2021-11-02",666.05,861.79
"2021-11-03",665.82,861.75
"2021-11-04",666.57,861.73
"2021-11-05",666.65,861.73
"2021-11-06",667.01,861.73
"2021-11-07",667.43,861.74
"2021-11-08",666.86,861.73
"2021-11-09",666.76,861.73
"2021-11-10",666.89,861.74
"2021-11-11",666.51,861.74
"2021-11-12",666.7,861.72
"2021-11-13",666.36,861.7
"2021-11-14",666.6,861.69
"2021-11-15",666.37,861.68
"2021-11-16",665.94,861.67
"2021-11-17",665.43,861.66
"2021-11-18",665.34,861.65
"2021-11-19",665.07,861.62
"2021-11-20",665.33,861.61
"2021-11-21",665.5,861.6
"2021-11-22",665.05,861.59
"2021-11-23",664.79,861.58
"2021-11-24",664.78,861.57
"2021-11-25",664.57,861.56
"2021-11-26",665.05,861.58
"2021-11-27",665.43,861.59
"2021-11-28",665.96,861.6
"2021-11-29",665.8,861.6
"2021-11-30",665.65,861.6
"2021-12-01",665.7,861.6
"2021-12-02",665.62,861.59
"2021-12-03",665.6,861.59
"2021-12-04",665.68,861.59
"2021-12-05",665.34,861.6
"2021-12-06",665.18,861.59
"2021-12-07",664,861.59
"2021-12-08",663.38,861.58
"2021-12-09",662.8,861.58
"2021-12-10",662.37,861.58
"2021-12-11",662.03,861.57
"2021-12-12",662.97,861.53
"2021-12-13",663.18,861.52
"2021-12-14",663.18,861.52
"2021-12-15",663.23,861.51
"2021-12-16",663.2,861.5
"2021-12-17",663.12,861.49
"2021-12-18",663.51,861.48
"2021-12-19",664.32,861.46
"2021-12-20",664.53,861.45
"2021-12-21",664.59,861.47
"2021-12-22",664.33,861.48
"2021-12-23",664.33,861.47
"2021-12-24",664.14,861.46
"2021-12-25",664.55,861.45
"2021-12-26",664.89,861.45
"2021-12-27",664.7,861.44
"2021-12-28",664.44,861.41
"2021-12-29",663.99,861.39
"2021-12-30",663.83,861.37
"2021-12-31",663.59,861.36
"2022-01-01",663.84,861.35
"2022-01-02",663.63,861.32
"2022-01-03",663.25,861.27
"2022-01-04",663.02,861.27
"2022-01-05",662.89,861.27
"2022-01-06",662.87,861.26
"2022-01-07",662.73,861.22
"2022-01-08",662.86,861.2
"2022-01-09",663.22,861.17
"2022-01-10",663.19,861.12
"2022-01-11",663.19,861.1
"2022-01-12",663.2,861.09
"2022-01-13",662.93,861.07
"2022-01-14",662.8,861.07
"2022-01-15",662.98,861.08
"2022-01-16",663.03,861.09
"2022-01-17",662.87,861.07
"2022-01-18",663.2,861.04
"2022-01-19",662.89,861
"2022-01-20",662.89,860.95
"2022-01-21",662.51,860.91
"2022-01-22",662.88,860.89
"2022-01-23",663.14,860.87
"2022-01-24",662.81,860.87
"2022-01-25",662.46,860.89
"2022-01-26",662.42,860.86
"2022-01-27",662.26,860.84
"2022-01-28",662.08,860.82
"2022-01-29",662.19,860.76
"2022-01-30",662.41,860.75
"2022-01-31",662.35,860.73
"2022-02-01",663.03,860.72
"2022-02-02",662.8,860.71
"2022-02-03",663.88,860.69
"2022-02-04",664.53,860.66
"2022-02-05",664.62,860.65
"2022-02-06",665.09,860.65
"2022-02-07",664.99,860.64
"2022-02-08",665.19,860.62
"2022-02-09",665.4,860.59
"2022-02-10",665.8,860.52
"2022-02-11",665.76,860.46
"2022-02-12",665.77,860.4
"2022-02-13",665.97,860.33
"2022-02-14",665.62,860.3
"2022-02-15",665.82,860.29
"2022-02-16",665.56,860.27
"2022-02-17",665.46,860.27
"2022-02-18",665.22,860.22
"2022-02-19",664.97,860.18
"2022-02-20",665.01,860.15
"2022-02-21",664.93,860.13
"2022-02-22",664.29,860.1
"2022-02-23",663.66,860.07
"2022-02-24",662.81,860.04
"2022-02-25",662.57,860.01
"2022-02-26",662.57,859.98
"2022-02-27",662.69,859.94
"2022-02-28",661.86,859.91
"2022-03-01",661.58,859.87
"2022-03-02",660.89,859.84
"2022-03-03",660.34,859.81
"2022-03-04",659.94,859.74
"2022-03-05",658.99,859.67
"2022-03-06",658.72,859.62
"2022-03-07",658.01,859.57
"2022-03-08",658.53,859.51
"2022-03-09",658.55,859.46
"2022-03-10",658.91,859.42
"2022-03-11",658.84,859.37
"2022-03-12",658.9,859.31
"2022-03-13",659.38,859.28
"2022-03-14",659.14,859.25
"2022-03-15",658.49,859.21
"2022-03-16",657.82,859.13
"2022-03-17",657.25,859.07
"2022-03-18",657.11,859.01
"2022-03-19",656.72,858.92
"2022-03-20",656.48,858.82
"2022-03-21",656.34,858.7
"2022-03-22",655.83,858.61
"2022-03-23",655.22,858.51
"2022-03-24",654.96,858.42
"2022-03-25",654.74,858.34
"2022-03-26",654.36,858.27
"2022-03-27",654.09,858.18
"2022-03-28",653.23,858.11
"2022-03-29",652.72,858.05
"2022-03-30",652.69,857.97
"2022-03-31",652.44,857.85
"2022-04-01",651.72,857.71
"2022-04-02",651.66,857.55
"2022-04-03",651.68,857.46
"2022-04-04",650.89,857.35
"2022-04-05",650.34,857.27
"2022-04-06",650,857.2
"2022-04-07",649.15,857.1
"2022-04-08",648.97,857.01
"2022-04-09",648.83,856.93
"2022-04-10",649.23,856.84
"2022-04-11",648.62,856.76
"2022-04-12",648.52,856.7
"2022-04-13",648.29,856.57
"2022-04-14",647.58,856.43
"2022-04-15",647.3,856.3
"2022-04-16",647.33,856.12
"2022-04-17",647.08,855.99
"2022-04-18",647.08,855.91
"2022-04-19",646.4,855.85
"2022-04-20",647.04,855.81
"2022-04-21",646.67,855.73
"2022-04-22",646.42,855.6
"2022-04-23",646.79,855.44
"2022-04-24",647.03,855.32
"2022-04-25",646.86,855.24
"2022-04-26",647.99,855.2
"2022-04-27",648.42,855.12
"2022-04-28",648.26,855.05
"2022-04-29",647.91,854.98
"2022-04-30",647.96,854.91
"2022-05-01",647.87,854.84
"2022-05-02",647.58,854.8
"2022-05-03",647.07,854.7
"2022-05-04",646.69,854.57
"2022-05-05",646.7,854.44
"2022-05-06",646.87,854.39
"2022-05-07",647.58,854.39
"2022-05-08",647.74,854.38
"2022-05-09",647.34,854.36
"2022-05-10",646.39,854.35
"2022-05-11",646.05,854.31
"2022-05-12",645.6,854.19
"2022-05-13",645.27,854.07
"2022-05-14",644.92,853.98
"2022-05-15",645,853.88
"2022-05-16",644.1,853.78
"2022-05-17",644.07,853.68
"2022-05-18",643.84,853.51
"2022-05-19",643.34,853.33
"2022-05-20",643.09,853.12
"2022-05-21",643.45,852.97
"2022-05-22",644.19,852.83
"2022-05-23",644.69,852.74
"2022-05-24",645.44,852.74
"2022-05-25",646.33,852.69
"2022-05-26",646.37,852.65
"2022-05-27",646.33,852.66
"2022-05-28",646.21,852.7
"2022-05-29",646.61,852.73
"2022-05-30",646.13,852.73
"2022-05-31",644.38,852.69
"2022-06-01",643.61,852.6
"2022-06-02",643.33,852.45
"2022-06-03",642.81,852.29
"2022-06-04",642.79,852.12
"2022-06-05",642.79,851.97
"2022-06-06",641.53,851.8
"2022-06-07",640.62,851.74
"2022-06-08",639.48,851.52
"2022-06-09",638.13,851.24
"2022-06-10",637.17,851.03
"2022-06-11",636.93,850.84
"2022-06-12",637.95,850.73
"2022-06-13",637.31,850.59
"2022-06-14",636.24,850.34
"2022-06-15",636.37,850.07
"2022-06-16",636.18,849.78
"2022-06-17",635.69,849.53
"2022-06-18",636.07,849.39
"2022-06-19",636.31,849.24
"2022-06-20",636.02,849.12
"2022-06-21",634.96,848.93
"2022-06-22",634.26,848.62
"2022-06-23",634.02,848.3
"2022-06-24",633.96,848.03
"2022-06-25",634.04,847.84
"2022-06-26",634.48,847.73
"2022-06-27",634.31,847.62
"2022-06-28",634.25,847.43
"2022-06-29",635.83,847.25
"2022-06-30",636.45,847.15
"2022-07-01",636.55,846.87
"2022-07-02",636.71,846.63
"2022-07-03",637.15,846.69
"2022-07-04",636.85,846.82
"2022-07-05",635.98,846.9
"2022-07-06",635.08,846.92
"2022-07-07",634.95,846.92
"2022-07-08",634.82,846.89
"2022-07-09",634.86,846.8
"2022-07-10",635.02,846.68
"2022-07-11",634.51,846.5
"2022-07-12",632.62,846.25
"2022-07-13",632.4,846.13
"2022-07-14",632.03,845.97
"2022-07-15",632.54,845.82
"2022-07-16",634.31,845.63
"2022-07-17",635.45,845.53
"2022-07-18",634.83,845.41
"2022-07-19",633.98,845.32
"2022-07-20",633.36,845.26
"2022-07-21",633.08,845.11
"2022-07-22",633.12,844.97
"2022-07-23",633.63,844.74
"2022-07-24",633.98,844.62
"2022-07-25",633.56,844.52
"2022-07-26",632.72,844.35
"2022-07-27",632.37,844.18
"2022-07-28",632.09,844.03
"2022-07-29",631.77,843.95
"2022-07-30",632.27,843.87
"2022-07-31",632.62,843.81
"2022-08-01",632,843.78
"2022-08-02",631.31,843.72
"2022-08-03",630.95,843.59
"2022-08-04",630.57,843.44
"2022-08-05",630.36,843.32
"2022-08-06",630.94,843.14
"2022-08-07",631.88,843.06
"2022-08-08",631.41,842.96
"2022-08-09",630.86,842.9
"2022-08-10",630.65,842.82
"2022-08-11",630.69,842.77
"2022-08-12",631.48,842.76
"2022-08-13",632.13,842.67
"2022-08-14",632.79,842.68
"2022-08-15",633.58,842.63
"2022-08-16",634.01,842.75
"2022-08-17",633.95,842.86
"2022-08-18",633.8,842.87
"2022-08-19",634.29,842.92
"2022-08-20",634.42,842.95
"2022-08-21",635.25,842.97
"2022-08-22",635.06,842.99
"2022-08-23",634.88,843.12
"2022-08-24",634.72,843.2
"2022-08-25",635.42,843.33
"2022-08-26",635.08,843.46
"2022-08-27",635.64,843.57
"2022-08-28",636.13,843.65
"2022-08-29",635.3,843.7
"2022-08-30",634.94,843.74
"2022-08-31",634.86,843.87
"2022-09-01",634.92,844.05
"2022-09-02",634.77,844.24
"2022-09-03",635.66,844.43
"2022-09-04",637.69,844.67
"2022-09-05",637.77,844.88
"2022-09-06",636.64,845.08
"2022-09-07",636.23,845.3
"2022-09-08",636.52,845.5
"2022-09-09",636.59,845.69
"2022-09-10",636.86,845.85
"2022-09-11",637.34,846.01
"2022-09-12",636.73,846.18
"2022-09-13",635.86,846.34
"2022-09-14",635.45,846.47
"2022-09-15",635.05,846.63
"2022-09-16",635.05,846.77
"2022-09-17",635.38,846.91
"2022-09-18",635.65,847.04
"2022-09-19",634.93,847.16
"2022-09-20",633.68,847.29
"2022-09-21",633.02,847.4
"2022-09-22",632.72,847.49
"2022-09-23",632.56,847.57
"2022-09-24",632.79,847.66
"2022-09-25",632.95,847.72
"2022-09-26",632.47,847.78
"2022-09-27",631.58,847.84
"2022-09-28",631.17,847.89
"2022-09-29",630.95,847.98
"2022-09-30",630.74,848.04
"2022-10-01",631.74,848.08
"2022-10-02",632.19,848.12
"2022-10-03",631.57,848.17
"2022-10-04",630.71,848.21
"2022-10-05",630.35,848.25
"2022-10-06",630.24,848.27
"2022-10-07",630.23,848.35
"2022-10-08",630.62,848.44
"2022-10-09",631.26,848.49
"2022-10-10",630.76,848.53
"2022-10-11",630.04,848.58
"2022-10-12",630.02,848.54
"2022-10-13",630.11,848.56
"2022-10-14",630.09,848.58
"2022-10-15",630.62,848.6
"2022-10-16",630.89,848.62
"2022-10-17",631.16,848.65
"2022-10-18",631.5,848.69
"2022-10-19",631.64,848.74
"2022-10-20",631.84,848.81
"2022-10-21",632.16,848.84
"2022-10-22",632.54,848.87
"2022-10-23",633.23,848.98
"2022-10-24",632.8,849
"2022-10-25",632.83,848.94
"2022-10-26",632.6,848.95
"2022-10-27",632.53,848.98
"2022-10-28",633.43,849
"2022-10-29",633.93,849.03
"2022-10-30",634.71,849.07
"2022-10-31",634.06,849.1
"2022-11-01",634.16,849.12
"2022-11-02",633.71,849.14
"2022-11-03",633.99,849.18
"2022-11-04",634.41,849.21
"2022-11-05",634.85,849.27
"2022-11-06",635.34,849.31
"2022-11-07",634.82,849.23
"2022-11-08",634.9,849.22
"2022-11-09",634.6,849.23
"2022-11-10",635.11,849.25
"2022-11-11",635.05,849.26
"2022-11-12",635.46,849.2
"2022-11-13",635.63,849.19
"2022-11-14",635.68,849.21
"2022-11-15",635.09,849.18
"2022-11-16",635.25,849.15
"2022-11-17",635.33,849.11
"2022-11-18",635.1,849.12
"2022-11-19",635.94,849.13
"2022-11-20",636.42,849.15
"2022-11-21",636.97,849.18
"2022-11-22",636.91,849.21
"2022-11-23",637.36,849.25
"2022-11-24",637.62,849.28
"2022-11-25",637.77,849.31
"2022-11-26",638.41,849.38
"2022-11-27",639.15,849.41
"2022-11-28",638.77,849.43
"2022-11-29",638.37,849.49
"2022-11-30",638.06,849.44
"2022-12-01",637.89,849.44
"2022-12-02",638.35,849.46
"2022-12-03",638.3,849.46
"2022-12-04",638.51,849.5
"2022-12-05",638.54,849.53
"2022-12-06",637.33,849.55
"2022-12-07",636.58,849.54
"2022-12-08",636.19,849.56
"2022-12-09",635.58,849.58
"2022-12-10",635.68,849.59
"2022-12-11",636.85,849.59
"2022-12-12",636.98,849.61
"2022-12-13",637.18,849.61
"2022-12-14",637.22,849.63
"2022-12-15",637.12,849.63
"2022-12-16",637.37,849.6
"2022-12-17",637.4,849.59
"2022-12-18",637.76,849.6
"2022-12-19",637.95,849.6
"2022-12-20",638.2,849.59
"2022-12-21",638.32,849.58
"2022-12-22",638.41,849.59
"2022-12-23",637.67,849.51
"2022-12-24",635.63,849.36
"2022-12-25",635.54,849.38
"2022-12-26",636.1,849.4
"2022-12-27",636.41,849.46
"2022-12-28",637.01,849.48
"2022-12-29",636.98,849.46
"2022-12-30",636.93,849.42
"2022-12-31",637.29,849.38
"2023-01-01",637.61,849.36
"2023-01-02",637.4,849.37
"2023-01-03",637.16,849.4
"2023-01-04",636.72,849.41
"2023-01-05",636.41,849.41
"2023-01-06",636.17,849.42
"2023-01-07",636.58,849.34
"2023-01-08",636.67,849.31
"2023-01-09",636.27,849.32
"2023-01-10",636.18,849.33
"2023-01-11",636.23,849.35
"2023-01-12",635.97,849.33
"2023-01-13",636.05,849.3
"2023-01-14",636.58,849.35
"2023-01-15",636.85,849.42
"2023-01-16",636.77,849.43
"2023-01-17",636.37,849.43
"2023-01-18",636.24,849.44
"2023-01-19",635.56,849.32
"2023-01-20",636.04,849.29
"2023-01-21",636.26,849.3
"2023-01-22",636.5,849.28
"2023-01-23",636.04,849.27
"2023-01-24",636.52,849.35
"2023-01-25",636.69,849.28
"2023-01-26",636.64,849.26
"2023-01-27",636.91,849.27
"2023-01-28",637.27,849.3
"2023-01-29",637.5,849.31
"2023-01-30",636.94,849.29
"2023-01-31",636.96,849.28
"2023-02-01",637.25,849.28
"2023-02-02",637.59,849.28
"2023-02-03",637.83,849.26
"2023-02-04",638.09,849.28
"2023-02-05",638.39,849.32
"2023-02-06",638.06,849.3
"2023-02-07",637.96,849.26
"2023-02-08",637.64,849.1
"2023-02-09",638.23,848.9
"2023-02-10",638.13,848.79
"2023-02-11",638.31,848.85
"2023-02-12",638.58,848.9
"2023-02-13",638.33,848.9
"2023-02-14",638.23,848.87
"2023-02-15",638.11,848.87
"2023-02-16",637.76,848.85
"2023-02-17",637.51,848.78
"2023-02-18",638.02,848.75
"2023-02-19",638.33,848.77
"2023-02-20",638.09,848.78
"2023-02-21",637.21,848.82
"2023-02-22",637.18,848.77
"2023-02-23",636.9,848.68
"2023-02-24",636.71,848.56
"2023-02-25",636.88,848.48
"2023-02-26",637.31,848.45
"2023-02-27",636.8,848.44
"2023-02-28",636.29,848.39
"2023-03-01",635.98,848.36
"2023-03-02",635.55,848.35
"2023-03-03",635.92,848.37
"2023-03-04",636.2,848.27
"2023-03-05",636.51,848.18
"2023-03-06",636.09,848.05
"2023-03-07",635.67,847.91
"2023-03-08",635.58,847.81
"2023-03-09",635.18,847.73
"2023-03-10",634.5,847.67
"2023-03-11",634.79,847.64
"2023-03-12",634.97,847.59
"2023-03-13",634.28,847.52
"2023-03-14",634,847.46
"2023-03-15",633.37,847.37
"2023-03-16",633.64,847.38
"2023-03-17",634.35,847.37
"2023-03-18",635.46,847.4
"2023-03-19",635.87,847.43
"2023-03-20",635.57,847.4
"2023-03-21",635.44,847.43
"2023-03-22",635.99,847.44
"2023-03-23",635.96,847.46
"2023-03-24",635.9,847.46
"2023-03-25",635.98,847.43
"2023-03-26",636.14,847.42
"2023-03-27",635.68,847.37
"2023-03-28",635.2,847.33
"2023-03-29",635.5,847.29
"2023-03-30",635.49,847.17
"2023-03-31",635.98,847.1
"2023-04-01",635.76,846.99
"2023-04-02",635.8,846.85
"2023-04-03",635.54,846.73
"2023-04-04",634.81,846.66
"2023-04-05",634.96,846.6
"2023-04-06",635.76,846.52
"2023-04-07",636.97,846.43
"2023-04-08",638.13,846.42
"2023-04-09",638.52,846.45
"2023-04-10",638.52,846.46
"2023-04-11",637.7,846.45
"2023-04-12",637.47,846.42
"2023-04-13",637.08,846.34
"2023-04-14",636.87,846.23
"2023-04-15",636.44,846.05
"2023-04-16",635.54,845.76
"2023-04-17",635.01,845.53
"2023-04-18",634.02,845.44
"2023-04-19",634.84,845.34
"2023-04-20",634.91,845.24
"2023-04-21",637.06,845.11
"2023-04-22",638.09,845.18
"2023-04-23",639.34,845.23
"2023-04-24",639.86,845.3
"2023-04-25",640.3,845.36
"2023-04-26",640.45,845.4
"2023-04-27",640.72,845.42
"2023-04-28",641.03,845.45
"2023-04-29",641.39,845.42
"2023-04-30",641.65,845.43
"2023-05-01",641.16,845.38
"2023-05-02",640.61,845.19
"2023-05-03",640.45,844.89
"2023-05-04",640.03,844.57
"2023-05-05",639.73,844.35
"2023-05-06",639.12,844.25
"2023-05-07",639.3,844.26
"2023-05-08",638.83,844.32
"2023-05-09",639.08,844.4
"2023-05-10",639.91,844.47
"2023-05-11",640.42,844.51
"2023-05-12",640.68,844.55
"2023-05-13",644.29,844.64
"2023-05-14",645.45,844.7
"2023-05-15",645.6,844.74
"2023-05-16",646.08,844.8
"2023-05-17",646.63,844.84
"2023-05-18",646.69,844.86
"2023-05-19",646.37,844.87
"2023-05-20",646.81,844.93
"2023-05-21",647.8,845.2
"2023-05-22",647.97,845.38
"2023-05-23",647.96,845.44
"2023-05-24",647.56,845.48
"2023-05-25",647.48,845.53
"2023-05-26",647.53,845.55
"2023-05-27",647.7,845.53
"2023-05-28",647.78,845.6
"2023-05-29",647.25,845.67
"2023-05-30",647.37,845.71
"2023-05-31",647.76,845.75
"2023-06-01",647.68,845.76
"2023-06-02",647.31,845.77
"2023-06-03",647.56,845.91
"2023-06-04",648.1,845.96
"2023-06-05",648.39,846.03
"2023-06-06",647.94,846.13
"2023-06-07",647.79,846.19
"2023-06-08",647.63,846.24
"2023-06-09",647.56,846.29
"2023-06-10",647.21,846.33
"2023-06-11",646.8,846.37
"2023-06-12",645.64,846.43
"2023-06-13",644.39,846.3
"2023-06-14",643.31,846.04
"2023-06-15",642.61,845.81
"2023-06-16",642.06,845.64
"2023-06-17",641.4,845.52
"2023-06-18",640.73,845.47
"2023-06-19",640.23,845.39
"2023-06-20",638.99,845.04
"2023-06-21",637.99,844.92
"2023-06-22",637.62,844.72
"2023-06-23",637.3,844.67
"2023-06-24",637.09,844.56
"2023-06-25",636.98,844.43
"2023-06-26",636.3,844.26
"2023-06-27",634.54,844.02
"2023-06-28",634.19,843.8
"2023-06-29",633.67,843.65
"2023-06-30",632.98,843.58
"2023-07-01",633.36,843.57
"2023-07-02",633.99,843.69
"2023-07-03",634.08,843.82
"2023-07-04",633.33,843.93
"2023-07-05",633.14,844
"2023-07-06",633.62,844.04
"2023-07-07",633.27,844.03
"2023-07-08",634.06,843.99
"2023-07-09",634.46,843.96
"2023-07-10",633.75,843.92
"2023-07-11",632.33,843.9
"2023-07-12",631.41,843.9
"2023-07-13",630.98,843.83
"2023-07-14",630.57,843.74
"2023-07-15",630.16,843.64
"2023-07-16",630.43,843.62
"2023-07-17",630.06,843.55
"2023-07-18",628.66,843.41
"2023-07-19",628.53,843.35
"2023-07-20",627.94,843.26
"2023-07-21",628.2,843.11
"2023-07-22",628.63,843.01
"2023-07-23",629.37,842.97
"2023-07-24",629.26,842.92
"2023-07-25",628.75,842.85
"2023-07-26",628.49,842.76
"2023-07-27",628.35,842.73
"2023-07-28",628.04,842.62
"2023-07-29",628.64,842.5
"2023-07-30",629.32,842.47
"2023-07-31",628.54,842.42
"2023-08-01",627.68,842.33
"2023-08-02",627.59,842.25
"2023-08-03",627.88,842.12
"2023-08-04",627.81,842.08
"2023-08-05",628.21,842.01
"2023-08-06",628.53,841.95
"2023-08-07",627.95,841.99
"2023-08-08",627.3,841.81
"2023-08-09",626.89,841.71
"2023-08-10",626.61,841.67
"2023-08-11",626.35,841.62
"2023-08-12",627.11,841.56
"2023-08-13",627.75,841.48
"2023-08-14",627.08,841.35
"2023-08-15",626.19,841.2
"2023-08-16",626.2,841.1
"2023-08-17",626.14,841.01
"2023-08-18",625.71,840.86
"2023-08-19",626.19,840.84
"2023-08-20",626.97,840.86
"2023-08-21",626.68,840.8
"2023-08-22",626.84,840.79
"2023-08-23",628.01,840.88
"2023-08-24",628.34,840.98
"2023-08-25",628.44,841.06
"2023-08-26",628.9,841.14
"2023-08-27",629.07,841.19
"2023-08-28",628.95,841.33
"2023-08-29",629.12,841.34
"2023-08-30",629.17,841.25
"2023-08-31",628.8,841.22
"2023-09-01",628.5,841.17
"2023-09-02",628.92,841.13
"2023-09-03",629.47,841.09
"2023-09-04",629.48,841.06
"2023-09-05",628.65,841
"2023-09-06",628.44,840.91
"2023-09-07",628.22,840.85
"2023-09-08",628.24,840.81
"2023-09-09",628.46,840.8
"2023-09-10",629.39,840.77
"2023-09-11",629.38,840.75
"2023-09-12",629.03,840.7
"2023-09-13",628.57,840.69
"2023-09-14",628.52,840.73
"2023-09-15",628.92,840.76
"2023-09-16",629.53,840.8
"2023-09-17",630.47,840.89
"2023-09-18",629.93,840.78
"2023-09-19",629.48,840.75
"2023-09-20",628.82,840.7
"2023-09-21",628.75,840.64
"2023-09-22",628.75,840.59
"2023-09-23",629.22,840.57
"2023-09-24",629.81,840.55
"2023-09-25",629.4,840.51
"2023-09-26",629.14,840.46
"2023-09-27",628.9,840.4
"2023-09-28",629.29,840.38
"2023-09-29",629.16,840.36
"2023-09-30",629.63,840.34
"2023-10-01",630.32,840.32
"2023-10-02",630.04,840.31
"2023-10-03",629.98,840.28
"2023-10-04",629.96,840.25
"2023-10-05",631.35,840.26
"2023-10-06",632,840.27
"2023-10-07",632.36,840.46
"2023-10-08",632.96,840.51
"2023-10-09",633.17,840.54
"2023-10-10",632.68,840.54
"2023-10-11",632.63,840.39
"2023-10-12",632.68,840.42
"2023-10-13",632.62,840.42
"2023-10-14",632.85,840.54
"2023-10-15",633.3,840.56
"2023-10-16",632.9,840.55
"2023-10-17",632.47,840.42
"2023-10-18",632.58,840.56
"2023-10-19",632.24,840.56
"2023-10-20",632.07,840.38
"2023-10-21",632.77,840.32
"2023-10-22",633.03,840.29
"2023-10-23",632.87,840.25
"2023-10-24",632.8,840.23
"2023-10-25",633.29,840.22
"2023-10-26",633.81,840.21
"2023-10-27",634.47,840.23
"2023-10-28",635.16,840.35
"2023-10-29",635.73,840.47
"2023-10-30",635.76,840.6
"2023-10-31",635.91,840.77
"2023-11-01",635.87,840.92
"2023-11-02",635.85,841.08
"2023-11-03",635.52,841.23
"2023-11-04",635.94,841.38
"2023-11-05",636.09,841.54
"2023-11-06",635.75,841.67
"2023-11-07",635.5,841.77
"2023-11-08",635.15,841.87
"2023-11-09",635.17,841.99
"2023-11-10",635.01,842.15
"2023-11-11",635.95,842.27
"2023-11-12",636.54,842.38
"2023-11-13",636.9,842.48
"2023-11-14",636.27,842.59
"2023-11-15",636.25,842.67
"2023-11-16",636.12,842.76
"2023-11-17",636.18,842.84
"2023-11-18",636.57,842.91
"2023-11-19",636.71,843.01
"2023-11-20",636.78,843.04
"2023-11-21",636.19,843.05
"2023-11-22",635.9,843.1
"2023-11-23",636.55,843.16
"2023-11-24",637.12,843.19
"2023-11-25",637.47,843.22
"2023-11-26",637.7,843.34
"2023-11-27",637.34,843.36
"2023-11-28",637.04,843.37
"2023-11-29",636.52,843.43
"2023-11-30",636.65,843.46
"2023-12-01",637.32,843.48
"2023-12-02",637.81,843.36
"2023-12-03",637.9,843.41
"2023-12-04",637.59,843.33
"2023-12-05",637.48,843.37
"2023-12-06",637.38,843.37
"2023-12-07",637.5,843.39
"2023-12-08",637.69,843.39
"2023-12-09",637.96,843.38
"2023-12-10",637.81,843.32
"2023-12-11",638.01,843.33
"2023-12-12",637.84,843.32
"2023-12-13",637.87,843.33
"2023-12-14",637.91,843.35
"2023-12-15",638.33,843.37
"2023-12-16",638.7,843.39
"2023-12-17",638.94,843.42
"2023-12-18",638.74,843.41
"2023-12-19",638.57,843.4
"2023-12-20",638.47,843.39
"2023-12-21",638.27,843.39
"2023-12-22",638.31,843.5
"2023-12-23",638.6,843.53
"2023-12-24",639.11,843.56
"2023-12-25",639.43,843.55
"2023-12-26",639.61,843.55
"2023-12-27",639.44,843.41
"2023-12-28",639.01,843.39
"2023-12-29",639.12,843.36
"2023-12-30",639.24,843.32
"2023-12-31",639.4,843.3
"2024-01-01",639.3,843.28
"2024-01-02",639.16,843.23
"2024-01-03",639.82,843.22
"2024-01-04",639.85,843.23
"2024-01-05",640.08,843.25
"2024-01-06",640.28,843.24
"2024-01-07",640.12,843.23
"2024-01-08",639.96,843.26
"2024-01-09",639.73,843.23
"2024-01-10",639.63,843.22
"2024-01-11",639.48,843.21
"2024-01-12",639.55,843.18
"2024-01-13",639.75,843.11
"2024-01-14",639.07,843.08
"2024-01-15",638.46,843.03
"2024-01-16",636.95,842.97
"2024-01-17",636.54,843.05
"2024-01-18",637.22,843.09
"2024-01-19",637.47,842.95
"2024-01-20",637.69,842.9
"2024-01-21",638.44,842.93
"2024-01-22",641.95,842.95
"2024-01-23",643.14,842.95
"2024-01-24",645.02,842.95
"2024-01-25",646.68,842.94
"2024-01-26",646.77,842.95
"2024-01-27",647.1,842.92
"2024-01-28",646.49,843.05
"2024-01-29",645.97,843.06
"2024-01-30",645.92,842.93
"2024-01-31",645.69,842.92
"2024-02-01",645.24,842.91
"2024-02-02",645.22,842.91
"2024-02-03",646.75,842.91
"2024-02-04",647.73,843.02
"2024-02-05",647.52,843.02
"2024-02-06",647.49,842.86
"2024-02-07",647.43,842.86
"2024-02-08",647.42,842.83
"2024-02-09",647.42,842.77
"2024-02-10",647.47,842.76
"2024-02-11",647.81,842.77
"2024-02-12",647.06,842.74
"2024-02-13",645.9,842.75
"2024-02-14",645.07,842.75
"2024-02-15",644.55,842.76
"2024-02-16",644.27,842.77
"2024-02-17",644.09,842.75
"2024-02-18",644.1,842.73
"2024-02-19",643.66,842.72
"2024-02-20",642.77,842.69
"2024-02-21",642.47,842.66
"2024-02-22",642.12,842.6
"2024-02-23",641.85,842.46
"2024-02-24",641.95,842.38
"2024-02-25",642.02,842.32
"2024-02-26",641.48,842.36
"2024-02-27",642.1,842.21
"2024-02-28",641.87,842.18
"2024-02-29",641.19,842.25
"2024-03-01",641.29,842.26
"2024-03-02",641.89,842.08
"2024-03-03",642.42,842.02
"2024-03-04",641.95,841.98
"2024-03-05",641.41,841.94
"2024-03-06",641.18,841.88
"2024-03-07",641.02,841.8
"2024-03-08",640.76,841.72
"2024-03-09",641,841.63
"2024-03-10",641.14,841.6
"2024-03-11",640.97,841.56
"2024-03-12",640.45,841.5
"2024-03-13",640.04,841.37
"2024-03-14",639.6,841.12
"2024-03-15",639.8,840.99
"2024-03-16",640.22,840.97
"2024-03-17",640.72,840.98
"2024-03-18",640.83,840.99
"2024-03-19",640.83,841.01
"2024-03-20",640.95,841.05
"2024-03-21",640.79,841.06
"2024-03-22",641.14,840.98
"2024-03-23",641.24,840.97
"2024-03-24",641.41,840.89
"2024-03-25",641.22,840.82
"2024-03-26",640.81,840.83
"2024-03-27",640.26,840.67
"2024-03-28",639.97,840.32
"2024-03-29",639.81,840.08
"2024-03-30",639.52,839.98
"2024-03-31",639.79,839.95
"2024-04-01",639.75,839.92
"2024-04-02",639.17,839.85
"2024-04-03",638.77,839.76
"2024-04-04",638.58,839.66
"2024-04-05",638.14,839.57
"2024-04-06",638.15,839.24
"2024-04-07",638.28,839.01
"2024-04-08",637.98,838.94
"2024-04-09",637.77,839.03
"2024-04-10",638.67,838.95
"2024-04-11",638.79,838.64
"2024-04-12",638.88,838.42
"2024-04-13",639.12,838.25
"2024-04-14",639.41,838.11
"2024-04-15",638.76,838.02
"2024-04-16",638.14,837.82
"2024-04-17",638.25,837.62
"2024-04-18",637.88,837.57
"2024-04-19",637.52,837.58
"2024-04-20",638.03,837.59
"2024-04-21",639.03,837.59
"2024-04-22",639.34,837.61
"2024-04-23",638.92,837.53
"2024-04-24",638.31,837.29
"2024-04-25",637.9,836.91
"2024-04-26",637.96,836.75
"2024-04-27",637.79,836.68
"2024-04-28",638.6,836.8
"2024-04-29",639.25,836.91
"2024-04-30",638.94,836.98
"2024-05-01",639.25,837.17
"2024-05-02",639.2,837.25
"2024-05-03",639.22,837.11
"2024-05-04",639.23,837.01
"2024-05-05",639.61,837.01
"2024-05-06",639.61,836.96
"2024-05-07",638.82,836.84
"2024-05-08",638.24,836.7
"2024-05-09",637.54,836.51
"2024-05-10",637.02,836.38
"2024-05-11",636.96,836.3
"2024-05-12",637.18,836.27
"2024-05-13",636.78,836.34
"2024-05-14",636.69,836.45
"2024-05-15",637,836.53
"2024-05-16",636.94,836.6
"2024-05-17",636.97,836.61
"2024-05-18",636.6,836.61
"2024-05-19",636.06,836.6
"2024-05-20",635.3,836.51
"2024-05-21",634.22,836.05
"2024-05-22",633.29,835.72
"2024-05-23",632.47,835.66
"2024-05-24",632.03,835.51
"2024-05-25",632.02,835.33
"2024-05-26",632.03,835.05
"2024-05-27",631.95,834.82
"2024-05-28",630.59,834.82
"2024-05-29",631.14,834.71
"2024-05-30",631.11,834.59
"2024-05-31",630.7,834.46
"2024-06-01",631.22,834.27
"2024-06-02",631.51,834.04
"2024-06-03",630.75,833.76
"2024-06-04",629.5,833.63
"2024-06-05",628.76,833.4
"2024-06-06",628.36,833.11
"2024-06-07",627.82,832.75
"2024-06-08",627.62,832.33
"2024-06-09",627.74,832.03
"2024-06-10",628.79,831.9
"2024-06-11",629.77,832.07
"2024-06-12",630.1,832.23
"2024-06-13",630.67,832.3
"2024-06-14",630.71,832.07
"2024-06-15",630.82,831.63
"2024-06-16",631.11,831.47
"2024-06-17",630.51,831.34
"2024-06-18",630.11,831.4
"2024-06-19",630.53,831.27
"2024-06-20",631.79,831.25
"2024-06-21",632.98,831.38
"2024-06-22",633.72,831.61
"2024-06-23",634.14,831.74
"2024-06-24",633.54,831.81
"2024-06-25",632.34,831.75
"2024-06-26",631.83,831.36
"2024-06-27",631.14,831.24
"2024-06-28",630.73,831.02
"2024-06-29",630.34,830.7
"2024-06-30",630.28,830.48
"2024-07-01",629.71,830.37
"2024-07-02",628.76,830.27
"2024-07-03",628.33,830.14
"2024-07-04",628.08,829.95
"2024-07-05",627.75,829.79
"2024-07-06",628.44,829.81
"2024-07-07",629.43,829.85
"2024-07-08",628.97,829.73
"2024-07-09",628.11,829.48
"2024-07-10",629.19,829.56
"2024-07-11",629.36,829.61
"2024-07-12",629.2,829.82
"2024-07-13",630.27,829.99
"2024-07-14",631.05,830.1
"2024-07-15",630.98,830.16
"2024-07-16",630.05,830.06
"2024-07-17",629.87,829.88
"2024-07-18",629.44,829.58
"2024-07-19",629.51,829.61
"2024-07-20",630.13,829.58
"2024-07-21",630.51,829.52
"2024-07-22",630.52,829.48
"2024-07-23",632.3,829.54
"2024-07-24",634.37,829.65
"2024-07-25",635.31,829.83
"2024-07-26",635.74,830.08
"2024-07-27",636.4,830.28
"2024-07-28",637.32,830.52
"2024-07-29",637.63,830.74
"2024-07-30",637.33,830.75
"2024-07-31",636.75,830.67
"2024-08-01",636.16,830.74
"2024-08-02",635.72,830.78
"2024-08-03",635.35,830.92
"2024-08-04",635.31,831.07
"2024-08-05",634.97,831.07
"2024-08-06",633.86,831.01
"2024-08-07",633.19,831.09
"2024-08-08",632.96,830.99
"2024-08-09",632.48,831.06
"2024-08-10",632.69,830.99
"2024-08-11",632.97,830.97
"2024-08-12",632.15,830.88
"2024-08-13",631.19,830.83
"2024-08-14",630.69,830.74
"2024-08-15",630.13,830.57
"2024-08-16",629.91,830.7
"2024-08-17",629.88,830.67
"2024-08-18",630.21,830.76
"2024-08-19",629.44,830.7
"2024-08-20",628.7,830.83
"2024-08-21",628.53,830.77
"2024-08-22",628.15,830.73
"2024-08-23",627.81,830.7
"2024-08-24",628.33,830.79
"2024-08-25",628.43,830.8
"2024-08-26",628.12,830.77
"2024-08-27",628.02,830.8
"2024-08-28",628.35,830.78
"2024-08-29",628.81,830.79
"2024-08-30",628.98,830.98
"2024-08-31",629.28,831.05
"2024-09-01",629.85,831.09
"2024-09-02",629.95,831.04
"2024-09-03",631.71,831.34
"2024-09-04",632.71,831.55
"2024-09-05",632.83,831.55
"2024-09-06",633.4,831.66
"2024-09-07",633.89,831.77
"2024-09-08",634.17,832.01
"2024-09-09",633.59,831.97
"2024-09-10",633.1,832.07
"2024-09-11",632.58,832.19
"2024-09-12",632.22,832.35
"2024-09-13",632,832.37
"2024-09-14",631.89,832.14
"2024-09-15",632.64,832.16
"2024-09-16",632.16,832.16
"2024-09-17",631.22,832.17
"2024-09-18",631.05,832.18
"2024-09-19",629.66,832.18
"2024-09-20",628.93,832.19
"2024-09-21",629.01,832.19
"2024-09-22",629.59,832.16
"2024-09-23",629.43,832.16
"2024-09-24",629.39,832.17
"2024-09-25",629.2,832.18
"2024-09-26",629.06,832.14
"2024-09-27",629.13,832.1
"2024-09-28",629.5,832.07
"2024-09-29",630.05,832.05
"2024-09-30",629.62,832.02
"2024-10-01",629.04,832.01
"2024-10-02",628.57,831.95
"2024-10-03",628.34,831.91
"2024-10-04",628.47,831.78
"2024-10-05",628.83,831.73
"2024-10-06",629.47,831.71
"2024-10-07",628.76,831.89
"2024-10-08",628.01,831.91
"2024-10-09",627.87,831.9
"2024-10-10",627.59,831.89
"2024-10-11",627.73,831.85
"2024-10-12",628,831.82
"2024-10-13",628.59,831.79
"2024-10-14",628.17,831.73
"2024-10-15",626.82,831.69
"2024-10-16",626.2,831.68
"2024-10-17",625.8,831.62
"2024-10-18",626.03,831.66
"2024-10-19",626.65,831.67
"2024-10-20",627.02,831.64
"2024-10-21",626.34,831.59
"2024-10-22",625.71,831.57
"2024-10-23",626.09,831.59
"2024-10-24",626.19,831.62
"2024-10-25",626.23,831.62
"2024-10-26",626.44,831.64
"2024-10-27",626.95,831.64
"2024-10-28",626.84,831.62
"2024-10-29",626.51,831.62
"2024-10-30",626.56,831.61
"2024-10-31",626.26,831.62
"2024-11-01",626.67,831.6
"2024-11-02",627,831.63
"2024-11-03",627.74,831.7
"2024-11-04",627.24,831.72
"2024-11-05",628.54,831.73
"2024-11-06",629.19,831.75
"2024-11-07",629.54,831.76
"2024-11-08",629.72,831.79
"2024-11-09",629.88,831.84
"2024-11-10",630.21,831.91
"2024-11-11",629.76,831.86
"2024-11-12",629.25,831.83
"2024-11-13",629.08,831.8
"2024-11-14",628.74,831.75
"2024-11-15",628.48,831.71
"2024-11-16",628.87,831.72
"2024-11-17",629.2,831.73
"2024-11-18",629.18,831.73
"2024-11-19",628.92,831.73
"2024-11-20",628.55,831.69
"2024-11-21",628.19,831.66
"2024-11-22",628.2,831.65
"2024-11-23",628.59,831.61
"2024-11-24",628.59,831.55
"2024-11-25",628.31,831.48
"2024-11-26",627.34,831.31
"2024-11-27",627.46,831.19
"2024-11-28",627.16,831.26
"2024-11-29",627.73,831.36
"2024-11-30",627.94,831.4
"2024-12-01",628.11,831.45
"2024-12-02",627.39,831.44
"2024-12-03",626,831.56
"2024-12-04",625.94,831.51
"2024-12-05",625.91,831.52
"2024-12-06",625.89,831.47
"2024-12-07",626.21,831.5
"2024-12-08",626.61,831.54
"2024-12-09",626.1,831.57
"2024-12-10",626.21,831.56
"2024-12-11",626.6,831.47
"2024-12-12",626.54,831.52
"2024-12-13",626.73,831.47
"2024-12-14",627.02,831.5
"2024-12-15",627.65,831.52
"2024-12-16",627.19,831.48
"2024-12-17",627.01,831.46
"2024-12-18",626.98,831.38
"2024-12-19",626.82,831.4
"2024-12-20",627.17,831.34
"2024-12-21",627.4,831.38
"2024-12-22",627.7,831.37
"2024-12-23",627.66,831.4
"2024-12-24",627.28,831.41
"2024-12-25",627.91,831.33
"2024-12-26",627.96,831.32
"2024-12-27",627.6,831.35
"2024-12-28",627.74,831.22
"2024-12-29",627.76,831.13
"2024-12-30",627.78,831.12
"2024-12-31",627.22,831.13
"2025-01-01",626.97,831.13
"2025-01-02",627.11,831.06
"2025-01-03",626.97,831.09
"2025-01-04",627.36,831.14
"2025-01-05",627.56,831.14
"2025-01-06",627,831.02
"2025-01-07",626.69,831.04
"2025-01-08",627.21,831
"2025-01-09",627.87,831.08
"2025-01-10",628.86,831.06
"2025-01-11",629.63,831.1
"2025-01-12",630.04,831.05
"2025-01-13",629.74,831.09
"2025-01-14",629.73,831.07
"2025-01-15",629.67,831.07
"2025-01-16",629.5,831.12
"2025-01-17",629.78,831.09
"2025-01-18",630.25,831.14
"2025-01-19",630.1,831.04
"2025-01-20",629.84,831.04
"2025-01-21",629.34,831.03
"2025-01-22",629.34,830.99
"2025-01-23",629.33,830.99
"2025-01-24",629.85,830.96
"2025-01-25",630.43,830.98
"2025-01-26",630.62,830.9
"2025-01-27",630.28,830.84
"2025-01-28",630.59,830.81
"2025-01-29",631.08,830.85
"2025-01-30",631.19,830.81
"2025-01-31",631.51,830.81
"2025-02-01",631.56,830.78
"2025-02-02",631.71,830.74
"2025-02-03",631.17,830.59
"2025-02-04",630.84,830.59
"2025-02-05",630.67,830.43
"2025-02-06",630.63,830.16
"2025-02-07",630.52,829.81
"2025-02-08",630.71,829.84
"2025-02-09",630.79,829.8
"2025-02-10",630.66,829.78
"2025-02-11",630.58,829.85
"2025-02-12",630.82,829.7
"2025-02-13",630.68,829.59
"2025-02-14",630.68,829.46
"2025-02-15",631.35,829.48
"2025-02-16",631.27,829.46
"2025-02-17",631.19,829.53
"2025-02-18",630.97,829.55
"2025-02-19",630.64,829.46
"2025-02-20",630.52,829.48
"2025-02-21",630.63,829.47
"2025-02-22",631.25,829.52
"2025-02-23",631.6,829.44
"2025-02-24",631.42,829.5
"2025-02-25",631.23,829.49
"2025-02-26",630.93,829.46
"2025-02-27",630.68,829.16
"2025-02-28",630.63,829.15
"2025-03-01",630.78,829
"2025-03-02",630.77,828.97
"2025-03-03",630.42,828.79
"2025-03-04",630.33,828.93
"2025-03-05",630.24,828.91
"2025-03-06",630.06,828.77
"2025-03-07",629.67,828.71
"2025-03-08",629.82,828.59
"2025-03-09",629.78,828.49
"2025-03-10",629.58,828.39
"2025-03-11",629.35,828.32
"2025-03-12",628.62,828.22
"2025-03-13",628.45,828.1
"2025-03-14",628.2,828
"2025-03-15",628.2,828.05
"2025-03-16",628.34,828.05
"2025-03-17",627.45,827.97
"2025-03-18",627.24,827.83
"2025-03-19",627.01,827.65
"2025-03-20",626.67,827.52
"2025-03-21",626.36,827.11
"2025-03-22",626.28,826.68
"2025-03-23",626.86,826.57
"2025-03-24",626.79,826.45
"2025-03-25",626.47,826.36
"2025-03-26",626.29,826.25
"2025-03-27",627.93,826.37
"2025-03-28",629.15,826.44
"2025-03-29",629.78,826.52
"2025-03-30",630.25,826.69
"2025-03-31",629.82,826.66
"2025-04-01",629.62,826.47
"2025-04-02",629.7,826.28
"2025-04-03",629.62,826.05
"2025-04-04",629.12,825.82
"2025-04-05",629.44,825.75
"2025-04-06",629.81,825.86
"2025-04-07",629.6,825.89
"2025-04-08",628.85,825.81
"2025-04-09",628.31,825.52
"2025-04-10",627.73,825.35
"2025-04-11",627.2,825.2
"2025-04-12",627.06,824.93
"2025-04-13",626.88,824.77
"2025-04-14",626.45,824.61
"2025-04-15",625.38,824.26
"2025-04-16",625.49,824.01
"2025-04-17",625.71,823.72
"2025-04-18",625.25,823.49
"2025-04-19",625.37,823.56
"2025-04-20",626.45,823.73
"2025-04-21",627.38,823.91
"2025-04-22",627.09,824.04
"2025-04-23",628.39,824.48
"2025-04-24",629.32,824.93
"2025-04-25",629.94,825.27
"2025-04-26",630.3,825.51
"2025-04-27",630.57,825.73
"2025-04-28",630.08,825.89
"2025-04-29",629.66,825.93
"2025-04-30",629.73,825.84
"2025-05-01",629.64,825.48
"2025-05-02",629.35,825.19
"2025-05-03",629.52,825.24
"2025-05-04",629.64,825.4
"2025-05-05",629.23,825.53
"2025-05-06",629.47,825.6
"2025-05-07",629.18,825.56
"2025-05-08",628.09,825.24
"2025-05-09",628.28,824.98
"2025-05-10",628.5,824.94
"2025-05-11",628.72,825.07
"2025-05-12",628.29,825.15
"2025-05-13",626.78,824.97
"2025-05-14",626.47,824.54
"2025-05-15",626.04,824.02
"2025-05-16",625.05,823.61
"2025-05-17",624.99,823.29
"2025-05-18",625.56,823.37
"2025-05-19",625.1,823.27
"2025-05-20",624.34,823.09
"2025-05-21",623.67,822.65
"2025-05-22",623.09,822.52
"2025-05-23",623.4,822.42
"2025-05-24",624.1,818.34
"2025-05-25",624.33,821.5
"2025-05-26",624.26,821.44
"2025-05-27",625.65,821.43
"2025-05-28",628.77,822.2
"2025-05-29",630.15,822.33
"2025-05-30",632.45,822.65
"2025-05-31",633.45,823
"2025-06-01",634.31,823.23
"2025-06-02",634.35,823.31
"2025-06-03",633.78,819.81
"2025-06-04",633.39,819.91
"2025-06-05",633,823.46
"2025-06-06",632.63,823.17
"2025-06-07",632.17,818.91
"2025-06-08",632.18,818.64
"2025-06-09",631.36,818.48
"2025-06-10",630.11,822.2
"2025-06-11",630.79,822.1
"2025-06-12",636.14,821.17
"2025-06-13",638.18,823.01
"2025-06-14",638.73,823.22
"2025-06-15",639.6,823.41
"2025-06-16",639.95,823.56
"2025-06-17",640.04,823.64
"2025-06-18",639.7,823.64
"2025-06-19",639.3,823.49
"2025-06-20",638.75,823.16
"2025-06-21",638.44,822.75
"2025-06-22",638.83,822.46
"2025-06-23",638.19,822.45
"2025-06-24",636.98,822.34
"2025-06-25",636.69,822.16
"2025-06-26",636.14,819.43
"2025-06-27",635.37,819.44
"2025-06-28",635.24,819.42
"2025-06-29",635.55,822.04
"2025-06-30",635.02,822.12
"2025-07-01",634.7,822.11
"2025-07-02",634.42,822.3
"2025-07-03",635.05,822.55
"2025-07-04",635.81,822.73
"2025-07-05",636.8,822.87
"2025-07-06",637.7,822.99
"2025-07-07",638.05,823.1
"2025-07-08",638.22,823.18
"2025-07-09",638.12,823.16
"2025-07-10",637.78,823.2
"2025-07-11",637.45,823.24
"2025-07-12",637.11,823.21
"2025-07-13",637.03,823.18
"2025-07-14",636.48,823.46
"2025-07-15",635.98,824.02
"2025-07-16",636.08,824.4
"2025-07-17",635.62,824.77
"2025-07-18",635.68,825.17
"2025-07-19",635.47,825.61
"2025-07-20",635.82,826.04
"2025-07-21",635.47,826.44
"2025-07-22",634.62,826.88
"2025-07-23",634.34,827.42
"2025-07-24",633.51,827.61
"2025-07-25",632.98,827.93
"2025-07-26",633.3,828.33
"2025-07-27",633.9,828.58
"2025-07-28",633.54,828.72
"2025-07-29",632.49,828.91
"2025-07-30",631.87,829.19
"2025-07-31",631.47,829.43
"2025-08-01",630.98,829.64
"2025-08-02",631.12,829.86
"2025-08-03",631.85,830.09
"2025-08-04",631.31,830.23
"2025-08-05",630.19,830.28
"2025-08-06",629.78,830.34
"2025-08-07",629.63,830.5
"2025-08-08",629.36,830.67
"2025-08-09",629.47,830.83
"2025-08-10",630.09,831.01
"2025-08-11",629.62,831.13
"2025-08-12",628.48,831.33
"2025-08-13",628.02,831.44
"2025-08-14",627.9,831.66
"2025-08-15",627.47,831.87
"2025-08-16",628.22,831.9
"2025-08-17",629.07,832
"2025-08-18",628.77,832.17
"2025-08-19",627.94,832.16
"2025-08-20",628.44,832.2
"2025-08-21",628.54,832.43
"2025-08-22",628.56,832.62
"2025-08-23",628.6,832.79
"2025-08-24",629.04,832.91
"2025-08-25",628.4,833.02
"2025-08-26",627.38,833.11
"2025-08-27",627.37,833.21
"2025-08-28",627.51,833.34
"2025-08-29",626.95,833.45
"2025-08-30",627.61,833.57
"2025-08-31",628.63,833.66
"2025-09-01",630.2,833.79
"2025-09-02",630.57,833.82
"2025-09-03",630.77,833.82
"2025-09-04",630.44,833.89
"2025-09-05",629.78,833.9
"2025-09-06",629.89,833.97
"2025-09-07",631.67,834.16
"2025-09-08",632.82,834.37
"2025-09-09",633.07,834.57
"2025-09-10",632.78,834.72
"2025-09-11",632.37,834.88
"2025-09-12",632.11,834.99
"2025-09-13",631.98,835.18
"2025-09-14",632.5,835.36
"2025-09-15",631.79,835.46
"2025-09-16",630.83,835.63
"2025-09-17",630.88,835.85
"2025-09-18",630.69,836.02
"2025-09-19",630.34,836.16
"2025-09-20",630.67,836.29
"2025-09-21",631.01,836.45
"2025-09-22",630.72,836.56
"2025-09-23",629.81,836.69
"2025-09-24",629.32,836.81
"2025-09-25",629.38,836.95
"2025-09-26",629.21,837.08
"2025-09-27",629.35,837.25
"2025-09-28",629.88,837.31
"2025-09-29",629.49,837.42
"2025-09-30",628.52,837.51
"2025-10-01",628.36,837.58
"2025-10-02",628.25,837.65
"2025-10-03",627.97,837.77
"2025-10-04",628.34,837.89
"2025-10-05",629.04,837.99
"2025-10-06",628.45,838.04
"2025-10-07",627.59,837.94
"2025-10-08",627.34,837.98
"2025-10-09",626.72,838.03
"2025-10-10",626.66,838.07
"2025-10-11",627.36,838.14
"2025-10-12",627.84,838.18
"2025-10-13",627.37,838.19
"2025-10-14",626.38,838.24
"2025-10-15",625.83,838.27
"2025-10-16",625.59,838.33
"2025-10-17",625.42,838.36
"2025-10-18",625.62,838.44
"2025-10-19",626.07,838.36
"2025-10-20",625.67,838.38
"2025-10-21",624.62,838.39
"2025-10-22",624.47,838.42
"2025-10-23",624.24,838.44
"2025-10-24",624.4,838.51
"2025-10-25",625.73,838.73
"2025-10-26",626.79,838.8
"2025-10-27",626.57,838.9
"2025-10-28",626.12,838.83
"2025-10-29",625.94,838.96
"2025-10-30",626.04,838.99
"2025-10-31",626.23,839.09
"2025-11-01",626.84,839.11
"2025-11-02",627.42,839.11
"2025-11-03",627.07,839.05
"2025-11-04",626.66,839.06
"2025-11-05",626.3,839.08
"2025-11-06",626.22,839.12
"2025-11-07",626.51,839.15
"2025-11-08",626.87,839.15
"2025-11-09",626.98,839.24
"2025-11-10",626.45,839.24
"2025-11-11",626.29,839.2
"2025-11-12",626.32,839.12
"2025-11-13",626.2,839.24
"2025-11-14",626.08,839.25
"2025-11-15",626.3,839.22
"2025-11-16",626.79,839.28
"2025-11-17",626.42,839.17
"2025-11-18",626.02,839.14
"2025-11-19",626.15,839.13
"2025-11-20",626.21,839.3
"2025-11-21",626.59,839.32
"2025-11-22",627.22,839.28
"2025-11-23",627.84,839.31
"2025-11-24",627.53,839.31
"2025-11-25",627.2,839.27
"2025-11-26",627.53,839.2
"2025-11-27",628.13,839.19
"2025-11-28",628.76,839.26
"2025-11-29",629.31,839.29
"2025-11-30",629.41,839.28
"2025-12-01",629.17,839.3
"2025-12-02",629.35,839.3
"2025-12-03",629.14,839.32
"2025-12-04",629.25,839.31
"2025-12-05",629.53,839.23
"2025-12-06",630.1,839.24
"2025-12-07",630.09,839.28
"2025-12-08",628.77,839.16
"2025-12-09",628.07,839.11
"2025-12-10",627.78,839.09
"2025-12-11",627.5,839.09
"2025-12-12",627.2,839.1
"2025-12-13",627.39,839.09
"2025-12-14",627.51,839.06
"2025-12-15",628.11,839.02
"2025-12-16",628.24,838.98
"2025-12-17",628.54,839.06
"2025-12-18",628.94,839.09
"2025-12-19",628.95,838.99
"2025-12-20",629.11,838.97
"2025-12-21",629.37,839.01
"2025-12-22",628.51,838.89
"2025-12-23",628.63,838.99
"2025-12-24",628.52,838.98
"2025-12-25",628.89,839.02
"2025-12-26",629.23,839.01
"2025-12-27",629.07,839.05
"2025-12-28",629.38,839.03
"2025-12-29",628.94,838.92
"2025-12-30",628.85,838.88
"2025-12-31",628.88,838.98
"2026-01-01",629.09,839.02
"2026-01-02",629.32,839.03
"2026-01-03",629.24,838.96
"2026-01-04",629.29,838.89
"2026-01-05",628.96,838.88
"2026-01-06",628.33,838.81
"2026-01-07",628.88,838.89
"2026-01-08",628.58,838.91
"2026-01-09",628.45,838.88
"2026-01-10",628.57,838.82
"2026-01-11",629.15,838.73
"2026-01-12",628.77,838.78
"2026-01-13",628.77,838.83
"2026-01-14",628.69,838.85
"2026-01-15",628.47,838.78
"2026-01-16",628.97,838.8
"2026-01-17",628.82,838.75
"2026-01-18",628.91,838.7
"2026-01-19",629.16,838.72
"2026-01-20",628.27,838.68
"2026-01-21",628.62,838.65
"2026-01-22",629.01,838.63
"2026-01-23",628.69,838.58
"2026-01-24",629.61,838.59
"2026-01-25",629.57,838.59
"2026-01-26",628.49,838.5
"2026-01-27",627.5,838.52
"2026-01-28",628.28,838.57
"2026-01-29",628.81,838.62
"2026-01-30",628.92,838.6
"2026-01-31",629.27,838.59
"2026-02-01",629.57,838.6
"2026-02-02",629.24,838.64
"2026-02-03",629.55,838.59
"2026-02-04",629.18,838.34
"2026-02-05",629,837.99
"2026-02-06",629.17,838.03
"2026-02-07",629.49,838.02
"2026-02-08",629.47,838
"2026-02-09",629.09,838.03
"2026-02-10",628.75,838.06
"2026-02-11",628.38,838.08
"2026-02-12",628.31,837.92
"2026-02-13",628.19,838.07
"2026-02-14",628.5,838.13
"2026-02-15",628.51,838.12
"2026-02-16",628.66,837.92
"2026-02-17",627.92,837.86
"2026-02-18",627.9,837.94
"2026-02-19",627.85,837.8
"2026-02-20",627.38,837.72
"2026-02-21",627.86,837.47
"2026-02-22",627.91,837.41
"2026-02-23",627.63,837.48
"2026-02-24",627.57,837.5
"2026-02-25",627.46,837.52
"2026-02-26",626.98,837.43
"2026-02-27",627.04,837.32
"2026-02-28",627.12,837.23
"2026-03-01",627.22,837.21
"2026-03-02",626.67,837.02
"2026-03-03",626.34,837.08
"2026-03-04",626.21,837.05
"2026-03-05",626.26,837.03
"2026-03-06",626.41,837
"2026-03-07",626.82,836.95
"2026-03-08",627.59,836.93
"2026-03-09",628.13,837
"2026-03-10",628.28,837.04
"2026-03-11",628.25,837.04
"2026-03-12",628.21,837
"2026-03-13",628.5,837.06
"2026-03-14",628.57,837.06
"2026-03-15",629.17,837.07
"2026-03-16",628.15,836.98
"2026-03-17",627.75,836.87
"2026-03-18",628.07,836.79
"2026-03-19",627.86,836.52
"2026-03-20",627.43,836.21
"2026-03-21",627.47,835.95
"2026-03-22",627.3,835.76
"2026-03-23",626.81,835.69
"2026-03-24",626.3,835.59
"2026-03-25",626.02,835.46
"2026-03-26",625.7,835.23
"2026-03-27",625.71,835.02
"2026-03-28",625.37,834.86
"2026-03-29",626.08,834.87
"2026-03-30",625.45,834.76
"2026-03-31",624.91,834.65
"2026-04-01",624.86,834.52
"2026-04-02",624.75,834.32
"2026-04-03",625.25,834.14
"2026-04-04",625.97,834.09
"2026-04-05",627.13,834.19
"2026-04-06",627.19,834.3
"2026-04-07",626.85,834.32
"2026-04-08",626.82,834.34
"2026-04-09",626.48,834.3
"2026-04-10",626.6,834.27
"2026-04-11",627.14,834.24
"2026-04-12",627.78,834.23
"2026-04-13",627.72,834.21
"2026-04-14",627.45,834.23
"2026-04-15",627.17,834.19
"2026-04-16",626.91,834.16
"2026-04-17",626.77,833.99
"2026-04-18",626.71,833.75
"2026-04-19",628.07,833.61
"2026-04-20",630.8,833.75
"2026-04-21",634.53,833.89
"2026-04-22",635.62,834
"2026-04-23",636.06,834.07
"2026-04-24",636.39,834.15
"2026-04-25",636.59,834.19
"2026-04-26",636.65,834.26
"2026-04-27",636.24,834.3
"2026-04-28",635.42,834.34
"2026-04-29",635.15,834.37
"2026-04-30",634.95,834.42
"2026-05-01",637.66,834.5
"2026-05-02",638.68,834.63
"2026-05-03",639.4,834.73
"2026-05-04",639.39,834.83
"2026-05-05",639.05,834.89
"2026-05-06",638.8,834.94
"2026-05-07",638.44,834.88
"2026-05-08",638.3,834.84
"2026-05-09",638.32,834.95
"2026-05-10",638.27,835.03
"2026-05-11",638.28,835.03
"2026-05-12",638.6,835.11
"2026-05-13",638.43,835.17
"2026-05-14",638.27,835.2
"2026-05-15",638.12,835.15
"2026-05-16",637.78,834.96
"2026-05-17",637.62,834.69
"2026-05-18",637.11,834.69
"2026-05-19",636.67,834.72
"2026-05-20",637.34,835.01
"2026-05-21",638.13,835.24
"2026-05-22",638.71,835.42
"2026-05-23",639.53,835.53
"2026-05-24",640.27,835.66
"2026-05-25",640.05,835.74
"2026-05-26",639.41,835.9
"2026-05-27",641.05,836.26
"2026-05-28",641.24,836.46
"2026-05-29",641.94,836.58
"2026-05-30",642.25,836.7
"2026-05-31",642.4,836.76
"2026-06-01",642.17,836.78
"2026-06-02",641.48,836.83
"2026-06-03",641.15,836.91
"2026-06-04",641.36,837
"2026-06-05",642.14,837.09
"2026-06-06",643.27,837.19
"2026-06-07",643.61,837.25
"2026-06-08",643.3,837.25
"2026-06-09",642.62,837.16
"2026-06-10",642.34,837.14
"2026-06-11",641.28,837.08
"2026-06-12",640.84,837.01
"2026-06-13",640.3,836.96
"2026-06-14",640.3,836.99
"2026-06-15",641.86,837.06
"2026-06-16",643.51,837.39
"2026-06-17",644.07,837.59
"2026-06-18",644.31,837.7
"2026-06-19",643.89,837.79
"2026-06-20",645.43,838.01
"2026-06-21",646.68,838.2
"2026-06-22",646.95,838.27
"2026-06-23",646.82,838.35
"2026-06-24",646.58,838.41
"2026-06-25",646.23,838.44
"2026-06-26",646,838.38
"2026-06-27",645.9,838.39
"2026-06-28",645.77,838.35
"2026-06-29",645.23,838.33
"2026-06-30",644.03,838.31
"2026-07-01",643.09,838.15
"2026-07-02",642.45,837.99
"2026-07-03",641.69,837.89
"2026-07-04",641.16,837.68
"2026-07-05",641.33,837.54
"2026-07-06",640.78,837.59
"2026-07-07",639.13,837.59
"2026-07-08",638.87,837.5
"2026-07-09",638.47,837.37
"2026-07-10",638.28,837.23
"2026-07-11",639.16,837.24
"2026-07-12",640.57,837.36
"2026-07-13",641.14,837.47
"2026-07-14",643.02,838.33
"2026-07-15",645.78,839.92
"2026-07-16",648.23,842.77
"2026-07-17",649.29,843.94
"2026-07-18",650.73,845.04
"2026-07-19",651.65,846.05
"2026-07-20",651.87,846.82
"2026-07-21",651.87,847.42
"2026-07-22",651.62,847.78
"2026-07-23",651.16,848.04
"2026-07-24",651.39,848.27
"2026-07-25",651.95,848.51
"2026-07-26",652.1,848.74
"2026-07-27",651.68,848.99
"2026-07-28",651.2,849.2
"2026-07-29",650.59,849.39
"2026-07-30",650.38,849.5
"2026-07-31",650.09,849.53
"2026-08-01",649.91,849.58
"2026-08-02",650.31,849.67
"2026-08-03",649.94,849.74
"2026-08-04",648.73,849.83
"2026-08-05",648.41,849.82
"2026-08-06",648.14,849.88
"2026-08-07",647.87,849.95
"2026-08-08",647.9,850.04
"2026-08-09",648.21,850.14
"2026-08-10",647.83,850.24
"2026-08-11",647.05,850.22
"2026-08-12",646.58,850.29
"2026-08-13",646.06,850.4
"2026-08-14",645.86,850.49
"2026-08-15",646.07,850.57
"2026-08-16",646.37,850.63
"2026-08-17",645.47,850.76
"2026-08-18",644.36,850.86
"2026-08-19",644.22,850.95
"2026-08-20",643.42,851.01
"2026-08-21",643.25,851.07
"2026-08-22",643.13,851.12
"2026-08-23",643.6,851.17
"2026-08-24",642.88,851.21
"2026-08-25",641.92,851.27
"2026-08-26",641.15,851.3
"2026-08-27",641.25,851.36
"2026-08-28",641.61,851.42
"2026-08-29",643.84,851.47
"2026-08-30",644.82,851.52
"2026-08-31",644.38,851.61
"2026-09-01",643.15,851.68
"2026-09-02",643.09,851.72
"2026-09-03",642.87,851.78
"2026-09-04",642.15,851.8
"2026-09-05",642.54,851.84
"2026-09-06",642.96,851.89
"2026-09-07",642.89,851.93
"2026-09-08",641.62,851.98